SYMBOL,DAY1_PCT_CHANGE,DAY2_PCT_CHANGE,DELTA_PCT_CHANGE,TREND
0SCL27,,-2.96,,added
1003IIFL29,1.0,-0.2,-1.2,down
1003ISFL28,0.0,,,removed
1003SCL30A,4.1,,,removed
1003SCL31P,,-7.49,,added
1015ECL29,0.51,0.01,-0.5,down
1015SCFL29,,-5.82,,added
1018GS2026,-0.22,0.5,0.72,up
1020CCSP27,0.37,,,removed
1025PATE28,,-0.25,,added
1025SCL34,0.0,-1.47,-1.47,down
1025SCL34B,,0.0,,added
1025SCL34Z,,2.01,,added
1025UCL26A,-0.05,0.02,0.07,up
1025UCL27A,,-2.52,,added
1025VCCL28,1.13,-3.51,-4.64,down
1039UCL26,,-0.42,,added
1040UCL27B,-1.23,,,removed
1050ISFL28,,0.22,,added
1050UCL28,,0.88,,added
105IIFL29,1.99,0.09,-1.9,down
1060ECL29,-1.64,-0.91,0.7299999999999999,up
1065NFL27,0.4,-0.54,-0.9400000000000001,down
1075SCL33,0.02,,,removed
1075WCA28,0.0,,,removed
10IIFL28,0.11,-0.2,-0.31,down
10IIFL28A,0.0,-0.43,-0.43,down
10IIFL29,-1.76,1.42,3.1799999999999997,up
10IIFLSF27,,-4.66,,added
10MWL29,1.28,,,removed
10UCL26,,0.0,,added
113ESFB31,-0.0,,,removed
1150AFIL28,0.66,,,removed
1150AFIL29,-0.24,,,removed
115VCCL28,,0.0,,added
115VCCL28A,-2.81,,,removed
115VCCL31,0.0,,,removed
115VCCL31A,,-1.53,,added
1165ESFB32,0.0,0.11,0.11,up
1225IFL27,-19.21,,,removed
1225IFL28,,-0.99,,added
1275DCCL28,1.58,,,removed
12AFIL27,,-0.43,,added
12AFIL28,-1.28,0.5,1.78,up
12VCCL29A,,-0.68,,added
12VCCL29B,1.83,,,removed
182D051126,0.15,,,removed
182D151026,,-0.43,,added
182D221026,1.24,0.0,-1.24,down
20MICRONS,-1.61,-1.38,0.2300000000000002,up
21STCENMGM,1.64,0.65,-0.9899999999999999,down
360ONE,-0.5,-1.51,-1.01,down
364D110227,1.06,,,removed
364D130826,0.96,,,removed
364D171226,0.64,,,removed
364D231026,1.31,,,removed
3BBLACKBIO,0.16,0.15,-0.010000000000000009,down
3IINFOLTD,1.63,1.14,-0.49,down
3MINDIA,0.54,0.1,-0.44000000000000006,down
3PLAND,1.07,0.06,-1.01,down
574GS2026,0.47,0.46,-0.009999999999999953,down
591GS2028,-0.09,,,removed
5PAISA,-0.3,0.4,0.7,up
601GS2028,0.99,,,removed
601GS2030,3.0,-0.07,-3.07,down
603GS2029,,0.0,,added
610GS2031,0.0,-2.13,-2.13,down
636GS2031,0.47,,,removed
63MOONS,-0.55,-0.05,0.5,up
648GS2035,2.11,-0.05,-2.1599999999999997,down
654GS2032,1.0,0.0,-1.0,down
662GS2051,,2.28,,added
664GS2027,,-0.63,,added
667GS2035,,4.0,,added
667GS2050,,0.32,,added
668GS2033,0.1,0.15,0.04999999999999999,up
668GS2040,0.19,0.19,0.0,flat
675GS2029,0.0,1.47,1.47,up
676GS2061,-0.82,0.72,1.54,up
68GS2060,3.4,0.16,-3.2399999999999998,down
690GS2065,-0.12,0.16,0.28,up
694GS2036,0.35,0.99,0.64,up
695GS2061,0.0,0.86,0.86,up
697GR2034,,-1.22,,added
699GS2051,2.53,-0.48,-3.01,down
702GS2027,,0.0,,added
706GS2028,-0.29,0.05,0.33999999999999997,up
706GS2041,0.5,1.75,1.25,up
706GS2046,,-3.74,,added
709GS2054,0.66,-0.51,-1.17,down
709GS2074,-0.12,0.02,0.13999999999999999,up
710GS2029,-0.24,,,removed
716GS2050,,2.24,,added
717GS2030,0.01,,,removed
718GS2033,0.76,0.0,-0.76,down
718GS2037,-0.41,0.31,0.72,up
719GS2060,,0.0,,added
720PFCL36,0.5,0.59,0.08999999999999997,up
723GS2039,-0.05,0.1,0.15000000000000002,up
724GS2055,-0.06,0.11,0.16999999999999998,up
724KL41,,-1.04,,added
725GS2063,0.01,-0.17,-0.18000000000000002,down
726GS2032,0.28,-0.83,-1.1099999999999999,down
726GS2033,,-2.75,,added
730PFCL41,0.8,1.62,0.8200000000000001,up
732GS2030,0.19,,,removed
733GS2026,,0.69,,added
734AP35,-5.0,,,removed
734GS2064,-0.25,0.25,0.5,up
734IRFC28,,0.09,,added
734TS38,-5.0,,,removed
735HP34,-5.0,,,removed
735MH31,-3.41,,,removed
735NABAR31,2.86,,,removed
735NHAI31,0.93,,,removed
735WB43,-5.0,-0.53,4.47,up
736GS2052,-0.43,,,removed
737GR2054,0.0,,,removed
737GS2028,0.0,0.87,0.87,up
737NTPC35C,-11.45,14.76,26.21,up
738GS2027,-0.05,0.07,0.12000000000000001,up
738REC27TF,0.03,0.19,0.16,up
73GS2053,0.12,-0.04,-0.16,down
740IIFCL33,-0.34,,,removed
741GS2036,-0.33,0.81,1.1400000000000001,up
743GS2076,0.5,-0.5,-1.0,down
743REC35,,-1.48,,added
744TN55,0.0,,,removed
744TN55A,-3.16,,,removed
746GS2073,0.24,0.0,-0.24,down
746TS49,1.06,,,removed
746UP37,,-5.0,,added
747GJ28,,-5.0,,added
74GS2062,-0.25,-0.48,-0.22999999999999998,down
750GS2056,,-0.51,,added
750IRFC35,,-0.31,,added
751AP41,-5.0,,,removed
751HUDCO28,0.0,0.07,0.07,up
751UP40,,-5.0,,added
752HR42,-5.0,,,removed
753IRFC30,-0.42,0.0,0.42,up
753NTPC30E,0.51,,,removed
753TN37,-4.04,,,removed
754GS2036,-0.08,0.13,0.21000000000000002,up
754MH37,,-5.0,,added
754TN36,,-4.92,,added
754TS53,-5.0,,,removed
754TS55,-5.0,0.0,5.0,up
755MH34,,-5.0,,added
761TN56,-5.0,,,removed
762NTPC35F,0.34,,,removed
762UP33,0.0,,,removed
762WB41,-5.0,,,removed
764HUDCO31,0.09,1.03,0.9400000000000001,up
764IRFC31,0.31,,,removed
764NABAR31,-0.14,-0.07,0.07,up
765TN30,0.7,,,removed
765UP34,-5.0,,,removed
769HUDCO31,,0.18,,added
769NHAI31,0.17,-0.05,-0.22000000000000003,down
76NHAI31,-0.06,0.68,0.74,up
771GS2066,-0.01,0.01,0.02,up
772GS2055,4.74,,,removed
774GJ38,,-5.0,,added
774RJ34,0.0,,,removed
774RJ42,-5.0,,,removed
774UP38,,-5.0,,added
779AP42,,-1.0,,added
779TN32,3.62,,,removed
779UP51,-5.0,,,removed
781KL37,,0.21,,added
781RJ49,,-1.0,,added
781UP41,-5.0,,,removed
783KL49,0.0,,,removed
783MP48,0.0,,,removed
788UP46,,-5.0,,added
791MH39,,4.22,,added
791PN36,,-3.53,,added
791PN41,-5.0,,,removed
792PN44,-5.0,0.0,5.0,up
794TN32,0.0,,,removed
796AP38,,0.14,,added
797IGT31,0.99,0.0,-0.99,down
797TS43,5.0,,,removed
799RJ41,0.0,,,removed
79NHIT35,,-0.4,,added
79NHIT40,1.59,-0.04,-1.6300000000000001,down
79NHIT47,-0.24,1.36,1.6,up
7PFCL31,0.0,0.0,0.0,flat
805NMC30,,0.0,,added
807AP51,-3.54,,,removed
810IRFC27,-0.14,0.14,0.28,up
812REC27,,0.32,,added
81TCHF28,0.59,-0.7,-1.29,down
820IIFL27,-0.2,-0.0,0.2,up
824GS2027,0.0,-0.85,-0.85,down
828GS2032,-0.95,0.05,1.0,up
82HUDCO27,0.1,0.1,0.0,flat
82IGT31,,-0.17,,added
830NHAI27,-0.05,0.14,0.19,up
830PFCL27,,1.66,,added
837IIFL28,,0.98,,added
83GS2042,,0.0,,added
842IIFL26,0.24,-0.09,-0.32999999999999996,down
843IHFL29,0.0,,,removed
846REC28,0.62,0.0,-0.62,down
848NTPC28,,0.0,,added
84CIFCL28,-0.01,0.01,0.02,up
84TCHF28,-0.35,0.54,0.89,up
851HUDCO28,-16.36,0.18,16.54,up
860AEL28,,0.07,,added
862AEL31,-0.44,0.94,1.38,up
865IFL28,,0.41,,added
865IIFL28,0.76,-0.09,-0.85,down
865IIFL31,0.0,0.91,0.91,up
865IRFC29,0.17,0.09,-0.08000000000000002,down
865LTF26,,-0.02,,added
865SCL26,,0.1,,added
865SCL27,0.12,0.13,0.010000000000000009,up
865TCAPS27,-0.12,0.26,0.38,up
866IIFC34B,,0.97,,added
867PFCL33,-1.83,0.49,2.3200000000000003,up
870IIFL28,1.82,-1.69,-3.51,down
871REC28,,-0.4,,added
875AEL29,0.24,,,removed
875IHFL29,0.08,,,removed
875NHAI29,0.28,-0.71,-0.99,down
875SCL23A,,11.3,,added
875SFL27,,0.0,,added
876HUDCO28,-0.13,0.09,0.22,up
87HMDA32,0.02,-0.06,-0.08,down
87HMDA33,1.96,,,removed
87HMDA34,4.41,,,removed
87LTF27,-1.94,-0.01,1.93,up
880IREDA29,-0.54,0.36,0.9,up
885AEL28,0.99,,,removed
885IHL26,0.17,-1.58,-1.75,down
885SCL26,0.0,-0.42,-0.42,down
888ECL28,-1.15,1.26,2.41,up
888IRFC29,0.07,0.01,-0.060000000000000005,down
888SCL25E,0.0,,,removed
890AEL31,-0.0,0.02,0.02,up
890SFIL23A,0.0,0.0,0.0,flat
891IIFCL34,2.0,-0.79,-2.79,down
891NTPC33,-0.39,0.24,0.63,up
892NHPC33,,-0.55,,added
892PFCL33,0.35,-0.2,-0.55,down
897GS2030,-0.09,0.56,0.65,up
897MOFSL29,-1.17,,,removed
898LTF29,0.0,0.32,0.32,up
89IHFL29,,0.2,,added
8ABCL26,0.11,0.0,-0.11,down
901HUDCO34,0.36,-0.08,-0.44,down
901NHB34,0.6,,,removed
903SFL28,0.0,0.0,0.0,flat
905LTF27,0.0,,,removed
905SC24B,0.0,,,removed
910TCAP28,0.0,,,removed
915AEL28,-0.08,-0.01,0.07,up
915APSBC28,0.1,0.07,-0.03,down
915APSBC31,1.11,1.51,0.3999999999999999,up
915SCL26,,-0.67,,added
915SCL27,,-0.65,,added
91D030926,0.32,,,removed
91D081026,0.66,0.03,-0.63,down
91D100926,0.52,,,removed
91D221026,,-0.24,,added
91D291026,4.99,-0.7,-5.69,down
91MOFSL27,-0.29,0.0,0.29,up
920ISF28B,0.0,-1.33,-1.33,down
925AEL26,-0.46,,,removed
925ECL28,0.0,,,removed
925ISF28,0.0,,,removed
925SCFL27,0.25,-0.66,-0.91,down
925SCL2028,,-0.5,,added
925SCL28C,,17.72,,added
925SCL30A,19.42,,,removed
92GS2030,-0.48,-0.14,0.33999999999999997,up
92SFIL28,0.0,,,removed
930AEL30,0.0,,,removed
930APMD29,0.0,,,removed
930APMD30,-1.41,-0.19,1.22,up
930APMD32,0.0,-1.89,-1.89,down
932AEL27,,-0.96,,added
935LTF29,,0.09,,added
935MOFSL29,-2.07,1.33,3.4,up
935TSI30,0.76,,,removed
935TSIIC28,0.75,,,removed
93MOFSL34,,-0.93,,added
943ECL28,-0.17,0.26,0.43000000000000005,up
948SCL26A,1.66,0.08,-1.5799999999999998,down
948SCL27A,,-0.5,,added
948SCL27D,8.15,-0.94,-9.09,down
94SFL28,0.0,,,removed
950ISF27C,-0.1,-0.0,0.1,up
957ICCL25,-0.09,-2.43,-2.3400000000000003,down
957ISFL26,0.1,,,removed
960IIFL30,-0.86,-4.8,-3.94,down
965AEL27,-0.54,0.18,0.72,up
965ISF28,-0.0,,,removed
965SCL25C,1.93,,,removed
965SCL25F,,-8.82,,added
965SCL26Y,-2.68,,,removed
96IIFL28,-0.0,0.02,0.02,up
96IIFL28A,0.02,-0.0,-0.02,down
970CAGL28,0.0,-0.49,-0.49,down
971SCL30,0.05,,,removed
971SCL30A,0.0,,,removed
975ISF28,,-0.79,,added
975SCL28,,0.3,,added
97MOFSL34,-1.46,0.57,2.03,up
97SFL28,0.0,,,removed
980SCL33D,,-16.52,,added
985ECL28,0.34,-0.14,-0.48000000000000004,down
985SFIL28,,7.2,,added
990SCL27,0.0,,,removed
99AEL29,-0.17,0.17,0.34,up
9AEL30,-0.73,2.2,2.93,up
9IHFL27,,-1.91,,added
9IIFL28,-0.98,,,removed
9IIFL28A,-0.58,-0.26,0.31999999999999995,up
9IIFL31,-0.52,,,removed
9PFL31A,0.39,,,removed
9SCL26BA,0.09,0.0,-0.09,down
9SCL27,-1.3,,,removed
A2ZINFRA,0.6,3.95,3.35,up
AAATECH,1.96,-1.26,-3.2199999999999998,down
AADHARHFC,1.92,-1.65,-3.57,down
AAKAAR,-5.0,-4.95,0.04999999999999982,up
AAKASH,-0.11,0.0,0.11,up
AARADHYA,0.0,-2.04,-2.04,down
AAREYDRUGS,-2.98,-0.4,2.58,up
AARNAV,1.38,-0.13,-1.5099999999999998,down
AARON,-0.25,-0.25,0.0,flat
AARTECH,-0.27,-0.53,-0.26,down
AARTIDRUGS,-0.38,1.3,1.6800000000000002,up
AARTIIND,3.14,0.18,-2.96,down
AARTIPHARM,1.35,-0.92,-2.27,down
AARTISURF,1.88,-2.79,-4.67,down
AARVI,-0.31,-1.39,-1.0799999999999998,down
AASTHA,-9.99,-9.99,0.0,flat
AATMAJ,,-5.76,,added
AAVAS,0.04,-0.35,-0.38999999999999996,down
ABAN,4.99,4.33,-0.6600000000000001,down
ABANSENT,2.56,-1.85,-4.41,down
ABB,0.58,-1.75,-2.33,down
ABBOTINDIA,0.25,-0.07,-0.32,down
ABCAPITAL,-0.75,-3.19,-2.44,down
ABCOTS,0.67,-1.08,-1.75,down
ABDL,-1.49,-0.95,0.54,up
ABFRL,1.87,0.11,-1.76,down
ABGSEC,0.77,-0.5,-1.27,down
ABHAPOWER,-0.38,,,removed
ABINFRA,0.3,-0.5,-0.8,down
ABLBL,0.06,-0.85,-0.9099999999999999,down
ABMINTLLTD,-1.96,0.48,2.44,up
ABMKNO,-0.39,-2.44,-2.05,down
ABREL,-2.14,-0.58,1.56,up
ABSL10BANK,0.71,-0.94,-1.65,down
ABSLAMC,0.69,0.12,-0.57,down
ABSLBANETF,0.41,-0.15,-0.5599999999999999,down
ABSLLIQUID,0.0,0.0,0.0,flat
ABSLMSCIN,0.57,0.73,0.16000000000000003,up
ABSLNN50ET,0.35,0.09,-0.26,down
ABSLPSE,0.19,0.0,-0.19,down
ABSMARINE,0.81,-2.03,-2.84,down
ACC,-1.12,-1.13,-0.009999999999999787,down
ACCELYA,-0.08,0.56,0.64,up
ACCENTMIC,0.58,5.72,5.14,up
ACCPL,-0.69,0.64,1.33,up
ACCURACY,-0.83,-1.05,-0.22000000000000008,down
ACE,-2.12,-1.74,0.3800000000000001,up
ACEINTEG,-1.45,-0.63,0.82,up
ACETEC,-0.32,-6.37,-6.05,down
ACI,-1.15,-2.16,-1.0100000000000002,down
ACL,1.18,-0.08,-1.26,down
ACMESOLAR,-1.78,-1.82,-0.040000000000000036,down
ACSTECH,3.7,0.07,-3.6300000000000003,down
ACUTAAS,-0.68,1.14,1.8199999999999998,up
ADANIENSOL,-1.34,0.62,1.96,up
ADANIENT,-0.79,-0.2,0.5900000000000001,up
ADANIGREEN,-0.62,0.07,0.69,up
ADANIPORTS,-0.29,-0.09,0.19999999999999998,up
ADANIPOWER,-0.42,0.42,0.84,up
ADDICTIVE,-4.49,4.97,9.46,up
ADFFOODS,-2.9,-0.65,2.25,up
ADISOFT,1.37,6.61,5.24,up
ADL,-2.3,0.94,3.2399999999999998,up
ADOR,-1.54,-0.09,1.45,up
ADROITINFO,-2.19,1.12,3.31,up
ADSL,-0.04,-2.16,-2.12,down
ADVAIT,1.21,-5.18,-6.39,down
ADVANCE,-3.22,-2.0,1.2200000000000002,up
ADVANIHOTR,0.47,-1.14,-1.6099999999999999,down
ADVENTHTL,-0.11,0.59,0.7,up
ADVENZYMES,-0.89,-1.65,-0.7599999999999999,down
AEGISLOG,0.3,-2.07,-2.3699999999999997,down
AEGISVOPAK,1.71,-1.18,-2.8899999999999997,down
AEL120126,0.0,,,removed
AEPL,1.26,17.98,16.72,up
AEQUS,-0.38,3.87,4.25,up
AEROENTER,-1.38,-3.02,-1.6400000000000001,down
AEROFLEX,-3.84,-2.83,1.0099999999999998,up
AERON,-0.06,0.45,0.51,up
AERONEU,0.11,-0.57,-0.6799999999999999,down
AEROPLANE,-1.89,-1.23,0.6599999999999999,up
AETHER,-0.31,0.45,0.76,up
AFCONS,-0.77,-1.61,-0.8400000000000001,down
AFFLE,1.57,-2.55,-4.12,down
AFFORDABLE,5.0,2.72,-2.28,down
AFIL,-3.72,0.66,4.38,up
AFSL,0.02,-0.1,-0.12000000000000001,down
AGARIND,0.18,-1.84,-2.02,down
AGARWALEYE,2.16,2.62,0.45999999999999996,up
AGARWALTUF,1.04,-0.89,-1.9300000000000002,down
AGI,-1.13,-0.11,1.0199999999999998,up
AGIIL,0.78,-0.46,-1.24,down
AGL,9.96,-4.29,-14.25,down
AGRITECH,-2.49,2.18,4.67,up
AGROPHOS,0.42,-0.21,-0.63,down
AGSTRA,-2.86,0.0,2.86,up
AGUL,-4.96,-4.89,0.07000000000000028,up
AHCL,-1.93,2.39,4.32,up
AHLADA,-0.08,1.68,1.76,up
AHLEAST,0.23,0.58,0.35,up
AHLUCONT,-0.76,-0.84,-0.07999999999999996,down
AHLWEST,1.14,-0.37,-1.5099999999999998,down
AIAENG,3.2,-0.4,-3.6,down
AIIL,4.5,0.07,-4.43,down
AILIMITED,,0.0,,added
AIMTRON,1.23,1.5,0.27,up
AIRAN,-0.73,0.27,1.0,up
AIROLAM,-0.43,-1.69,-1.26,down
AJANTPHARM,0.96,0.54,-0.41999999999999993,down
AJAXENGG,-6.52,-0.47,6.05,up
AJMERA,-0.43,0.15,0.58,up
AJOONI,-1.26,-1.28,-0.020000000000000018,down
AKANKSHA,4.97,4.96,-0.009999999999999787,down
AKASH,-0.38,-0.49,-0.10999999999999999,down
AKCAPIT,-3.36,1.8,5.16,up
AKG,2.61,0.58,-2.03,down
AKI,6.64,-0.44,-7.08,down
AKIKO,0.94,-4.76,-5.699999999999999,down
AKSHAR,0.0,-6.82,-6.82,down
AKSHARCHEM,2.77,-0.93,-3.7,down
AKSHOPTFBR,4.78,3.19,-1.5900000000000003,down
AKUMS,-0.53,5.27,5.8,up
ALANKIT,2.28,-0.12,-2.4,down
ALBERTDAVD,5.45,12.63,7.180000000000001,up
ALEMBICLTD,-0.55,-2.2,-1.6500000000000001,down
ALGOQUANT,-2.01,1.6,3.61,up
ALICON,2.76,0.66,-2.0999999999999996,down
ALIVUS,-0.44,0.35,0.79,up
ALKALI,0.78,-2.14,-2.92,down
ALKEM,-1.74,0.4,2.14,up
ALKYLAMINE,-0.92,-1.46,-0.5399999999999999,down
ALLCARGO,19.9,-5.12,-25.02,down
ALLDIGI,-0.34,0.19,0.53,up
ALLETEC,-1.77,2.6,4.37,up
ALLTIME,-1.26,0.81,2.0700000000000003,up
ALMONDZ,-1.78,0.84,2.62,up
ALOKINDS,0.08,-0.08,-0.16,down
ALPA,3.94,-2.69,-6.63,down
ALPEXSOLAR,-0.21,-1.38,-1.17,down
ALPHA,0.58,-0.06,-0.6399999999999999,down
ALPHAETF,-0.23,0.19,0.42000000000000004,up
ALPHAGEO,-1.1,-1.25,-0.1499999999999999,down
ALPINETEX,-2.31,-4.5,-2.19,down
ALPL30IETF,0.04,0.32,0.28,up
ALUWIND,1.31,-2.38,-3.69,down
AMAGI,-3.74,-0.33,3.41,up
AMANTA,-2.0,-2.0,0.0,flat
AMBAAUTO,-4.65,1.77,6.42,up
AMBALALSA,1.86,6.93,5.069999999999999,up
AMBANIORGO,,0.09,,added
AMBER,-1.34,0.13,1.4700000000000002,up
AMBICAAGAR,-1.08,0.24,1.32,up
AMBIKCO,1.31,4.29,2.98,up
AMBUJACEM,-1.91,-0.57,1.3399999999999999,up
AMCL,0.38,0.7,0.31999999999999995,up
AMDIND,-0.62,1.03,1.65,up
AMJLAND,-0.49,1.0,1.49,up
AMNPLST,-1.56,-0.37,1.19,up
AMRUTANJAN,-0.78,0.27,1.05,up
ANANDRATHI,1.66,1.45,-0.20999999999999996,down
ANANDRATHI,-33.05,1.45,34.5,up
ANANTAM,-0.15,0.7,0.85,up
ANANTRAJ,-1.72,-0.24,1.48,up
ANDHRAPAP,0.1,-1.37,-1.4700000000000002,down
ANDHRSUGAR,0.44,0.99,0.55,up
ANGELONE,-0.7,-1.72,-1.02,down
ANIKINDS,2.04,-0.21,-2.25,down
ANKITMETAL,1.29,1.27,-0.020000000000000018,down
ANLON,0.0,-0.33,-0.33,down
ANMOL,0.4,3.09,2.69,up
ANNAPURNA,9.3,4.09,-5.210000000000001,down
ANONDITA,-2.4,1.29,3.69,up
ANSALAPI,1.71,-0.56,-2.27,down
ANTELOPUS,-1.52,-7.08,-5.5600000000000005,down
ANTGRAPHIC,0.0,-1.33,-1.33,down
ANTHEM,0.0,1.86,1.86,up
ANUHPHR,0.11,0.01,-0.1,down
ANUP,-9.97,-4.88,5.090000000000001,up
ANURAS,-0.27,0.13,0.4,up
ANYA,-1.61,0.0,1.61,up
AONEGOLD,2.37,0.87,-1.5,down
AONELIQUID,0.01,0.04,0.03,up
AONENIFTY,0.3,-0.2,-0.5,down
AONESILVER,0.94,2.45,1.5100000000000002,up
AONETMMQ50,-0.1,0.1,0.2,up
AONETOTAL,0.25,0.08,-0.16999999999999998,down
APARINDS,2.94,3.13,0.18999999999999995,up
APCL,-1.05,-3.12,-2.0700000000000003,down
APCOTEXIND,-1.41,-0.93,0.47999999999999987,up
APEX,-0.69,0.43,1.1199999999999999,up
APEXECO,-4.09,0.76,4.85,up
APLAPOLLO,-0.18,1.29,1.47,up
APLLTD,1.99,-0.52,-2.51,down
APOLLO,1.23,-0.02,-1.25,down
APOLLOHOSP,0.72,-0.33,-1.05,down
APOLLOPIPE,-1.29,-1.88,-0.5899999999999999,down
APOLLOTYRE,1.08,-1.05,-2.13,down
APOLSINHOT,3.56,-2.77,-6.33,down
APRAMEYA,0.31,-2.33,-2.64,down
APS,-3.08,-0.82,2.2600000000000002,up
APSISAERO,1.6,1.99,0.3899999999999999,up
APTECHT,-1.75,-0.75,1.0,up
APTUS,-1.32,-0.06,1.26,up
AQYLON,4.95,-3.82,-8.77,down
ARABIAN,18.06,-4.12,-22.18,down
ARCHIDPLY,2.01,9.08,7.07,up
ARCHIES,1.56,-2.02,-3.58,down
ARCIIL,7.04,-1.32,-8.36,down
ARE&M,-1.21,0.46,1.67,up
ARENTERP,-3.32,0.24,3.5599999999999996,up
ARFIN,1.92,1.21,-0.71,down
ARHAM,4.41,1.03,-3.38,down
ARIES,0.28,-1.4,-1.68,down
ARIHANT,-0.55,-0.51,0.040000000000000036,up
ARIHANTCAP,-1.23,-1.72,-0.49,down
ARIHANTSUP,2.71,-0.67,-3.38,down
ARIS,1.4,0.3,-1.0999999999999999,down
ARKADE,0.44,0.19,-0.25,down
ARMANFIN,-0.89,0.02,0.91,up
ARMOUR,2.93,-4.92,-7.85,down
AROGRANITE,-0.27,-2.76,-2.4899999999999998,down
ARROWGREEN,0.13,4.73,4.6000000000000005,up
ARSHIYA,1.08,2.13,1.0499999999999998,up
ARSSBL,-0.88,-1.33,-0.45000000000000007,down
ARTEMISMED,-3.24,1.48,4.720000000000001,up
ARTNIRMAN,2.45,1.77,-0.6800000000000002,down
ARUNAYA,-0.62,-2.81,-2.19,down
ARVEE,0.41,0.53,0.12000000000000005,up
ARVIND,0.18,2.65,2.4699999999999998,up
ARVINDFASN,-0.4,-0.15,0.25,up
ARVINDPORT,4.93,5.35,0.41999999999999993,up
ARVSMART,1.17,7.87,6.7,up
ASAHIINDIA,-1.38,-1.67,-0.29000000000000004,down
ASAHISONG,-3.09,-2.19,0.8999999999999999,up
ASAL,-1.43,-0.77,0.6599999999999999,up
ASALCBR,0.39,-4.48,-4.87,down
ASHALOG,0.88,3.42,2.54,up
ASHAPURMIN,-1.43,1.27,2.7,up
ASHIANA,-1.09,-1.56,-0.47,down
ASHIKAG,2.76,-4.15,-6.91,down
ASHIMASYN,1.74,0.39,-1.35,down
ASHOKA,-0.05,-1.25,-1.2,down
ASHOKAMET,-0.49,0.85,1.3399999999999999,up
ASHOKLEY,0.28,0.0,-0.28,down
ASHWINI,-1.45,-0.37,1.08,up
ASIANENE,-2.57,4.32,6.890000000000001,up
ASIANHOTNR,3.05,-1.04,-4.09,down
ASIANPAINT,-0.18,-0.73,-0.55,down
ASIANTILES,4.85,-1.55,-6.3999999999999995,down
ASKAUTOLTD,6.47,-6.46,-12.93,down
ASMS,-3.22,0.55,3.7700000000000005,up
ASPINWALL,-2.81,-1.08,1.73,up
ASPIRE,0.0,,,removed
ASTAR,-0.02,0.52,0.54,up
ASTEC,0.62,0.02,-0.6,down
ASTERDM,0.28,2.99,2.71,up
ASTRAL,0.51,0.14,-0.37,down
ASTRAMICRO,-0.4,2.1,2.5,up
ASTRAZEN,-0.41,1.43,1.8399999999999999,up
ASTRON,2.2,0.54,-1.6600000000000001,down
ATALREAL,0.23,1.91,1.68,up
ATAM,-0.2,0.12,0.32,up
ATCENERGY,3.73,-1.89,-5.62,down
ATGL,-0.02,-0.41,-0.38999999999999996,down
ATHERENERG,-1.2,1.95,3.15,up
ATL,10.31,-1.96,-12.27,down
ATLANTAA,0.02,-0.45,-0.47000000000000003,down
ATLANTAELE,-2.55,0.91,3.46,up
ATLASCYCLE,0.43,2.09,1.66,up
ATLPP,-0.33,-0.98,-0.6499999999999999,down
ATMASTCO,0.24,1.05,0.81,up
ATUL,0.04,-0.33,-0.37,down
ATULAUTO,-0.24,-0.46,-0.22000000000000003,down
AUBANK,3.45,-1.89,-5.34,down
AURIONPRO,0.14,-0.38,-0.52,down
AUROIMPEX,1.75,1.34,-0.4099999999999999,down
AUROPHARMA,-1.52,4.35,5.869999999999999,up
AURUM,-0.18,1.59,1.77,up
AURUS,-2.98,5.48,8.46,up
AUSL,,-4.9,,added
AUSOMENT,-1.91,1.88,3.79,up
AUTOAXLES,-4.66,-1.14,3.5200000000000005,up
AUTOBEES,-0.67,2.07,2.7399999999999998,up
AUTOIETF,-0.66,1.79,2.45,up
AUTOIND,1.25,-2.05,-3.3,down
AVADHSUGAR,-1.04,-0.31,0.73,up
AVALON,-2.67,10.75,13.42,up
AVANA,0.0,-4.13,-4.13,down
AVANTEL,-0.3,-0.61,-0.31,down
AVANTIFEED,-0.8,1.64,2.44,up
AVATAR,2.0,1.99,-0.010000000000000009,down
AVG,-0.19,-1.83,-1.6400000000000001,down
AVIANSH,0.96,0.48,-0.48,down
AVIENCE,-2.36,-0.79,1.5699999999999998,up
AVL,0.56,-1.79,-2.35,down
AVONMORE,-2.37,-1.53,0.8400000000000001,up
AVPINFRA,-1.57,-3.19,-1.6199999999999999,down
AVROIND,-0.55,-0.11,0.44000000000000006,up
AVTNPL,1.1,0.38,-0.7200000000000001,down
AWFIS,-1.2,-0.09,1.1099999999999999,up
AWHCL,-0.29,-2.45,-2.16,down
AWL,1.98,0.06,-1.92,down
AXISBANK,0.17,-1.43,-1.5999999999999999,down
AXISCADES,2.58,-2.02,-4.6,down
AXITA,-0.54,0.0,0.54,up
AYE,0.39,2.35,1.96,up
AYMSYNTEX,-1.14,-1.47,-0.33000000000000007,down
AZAD,0.37,1.35,0.9800000000000001,up
BABAFP,-1.96,,,removed
BAFNAPH,1.99,0.16,-1.83,down
BAGDIGITAL,0.55,,,removed
BAGFILMS,-1.14,-0.69,0.44999999999999996,up
BAGMANE,0.51,0.25,-0.26,down
BAHETI,0.1,0.79,0.6900000000000001,up
BAIDFIN,0.0,-0.69,-0.69,down
BAJAJ-AUTO,-1.53,0.36,1.8900000000000001,up
BAJAJCON,0.41,0.91,0.5,up
BAJAJELEC,9.88,-2.97,-12.850000000000001,down
BAJAJFINSV,0.0,-3.7,-3.7,down
BAJAJHCARE,-1.13,0.18,1.3099999999999998,up
BAJAJHFL,-0.66,-0.72,-0.05999999999999994,down
BAJAJHIND,-1.46,0.23,1.69,up
BAJAJHLDNG,-0.95,-1.09,-0.14000000000000012,down
BAJAJINDEF,2.55,-1.77,-4.32,down
BAJAJST,-1.9,0.93,2.83,up
BAJEL,5.73,-1.32,-7.050000000000001,down
BAJFINANCE,-1.21,-5.84,-4.63,down
BALAJEE,-1.42,0.0,1.42,up
BALAJIPHOS,0.85,0.0,-0.85,down
BALAJITELE,1.04,0.21,-0.8300000000000001,down
BALAMINES,5.12,-3.39,-8.51,down
BALAXI,0.12,0.5,0.38,up
BALCO,-4.76,-4.72,0.040000000000000036,up
BALKRISHNA,-0.86,1.67,2.53,up
BALKRISIND,-1.44,0.02,1.46,up
BALMLAWRIE,0.56,-0.88,-1.44,down
BALPHARMA,-2.4,2.69,5.09,up
BALRAMCHIN,-0.98,0.66,1.6400000000000001,up
BALUFORGE,2.81,2.31,-0.5,down
BANARBEADS,-0.01,-0.32,-0.31,down
BANARISUG,1.02,-0.56,-1.58,down
BANCOINDIA,-0.6,0.75,1.35,up
BANDHANBNK,2.46,0.78,-1.68,down
BANG,-0.2,-0.5,-0.3,down
BANK10ADD,-0.41,0.29,0.7,up
BANK10BETF,1.96,-1.32,-3.2800000000000002,down
BANKA,-0.89,-1.04,-0.15000000000000002,down
BANKADD,0.78,-0.34,-1.12,down
BANKBARODA,2.2,-0.12,-2.3200000000000003,down
BANKBEES,0.65,-0.23,-0.88,down
BANKBETA,0.74,-0.57,-1.31,down
BANKBETF,0.94,-0.27,-1.21,down
BANKETF,0.79,-0.3,-1.09,down
BANKIETF,0.81,-0.08,-0.89,down
BANKINDIA,1.18,1.64,0.45999999999999996,up
BANKNIFTY1,0.73,-0.38,-1.1099999999999999,down
BANKPSU,2.2,0.8,-1.4000000000000001,down
BANSALWIRE,3.36,0.33,-3.03,down
BANSWRAS,1.0,0.08,-0.92,down
BARFLEX,0.9,-1.79,-2.69,down
BASF,2.19,-0.82,-3.01,down
BASILIC,-2.87,-1.41,1.4600000000000002,up
BASML,-0.7,-0.22,0.48,up
BATAINDIA,-0.27,-1.04,-0.77,down
BATLIBOI,8.88,-11.24,-20.12,down
BAWEJA,-2.43,,,removed
BAYERCROP,-2.05,-0.89,1.1599999999999997,up
BBETF0432,-0.26,0.1,0.36,up
BBL,1.11,-0.7,-1.81,down
BBNPNBETF,-0.29,0.03,0.31999999999999995,up
BBNPPGOLD,2.29,0.94,-1.35,down
BBOX,-0.94,0.37,1.31,up
BBTC,-0.23,0.41,0.64,up
BBTCL,-0.98,1.56,2.54,up
BCG,-1.49,0.65,2.14,up
BCLIND,-0.27,0.57,0.84,up
BCONCEPTS,-3.4,-2.0,1.4,up
BCPL,0.34,-0.46,-0.8,down
BDL,4.76,-0.38,-5.14,down
BEACON,2.25,3.66,1.4100000000000001,up
BEARDSELL,0.59,-0.18,-0.77,down
BECTORFOOD,-1.09,6.61,7.7,up
BEDMUTHA,-2.25,0.53,2.7800000000000002,up
BEEKAY,-1.96,-0.11,1.8499999999999999,up
BEL,2.36,0.45,-1.91,down
BELLACASA,0.27,0.61,0.33999999999999997,up
BELRISE,1.29,1.47,0.17999999999999994,up
BEML,3.2,3.63,0.4299999999999997,up
BENGALASM,-1.05,-0.83,0.22000000000000008,up
BEPL,0.77,0.94,0.16999999999999993,up
BERGEPAINT,-1.39,-1.31,0.07999999999999985,up
BESTAGRO,-3.48,-0.79,2.69,up
BETA,6.42,-5.76,-12.18,down
BEWLTD,-2.91,0.18,3.0900000000000003,up
BFINVEST,-0.93,-0.72,0.21000000000000008,up
BFSI,0.47,-1.22,-1.69,down
BFUTILITIE,-0.12,-0.28,-0.16000000000000003,down
BGRENERGY,-1.84,4.96,6.8,up
BHADORA,1.86,4.96,3.0999999999999996,up
BHAGCHEM,-2.39,3.7,6.09,up
BHAGERIA,-1.73,0.17,1.9,up
BHAGYANGR,-0.44,2.92,3.36,up
BHANDARI,-0.35,0.0,0.35,up
BHARATCOAL,-0.46,-0.55,-0.09000000000000002,down
BHARATFORG,0.59,2.5,1.9100000000000001,up
BHARATGEAR,-3.5,-1.28,2.2199999999999998,up
BHARATRAS,-0.72,-1.24,-0.52,down
BHARATSE,-1.18,7.8,8.98,up
BHARATWIRE,0.95,-2.24,-3.1900000000000004,down
BHARTIARTL,-1.52,0.61,2.13,up
BHARTIHEXA,-2.46,1.6,4.0600000000000005,up
BHEL,-1.03,-0.72,0.31000000000000005,up
BI,-0.11,2.73,2.84,up
BIGBLOC,-2.59,0.28,2.87,up
BIKAJI,-4.01,-0.12,3.8899999999999997,up
BIKEWO,4.98,4.95,-0.03000000000000025,down
BIL,0.22,2.53,2.3099999999999996,up
BILVYAPAR,-1.52,4.62,6.140000000000001,up
BIMETAL,2.02,0.8,-1.22,down
BIOCON,2.68,-2.35,-5.03,down
BIOFILCHEM,-3.04,0.5,3.54,up
BIOPOL,-3.96,2.41,6.37,up
BIRET,0.27,0.17,-0.1,down
BIRLACABLE,5.0,2.62,-2.38,down
BIRLACORPN,0.68,0.58,-0.10000000000000009,down
BIRLAMONEY,0.12,-0.92,-1.04,down
BIRLANU,10.17,6.68,-3.49,down
BIRLAPREC,1.04,0.31,-0.73,down
BLACKBUCK,0.24,3.61,3.37,up
BLACKROSE,-0.76,-1.3,-0.54,down
BLAL,0.43,-1.13,-1.5599999999999998,down
BLBLIMITED,2.49,-0.68,-3.1700000000000004,down
BLIL,0.24,-0.52,-0.76,down
BLISSGVS,-0.67,-3.26,-2.59,down
BLKASHYAP,4.52,0.02,-4.5,down
BLS,-0.65,0.14,0.79,up
BLSE,-0.47,-2.24,-1.7700000000000002,down
BLUECHIP,0.0,-1.19,-1.19,down
BLUECOAST,-0.7,-1.69,-0.99,down
BLUEDART,-3.42,-0.45,2.9699999999999998,up
BLUEJET,-0.56,1.02,1.58,up
BLUEPEBBLE,7.35,4.79,-2.5599999999999996,down
BLUESTARCO,-5.65,-3.63,2.0200000000000005,up
BLUESTONE,-3.69,-1.2,2.49,up
BLUEWATER,1.93,0.46,-1.47,down
BLUSPRING,-0.56,-2.91,-2.35,down
BMLL,-0.73,-2.73,-2.0,down
BMWVENTLTD,1.3,-2.39,-3.6900000000000004,down
BNAGROCHEM,1.13,-2.91,-4.04,down
BNALTD,0.0,,,removed
BNKETFAXIS,0.13,-0.09,-0.22,down
BODALCHEM,-4.99,-3.44,1.5500000000000003,up
BOHRAIND,-2.03,-7.3,-5.27,down
BOMDYEING,0.37,-0.21,-0.58,down
BONLON,-0.35,-1.08,-0.7300000000000001,down
BORANA,4.58,-1.45,-6.03,down
BOROLTD,1.96,-1.52,-3.48,down
BORORENEW,-0.47,-1.46,-0.99,down
BOROSCI,-1.29,2.11,3.4,up
BOSCH-HCIL,7.97,2.26,-5.71,down
BOSCHLTD,-2.14,2.26,4.4,up
BOSS,4.91,4.34,-0.5700000000000003,down
BPCL,-0.78,-0.83,-0.04999999999999993,down
BPL,-0.02,0.26,0.28,up
BRACEPORT,-5.27,1.27,6.539999999999999,up
BRANDMAN,4.67,0.62,-4.05,down
BRIGADE,0.29,1.75,1.46,up
BRIGHOTEL,0.65,-2.36,-3.01,down
BRITANNIA,-0.66,1.96,2.62,up
BRNL,0.74,0.96,0.21999999999999997,up
BROOKS,-0.4,-0.07,0.33,up
BSE,-2.82,0.64,3.46,up
BSE500IETF,0.55,-0.3,-0.8500000000000001,down
BSHSL,-1.1,5.0,6.1,up
BSL,-1.85,-0.31,1.54,up
BSLGOLDETF,2.44,0.91,-1.5299999999999998,down
BSLNIFTY,0.87,-0.31,-1.18,down
BSLSENETFG,0.35,-0.48,-0.83,down
BSOFT,-1.67,0.08,1.75,up
BTML,8.93,11.25,2.3200000000000003,up
BTTL,-4.45,-2.92,1.5300000000000002,up
BUILDPRO,-0.93,0.07,1.0,up
BULKCORP,2.92,4.65,1.7300000000000004,up
BUTTERFLY,2.1,0.01,-2.0900000000000003,down
BVCL,1.65,-2.73,-4.38,down
BYKE,-0.52,-1.44,-0.9199999999999999,down
C2C,0.41,-1.97,-2.38,down
CALSOFT,0.7,1.34,0.6400000000000001,up
CAMLINFINE,-1.23,-0.98,0.25,up
CAMPUS,-3.33,2.45,5.78,up
CAMS,-1.53,-1.49,0.040000000000000036,up
CANARYS,-1.06,1.94,3.0,up
CANBK,2.16,0.19,-1.9700000000000002,down
CANFINHOME,-0.4,0.38,0.78,up
CANHLIFE,0.41,1.09,0.6800000000000002,up
CANTABIL,-7.2,-0.18,7.0200000000000005,up
CAPACITE,1.84,-5.9,-7.74,down
CAPILLARY,0.74,-3.45,-4.19,down
CAPINVIT,0.17,0.52,0.35,up
CAPITALSFB,-0.17,0.12,0.29000000000000004,up
CAPLIPOINT,1.73,-0.45,-2.18,down
CAPTRUST,-3.1,4.99,8.09,up
CARBORUNIV,-1.16,2.61,3.7699999999999996,up
CARERATING,-1.09,1.1,2.1900000000000004,up
CARRARO,1.16,-7.4,-8.56,down
CARTRADE,-1.89,0.16,2.05,up
CARYSIL,1.91,-2.47,-4.38,down
CASHIETF,0.01,0.04,0.03,up
CASTROLIND,1.37,-1.08,-2.45,down
CBAZAAR,-4.96,-4.35,0.6100000000000003,up
CCAVENUE,-0.75,0.23,0.98,up
CCCL,-0.57,-1.6,-1.0300000000000002,down
CCHHL,-1.16,-0.7,0.45999999999999996,up
CCL,-0.68,-0.11,0.5700000000000001,up
CDSL,0.34,-0.23,-0.5700000000000001,down
CEATLTD,1.4,-0.86,-2.26,down
CEDAAR,-2.08,0.0,2.08,up
CEIGALL,-2.87,0.44,3.31,up
CEINSYS,-1.58,-0.28,1.3,up
CELEBRITY,-3.46,0.14,3.6,up
CELLECOR,-1.1,-1.43,-0.32999999999999985,down
CELLO,-4.94,-1.61,3.33,up
CELLPOINT,0.0,-10.28,-10.28,down
CEMNTGROWW,-0.64,-0.06,0.5800000000000001,up
CEMPRO,-4.04,-3.03,1.0100000000000002,up
CENTENKA,-1.67,1.25,2.92,up
CENTEXT,-1.73,1.23,2.96,up
CENTRALBK,0.7,-0.48,-1.18,down
CENTRUM,2.41,1.95,-0.4600000000000002,down
CENTUM,0.02,1.62,1.6,up
CENTURYPLY,1.97,-0.23,-2.2,down
CERA,0.48,-4.15,-4.630000000000001,down
CEREBRAINT,-4.12,0.72,4.84,up
CESC,-0.64,0.9,1.54,up
CEWATER,-0.52,-0.25,0.27,up
CGCL,1.16,-4.49,-5.65,down
CGPOWER,-1.52,0.34,1.86,up
CGRAPHICS,-1.9,5.45,7.35,up
CHALET,2.79,-0.39,-3.18,down
CHAMBLFERT,0.24,-1.97,-2.21,down
CHAMUNDA,,1.05,,added
CHANDAN,-3.02,-4.01,-0.9899999999999998,down
CHAVDA,-0.63,5.47,6.1,up
CHEMBOND,0.55,-0.97,-1.52,down
CHEMBONDCH,1.43,2.44,1.01,up
CHEMCON,-2.29,-1.33,0.96,up
CHEMFAB,-2.81,0.54,3.35,up
CHEMICAL,1.78,-0.68,-2.46,down
CHEMPLASTS,-0.33,-5.65,-5.32,down
CHENNPETRO,-0.89,-1.31,-0.42000000000000004,down
CHETANA,0.0,0.53,0.53,up
CHEVIOT,-3.45,-1.17,2.2800000000000002,up
CHOICEGOLD,2.55,0.72,-1.8299999999999998,down
CHOICEIN,1.07,0.95,-0.1200000000000001,down
CHOLAFIN,3.19,-3.8,-6.99,down
CHOLAHLDNG,2.76,-1.21,-3.9699999999999998,down
CIEINDIA,-1.14,0.05,1.19,up
CIFC26A,0.02,0.0,-0.02,down
CIFCZC26,,0.0,,added
CIFL,1.51,1.53,0.020000000000000018,up
CINELINE,-0.69,0.84,1.5299999999999998,up
CINEVISTA,-0.6,-0.74,-0.14,down
CIPLA,1.25,-0.89,-2.14,down
CITIUSINVT,0.19,-0.12,-0.31,down
CKKRETAIL,-0.14,2.07,2.21,up
CLASSICEIL,-4.92,-4.92,0.0,flat
CLAYCRAFT,0.91,-4.0,-4.91,down
CLCIND,-4.98,1.37,6.3500000000000005,up
CLEAN,0.35,3.05,2.6999999999999997,up
CLEANMAX,-1.67,-2.5,-0.8300000000000001,down
CLEDUCATE,1.68,-1.79,-3.4699999999999998,down
CLSEL,-0.02,-5.46,-5.44,down
CLSL,0.0,1.47,1.47,up
CMLL,3.57,3.36,-0.20999999999999996,down
CMNL,0.05,-0.31,-0.36,down
CMPDI,0.31,2.44,2.13,up
CMRGREEN,2.02,-2.54,-4.5600000000000005,down
CMRSL,-3.9,4.97,8.87,up
CMSINFO,1.33,-1.59,-2.92,down
CNL,-3.73,2.52,6.25,up
COALINDIA,0.02,-0.08,-0.1,down
COASTCORP,-5.34,-3.78,1.56,up
COCHINSHIP,4.56,1.99,-2.5699999999999994,down
COCKERILL,6.35,1.83,-4.52,down
COFFEEDAY,-0.06,-4.99,-4.930000000000001,down
COFORGE,-0.24,0.18,0.42,up
COHANCE,2.2,1.56,-0.6400000000000001,down
COLPAL,-0.57,0.08,0.6499999999999999,up
COMFINTE,7.18,-1.64,-8.82,down
COMMITTED,0.0,-0.09,-0.09,down
COMMOIETF,-0.39,0.35,0.74,up
COMPINFO,-4.35,1.82,6.17,up
COMPUSOFT,-0.46,0.46,0.92,up
COMSYN,-0.07,7.28,7.3500000000000005,up
CONCOR,-0.84,-1.33,-0.4900000000000001,down
CONCORDBIO,-0.74,-0.71,0.030000000000000027,up
CONFIPET,-2.95,2.38,5.33,up
CONNPLEX,1.19,-0.39,-1.58,down
CONS,0.32,1.04,0.72,up
CONSOFINVT,-3.77,-1.35,2.42,up
CONSUMAXIS,-0.49,0.58,1.0699999999999998,up
CONSUMBEES,-0.29,-0.01,0.27999999999999997,up
CONSUMER,-0.41,0.25,0.6599999999999999,up
CONSUMIETF,-0.32,0.29,0.61,up
CONTI,,0.0,,added
CONTROLPR,-1.55,3.03,4.58,up
COOLCAPS,0.69,-1.83,-2.52,down
CORALFINAC,0.06,-1.97,-2.03,down
CORDELIA,1.84,-0.61,-2.45,down
CORDSCABLE,-0.37,-1.72,-1.35,down
COROMANDEL,-0.16,-0.66,-0.5,down
CORONA,-2.44,0.65,3.09,up
COSMOFIRST,-4.79,2.36,7.15,up
COUNCODOS,4.89,-0.48,-5.369999999999999,down
CPCAP,-1.08,2.82,3.9,up
CPEDU,0.57,-0.34,-0.9099999999999999,down
CPL,-0.93,-1.25,-0.31999999999999995,down
CPPLUS,2.86,1.44,-1.42,down
CPS,-1.38,-3.26,-1.88,down
CPSEETF,-0.56,0.06,0.6200000000000001,up
CRAFTSMAN,1.41,-0.68,-2.09,down
CRAMC,-0.85,-0.36,0.49,up
CRAYONS,0.74,0.0,-0.74,down
CREATIVEYE,2.12,0.0,-2.12,down
CREDITACC,3.46,-1.51,-4.97,down
CREDITACC,1.27,-1.51,-2.7800000000000002,down
CREST,-0.5,-0.5,0.0,flat
CRISIL,1.68,1.24,-0.43999999999999995,down
CRIZAC,1.04,1.54,0.5,up
CROMPTON,1.47,-7.43,-8.9,down
CROWN,-1.25,-1.9,-0.6499999999999999,down
CSBBANK,-0.8,-2.16,-1.36,down
CSLFINANCE,-2.27,1.75,4.02,up
CSM,1.62,-0.45,-2.0700000000000003,down
CSSL,0.0,-1.92,-1.92,down
CTE,0.11,-0.82,-0.9299999999999999,down
CUB,1.87,1.73,-0.14000000000000012,down
CUBEINVIT,0.34,0.32,-0.020000000000000018,down
CUBEXTUB,2.47,0.02,-2.45,down
CUDML,-2.92,0.0,2.92,up
CUMMINSIND,-0.7,0.44,1.14,up
CUPID,4.16,-0.18,-4.34,down
CURAA,4.31,-2.9,-7.209999999999999,down
CURIS,-2.73,,,removed
CURRENT,3.47,,,removed
CYBERMEDIA,1.69,-1.17,-2.86,down
CYBERTECH,-0.6,0.55,1.15,up
CYIENT,-1.12,0.3,1.4200000000000002,up
CYIENTDLM,-0.35,3.48,3.83,up
DABUR,-0.65,-0.32,0.33,up
DAICHI,1.07,0.5,-0.5700000000000001,down
DALBHARAT,-0.85,0.27,1.12,up
DALMIASUG,0.64,2.17,1.5299999999999998,up
DAMCAPITAL,0.67,-1.57,-2.24,down
DAMODARIND,1.6,-0.04,-1.6400000000000001,down
DANGEE,-1.34,0.0,1.34,up
DANISH,-0.1,-1.58,-1.48,down
DATAMATICS,-2.72,1.39,4.11,up
DATAPATTNS,-1.21,-0.27,0.94,up
DAVANGERE,-0.96,0.65,1.6099999999999999,up
DBCORP,0.22,-0.11,-0.33,down
DBEIL,-0.14,0.0,0.14,up
DBL,-0.7,-1.38,-0.6799999999999999,down
DBOL,-1.2,2.51,3.71,up
DBREALTY,-0.27,4.99,5.26,up
DBSTOCKBRO,-2.48,-0.83,1.65,up
DCAL,-0.39,-0.83,-0.43999999999999995,down
DCBBANK,3.07,-1.19,-4.26,down
DCG,-0.45,0.0,0.45,up
DCI,0.2,0.9,0.7,up
DCM,-0.45,0.34,0.79,up
DCMFINSERV,3.54,-4.68,-8.219999999999999,down
DCMNVL,2.56,-2.4,-4.96,down
DCMSHRIRAM,0.04,0.63,0.59,up
DCMSIL,5.0,-3.48,-8.48,down
DCMSRIND,-2.15,0.72,2.87,up
DCW,0.28,-0.73,-1.01,down
DCXINDIA,0.93,-1.87,-2.8000000000000003,down
DDEVPLSTIK,7.7,-7.21,-14.91,down
DECCANCE,1.23,0.19,-1.04,down
DECCANTRAN,,4.35,,added
DECNGOLD,13.26,-4.09,-17.35,down
DEEDEV,-2.14,-3.37,-1.23,down
DEEM,,0.43,,added
DEEPAKFERT,-2.22,-1.36,0.8600000000000001,up
DEEPAKNTR,0.79,2.63,1.8399999999999999,up
DEEPINDS,-2.58,1.9,4.48,up
DEFENCE,2.42,0.37,-2.05,down
DELAPLEX,-0.11,0.62,0.73,up
DELHIVERY,-1.41,2.09,3.5,up
DELPHIFX,-2.32,0.59,2.9099999999999997,up
DELTACORP,-0.11,-0.19,-0.08,down
DELTAMAGNT,2.26,0.26,-1.9999999999999998,down
DELTIC,3.27,-3.86,-7.13,down
DEN,-0.29,-0.15,0.13999999999999999,up
DENEERS,1.59,2.68,1.09,up
DENORA,-1.73,2.05,3.78,up
DENTA,-4.34,-0.42,3.92,up
DENTALKART,1.49,3.75,2.26,up
DEVIT,-0.26,-0.55,-0.29000000000000004,down
DEVX,0.29,-0.12,-0.41,down
DEVYANI,-0.98,8.78,9.76,up
DGCONTENT,-3.15,2.5,5.65,up
DHAMPURSUG,0.07,0.99,0.9199999999999999,up
DHANBANK,0.12,0.18,0.06,up
DHANLAXMI,-4.99,3.03,8.02,up
DHANSA,,4.27,,added
DHANUKA,2.1,-0.58,-2.68,down
DHARAN,0.0,0.0,0.0,flat
DHARARAIL,,-3.5,,added
DHARIWAL,9.93,9.93,0.0,flat
DHARMAJ,-2.0,0.26,2.26,up
DHRUV,-2.68,-2.39,0.29000000000000004,up
DHTL,0.0,4.96,4.96,up
DHUNINV,3.07,1.19,-1.88,down
DIACABS,5.0,4.37,-0.6299999999999999,down
DIAMINESQ,1.58,-2.31,-3.89,down
DIAMONDYD,-0.68,5.25,5.93,up
DICIND,1.61,-0.76,-2.37,down
DIFFNKG,4.64,-0.65,-5.29,down
DIGIDRIVE,-2.86,1.85,4.71,up
DIGIKORE,-7.66,-8.68,-1.0199999999999996,down
DIGISPICE,1.3,2.03,0.7299999999999998,up
DIGITIDE,-0.16,4.69,4.8500000000000005,up
DIGJAMLMTD,0.39,-2.11,-2.5,down
DIRL,-2.76,,,removed
DISAQ,-3.52,0.94,4.46,up
DISHTV,-1.78,4.71,6.49,up
DIVGIITTS,-1.36,5.93,7.29,up
DIVIDEND,-0.74,0.33,1.07,up
DIVINEHIRA,0.74,-0.83,-1.5699999999999998,down
DIVISLAB,-0.46,-0.89,-0.43,down
DIVOPPBEES,-0.24,0.5,0.74,up
DIVYADHAN,-1.92,-1.96,-0.040000000000000036,down
DIXON,-0.77,0.0,0.77,up
DJML,5.45,1.9,-3.5500000000000003,down
DLF,-1.09,0.0,1.09,up
DLINKINDIA,-0.83,0.37,1.2,up
DMART,-0.38,-0.79,-0.41000000000000003,down
DMCC,-2.02,-0.39,1.63,up
DNAMEDIA,-1.08,-0.36,0.7200000000000001,up
DODLA,0.09,-0.37,-0.45999999999999996,down
DOLATALGO,-0.46,5.45,5.91,up
DOLLAR,3.47,-0.85,-4.32,down
DOLLEX,0.0,-0.16,-0.16,down
DOLPHIN,0.88,1.31,0.43000000000000005,up
DOMS,0.03,0.42,0.39,up
DONEAR,-0.54,-0.06,0.48000000000000004,up
DPABHUSHAN,-2.43,-1.06,1.37,up
DPEL,-2.89,5.52,8.41,up
DPSCLTD,0.13,-0.54,-0.67,down
DPWIRES,0.05,0.36,0.31,up
DRAGARWQ,1.08,0.62,-0.4600000000000001,down
DRCSYSTEMS,3.15,-3.2,-6.35,down
DREAMFOLKS,2.17,-0.78,-2.95,down
DREDGECORP,-2.53,-2.11,0.41999999999999993,up
DRONE,-1.25,0.51,1.76,up
DRREDDY,-0.43,0.09,0.52,up
DSFCL,-1.54,-1.99,-0.44999999999999996,down
DSKULKARNI,4.92,4.98,0.0600000000000005,up
DSSL,-0.31,-0.94,-0.6299999999999999,down
DTIL,-0.39,-0.05,0.34,up
DUCOL,-7.63,0.0,7.63,up
DUCON,3.7,2.6,-1.1,down
DUGLOBAL,0.87,-8.79,-9.659999999999998,down
DURLAX,-3.36,6.76,10.12,up
DVL,3.41,-1.81,-5.220000000000001,down
DWARKESH,0.15,1.24,1.09,up
DYCL,-0.15,-0.77,-0.62,down
DYNAMATECH,3.73,-0.02,-3.75,down
DYNAMIC,-0.72,-1.74,-1.02,down
DYNPRO,-0.34,0.04,0.38,up
E2E,1.18,-4.99,-6.17,down
E2ERAIL,-1.33,-2.64,-1.31,down
EASEMYTRIP,0.76,-0.45,-1.21,down
EASTSILK,-2.07,5.0,7.07,up
EBANK10,0.59,-0.59,-1.18,down
EBANKNIFTY,-0.29,0.02,0.31,up
EBBETF0430,-0.2,0.07,0.27,up
EBBETF0431,-0.08,0.01,0.09,up
EBBETF0433,0.22,-0.2,-0.42000000000000004,down
EBGNG,-0.66,0.33,0.99,up
ECAPINSURE,-0.29,-0.68,-0.39000000000000007,down
ECLERX,-2.37,-5.52,-3.1499999999999995,down
ECOLINE,2.16,4.79,2.63,up
ECOSMOBLTY,-1.18,-1.66,-0.48,down
EDELWEISS,2.87,-2.16,-5.03,down
EEPL,19.93,20.0,0.07000000000000028,up
EFACTOR,-0.54,-2.7,-2.16,down
EFCIL,-0.73,-1.38,-0.6499999999999999,down
EFFWA,-0.46,0.73,1.19,up
EFORCE,,1.19,,added
EGOLD,2.49,0.78,-1.7100000000000002,down
EICHERMOT,-0.24,0.66,0.9,up
EIDPARRY,-1.62,-0.59,1.0300000000000002,up
EIEL,-1.17,-1.09,0.07999999999999985,up
EIFFL,-4.98,4.99,9.97,up
EIHAHOTELS,0.42,-2.62,-3.04,down
EIHOTEL,-0.72,-5.87,-5.15,down
EIMCOELECO,-0.14,2.06,2.2,up
EKC,1.94,0.92,-1.02,down
ELANTAS,4.47,-0.52,-4.99,down
ELCIDIN,-0.41,-0.12,0.29,up
ELDEHSG,-7.18,5.65,12.83,up
ELECON,3.48,-2.8,-6.279999999999999,down
ELECTCAST,0.38,-0.39,-0.77,down
ELECTHERM,-0.01,-1.23,-1.22,down
ELGIEQUIP,0.88,-0.14,-1.02,down
ELGIRUBCO,-2.87,3.48,6.35,up
ELGNZ,-4.01,-0.41,3.5999999999999996,up
ELIN,0.27,-5.43,-5.699999999999999,down
ELIQUID,0.01,0.04,0.03,up
ELITECON,-2.16,-2.85,-0.69,down
ELLEN,0.12,3.93,3.81,up
ELM250,1.56,0.18,-1.3800000000000001,down
ELMDIV,-0.35,0.0,0.35,up
ELPROINTL,-0.34,1.17,1.51,up
EMAMILTD,1.65,0.87,-0.7799999999999999,down
EMAMIPAP,0.16,-1.04,-1.2,down
EMAMIREAL,-2.99,-2.5,0.4900000000000002,up
EMAPARTNER,-3.74,1.57,5.3100000000000005,up
EMBASSY,0.94,0.07,-0.8699999999999999,down
EMBDL,-0.67,3.86,4.53,up
EMCURE,-1.14,2.15,3.29,up
EMETAL,0.08,-0.53,-0.61,down
EMIL,1.5,10.72,9.22,up
EMKAY,-2.58,-1.84,0.74,up
EMKAYTOOLS,0.38,-2.57,-2.9499999999999997,down
EMMBI,-1.16,-2.51,-1.3499999999999999,down
EMMIL,2.23,-4.24,-6.470000000000001,down
EMMVEE,1.09,-2.82,-3.91,down
EMPOWER,-4.85,-4.71,0.13999999999999968,up
EMSLIMITED,-0.17,-0.42,-0.24999999999999997,down
EMUDHRA,3.32,-0.31,-3.63,down
EMULTIMQ,-0.12,0.22,0.33999999999999997,up
ENCOMPAS,1.67,-6.79,-8.46,down
ENDURANCE,-0.54,0.93,1.4700000000000002,up
ENERGY,-0.15,0.1,0.25,up
ENERGYDEV,0.6,-1.73,-2.33,down
ENEXT50,0.0,0.0,0.0,flat
ENFUSE,0.0,,,removed
ENGINERSIN,0.88,-0.74,-1.62,down
ENIFTY,0.52,-0.12,-0.64,down
ENIL,-2.52,-4.16,-1.6400000000000001,down
ENRIN,-1.14,12.19,13.33,up
ENSER,2.56,-3.43,-5.99,down
ENTERO,-1.29,0.02,1.31,up
ENVIRO,-1.42,-0.78,0.6399999999999999,up
EPACK,-0.85,0.82,1.67,up
EPACKPEB,-2.89,-0.83,2.06,up
EPIGRAL,-2.09,0.49,2.58,up
EPL,-0.39,-1.86,-1.4700000000000002,down
EPWINDIA,-2.74,,,removed
EQUAL200,-0.14,0.14,0.28,up
EQUAL50,-0.09,-0.06,0.03,up
EQUAL50ADD,0.01,-0.3,-0.31,down
EQUIPPP,-2.42,-0.43,1.99,up
EQUITASBNK,0.44,-1.14,-1.5799999999999998,down
ERIS,0.57,-0.04,-0.61,down
ESABINDIA,-0.53,0.13,0.66,up
ESAFSFB,1.97,-5.34,-7.31,down
ESCONET,-2.45,8.08,10.530000000000001,up
ESCORTS,-0.27,-0.03,0.24000000000000002,up
ESENSEX,0.91,-0.64,-1.55,down
ESFL,2.18,9.97,7.790000000000001,up
ESG,0.26,-0.31,-0.5700000000000001,down
ESILVER,0.52,3.08,2.56,up
ESPRIT,2.98,3.78,0.7999999999999998,up
ESSARSHPNG,-1.19,0.0,1.19,up
ESSENTIA,-2.38,0.81,3.19,up
ESTER,-0.23,-0.74,-0.51,down
ETERNAL,1.9,-0.4,-2.3,down
ETHOSLTD,-0.35,-1.5,-1.15,down
ETL,,8.28,,added
ETML,2.63,-0.48,-3.11,down
EUREKAFORB,-2.78,-2.0,0.7799999999999998,up
EUROBOND,-0.23,2.1,2.33,up
EUROPRATIK,-0.83,1.54,2.37,up
EUROTEXIND,1.94,1.98,0.040000000000000036,up
EVEREADY,-0.76,-0.14,0.62,up
EVERESTIND,1.51,-1.89,-3.4,down
EVIETF,-0.88,1.63,2.51,up
EVINDIA,-0.15,1.64,1.7899999999999998,up
EXCELINDUS,-1.16,-0.05,1.1099999999999999,up
EXCELLENT,0.98,,,removed
EXCELSOFT,-1.02,0.67,1.69,up
EXICOM,1.81,-6.29,-8.1,down
EXIDEIND,1.55,3.32,1.7699999999999998,up
EXIMROUTES,0.0,-4.3,-4.3,down
EXPLEOSOL,1.15,1.91,0.76,up
EXXARO,1.62,-1.75,-3.37,down
FABTECH,-1.07,-1.08,-0.010000000000000009,down
FACT,0.3,-0.44,-0.74,down
FAIRCHEMOR,-2.0,-2.0,0.0,flat
FALCONTECH,-0.41,0.82,1.23,up
FAZE3Q,-1.88,5.29,7.17,up
FCL,8.02,-0.26,-8.28,down
FCSSOFT,-0.68,0.0,0.68,up
FDC,-4.53,-0.05,4.48,up
FEDDERSHOL,0.14,2.62,2.48,up
FEDERALBNK,-0.81,0.76,1.57,up
FEDFINA,2.16,-1.93,-4.09,down
FEL,0.0,0.0,0.0,flat
FELDVR,-4.9,-3.0,1.9000000000000004,up
FELIX,-1.71,1.51,3.2199999999999998,up
FERMENTA,0.27,1.45,1.18,up
FIBERWEB,-1.75,1.88,3.63,up
FICRF3GP,8.04,,,removed
FIDEL,2.93,-1.39,-4.32,down
FIEMIND,-0.74,4.07,4.8100000000000005,up
FILATEX,0.55,1.86,1.31,up
FILATFASH,0.0,0.0,0.0,flat
FINBUD,-0.32,1.34,1.6600000000000001,up
FINCABLES,3.13,-0.98,-4.109999999999999,down
FINEORG,0.98,3.47,2.49,up
FINIETF,-0.44,-1.36,-0.9200000000000002,down
FINKURVE,0.25,-0.51,-0.76,down
FINOPB,-1.11,-2.96,-1.8499999999999999,down
FINPIPE,2.49,-4.02,-6.51,down
FIRSTCRY,-0.66,0.14,0.8,up
FISCHER,-0.58,1.5,2.08,up
FIVESTAR,1.01,-1.81,-2.8200000000000003,down
FLAIR,-0.61,0.74,1.35,up
FLEXIADD,-0.58,0.29,0.8699999999999999,up
FLEXITUFF,-3.4,0.0,3.4,up
FLFL,-1.64,-0.83,0.8099999999999999,up
FLUOROCHEM,1.11,-0.66,-1.77,down
FLYSBS,-0.19,-1.94,-1.75,down
FMCGADD,0.96,0.46,-0.49999999999999994,down
FMCGIETF,-0.21,-0.09,0.12,up
FMGOETZE,-0.2,1.33,1.53,up
FMNL,-1.16,-0.43,0.73,up
FOCE,2.78,,,removed
FOCUS,1.43,-1.31,-2.74,down
FONEBOX,5.0,4.98,-0.019999999999999574,down
FOODSIN,-0.77,3.56,4.33,up
FORCAS,0.14,1.49,1.35,up
FORCEMOT,0.82,-1.02,-1.8399999999999999,down
FORGEAUTO,4.98,4.97,-0.010000000000000675,down
FORTIS,-0.54,3.82,4.359999999999999,up
FOSECOIND,1.17,1.69,0.52,up
FRACTAL,1.18,1.25,0.07000000000000006,up
FRESHARA,-3.49,2.28,5.77,up
FROG,0.5,2.0,1.5,up
FRONTSP,0.31,-0.6,-0.9099999999999999,down
FSL,-13.4,-4.8,8.600000000000001,up
FUSION,2.51,-4.65,-7.16,down
FWSTC,-4.9,2.29,7.19,up
GABRIEL,-3.52,-2.09,1.4300000000000002,up
GAEL,1.65,-4.78,-6.43,down
GAIL,-0.32,-1.57,-1.25,down
GALAPREC,3.35,-10.82,-14.17,down
GALAXYSURF,-1.27,4.36,5.630000000000001,up
GALLANTT,-1.39,-1.6,-0.2100000000000002,down
GANDHAR,4.99,-0.1,-5.09,down
GANDHITUBE,-0.42,-0.39,0.02999999999999997,up
GANECOS,-1.73,-1.09,0.6399999999999999,up
GANESHBE,-0.79,0.32,1.11,up
GANESHCP,-4.15,-1.9,2.2500000000000004,up
GANESHHOU,-2.17,-0.14,2.03,up
GANESHIN,4.9,-0.92,-5.82,down
GANGABATH,3.1,-1.51,-4.61,down
GANGAFORGE,4.12,4.46,0.33999999999999986,up
GANGESSECU,-1.67,-0.72,0.95,up
GARFIBRES,5.2,-3.22,-8.42,down
GARUDA,2.29,-1.07,-3.3600000000000003,down
GATECH,3.23,3.13,-0.10000000000000009,down
GATECHDVR,2.04,2.0,-0.040000000000000036,down
GATEWAY,1.57,-0.51,-2.08,down
GAUDIUMIVF,2.0,-2.0,-4.0,down
GAYAHWS,2.06,0.0,-2.06,down
GAYAPROJ,4.21,1.46,-2.75,down
GCHOTELS,-3.36,3.76,7.119999999999999,up
GCSL,1.26,-1.08,-2.34,down
GEECEE,0.19,0.89,0.7,up
GEEKAYWIRE,0.99,0.04,-0.95,down
GEMAROMA,-0.95,1.42,2.37,up
GENCON,-0.28,0.23,0.51,up
GENESYS,-30.33,-0.68,29.65,up
GENSOL,-1.72,-1.81,-0.09000000000000008,down
GENUSPAPER,-0.71,-1.59,-0.8800000000000001,down
GENUSPOWER,-0.03,-0.9,-0.87,down
GENXAI,-3.38,-1.27,2.11,up
GEOJITFSL,2.07,-1.94,-4.01,down
GESHIP,-3.69,-0.82,2.87,up
GFLLIMITED,4.28,-2.25,-6.53,down
GGBL,-0.55,0.47,1.02,up
GHCL,-0.03,-0.45,-0.42000000000000004,down
GHCLTEXTIL,4.38,1.33,-3.05,down
GICHSGFIN,-0.16,2.2,2.3600000000000003,up
GICL,3.11,1.63,-1.48,down
GICRE,-0.22,-0.46,-0.24000000000000002,down
GILLANDERS,-2.43,2.42,4.85,up
GILLETTE,0.08,-0.14,-0.22000000000000003,down
GILT10BETA,0.6,-1.34,-1.94,down
GILT5BETA,2.36,0.04,-2.32,down
GILT5YBEES,0.26,-0.02,-0.28,down
GINNIFILA,-2.73,1.4,4.13,up
GIPCL,-0.98,-0.8,0.17999999999999994,up
GIRIRAJ,-4.33,-3.17,1.1600000000000001,up
GJL,4.41,4.44,0.03000000000000025,up
GKENERGY,-1.2,5.16,6.36,up
GKSL,-0.46,0.32,0.78,up
GKWLIMITED,-1.04,-0.06,0.98,up
GLAND,2.48,-0.28,-2.76,down
GLAXO,0.38,0.78,0.4,up
GLENMARK,0.49,0.4,-0.08999999999999997,down
GLFL,-4.26,-3.7,0.5599999999999996,up
GLOBAL,-3.4,1.36,4.76,up
GLOBALE,1.31,-2.5,-3.81,down
GLOBALPET,1.31,,,removed
GLOBALVECT,0.74,-2.91,-3.6500000000000004,down
GLOBE,-0.98,-1.48,-0.5,down
GLOBECIVIL,1.33,0.2,-1.1300000000000001,down
GLOBUSSPR,1.37,0.28,-1.09,down
GLOSTERLTD,0.68,2.63,1.9499999999999997,up
GLOTTIS,0.63,2.3,1.67,up
GMBREW,-0.08,0.09,0.16999999999999998,up
GMDCLTD,2.91,-2.34,-5.25,down
GML,4.62,0.29,-4.33,down
GMMPFAUDLR,14.32,0.76,-13.56,down
GMRAIRPORT,-0.38,0.57,0.95,up
GMRP&UI,2.26,-0.35,-2.61,down
GNA,0.1,-0.58,-0.6799999999999999,down
GNFC,0.86,-1.37,-2.23,down
GNRL,1.25,-1.4,-2.65,down
GOACARBON,-1.13,0.92,2.05,up
GOCLCORP,-0.44,6.75,7.19,up
GOCOLORS,1.11,-1.8,-2.91,down
GODAVARIB,-4.51,-3.29,1.2199999999999998,up
GODFRYPHLP,-1.51,-0.17,1.34,up
GODIGIT,-3.67,0.8,4.47,up
GODREJAGRO,-3.69,-0.49,3.2,up
GODREJCP,0.78,-2.53,-3.3099999999999996,down
GODREJIND,-1.18,0.51,1.69,up
GODREJPROP,-0.81,-0.57,0.2400000000000001,up
GOKEX,-1.12,1.1,2.22,up
GOKUL,1.47,-0.9,-2.37,down
GOKULAGRO,-1.32,1.9,3.2199999999999998,up
GOLD1,2.42,1.0,-1.42,down
GOLD360,2.34,1.01,-1.3299999999999998,down
GOLDADD,2.44,0.88,-1.56,down
GOLDAXIS,2.74,0.66,-2.08,down
GOLDBEES,2.59,0.75,-1.8399999999999999,down
GOLDBETA,2.51,0.92,-1.5899999999999999,down
GOLDBND,2.21,1.13,-1.08,down
GOLDCASE,2.55,0.82,-1.73,down
GOLDENTOBC,-3.65,2.42,6.07,up
GOLDETF,2.4,0.88,-1.52,down
GOLDIAM,3.87,-0.86,-4.73,down
GOLDIETF,2.56,0.65,-1.9100000000000001,down
GOLDSTAR,0.74,0.0,-0.74,down
GOLDTECH,-1.01,-0.65,0.36,up
GOODLUCK,2.44,-1.65,-4.09,down
GOODYEAR,-1.44,-1.48,-0.040000000000000036,down
GOPAL,-0.24,1.46,1.7,up
GOYALALUM,-0.46,-0.92,-0.46,down
GOYALSALT,1.11,-1.97,-3.08,down
GPECO,-1.05,-2.67,-1.6199999999999999,down
GPIL,-0.64,-1.7,-1.06,down
GPPL,-0.28,0.24,0.52,up
GPTHEALTH,0.2,-3.39,-3.5900000000000003,down
GPTINFRA,0.63,-1.86,-2.49,down
GRADIENTE,1.13,-3.36,-4.49,down
GRANDOAK,4.77,-1.56,-6.33,down
GRANULES,-0.76,4.2,4.96,up
GRAPHISAD,0.0,-0.87,-0.87,down
GRAPHITE,1.82,-1.68,-3.5,down
GRASIM,-0.12,3.2,3.3200000000000003,up
GRAUWEIL,0.67,1.05,0.38,up
GRAVISSHO,-5.06,6.22,11.28,up
GRAVITA,1.79,0.76,-1.03,down
GRCL,-4.99,2.57,7.5600000000000005,up
GREAVESCOT,2.87,-1.34,-4.21,down
GREENCHEF,-2.36,,,removed
GREENLAM,2.42,0.2,-2.2199999999999998,down
GREENLEAF,,0.58,,added
GREENPANEL,1.44,-4.95,-6.390000000000001,down
GREENPLY,-2.2,-0.17,2.0300000000000002,up
GREENPOWER,-0.7,-1.11,-0.41000000000000014,down
GRETEX,4.46,,,removed
GRINDWELL,0.33,1.24,0.9099999999999999,up
GRINFRA,-0.84,-2.16,-1.3200000000000003,down
GRMOVER,-0.88,0.27,1.15,up
GROBTEA,0.07,0.07,0.0,flat
GROWW,-1.46,0.77,2.23,up
GROWWCAPM,-0.45,-0.63,-0.18,down
GROWWCHEM,1.61,-0.71,-2.3200000000000003,down
GROWWDEFNC,2.48,0.51,-1.97,down
GROWWEV,-0.88,1.34,2.22,up
GROWWGOLD,2.48,0.76,-1.72,down
GROWWHOSPI,-0.57,1.07,1.6400000000000001,up
GROWWLIQID,0.02,0.04,0.02,up
GROWWLOVOL,-0.37,0.66,1.03,up
GROWWMC150,-1.11,-1.29,-0.17999999999999994,down
GROWWMETAL,0.0,-0.71,-0.71,down
GROWWMOM50,-0.09,0.0,0.09,up
GROWWN200,-0.09,0.26,0.35,up
GROWWNET,0.58,-0.39,-0.97,down
GROWWNIFTY,0.3,-0.6,-0.8999999999999999,down
GROWWNXT50,0.28,-0.37,-0.65,down
GROWWPOWER,-1.12,0.61,1.73,up
GROWWPSE,0.13,-0.35,-0.48,down
GROWWPSUBK,2.61,0.68,-1.9299999999999997,down
GROWWRAIL,0.07,0.07,0.0,flat
GROWWRLTY,-1.29,-0.4,0.89,up
GROWWSC250,0.47,0.47,0.0,flat
GROWWSLVR,0.41,1.05,0.6400000000000001,up
GRPLTD,3.28,-1.9,-5.18,down
GRSE,3.67,-0.02,-3.69,down
GRWRHITECH,-0.96,-4.98,-4.0200000000000005,down
GSEC10ABSL,0.0,,,removed
GSEC10IETF,0.75,0.0,-0.75,down
GSEC10YEAR,-0.13,0.33,0.46,up
GSEC5IETF,0.56,-0.02,-0.5800000000000001,down
GSFC,0.12,-0.74,-0.86,down
GSLSU,1.95,-4.01,-5.96,down
GSMFOILS,-4.98,-4.97,0.010000000000000675,up
GSPCROP,-0.16,0.87,1.03,up
GSS,-3.42,3.47,6.890000000000001,up
GSTL,-2.14,,,removed
GTECJAINX,3.69,4.89,1.1999999999999997,up
GTL,-0.94,5.96,6.9,up
GTLINFRA,-3.15,0.81,3.96,up
GTPL,-0.08,-0.12,-0.039999999999999994,down
GUFICBIO,2.54,4.22,1.6799999999999997,up
GUJALKALI,0.51,-1.0,-1.51,down
GUJAPOLLO,0.14,0.04,-0.1,down
GUJENERGY,1.12,-3.74,-4.86,down
GUJRAFFIA,-0.03,0.88,0.91,up
GUJTHEM,1.67,-1.64,-3.3099999999999996,down
GULFOILLUB,2.11,-1.25,-3.36,down
GULFPETRO,4.99,3.75,-1.2400000000000002,down
GULPOLY,-0.81,-1.13,-0.31999999999999984,down
GURUNANAK,,0.0,,added
GVKPIL,-0.83,-1.25,-0.42000000000000004,down
GVPIL,-2.14,5.0,7.140000000000001,up
GVPTECH,-1.85,0.58,2.43,up
GVT&D,-0.98,-1.55,-0.5700000000000001,down
GYFTR,-1.18,3.07,4.25,up
HAL,5.92,-0.2,-6.12,down
HALDER,1.64,0.26,-1.38,down
HALDYNGL,-3.43,-1.66,1.7700000000000002,up
HALEOSLABS,0.77,1.3,0.53,up
HAPPSTMNDS,1.33,0.38,-0.9500000000000001,down
HAPPY,5.47,6.23,0.7600000000000007,up
HAPPYFORGE,2.92,1.94,-0.98,down
HARDWYN,0.27,-0.09,-0.36,down
HARIOMPIPE,-2.18,0.55,2.7300000000000004,up
HARRMALAYA,-0.38,0.12,0.5,up
HARSHA,1.25,0.33,-0.9199999999999999,down
HATHWAY,-0.64,0.74,1.38,up
HATSUN,1.83,1.49,-0.3400000000000001,down
HAVELLS,-0.35,0.19,0.54,up
HAVISHA,-0.69,1.39,2.08,up
HAWKINCOOK,-0.72,-0.79,-0.07000000000000006,down
HBESD,-3.49,4.3,7.79,up
HBLENGINE,-0.05,-1.23,-1.18,down
HBSL,-1.64,-2.7,-1.0600000000000003,down
HCC,-1.64,-4.78,-3.1400000000000006,down
HCG,1.34,-0.39,-1.73,down
HCL-INSYS,0.09,-1.03,-1.12,down
HCLTECH,-1.11,1.62,2.7300000000000004,up
HDBFS,-0.05,-1.37,-1.32,down
HDFCAMC,-0.93,0.27,1.2000000000000002,up
HDFCBANK,-0.1,-0.45,-0.35,down
HDFCBSE500,0.16,-0.44,-0.6,down
HDFCGOLD,2.43,0.8,-1.6300000000000001,down
HDFCGROWTH,-0.44,0.78,1.22,up
HDFCLIFE,-0.46,-0.46,0.0,flat
HDFCLIQUID,0.01,0.04,0.03,up
HDFCLOWVOL,-0.19,0.57,0.76,up
HDFCMID150,-0.21,0.13,0.33999999999999997,up
HDFCMOMENT,-0.61,0.68,1.29,up
HDFCNEXT50,0.66,0.13,-0.53,down
HDFCNIF100,0.72,0.04,-0.6799999999999999,down
HDFCNIFBAN,-0.08,-0.22,-0.14,down
HDFCNIFIT,0.09,1.23,1.14,up
HDFCNIFTY,0.21,0.25,0.04000000000000001,up
HDFCNIMEG,-0.49,-0.17,0.31999999999999995,up
HDFCPSUBK,1.6,1.07,-0.53,down
HDFCPVTBAN,0.0,-1.17,-1.17,down
HDFCQUAL,-0.5,0.71,1.21,up
HDFCSENSEX,0.15,-0.31,-0.45999999999999996,down
HDFCSILVER,0.58,2.64,2.06,up
HDFCSML250,0.2,-0.31,-0.51,down
HDFCVALUE,0.76,-0.21,-0.97,down
HDIL,-0.62,-1.88,-1.2599999999999998,down
HEADSUP,-0.28,-0.43,-0.14999999999999997,down
HEALTHADD,1.63,0.06,-1.5699999999999998,down
HEALTHAXIS,0.21,-0.27,-0.48,down
HEALTHCARE,0.05,0.42,0.37,up
HEALTHIETF,0.27,0.01,-0.26,down
HEALTHX,0.88,-0.73,-1.6099999999999999,down
HEALTHY,-0.17,0.41,0.58,up
HECPROJECT,-0.05,0.77,0.8200000000000001,up
HEG,-0.16,-1.62,-1.4600000000000002,down
HEIDELBERG,0.43,-0.57,-1.0,down
HEMIPROP,-0.21,0.08,0.29,up
HERANBA,-0.07,-0.15,-0.07999999999999999,down
HERITGFOOD,6.11,0.91,-5.2,down
HEROMOTOCO,-2.45,3.14,5.59,up
HESTERBIO,1.04,-1.65,-2.69,down
HEXAGON,-2.1,-1.55,0.55,up
HEXATRADEX,2.37,-0.42,-2.79,down
HEXT,-2.56,1.55,4.11,up
HFCL,-4.03,2.12,6.15,up
HGINFRA,1.73,-0.57,-2.3,down
HGM,-1.09,-1.79,-0.7,down
HGS,-0.11,1.26,1.37,up
HIGREEN,0.32,0.0,-0.32,down
HIKAL,-4.79,2.58,7.37,up
HILINFRA,0.18,-1.14,-1.3199999999999998,down
HILTON,0.77,1.71,0.94,up
HIMATSEIDE,-0.45,1.46,1.91,up
HINDALCO,-1.25,3.17,4.42,up
HINDCOMPOS,-1.17,0.98,2.15,up
HINDCON,-0.52,-1.53,-1.01,down
HINDCOPPER,2.28,-1.8,-4.08,down
HINDOILEXP,-0.63,-1.06,-0.43000000000000005,down
HINDPETRO,0.01,-0.49,-0.5,down
HINDUNILVR,-0.28,0.79,1.07,up
HINDWAREAP,0.19,1.12,0.9300000000000002,up
HINDZINC,-1.16,2.2,3.3600000000000003,up
HIRECT,-2.5,1.0,3.5,up
HISARMETAL,0.59,2.54,1.9500000000000002,up
HITECH,-0.41,-1.26,-0.8500000000000001,down
HITECHCORP,-0.03,0.69,0.72,up
HITECHGEAR,-0.39,-1.11,-0.7200000000000001,down
HLEGLAS,6.07,2.78,-3.2900000000000005,down
HLVLTD,0.42,-0.14,-0.56,down
HMAAGRO,1.21,6.26,5.05,up
HMT,-0.52,-1.39,-0.8699999999999999,down
HMVL,-0.23,-4.95,-4.72,down
HNDFDS,-0.34,0.21,0.55,up
HNGSNGBEES,-0.5,-0.09,0.41000000000000003,up
HOACFOODS,-0.68,1.37,2.0500000000000003,up
HOLMARC,4.99,,,removed
HOMEFIRST,0.35,0.23,-0.11999999999999997,down
HOMESFY,1.75,,,removed
HONASA,1.31,2.57,1.2599999999999998,up
HONAUT,-0.16,-1.08,-0.92,down
HONDAPOWER,-0.43,0.14,0.5700000000000001,up
HPAL,3.32,-2.82,-6.14,down
HPIL,-0.59,0.47,1.06,up
HPL,-1.02,-0.67,0.35,up
HPTL,-4.99,5.0,9.99,up
HRHNEXT,,-5.0,,added
HSBCGOLD,2.08,1.47,-0.6100000000000001,down
HSCL,1.61,-1.1,-2.71,down
HTMEDIA,-6.11,3.08,9.190000000000001,up
HUBTOWN,-0.98,-2.55,-1.5699999999999998,down
HUDCO,-0.36,-0.53,-0.17000000000000004,down
HUHTAMAKI,2.06,-5.17,-7.23,down
HYBRIDETF,0.2,-0.2,-0.4,down
HYBRIDFIN,-2.78,1.31,4.09,up
HYUNDAI,-0.29,-0.52,-0.23000000000000004,down
IBLFL,0.0,0.0,0.0,flat
IBULLSLTD,4.99,-3.51,-8.5,down
ICDSLTD,-6.43,3.19,9.62,up
ICELCO,-3.6,-0.51,3.09,up
ICEMAKE,1.25,-0.95,-2.2,down
ICICIAMC,-0.05,-0.25,-0.2,down
ICICIB22,0.07,-0.68,-0.75,down
ICICIBANK,0.51,-2.5,-3.01,down
ICICIGI,-1.54,-1.15,0.3900000000000001,up
ICICIPRULI,-1.85,-1.17,0.6800000000000002,up
ICIL,0.69,1.2,0.51,up
ICRA,1.04,-1.6,-2.64,down
IDBI,0.26,-0.38,-0.64,down
IDEA,-1.33,0.79,2.12,up
IDEAFORGE,5.0,-0.47,-5.47,down
IDEALTECHO,-5.28,6.45,11.73,up
IDENTICAL,6.25,-6.14,-12.39,down
IDFCFIRSTB,0.06,-0.86,-0.9199999999999999,down
IDFNIFTYET,1.29,-1.37,-2.66,down
IEML,3.71,4.77,1.0599999999999996,up
IEX,-0.59,-1.34,-0.7500000000000001,down
IFBAGRO,-1.03,0.57,1.6,up
IFBIND,-0.15,-2.53,-2.38,down
IFCI,-0.97,-1.24,-0.27,down
IFGLEXPOR,2.65,0.73,-1.92,down
IGARASHI,7.1,-5.8,-12.899999999999999,down
IGCL,-0.45,-2.05,-1.5999999999999999,down
IGIL,-0.96,-1.26,-0.30000000000000004,down
IGL,0.16,-1.55,-1.71,down
IGPL,-2.23,-2.01,0.2200000000000002,up
IHFL261224,-0.95,,,removed
IIFL,-0.14,0.39,0.53,up
IIFL060326,2.3,-1.86,-4.16,down
IIFL06326,,0.0,,added
IIFLCAPS,0.03,-0.39,-0.42000000000000004,down
IIFLZC26,0.0,0.0,0.0,flat
IIFLZC28,-0.0,0.0,0.0,flat
IITL,-0.53,2.14,2.67,up
IKIO,-1.76,1.19,2.95,up
IKS,-6.1,-1.44,4.66,up
IL&FSENGG,1.49,3.77,2.2800000000000002,up
IL&FSTRANS,-1.88,-1.44,0.43999999999999995,up
IMAGICAA,3.0,2.04,-0.96,down
IMC1,-0.09,0.0,0.09,up
IMFA,1.36,-2.51,-3.87,down
IMPAL,-1.65,0.07,1.72,up
IMPEXFERRO,4.86,4.97,0.10999999999999943,up
INA,-0.79,-1.67,-0.8799999999999999,down
INCREDIBLE,0.06,-1.6,-1.6600000000000001,down
INDBANK,-0.43,2.17,2.6,up
INDGN,16.15,0.77,-15.379999999999999,down
INDGN,1.83,0.77,-1.06,down
INDHOTEL,-0.68,-0.68,0.0,flat
INDIACEM,0.06,1.3,1.24,up
INDIAGLYCO,-0.37,-0.64,-0.27,down
INDIAMART,-0.69,-0.48,0.20999999999999996,up
INDIANB,2.8,1.32,-1.4799999999999998,down
INDIANCARD,-0.83,-0.07,0.76,up
INDIANHUME,-0.64,1.11,1.75,up
INDIASHLTR,0.29,-5.84,-6.13,down
INDIFRA,4.82,,,removed
INDIGO,-1.51,0.27,1.78,up
INDIGOPNTS,3.47,-0.72,-4.19,down
INDIGRID,0.34,-0.15,-0.49,down
INDIQUBE,4.63,0.47,-4.16,down
INDNIPPON,1.4,1.17,-0.22999999999999998,down
INDOAMIN,2.54,-1.05,-3.59,down
INDOBORAX,-0.49,-2.4,-1.91,down
INDOCO,-0.4,-0.05,0.35000000000000003,up
INDOFARM,0.76,-3.05,-3.8099999999999996,down
INDOMIM,9.58,-1.3,-10.88,down
INDORAMA,-3.93,-1.52,2.41,up
INDOSTAR,-0.13,-1.67,-1.54,down
INDOTECH,5.0,0.13,-4.87,down
INDOTHAI,-10.0,-10.0,0.0,flat
INDOUS,-1.41,1.62,3.0300000000000002,up
INDOWIND,-0.22,-1.1,-0.8800000000000001,down
INDPRUD,1.99,-1.89,-3.88,down
INDRAMEDCO,-1.75,5.2,6.95,up
INDSWFTLAB,-1.71,0.85,2.56,up
INDTERRAIN,1.51,-1.92,-3.4299999999999997,down
INDUSINDBK,-0.27,0.57,0.84,up
INDUSINVIT,3.02,0.68,-2.34,down
INDUSTOWER,-0.66,0.7,1.3599999999999999,up
INFINIUM,2.41,4.55,2.1399999999999997,up
INFLUX,-1.98,-2.79,-0.81,down
INFOBEAN,-1.09,0.04,1.1300000000000001,up
INFOLLION,0.03,2.16,2.1300000000000003,up
INFOMEDIA,-0.55,-1.67,-1.1199999999999999,down
INFRA,0.0,0.16,0.16,up
INFRABEES,0.33,0.56,0.23000000000000004,up
INFRAIETF,0.23,0.33,0.1,up
INFY,-0.77,0.87,1.6400000000000001,up
INGERRAND,0.77,-0.36,-1.13,down
INM,-2.92,0.0,2.92,up
INNOMET,1.99,1.98,-0.010000000000000009,down
INNOVACAP,0.96,-1.0,-1.96,down
INNOVANA,0.23,-0.54,-0.77,down
INNOVISION,-0.24,-0.11,0.13,up
INOXGREEN,-1.3,1.97,3.27,up
INOXINDIA,0.87,0.02,-0.85,down
INOXWIND,-0.84,-0.26,0.58,up
INSECTICID,0.25,-0.45,-0.7,down
INSPIRE,0.0,,,removed
INSPIRISYS,-1.14,2.5,3.6399999999999997,up
INSUREIETF,-0.83,-0.51,0.31999999999999995,up
INTELLECT,-3.29,-0.04,3.25,up
INTENTECH,-2.63,0.48,3.11,up
INTERARCH,0.78,-4.71,-5.49,down
INTERNET,0.22,-0.43,-0.65,down
INTLCONV,-0.7,-0.4,0.29999999999999993,up
INVENTURE,1.1,-2.17,-3.27,down
INVICTA,1.28,-2.66,-3.9400000000000004,down
INVPRECQ,0.5,-0.27,-0.77,down
IOB,1.75,-1.55,-3.3,down
IOC,-0.93,0.5,1.4300000000000002,up
IOLCP,-0.14,2.86,3.0,up
IONEXCHANG,-7.05,-3.83,3.2199999999999998,up
IPCALAB,-1.75,0.09,1.84,up
IPHL,-3.71,0.14,3.85,up
IPL,0.14,-0.22,-0.36,down
IRB,-0.8,-1.25,-0.44999999999999996,down
IRBINVIT,0.39,0.52,0.13,up
IRCON,0.57,-0.65,-1.22,down
IRCTC,2.0,-0.1,-2.1,down
IREDA,0.27,-1.01,-1.28,down
IRFC,0.44,-0.6,-1.04,down
IRIS,-2.03,-1.56,0.46999999999999975,up
IRISDOREME,1.01,0.93,-0.07999999999999996,down
IRMENERGY,5.76,0.43,-5.33,down
ISFT,-1.55,-0.95,0.6000000000000001,up
ISGEC,-1.28,-0.69,0.5900000000000001,up
ISHAN,0.0,-10.0,-10.0,down
ISHANCH,-3.87,1.1,4.970000000000001,up
IT,-0.49,1.25,1.74,up
ITADD,-0.69,1.52,2.21,up
ITALIANE,0.0,2.09,2.09,up
ITAXIS,-1.17,1.51,2.6799999999999997,up
ITBEES,-0.46,1.22,1.68,up
ITBETA,-2.01,2.64,4.65,up
ITC,-0.37,0.07,0.44,up
ITCHOTELS,1.27,-0.25,-1.52,down
ITDC,0.4,-0.91,-1.31,down
ITETF,-0.69,1.33,2.02,up
ITI,2.01,-1.69,-3.6999999999999997,down
ITIETF,-0.8,0.98,1.78,up
ITTL,-1.95,,,removed
IVALUE,-0.29,-0.16,0.12999999999999998,up
IVC,1.12,1.24,0.11999999999999988,up
IVP,1.27,5.0,3.73,up
IVZINGOLD,2.47,0.7,-1.7700000000000002,down
IVZINNIFTY,-0.33,-0.19,0.14,up
IWARE,0.65,1.73,1.08,up
IWP,-0.06,-0.48,-0.42,down
IXIGO,-1.02,-13.04,-12.02,down
IZMO,-0.85,-3.79,-2.94,down
J&KBANK,2.31,-0.52,-2.83,down
JAGRAN,-0.11,1.08,1.1900000000000002,up
JAGSNPHARM,-0.66,-2.87,-2.21,down
JAIBALAJI,1.08,4.26,3.1799999999999997,up
JAICORPLTD,-0.36,-0.2,0.15999999999999998,up
JAINAM,4.6,-1.67,-6.27,down
JAINIK,-1.73,1.89,3.62,up
JAINREC,-2.23,-2.2,0.029999999999999805,up
JAIPURKURT,-2.82,3.96,6.779999999999999,up
JALAN,,3.03,,added
JAMNAAUTO,0.49,0.51,0.020000000000000018,up
JARO,-0.04,1.0,1.04,up
JASH,-0.25,1.03,1.28,up
JAYAGROGN,0.12,-1.68,-1.7999999999999998,down
JAYBARMARU,-4.99,-5.0,-0.009999999999999787,down
JAYBEE,0.06,-0.92,-0.98,down
JAYESH,-1.63,1.7,3.33,up
JAYKAY,-0.31,-4.84,-4.53,down
JAYNECOIND,0.87,-0.22,-1.09,down
JAYSREETEA,0.45,-2.98,-3.43,down
JBMA,-0.83,-1.35,-0.5200000000000001,down
JETFREIGHT,1.5,0.48,-1.02,down
JETKNIT,,-4.96,,added
JEYYAM,-0.21,4.42,4.63,up
JFLLIFE,-4.73,4.2,8.93,up
JGCHEM,-1.6,2.47,4.07,up
JHS,0.52,0.38,-0.14,down
JINDALPHOT,-0.47,-0.06,0.41,up
JINDALPOLY,1.01,-2.02,-3.0300000000000002,down
JINDALSAW,-0.13,2.32,2.4499999999999997,up
JINDALSTEL,-1.11,0.18,1.29,up
JINDRILL,-0.73,3.28,4.01,up
JINDWORLD,-1.66,1.12,2.7800000000000002,up
JIOFIN,0.44,-2.39,-2.83,down
JISLDVREQS,2.25,1.38,-0.8700000000000001,down
JISLJALEQS,0.61,-1.69,-2.3,down
JITFINFRA,-2.9,-0.99,1.91,up
JIWANRAM,-1.0,0.0,1.0,up
JKCEMENT,-1.16,-0.77,0.3899999999999999,up
JKIL,0.34,1.45,1.1099999999999999,up
JKIPL,-2.99,2.57,5.5600000000000005,up
JKLAKSHMI,0.0,-1.09,-1.09,down
JKPAPER,1.03,-0.55,-1.58,down
JKTYRE,-0.47,-4.44,-3.9700000000000006,down
JLHL,-1.45,0.3,1.75,up
JMA,-2.44,1.28,3.7199999999999998,up
JMFINANCIL,2.9,-1.79,-4.6899999999999995,down
JNKINDIA,0.5,-4.25,-4.75,down
JNPR,15.43,-3.65,-19.08,down
JOCIL,1.73,-1.71,-3.44,down
JPOLYINVST,2.08,0.04,-2.04,down
JPPOWER,-1.2,-0.88,0.31999999999999995,up
JSFB,-2.03,-2.06,-0.03000000000000025,down
JSL,-1.61,0.29,1.9000000000000001,up
JSLL,4.32,-1.02,-5.34,down
JSWCEMENT,0.44,1.26,0.8200000000000001,up
JSWDULUX,1.82,-2.12,-3.9400000000000004,down
JSWENERGY,-0.8,0.52,1.32,up
JSWHL,-1.99,-0.47,1.52,up
JSWINFRA,-2.06,2.52,4.58,up
JSWSTEEL,-1.66,-0.64,1.02,up
JTEKTINDIA,0.24,-0.96,-1.2,down
JTLIND,-1.69,0.65,2.34,up
JUBLCPL,-0.18,-1.98,-1.8,down
JUBLFOOD,-2.47,2.85,5.32,up
JUBLINGREA,1.46,-2.21,-3.67,down
JUBLPHARMA,0.17,0.62,0.44999999999999996,up
JUNIORBEES,0.19,0.05,-0.14,down
JUNIPER,-0.93,-1.62,-0.6900000000000001,down
JUSTDIAL,-0.21,0.26,0.47,up
JWL,1.26,-0.8,-2.06,down
JYOTHYLAB,0.83,0.29,-0.54,down
JYOTICNC,0.62,-9.33,-9.95,down
JYOTIGLOBL,6.82,4.56,-2.2600000000000007,down
JYOTISTRUC,-3.38,-2.31,1.0699999999999998,up
K2INFRA,-0.92,-0.37,0.55,up
KABRAEXTRU,5.11,-6.07,-11.18,down
KAJARIACER,-0.89,-0.69,0.20000000000000007,up
KAKATCEM,-2.67,1.63,4.3,up
KALAMANDIR,-0.69,0.67,1.3599999999999999,up
KALANA,1.08,2.41,1.33,up
KALPATARU,-1.34,1.45,2.79,up
KALYANIFRG,-1.36,4.79,6.15,up
KALYANKJIL,5.0,1.39,-3.6100000000000003,down
KAMAHOLD,0.05,-0.15,-0.2,down
KAMATHOTEL,-0.41,-0.73,-0.32,down
KAMDHENU,1.27,0.37,-0.9,down
KAMOPAINTS,-0.65,0.66,1.31,up
KANANIIND,-0.66,0.0,0.66,up
KANCHI,0.0,1.67,1.67,up
KANDARP,0.51,4.31,3.8,up
KANORICHEM,1.04,-0.91,-1.9500000000000002,down
KANPRPLA,-1.21,1.0,2.21,up
KANSAINER,0.35,0.58,0.22999999999999998,up
KAPSTON,-3.26,2.02,5.279999999999999,up
KARMAENG,0.83,5.59,4.76,up
KARNIKA,-0.17,0.43,0.6,up
KARURVYSYA,-0.04,-0.58,-0.5399999999999999,down
KATARIA,,-0.66,,added
KAUSHALYA,2.94,-0.77,-3.71,down
KAVDEFENCE,-0.3,-0.45,-0.15000000000000002,down
KAYA,-0.02,-0.99,-0.97,down
KAYNES,-1.74,0.69,2.4299999999999997,up
KAYTEX,2.0,0.77,-1.23,down
KCEIL,-2.5,2.03,4.529999999999999,up
KCK,-4.89,-0.6,4.29,up
KCP,-2.27,2.39,4.66,up
KCPSUGIND,-2.35,-2.51,-0.1599999999999997,down
KDDL,0.05,3.72,3.6700000000000004,up
KDL,-4.23,-0.24,3.99,up
KEC,0.45,0.24,-0.21000000000000002,down
KECL,-1.21,-3.29,-2.08,down
KEEPLEARN,3.57,-3.94,-7.51,down
KEI,0.32,0.09,-0.23,down
KELLTONTEC,0.14,-0.49,-0.63,down
KEN,-1.17,2.76,3.9299999999999997,up
KENNAMET,2.13,5.96,3.83,up
KERNEX,-4.58,0.79,5.37,up
KESORAMIND,-1.96,-2.0,-0.040000000000000036,down
KEYFINSERV,-2.28,-1.53,0.7499999999999998,up
KFINTECH,-1.98,0.65,2.63,up
KHADIM,0.27,-0.4,-0.67,down
KHAICHEM,1.67,-2.91,-4.58,down
KHAITANLTD,1.18,-0.57,-1.75,down
KHANDSE,-2.01,2.05,4.06,up
KHFM,,-0.6,,added
KICL,0.11,2.14,2.0300000000000002,up
KILITCH,0.44,0.67,0.23000000000000004,up
KIMS,0.8,0.31,-0.49000000000000005,down
KINGFA,3.5,3.85,0.3500000000000001,up
KIOCL,0.64,-0.68,-1.32,down
KIRANVYPAR,-2.96,0.4,3.36,up
KIRIINDUS,4.14,-1.98,-6.119999999999999,down
KIRLFER,-3.66,0.17,3.83,up
KIRLOSBROS,-1.28,-2.94,-1.66,down
KIRLOSENG,0.33,-3.88,-4.21,down
KIRLOSIND,-0.96,-0.2,0.76,up
KIRLPNU,-0.19,-1.05,-0.8600000000000001,down
KISSHT,-1.12,-1.45,-0.32999999999999985,down
KITEX,-0.28,0.08,0.36000000000000004,up
KKCL,-4.39,-1.72,2.67,up
KKJEWELS,-2.05,0.65,2.6999999999999997,up
KKVAPOW,-5.0,,,removed
KLBRENG-B,0.3,-2.54,-2.84,down
KLL,-0.44,1.33,1.77,up
KMEW,-0.9,0.37,1.27,up
KMSUGAR,-0.73,-0.81,-0.08000000000000007,down
KNACK,-2.64,0.3,2.94,up
KNAGRI,1.78,-2.92,-4.7,down
KNRCON,5.56,-0.26,-5.819999999999999,down
KODYTECH,-1.56,-0.89,0.67,up
KOHINOOR,0.43,-0.39,-0.8200000000000001,down
KOKUYOCMLN,1.89,-5.49,-7.38,down
KOLTEPATIL,9.35,3.68,-5.67,down
KONSTELEC,-0.38,-3.69,-3.31,down
KONTOR,-3.42,,,removed
KOPRAN,-2.67,-4.95,-2.2800000000000002,down
KORE,0.0,-3.94,-3.94,down
KOTAKBANK,-1.5,-0.82,0.68,up
KOTARISUG,0.46,1.38,0.9199999999999999,up
KOTHARIPET,3.75,-0.01,-3.76,down
KOTHARIPRO,-0.38,2.4,2.78,up
KOTIC,0.43,-1.18,-1.6099999999999999,down
KOTYARK,4.99,0.74,-4.25,down
KOVAI,-0.57,-0.85,-0.28,down
KPEL,-2.08,-0.56,1.52,up
KPIGREEN,-0.44,-1.24,-0.8,down
KPIL,0.87,1.79,0.92,up
KPITTECH,0.0,1.11,1.11,up
KPL,3.63,-1.52,-5.15,down
KPRMILL,0.7,-0.86,-1.56,down
KRBL,-0.23,1.23,1.46,up
KREBSBIO,0.72,0.97,0.25,up
KRIDHANINF,-2.56,0.44,3.0,up
KRISHANA,0.37,-0.41,-0.78,down
KRISHCA,-1.31,2.14,3.45,up
KRISHIVAL,0.61,-0.23,-0.84,down
KRISHNADEF,3.23,0.38,-2.85,down
KRITI,-0.6,1.7,2.3,up
KRITIKA,-0.69,0.87,1.56,up
KRITINUT,5.54,-4.28,-9.82,down
KRMAYURVED,0.47,1.1,0.6300000000000001,up
KRN,0.08,-0.52,-0.6,down
KRONOX,3.12,-1.94,-5.0600000000000005,down
KROSS,-2.37,1.33,3.7,up
KRSNAA,-0.28,0.17,0.45000000000000007,up
KRT,0.09,0.19,0.1,up
KRYSTAL,-0.01,0.03,0.04,up
KSB,-0.49,-0.48,0.010000000000000009,up
KSCL,-1.36,-0.83,0.5300000000000001,up
KSHINTL,-0.48,0.06,0.54,up
KSHITIJPOL,-1.38,-1.75,-0.3700000000000001,down
KSL,-0.02,-3.84,-3.82,down
KSOLVES,1.16,-1.04,-2.2,down
KSR,-1.46,0.45,1.91,up
KTKBANK,2.39,1.04,-1.35,down
KUANTUM,0.7,6.74,6.04,up
KUSUMGAR,1.66,-1.53,-3.19,down
KWIL,7.04,0.11,-6.93,down
LAGNAM,-2.19,-1.42,0.77,up
LAHOTIOV,-1.69,3.59,5.279999999999999,up
LAKPRE,2.97,,,removed
LAKSHYA,-2.65,-1.72,0.9299999999999999,up
LAL,4.14,-0.23,-4.37,down
LALPATHLAB,2.17,0.19,-1.98,down
LAMBODHARA,-1.24,0.74,1.98,up
LAMOSAIC,2.46,1.57,-0.8899999999999999,down
LANCORHOL,-3.0,0.98,3.98,up
LANDMARK,-0.03,-2.17,-2.14,down
LANDSMILL,-1.23,0.0,1.23,up
LAOPALA,-1.18,-1.98,-0.8,down
LASA,2.48,1.78,-0.7,down
LASERPOWER,0.62,1.06,0.44000000000000006,up
LATENTVIEW,0.95,-0.2,-1.15,down
LATTEYS,3.19,0.15,-3.04,down
LAURUSLABS,-0.27,0.78,1.05,up
LAXMICOT,4.38,0.07,-4.31,down
LAXMIDENTL,-0.46,-1.14,-0.6799999999999999,down
LAXMIINDIA,0.38,0.6,0.21999999999999997,up
LCCINFOTEC,-4.2,-2.58,1.62,up
LCL,3.42,-0.22,-3.64,down
LEMERITE,1.75,-1.6,-3.35,down
LEMONTREE,0.1,-1.58,-1.6800000000000002,down
LENSKART,-1.34,0.83,2.17,up
LEXUS,1.65,2.03,0.3799999999999999,up
LFIC,-1.89,0.14,2.03,up
LGBBROSLTD,0.38,0.2,-0.18,down
LGEINDIA,-0.02,0.52,0.54,up
LGHL,-0.07,0.49,0.56,up
LIBAS,-0.41,0.72,1.13,up
LIBERTSHOE,-1.47,-0.74,0.73,up
LICHSGFIN,-1.38,-0.15,1.23,up
LICI,-1.39,1.66,3.05,up
LICMFGOLD,2.31,0.98,-1.33,down
LICNETFGSC,0.2,0.03,-0.17,down
LICNETFN50,-0.13,-0.2,-0.07,down
LICNETFSEN,0.14,-0.27,-0.41000000000000003,down
LICNFNHGP,-0.12,-0.97,-0.85,down
LICNMID100,-0.4,-0.77,-0.37,down
LIKHITHA,-0.34,0.85,1.19,up
LINC,0.33,-1.42,-1.75,down
LINCOLN,-0.76,-1.0,-0.24,down
LINDEINDIA,0.91,-0.56,-1.4700000000000002,down
LIQGRWBEES,0.01,0.04,0.03,up
LIQUID,0.0,0.0,0.0,flat
LIQUID1,0.01,0.04,0.03,up
LIQUIDADD,0.01,0.04,0.03,up
LIQUIDBEES,-0.0,0.0,0.0,flat
LIQUIDBETA,,0.05,,added
LIQUIDBETF,0.01,0.04,0.03,up
LIQUIDCASE,0.02,0.03,0.009999999999999998,up
LIQUIDETF,0.0,0.0,0.0,flat
LIQUIDIETF,0.0,0.0,0.0,flat
LIQUIDPLUS,0.01,0.04,0.03,up
LIQUIDSBI,0.0,-0.0,-0.0,flat
LIQUIDSHRI,0.01,0.04,0.03,up
LLOYDS,-4.22,4.33,8.55,up
LLOYDSENGG,-5.17,9.52,14.69,up
LLOYDSENT,-2.41,5.06,7.47,up
LLOYDSME,-1.35,2.05,3.4,up
LMW,1.61,-0.04,-1.6500000000000001,down
LODHA,-2.88,0.39,3.27,up
LOKESHMACH,2.0,-0.13,-2.13,down
LORDSCHLO,1.4,-0.35,-1.75,down
LOTUSDEV,1.34,-5.0,-6.34,down
LOTUSEYE,-0.5,1.35,1.85,up
LOVABLE,0.62,-2.07,-2.69,down
LOWVOL,0.12,-0.32,-0.44,down
LOWVOL1,-0.86,-0.18,0.6799999999999999,up
LOWVOLIETF,-0.04,-0.26,-0.22,down
LOYALTEX,2.16,0.22,-1.9400000000000002,down
LPDC,0.78,-0.47,-1.25,down
LRRPL,,-4.94,,added
LT,0.12,-0.14,-0.26,down
LTF,-0.55,-2.73,-2.1799999999999997,down
LTFOODS,0.54,1.94,1.4,up
LTGILTBEES,0.13,0.07,-0.06,down
LTGILTCASE,0.1,0.03,-0.07,down
LTM,0.49,2.87,2.38,up
LTTS,-0.56,1.22,1.78,up
LUMAXIND,0.03,-0.14,-0.17,down
LUMAXTECH,0.02,1.42,1.4,up
LUPIN,-0.13,-0.9,-0.77,down
LUXIND,-1.62,0.24,1.86,up
LXCHEM,-1.05,-2.24,-1.1900000000000002,down
LYKALABS,-2.7,-2.0,0.7000000000000002,up
M&M,-1.43,2.82,4.25,up
M&MFIN,-2.41,5.05,7.46,up
MAANALU,1.19,-3.36,-4.55,down
MACOBSTECH,,0.69,,added
MACPOWER,3.0,6.33,3.33,up
MADHAV,-0.06,-3.92,-3.86,down
MADHAVBAUG,-0.99,-0.61,0.38,up
MADHAVIPL,-2.51,0.0,2.51,up
MADHUCON,1.74,0.76,-0.98,down
MADHUSUDAN,-3.18,0.72,3.9000000000000004,up
MADRASFERT,0.33,-1.0,-1.33,down
MAFANG,3.49,0.18,-3.31,down
MAFATIND,-0.95,-0.69,0.26,up
MAGADSUGAR,1.04,-0.92,-1.96,down
MAGNUM,0.46,-0.97,-1.43,down
MAGSON,0.0,0.0,0.0,flat
MAHABANK,-1.3,0.14,1.44,up
MAHAPEXLTD,-4.31,-1.11,3.1999999999999993,up
MAHASTEEL,-4.9,2.17,7.07,up
MAHEPC,0.08,0.48,0.39999999999999997,up
MAHESHWARI,0.0,-0.19,-0.19,down
MAHICKRA,6.59,,,removed
MAHKTECH,0.08,-0.33,-0.41000000000000003,down
MAHLIFE,0.93,0.04,-0.89,down
MAHLOG,0.1,-2.71,-2.81,down
MAHSCOOTER,-0.12,0.01,0.13,up
MAHSEAMLES,0.21,1.01,0.8,up
MAITHANALL,-0.09,0.58,0.6699999999999999,up
MAITREYA,1.89,,,removed
MAJESAUT,1.55,-0.67,-2.22,down
MAKEINDIA,0.19,0.43,0.24,up
MAKS,,0.0,,added
MAL,0.95,-1.73,-2.6799999999999997,down
MALLCOM,0.24,-2.03,-2.2699999999999996,down
MALUPAPER,1.35,-3.17,-4.52,down
MAMATA,-0.01,0.73,0.74,up
MANAKALUCO,7.72,5.53,-2.1899999999999995,down
MANAKCOAT,-3.43,0.56,3.99,up
MANAKSIA,0.7,-0.51,-1.21,down
MANAKSTEEL,8.35,-4.2,-12.55,down
MANALIPETC,-0.18,-1.37,-1.1900000000000002,down
MANAPPURAM,0.11,0.76,0.65,up
MANAV,,4.92,,added
MANBA,-0.43,-0.98,-0.55,down
MANCREDIT,3.04,-4.94,-7.98,down
MANDEEP,5.0,4.76,-0.2400000000000002,down
MANGALAM,-0.18,0.67,0.8500000000000001,up
MANGLMCEM,-0.83,-0.32,0.51,up
MANINDS,3.57,0.52,-3.05,down
MANINFRA,-2.7,3.12,5.82,up
MANIPALHOS,-2.47,4.22,6.6899999999999995,up
MANKIND,-0.63,1.48,2.11,up
MANOMAY,1.11,1.09,-0.020000000000000018,down
MANORAMA,1.0,0.76,-0.24,down
MANORG,-0.45,-0.35,0.10000000000000003,up
MANUFGBEES,0.3,-1.37,-1.6700000000000002,down
MANUGRAPH,2.08,-0.49,-2.5700000000000003,down
MANYAVAR,-0.79,3.31,4.1,up
MAPMYINDIA,2.32,-5.27,-7.59,down
MARALOVER,-2.05,1.21,3.26,up
MARATHON,-0.36,0.08,0.44,up
MARC,-1.69,13.06,14.75,up
MARCO,,8.06,,added
MARICO,0.94,0.23,-0.71,down
MARINE,5.35,4.68,-0.6699999999999999,down
MARKOLINES,1.93,-1.21,-3.1399999999999997,down
MARKSANS,-0.65,1.84,2.49,up
MARSONS,-0.07,-3.57,-3.5,down
MARUSHIKA,2.9,0.0,-2.9,down
MARUTI,-0.78,-0.31,0.47000000000000003,up
MASFIN,0.9,-2.52,-3.42,down
MASKINVEST,1.67,3.29,1.62,up
MASON,-0.76,2.0,2.76,up
MASPTOP50,2.16,-0.49,-2.6500000000000004,down
MASTEK,-0.27,0.49,0.76,up
MASTER,-2.06,4.63,6.6899999999999995,up
MASTERTR,-2.16,-0.61,1.5500000000000003,up
MATRIMONY,4.76,7.35,2.59,up
MAWANASUG,-3.79,2.32,6.109999999999999,up
MAXESTATES,3.53,-3.0,-6.529999999999999,down
MAXHEALTH,-0.7,-0.22,0.48,up
MAXIND,0.93,-1.01,-1.94,down
MAXPOSURE,-1.49,4.09,5.58,up
MAXVOLT,-1.84,2.24,4.08,up
MAYURUNIQ,0.64,-0.1,-0.74,down
MAZDA,0.49,1.26,0.77,up
MAZDOCK,6.28,-0.6,-6.88,down
MBAPL,2.2,-1.43,-3.63,down
MBEL,0.12,3.56,3.44,up
MBLINFRA,-0.67,-2.43,-1.7600000000000002,down
MCCHRLS-B,0.17,0.58,0.4099999999999999,up
MCL,4.07,1.29,-2.7800000000000002,down
MCLEODRUSS,-4.98,4.99,9.97,up
MCLOUD,0.56,2.52,1.96,up
MCON,-1.91,3.66,5.57,up
MCX,1.59,-0.08,-1.6700000000000002,down
MDL,4.51,,,removed
MEDANTA,2.41,0.78,-1.6300000000000001,down
MEDIASSIST,1.32,-0.6,-1.92,down
MEDICAMEQ,-2.24,-0.83,1.4100000000000001,up
MEDICO,-1.67,-1.55,0.11999999999999988,up
MEDIORG,-4.93,-5.0,-0.07000000000000028,down
MEDPLUS,-0.01,1.46,1.47,up
MEESHO,-1.89,2.78,4.67,up
MEGAFLEX,,0.0,,added
MEGASTAR,-1.74,1.99,3.73,up
MEGATHERM,0.48,0.1,-0.38,down
MEIL,-1.45,0.14,1.5899999999999999,up
MENNPIS,1.59,-1.7,-3.29,down
MENONBE,-1.31,3.28,4.59,up
MEP,1.82,1.79,-0.030000000000000027,down
MERCANTILE,-2.93,2.32,5.25,up
MERCURYEV,1.22,-2.18,-3.4000000000000004,down
METAL,-0.75,0.23,0.98,up
METALIC,4.5,-4.99,-9.49,down
METALIETF,-0.68,0.3,0.98,up
METROBRAND,-1.99,-0.88,1.1099999999999999,up
METROGLOBL,3.85,-0.39,-4.24,down
METROPOLIS,-2.11,-0.25,1.8599999999999999,up
MFML,1.78,0.57,-1.21,down
MFSL,-0.28,-1.41,-1.13,down
MGEL,-3.16,-3.0,0.16000000000000014,up
MGL,0.77,1.41,0.6399999999999999,up
MGSL,-2.88,0.0,2.88,up
MHHL,,-5.0,,added
MHLXMIRU,-3.12,-3.29,-0.16999999999999993,down
MHRIL,-0.97,-0.57,0.4,up
MICEL,0.67,-0.59,-1.26,down
MID150,0.08,0.04,-0.04,down
MID150BEES,-0.23,0.01,0.24000000000000002,up
MID150CASE,-0.17,0.43,0.6,up
MIDBANKADD,,0.4,,added
MIDCAP,-0.54,0.16,0.7000000000000001,up
MIDCAPADD,0.73,-0.04,-0.77,down
MIDCAPBETA,-0.44,0.44,0.88,up
MIDCAPETF,0.21,0.17,-0.03999999999999998,down
MIDCAPIETF,-0.29,-0.08,0.20999999999999996,up
MIDHANI,4.35,0.21,-4.14,down
MIDQ50ADD,-0.43,0.2,0.63,up
MIDSELIETF,-0.3,0.2,0.5,up
MIDSMALL,0.23,0.21,-0.020000000000000018,down
MIDWESTLTD,-0.08,-0.56,-0.48000000000000004,down
MIEL,,4.8,,added
MILTON,,4.95,,added
MINDACORP,-0.84,0.66,1.5,up
MINDSPACE,0.49,0.03,-0.45999999999999996,down
MINDTECK,2.5,-2.27,-4.77,down
MIRZAINT,-1.09,-0.81,0.28,up
MITCON,0.08,1.03,0.9500000000000001,up
MITTAL,0.0,-1.1,-1.1,down
MKPL,-1.66,1.69,3.3499999999999996,up
MMEL,-0.17,,,removed
MMFL,5.78,4.23,-1.5499999999999998,down
MMP,0.27,-1.21,-1.48,down
MMTC,0.42,-0.11,-0.53,down
MMWL,3.72,4.92,1.1999999999999997,up
MNC,-0.43,1.05,1.48,up
MOALPHA50,0.85,0.05,-0.7999999999999999,down
MOBANK10,-0.7,-0.23,0.47,up
MOBIKWIK,0.54,-2.02,-2.56,down
MOBILISE,4.41,0.0,-4.41,down
MOCAPITAL,-0.32,-0.34,-0.020000000000000018,down
MODEFENCE,3.04,0.63,-2.41,down
MODINATUR,-2.02,0.0,2.02,up
MODIRUBBER,-1.97,4.1,6.069999999999999,up
MODIS,0.12,-4.56,-4.68,down
MODISONLTD,-1.04,-0.36,0.68,up
MODTHREAD,-4.74,0.0,4.74,up
MOENERGY,-0.15,0.34,0.49,up
MOGOLD,2.35,0.96,-1.3900000000000001,down
MOGSEC,0.95,-0.59,-1.54,down
MOHEALTH,0.64,0.39,-0.25,down
MOHITIND,-4.53,7.02,11.55,up
MOIL,-0.09,-1.52,-1.43,down
MOINFRA,-0.41,0.0,0.41,up
MOIPO,-0.08,0.52,0.6,up
MOKSH,5.39,-0.81,-6.199999999999999,down
MOL,-2.08,0.65,2.73,up
MOLDTECH,19.35,-3.62,-22.970000000000002,down
MOLDTKPAC,-0.3,0.27,0.5700000000000001,up
MOLOWVOL,-0.11,-0.21,-0.09999999999999999,down
MOM100,-0.16,-0.57,-0.4099999999999999,down
MOM30IETF,-0.06,0.1,0.16,up
MOM50,0.49,-0.07,-0.56,down
MOMENTUM,-2.01,2.55,4.56,up
MOMENTUM30,-0.29,-0.39,-0.10000000000000003,down
MOMENTUM50,-0.02,0.54,0.56,up
MOMETAL,2.25,0.15,-2.1,down
MOMGF,0.76,0.69,-0.07000000000000006,down
MOMIDMTM,0.62,0.37,-0.25,down
MOMMIDCAP,0.23,0.08,-0.15000000000000002,down
MOMNC,0.27,0.75,0.48,up
MOMOMENTUM,0.26,0.02,-0.24000000000000002,down
MON100,3.28,-1.01,-4.29,down
MON50EQUAL,0.73,-0.67,-1.4,down
MONARCH,-0.5,0.53,1.03,up
MONEXT50,-0.34,1.01,1.35,up
MONEYBOXX,1.39,-2.6,-3.99,down
MONIFTY100,0.93,-0.54,-1.4700000000000002,down
MONIFTY500,0.29,-0.08,-0.37,down
MONOLITH,2.59,0.73,-1.8599999999999999,down
MONOPHARMA,-4.62,-4.85,-0.22999999999999954,down
MONQ50,3.06,-1.77,-4.83,down
MONTECARLO,-0.4,0.15,0.55,up
MOOILGAS,0.0,-0.44,-0.44,down
MOPSE,0.26,0.06,-0.2,down
MOQUALITY,0.45,0.77,0.32,up
MOREALTY,-1.41,-0.17,1.24,up
MOREPENLAB,3.21,1.05,-2.16,down
MOS,0.5,1.49,0.99,up
MOSCHIP,0.31,-1.17,-1.48,down
MOSERVICE,0.28,0.03,-0.25,down
MOSILVER,0.58,2.4,1.8199999999999998,up
MOSMALL250,0.22,0.05,-0.16999999999999998,down
MOTHERSON,0.42,8.71,8.290000000000001,up
MOTILALOFS,-0.68,-0.46,0.22000000000000003,up
MOTISONS,-0.07,0.65,0.72,up
MOTOGENFIN,-0.27,-0.42,-0.14999999999999997,down
MOTOUR,-0.86,0.66,1.52,up
MOVALUE,0.43,0.17,-0.26,down
MPEL,0.0,0.14,0.14,up
MPHASIS,-1.55,2.19,3.74,up
MPSLTD,-3.82,6.05,9.87,up
MRF,-0.35,0.19,0.54,up
MRIL,,0.29,,added
MRPL,-1.87,-0.46,1.4100000000000001,up
MSCI360,1.17,0.0,-1.17,down
MSCIADD,0.17,-0.23,-0.4,down
MSCIINDIA,0.73,-0.07,-0.8,down
MSPL,4.63,-4.1,-8.73,down
MSTCLTD,0.55,-2.31,-2.8600000000000003,down
MSUMI,0.1,0.37,0.27,up
MTARTECH,4.99,1.82,-3.17,down
MTEDUCARE,-2.02,2.58,4.6,up
MTNL,-0.04,0.43,0.47,up
MUFIN,-0.28,2.33,2.6100000000000003,up
MUFTI,7.04,-1.62,-8.66,down
MUKANDLTD,0.79,-0.05,-0.8400000000000001,down
MUKKA,0.52,1.34,0.8200000000000001,up
MUKTAARTS,3.23,-3.03,-6.26,down
MULTICAP,0.06,0.12,0.06,up
MUNISH,-0.37,1.31,1.6800000000000002,up
MUNJALAU,-0.71,-1.16,-0.44999999999999996,down
MUNJALSHOW,-2.59,0.44,3.03,up
MURUDCERA,-0.48,0.48,0.96,up
MUTHOOTCAP,1.05,-1.79,-2.84,down
MUTHOOTFIN,0.08,-0.15,-0.22999999999999998,down
MUTHOOTMF,-3.57,-3.57,0.0,flat
MVELECTRO,46.82,-1.97,-48.79,down
MVGJL,-1.95,2.49,4.44,up
MVKAGRO,-5.0,-4.98,0.019999999999999574,up
MWL,0.44,-1.72,-2.16,down
MYMUDRA,-0.62,0.63,1.25,up
NACLIND,-1.49,-0.44,1.05,up
NAGREEKCAP,-0.96,-0.71,0.25,up
NAGREEKEXP,0.66,-0.61,-1.27,down
NAHARCAP,3.48,-2.61,-6.09,down
NAHARINDUS,2.57,5.48,2.9100000000000006,up
NAHARPOLY,-12.25,-1.35,10.9,up
NAHARSPING,-5.82,2.08,7.9,up
NAM-INDIA,-1.23,-2.0,-0.77,down
NAMAN,0.0,0.0,0.0,flat
NAMOEWASTE,-0.6,-0.11,0.49,up
NARMADA,-7.73,0.29,8.02,up
NATCAPSUQ,1.19,3.42,2.23,up
NATCOPHARM,-0.55,0.45,1.0,up
NATHBIOGEN,-2.35,-1.99,0.3600000000000001,up
NATIONALUM,0.0,0.0,0.0,flat
NATIONSTD,-5.0,-5.0,0.0,flat
NAUKRI,-0.16,-1.19,-1.03,down
NAVA,2.1,-2.08,-4.18,down
NAVINFLUOR,13.67,-4.38,-18.05,down
NAVKARCORP,-1.19,-1.27,-0.08000000000000007,down
NAVKARURB,0.0,-0.99,-0.99,down
NAVNETEDUL,0.45,4.64,4.1899999999999995,up
NAZARA,1.16,-0.14,-1.2999999999999998,down
NBCC,0.26,-0.96,-1.22,down
NBIFIN,1.25,-1.76,-3.01,down
NCC,0.11,1.29,1.18,up
NCLIND,2.21,1.15,-1.06,down
NDGL,-0.24,-3.55,-3.3099999999999996,down
NDL,-2.53,0.43,2.96,up
NDLVENTURE,0.83,1.11,0.28000000000000014,up
NDRAUTO,-1.45,1.81,3.26,up
NDTV,0.27,-0.66,-0.93,down
NEAGI,-0.47,-1.21,-0.74,down
NECCLTD,-0.72,0.59,1.31,up
NECLIFE,-1.04,0.76,1.8,up
NEELAM,-4.32,-3.95,0.3700000000000001,up
NELCAST,-1.06,0.81,1.87,up
NELCO,-1.14,-2.53,-1.39,down
NEOCHEM,3.42,-3.04,-6.46,down
NEOGEN,0.93,0.02,-0.91,down
NEPHROCARE,4.94,4.99,0.04999999999999982,up
NEPHROPLUS,-2.57,0.36,2.9299999999999997,up
NEPTUNE,0.24,0.32,0.08000000000000002,up
NESCO,-0.02,-0.2,-0.18000000000000002,down
NESTLEIND,0.99,0.33,-0.6599999999999999,down
NETF,0.52,0.3,-0.22000000000000003,down
NETWEB,-1.59,2.56,4.15,up
NETWORK18,1.05,-1.17,-2.2199999999999998,down
NEULANDLAB,7.95,6.09,-1.8600000000000003,down
NEWGEN,-2.54,1.59,4.13,up
NEWJAISA,4.79,-1.22,-6.01,down
NEXT30ADD,0.23,0.48,0.24999999999999997,up
NEXT50,0.33,0.08,-0.25,down
NEXT50ADD,0.36,0.16,-0.19999999999999998,down
NEXT50BETA,0.01,0.88,0.87,up
NEXT50ETF,-2.11,-0.27,1.8399999999999999,up
NEXT50IETF,0.38,0.2,-0.18,down
NEXTMEDIA,1.28,0.0,-1.28,down
NFL,0.28,-0.81,-1.09,down
NFPSAMPOOR,-1.49,-0.22,1.27,up
NGIL,-3.39,1.35,4.74,up
NGLFINE,0.01,-0.73,-0.74,down
NH,-0.95,0.01,0.96,up
NHIT,,-4.11,,added
NHPC,-1.4,-0.75,0.6499999999999999,up
NIACL,-2.63,-1.02,1.6099999999999999,up
NIBE,1.7,-0.13,-1.83,down
NIBL,-6.48,2.0,8.48,up
NIDAN,-0.75,1.51,2.26,up
NIF100BEES,-0.19,0.72,0.9099999999999999,up
NIF100IETF,0.38,0.03,-0.35,down
NIFTY1,0.14,-0.37,-0.51,down
NIFTY100EW,0.39,-0.03,-0.42000000000000004,down
NIFTYADD,0.07,-0.07,-0.14,down
NIFTYAXIS,0.08,-1.19,-1.27,down
NIFTYBEES,0.23,-0.27,-0.5,down
NIFTYBETA,0.6,-0.02,-0.62,down
NIFTYBETF,0.34,-0.26,-0.6000000000000001,down
NIFTYCASE,0.51,-0.2,-0.71,down
NIFTYETF,0.35,-0.31,-0.6599999999999999,down
NIFTYIETF,0.21,-0.29,-0.5,down
NIFTYQLITY,-0.05,1.01,1.06,up
NIITLTD,-0.52,-3.08,-2.56,down
NIITMTS,-1.64,-0.31,1.3299999999999998,up
NIKITA,0.0,-1.28,-1.28,down
NILAINFRA,1.6,-2.1,-3.7,down
NILASPACES,-0.81,0.82,1.63,up
NILE,-2.15,-2.96,-0.81,down
NILKAMAL,-1.37,-1.71,-0.33999999999999986,down
NIMBSPROJ,-4.23,0.55,4.78,up
NINSYS,1.89,0.57,-1.3199999999999998,down
NIPPOBATRY,1.96,-1.9,-3.86,down
NIRAJ,1.06,-0.58,-1.6400000000000001,down
NIRAJISPAT,,0.0,,added
NIRLON,-0.09,-0.15,-0.06,down
NIRMAN,9.76,-6.98,-16.740000000000002,down
NITCO,-1.31,-2.63,-1.3199999999999998,down
NITINSPIN,-1.07,0.88,1.9500000000000002,up
NITIRAJ,-0.19,-1.24,-1.05,down
NITTAGELA,1.27,1.62,0.3500000000000001,up
NIVABUPA,-0.41,-1.14,-0.73,down
NKIND,4.49,-3.25,-7.74,down
NLCINDIA,0.23,0.13,-0.1,down
NMDC,0.47,-1.48,-1.95,down
NOCIL,-1.32,-1.21,0.1100000000000001,up
NOIDATOLL,-1.13,-0.46,0.6699999999999999,up
NORBTEAEXP,-1.75,-1.97,-0.21999999999999997,down
NORTHARC,-1.67,-1.48,0.18999999999999995,up
NOVAAGRI,-0.13,0.52,0.65,up
NOVARTIND,-1.54,-0.01,1.53,up
NPBET,0.31,-1.24,-1.55,down
NPST,-1.86,-0.37,1.4900000000000002,up
NRAIL,6.95,4.39,-2.5600000000000005,down
NRBBEARING,-2.64,3.57,6.21,up
NRL,2.0,1.33,-0.6699999999999999,down
NRVANDANA,-0.72,-0.36,0.36,up
NSIL,-0.06,-0.99,-0.9299999999999999,down
NSLNISP,0.09,-2.16,-2.25,down
NTPC,-1.4,-0.72,0.6799999999999999,up
NTPCGREEN,0.74,0.19,-0.55,down
NUCLEUS,1.26,-0.04,-1.3,down
NURECA,-1.54,1.17,2.71,up
NUVAMA,-1.06,-0.94,0.1200000000000001,up
NUVOCO,1.95,-2.0,-3.95,down
NV20,-0.42,0.14,0.56,up
NV20BEES,0.17,0.28,0.11000000000000001,up
NV20IETF,-0.07,0.51,0.5800000000000001,up
NXST,-1.01,1.32,2.33,up
NYKAA,-1.01,0.02,1.03,up
OAL,1.28,-0.64,-1.92,down
OBCL,0.0,0.0,0.0,flat
OBEROIRLTY,-1.63,-0.11,1.5199999999999998,up
OBSCP,5.67,2.46,-3.21,down
OCCLLTD,-5.0,-3.51,1.4900000000000002,up
ODIGMA,0.7,-0.04,-0.74,down
OFSS,-0.2,0.6,0.8,up
OIL,0.0,-0.27,-0.27,down
OILCOUNTUB,-1.36,1.2,2.56,up
OILIETF,2.04,-0.26,-2.3,down
OLAELEC,0.0,-0.89,-0.89,down
OLECTRA,0.0,-1.03,-1.03,down
OLIL,2.08,-0.91,-2.99,down
OMAXAUTO,1.13,-4.92,-6.05,down
OMAXE,1.88,-1.03,-2.91,down
OMFREIGHT,1.85,-1.13,-2.98,down
OMFURN,-3.37,-4.99,-1.62,down
OMINFRAL,0.35,-2.59,-2.94,down
OMNI,-14.41,-7.77,6.640000000000001,up
OMPOWER,2.09,-0.89,-2.98,down
ONDOOR,0.99,0.82,-0.17000000000000004,down
ONELIFECAP,-1.08,-2.63,-1.5499999999999998,down
ONEPOINT,-0.16,5.66,5.82,up
ONESOURCE,0.22,1.21,0.99,up
ONGC,-1.0,0.44,1.44,up
ONIDA,-1.44,3.79,5.23,up
ONMOBILE,-3.13,-1.96,1.17,up
ONWARDTEC,-1.05,4.34,5.39,up
ONYX,-4.44,-1.84,2.6000000000000005,up
OPTIEMUS,-1.57,-3.29,-1.72,down
OPTIVALUE,1.94,-1.3,-3.24,down
ORBTEXP,0.0,1.11,1.11,up
ORCHASP,-1.24,-1.89,-0.6499999999999999,down
ORCHPHARMA,0.73,0.43,-0.3,down
ORIANA,2.62,-1.32,-3.9400000000000004,down
ORICONENT,1.01,-0.28,-1.29,down
ORIENTALTL,0.19,0.19,0.0,flat
ORIENTBELL,0.21,-0.49,-0.7,down
ORIENTCEM,-1.56,-1.04,0.52,up
ORIENTCER,0.49,2.78,2.29,up
ORIENTELEC,-0.88,6.14,7.02,up
ORIENTHOT,-1.93,-0.68,1.25,up
ORIENTLTD,0.64,-1.66,-2.3,down
ORIENTPPR,-0.26,-1.7,-1.44,down
ORIENTTECH,-0.42,-0.33,0.08999999999999997,up
ORISSAMINE,-2.07,1.97,4.04,up
ORKLAINDIA,-2.05,1.34,3.3899999999999997,up
ORTEL,4.93,4.23,-0.6999999999999993,down
ORTINGLOBE,0.33,-0.33,-0.66,down
OSELDEVICE,-2.22,-2.0,0.2200000000000002,up
OSIAHYPER,-2.14,0.73,2.87,up
OSWALAGRO,3.68,-5.66,-9.34,down
OSWALGREEN,0.32,-0.14,-0.46,down
OSWALPUMPS,-1.01,0.98,1.99,up
OSWALSEEDS,-0.95,1.43,2.38,up
OWAIS,-1.29,0.22,1.51,up
PACEDIGITK,-6.92,-2.66,4.26,up
PAGEIND,-0.76,-0.37,0.39,up
PAISALO,-0.23,-0.43,-0.19999999999999998,down
PAKKA,-0.95,0.03,0.98,up
PALASHSECU,-1.64,5.64,7.279999999999999,up
PALREDTEC,0.34,2.6,2.2600000000000002,up
PANACEABIO,-0.05,-1.35,-1.3,down
PANACHE,0.65,3.55,2.9,up
PANAMAPET,8.73,1.99,-6.74,down
PANSARI,-1.19,-1.97,-0.78,down
PAR,2.05,-2.5,-4.55,down
PARACABLES,2.63,4.35,1.7199999999999998,up
PARADEEP,0.97,0.89,-0.07999999999999996,down
PARAGMILK,-0.68,-1.23,-0.5499999999999999,down
PARAGON,0.93,1.84,0.91,up
PARAS,1.65,-3.01,-4.66,down
PARASPETRO,3.82,-4.78,-8.6,down
PARIN,-1.76,-1.08,0.6799999999999999,up
PARKHOSPS,2.6,0.0,-2.6,down
PARKHOTELS,-0.94,-0.84,0.09999999999999998,up
PARSVNATH,-1.75,-1.79,-0.040000000000000036,down
PARTH,-2.04,-2.15,-0.10999999999999988,down
PARTYCRUS,3.86,-3.43,-7.29,down
PASHUPATI,0.52,-1.29,-1.81,down
PASUPTAC,-3.43,4.54,7.970000000000001,up
PATANJALI,-0.56,0.7,1.26,up
PATELENG,0.07,-0.69,-0.76,down
PATELRMART,-1.56,-0.3,1.26,up
PATILAUTOM,4.99,4.98,-0.009999999999999787,down
PATINTLOG,1.65,-2.43,-4.08,down
PAUSHAKLTD,-2.93,2.16,5.09,up
PAVNAIND,9.59,-4.09,-13.68,down
PAYTM,0.91,-0.03,-0.9400000000000001,down
PCBL,-1.41,-0.89,0.5199999999999999,up
PCCL,-2.02,0.47,2.49,up
PCJEWELLER,-1.22,0.93,2.15,up
PDMJEPAPER,2.57,-0.56,-3.13,down
PDSL,0.07,1.06,0.99,up
PEARLPOLY,-1.92,3.3,5.22,up
PELATRO,-7.83,1.14,8.97,up
PENIND,-1.83,-1.72,0.1100000000000001,up
PENINLAND,1.99,-1.95,-3.94,down
PENTAGON,,-7.73,,added
PERFECT,-3.64,-3.77,-0.1299999999999999,down
PERSISTENT,-1.1,0.28,1.3800000000000001,up
PETRONET,-1.37,1.32,2.6900000000000004,up
PFC,0.0,0.48,0.48,up
PFCL41A,0.0,0.0,0.0,flat
PFIZER,-0.16,-0.4,-0.24000000000000002,down
PFOCUS,-2.6,-1.47,1.1300000000000001,up
PFS,-0.14,0.52,0.66,up
PGEL,1.12,3.43,2.31,up
PGHH,-0.01,0.15,0.16,up
PGHL,-6.13,1.26,7.39,up
PGIL,5.56,10.92,5.36,up
PGINVIT,1.1,0.09,-1.01,down
PHANTOMFX,0.52,-5.97,-6.49,down
PHARMABEES,-0.15,0.11,0.26,up
PHOENIXLTD,-0.91,-0.91,0.0,flat
PHOGLOBAL,2.5,,,removed
PICCADIL,-2.36,-0.41,1.95,up
PIDILITIND,1.26,-1.54,-2.8,down
PIGL,-2.6,6.2,8.8,up
PIIND,-0.5,-0.77,-0.27,down
PILANIINVS,-0.54,1.29,1.83,up
PILITA,-0.58,1.18,1.7599999999999998,up
PINELABS,5.56,-1.03,-6.59,down
PIONEEREMB,0.16,-1.52,-1.68,down
PIONRINV,-3.46,-0.48,2.98,up
PIRAMALFIN,-1.26,0.0,1.26,up
PITTIENG,-0.97,-0.09,0.88,up
PIXTRANS,-1.39,1.1,2.49,up
PKTEA,,-2.53,,added
PLADAINFO,-4.31,,,removed
PLASTIBLEN,3.94,0.1,-3.84,down
PLATIND,-0.58,-0.61,-0.030000000000000027,down
PLAZACABLE,-0.4,0.78,1.1800000000000002,up
PML,-1.04,-1.15,-0.10999999999999988,down
PNB,0.66,0.45,-0.21000000000000002,down
PNBGILTS,-2.09,-1.59,0.4999999999999998,up
PNBHOUSING,2.53,-0.61,-3.1399999999999997,down
PNC,-0.92,2.26,3.1799999999999997,up
PNCINFRA,-5.81,-6.41,-0.6000000000000005,down
PNGJL,-3.57,1.2,4.77,up
PNGSREVA,-2.28,2.38,4.66,up
POCL,-4.85,-1.22,3.63,up
PODDARMENT,2.9,0.21,-2.69,down
POKARNA,0.17,2.01,1.8399999999999999,up
POLICYBZR,-1.3,0.34,1.6400000000000001,up
POLYCAB,1.25,-1.04,-2.29,down
POLYMED,0.05,-0.91,-0.9600000000000001,down
POLYPLEX,-0.33,0.07,0.4,up
POLYSIL,-5.0,-4.94,0.05999999999999961,up
PONNIERODE,-0.09,-0.67,-0.5800000000000001,down
POONAWALLA,2.1,-2.2,-4.300000000000001,down
POSITRON,-0.35,-0.87,-0.52,down
POWERGRID,-3.9,0.31,4.21,up
POWERICA,-4.49,2.0,6.49,up
POWERINDIA,-1.54,2.19,3.73,up
POWERMECH,1.71,-0.01,-1.72,down
PPAP,5.0,3.05,-1.9500000000000002,down
PPL,2.1,-0.78,-2.88,down
PPLPHARMA,0.71,0.63,-0.07999999999999996,down
PPSL,3.7,3.57,-0.13000000000000034,down
PRABHA,-0.16,-1.17,-1.01,down
PRADPME,-0.36,0.31,0.6699999999999999,up
PRAENG,-0.05,-2.88,-2.83,down
PRAJIND,0.6,1.69,1.0899999999999999,up
PRAKASH,1.92,0.01,-1.91,down
PRAKASHSTL,-1.49,0.25,1.74,up
PRAMARA,1.64,-1.04,-2.6799999999999997,down
PRANIK,-2.38,,,removed
PRATHAM,-1.64,0.0,1.64,up
PRAVEG,2.02,-4.13,-6.15,down
PRAXIS,8.72,-4.43,-13.15,down
PRECAM,-0.5,-0.82,-0.31999999999999995,down
PRECISION,2.53,4.94,2.4100000000000006,up
PRECOT,3.12,-4.62,-7.74,down
PRECWIRE,2.31,-1.23,-3.54,down
PREMCO,0.25,-1.22,-1.47,down
PREMEXPLN,0.58,-3.53,-4.109999999999999,down
PREMIER,0.7,-1.05,-1.75,down
PREMIERENE,-0.22,0.53,0.75,up
PREMIERPOL,-0.69,-0.8,-0.1100000000000001,down
PREMIUM,2.63,0.0,-2.63,down
PRESSTONIC,9.93,5.21,-4.72,down
PRESTIGE,-0.94,0.43,1.3699999999999999,up
PRICOLLTD,-0.68,-3.09,-2.4099999999999997,down
PRIMECAB,-1.51,0.14,1.65,up
PRIMESECU,-2.63,4.35,6.9799999999999995,up
PRIMO,-1.66,0.97,2.63,up
PRINCEPIPE,-0.11,-1.22,-1.1099999999999999,down
PRITI,0.03,-1.99,-2.02,down
PRITIKA,0.08,0.0,-0.08,down
PRITIKAUTO,-1.02,-1.62,-0.6000000000000001,down
PRIVISCL,0.33,-0.43,-0.76,down
PRIZOR,0.46,2.56,2.1,up
PRLIND,-1.24,0.0,1.24,up
PROFX,-1.34,-0.54,0.8,up
PROLIFE,,4.94,,added
PROPEQUITY,,10.29,,added
PROPSHOP,-0.51,-3.41,-2.9000000000000004,down
PROSTARM,7.89,1.3,-6.59,down
PROTEAN,-2.32,1.31,3.63,up
PROV,1.12,,,removed
PROZONER,-0.12,1.14,1.2599999999999998,up
PRSMJOHNSN,0.56,-1.55,-2.1100000000000003,down
PRUDENT,-2.07,3.22,5.29,up
PRUDMOULI,0.3,0.07,-0.22999999999999998,down
PSB,0.76,-0.79,-1.55,down
PSFL,,1.45,,added
PSPPROJECT,3.09,-1.13,-4.22,down
PSRAJ,-4.69,0.78,5.470000000000001,up
PSUBANK,1.96,0.55,-1.41,down
PSUBANKADD,2.66,0.61,-2.0500000000000003,down
PSUBNKBEES,2.04,0.7,-1.34,down
PSUBNKIETF,2.29,0.56,-1.73,down
PTC,0.91,1.56,0.65,up
PTCIL,0.71,4.69,3.9800000000000004,up
PTL,-0.3,-0.23,0.06999999999999998,up
PULZ,,0.39,,added
PUNJABCHEM,0.95,0.05,-0.8999999999999999,down
PURPLEUTED,5.0,-2.5,-7.5,down
PURVA,-0.36,1.41,1.77,up
PURVFLEXI,4.84,4.93,0.08999999999999986,up
PUSHPA,-0.7,0.0,0.7,up
PVP,19.6,4.83,-14.770000000000001,down
PVRINOX,-0.99,0.49,1.48,up
PVSL,0.37,-1.17,-1.54,down
PVTBANIETF,0.0,-0.93,-0.93,down
PVTBANK,0.32,-0.65,-0.97,down
PVTBANKADD,-0.11,-0.85,-0.74,down
PVTBKGROWW,0.5,-1.47,-1.97,down
PWL,-1.82,4.86,6.680000000000001,up
PYRAMID,-2.01,-1.79,0.21999999999999975,up
QGOLDHALF,2.64,0.94,-1.7000000000000002,down
QLINE,-2.31,1.76,4.07,up
QMSMEDI,2.41,-1.06,-3.47,down
QNIFTY,0.38,-0.31,-0.69,down
QPOWER,2.73,-2.84,-5.57,down
QUADFUTURE,5.62,-4.37,-9.99,down
QUADPRO,,0.0,,added
QUAL30IETF,0.32,0.46,0.14,up
QUALITY30,0.09,1.13,1.0399999999999998,up
QUESS,0.24,-1.33,-1.57,down
QUESTLAB,-3.37,-0.61,2.7600000000000002,up
QUICKHEAL,0.61,-0.4,-1.01,down
QUICKTOUCH,-3.78,3.93,7.71,up
QUINT,-0.08,-5.97,-5.89,down
RACE,-0.8,4.2,5.0,up
RACLGEAR,5.88,0.52,-5.359999999999999,down
RADAAN,-1.62,-1.97,-0.34999999999999987,down
RADHIKAJWE,-0.65,-0.57,0.08000000000000007,up
RADIANTCMS,-0.46,0.39,0.8500000000000001,up
RADICO,-1.76,0.65,2.41,up
RADIOCITY,-0.43,-0.29,0.14,up
RADIOWALLA,-1.99,-1.85,0.1399999999999999,up
RAILTEL,0.43,-0.79,-1.22,down
RAIN,0.13,-8.28,-8.41,down
RAINBOW,-1.59,-1.05,0.54,up
RAJESHEXPO,-0.9,-1.14,-0.23999999999999988,down
RAJINDLTD,,-3.34,,added
RAJMET,1.21,0.3,-0.9099999999999999,down
RAJOOENG,1.47,-0.31,-1.78,down
RAJPALAYAM,-0.01,-1.76,-1.75,down
RAJPUTANA,3.75,5.23,1.4800000000000004,up
RAJRATAN,-2.75,0.58,3.33,up
RAJRILTD,-0.83,1.02,1.85,up
RAJSREESUG,-1.1,-1.02,0.08000000000000007,up
RAJTV,-1.97,1.61,3.58,up
RALLIS,-0.69,-0.85,-0.16000000000000003,down
RAMANEWS,0.21,-1.31,-1.52,down
RAMAPHO,0.02,-0.96,-0.98,down
RAMASTEEL,2.58,1.05,-1.53,down
RAMBHAJO,1.14,-0.74,-1.88,down
RAMCOCEM,1.62,-0.35,-1.9700000000000002,down
RAMCOIND,0.94,1.77,0.8300000000000001,up
RAMCOSYS,0.77,1.82,1.05,up
RAMKY,3.0,0.38,-2.62,down
RAMRAT,6.94,-1.19,-8.13,down
RANASUG,-2.09,-0.87,1.2199999999999998,up
RANEHOLDIN,-4.31,0.26,4.569999999999999,up
RAPIDFLEET,-0.91,,,removed
RAPPID,3.11,-1.76,-4.87,down
RATEGAIN,-3.42,0.44,3.86,up
RATNAMANI,-0.46,-7.3,-6.84,down
RATNAVEER,1.16,0.24,-0.9199999999999999,down
RAYMOND,-0.29,-2.02,-1.73,down
RAYMONDLSL,-1.04,-1.84,-0.8,down
RAYMONDREL,-0.63,0.26,0.89,up
RBA,2.86,5.17,2.31,up
RBLBANK,0.56,-0.56,-1.12,down
RBMINFRA,-0.49,0.28,0.77,up
RBS,3.22,-1.61,-4.83,down
RBZJEWEL,0.8,-0.03,-0.8300000000000001,down
RCDL,-4.73,-4.32,0.41000000000000014,up
RCF,0.27,-0.88,-1.15,down
RCOM,0.0,1.2,1.2,up
READYMIX,-1.75,1.07,2.8200000000000003,up
RECLTD,-1.23,1.52,2.75,up
REDINGTON,0.83,1.17,0.33999999999999997,up
REDTAPE,1.95,2.27,0.32000000000000006,up
REFEX,-0.78,-1.93,-1.15,down
REFRACTORY,1.36,-3.07,-4.43,down
REGAAL,0.3,-0.73,-1.03,down
REGENCERAM,4.59,-2.54,-7.13,down
RELAXO,2.26,-0.49,-2.75,down
RELCHEMQ,1.91,-0.21,-2.12,down
RELIABLE,1.07,1.02,-0.050000000000000044,down
RELIANCE,3.52,0.74,-2.7800000000000002,down
RELIGARE,-0.25,-9.43,-9.18,down
RELINFRA,4.99,4.93,-0.0600000000000005,down
RELTD,-0.89,-1.68,-0.7899999999999999,down
REMSONSIND,3.41,1.81,-1.6,down
REMUS,5.4,3.91,-1.4900000000000002,down
RENUKA,-0.94,0.23,1.17,up
REPCOHOME,1.39,-2.2,-3.59,down
REPL,0.14,3.71,3.57,up
REPRO,0.09,-1.05,-1.1400000000000001,down
RESPONIND,-0.98,-1.16,-0.17999999999999994,down
RETAIL,-1.43,-5.68,-4.25,down
REXPRO,,-2.31,,added
RFBL,-0.57,-4.97,-4.3999999999999995,down
RGL,-1.98,0.59,2.57,up
RHETAN,1.73,1.55,-0.17999999999999994,down
RHFL,0.0,-1.57,-1.57,down
RHIM,0.53,0.4,-0.13,down
RHL,2.62,-3.25,-5.87,down
RICOAUTO,-2.2,-0.56,1.6400000000000001,up
RIIL,1.47,-0.35,-1.8199999999999998,down
RIIT,0.72,0.14,-0.58,down
RILINFRA,-0.92,0.13,1.05,up
RIR,0.28,0.87,0.59,up
RISHABH,-0.02,-1.21,-1.19,down
RITCO,-1.94,-2.84,-0.8999999999999999,down
RITES,1.77,1.24,-0.53,down
RITEZONE,4.72,-4.26,-8.98,down
RKDL,-0.52,2.1,2.62,up
RKEC,-2.13,4.74,6.87,up
RKFORGE,-0.84,3.72,4.5600000000000005,up
RKSWAMY,3.15,-1.31,-4.46,down
RMC,5.28,-5.55,-10.83,down
RMDRIP,-0.61,1.28,1.8900000000000001,up
RML,-6.57,1.18,7.75,up
RNBDENIMS,-0.44,0.22,0.66,up
RNFI,-0.69,2.69,3.38,up
RNPL,1.07,,,removed
ROCKINGDCE,,-6.03,,added
ROHLTD,-0.08,3.42,3.5,up
ROLEXRINGS,5.51,2.54,-2.9699999999999998,down
ROLLT,4.95,4.71,-0.2400000000000002,down
ROML,1.3,-0.71,-2.01,down
ROSSARI,0.2,-2.28,-2.48,down
ROSSELLIND,-4.7,2.86,7.5600000000000005,up
ROSSTECH,2.4,0.22,-2.1799999999999997,down
ROTO,5.0,-2.65,-7.65,down
ROUTE,0.23,-0.97,-1.2,down
ROXHITECH,-2.74,4.76,7.5,up
ROYALARC,-1.96,4.0,5.96,up
RPEL,1.51,-0.86,-2.37,down
RPGLIFE,-0.7,-1.03,-0.33000000000000007,down
RPOWER,0.29,0.41,0.12,up
RPPINFRA,-2.74,0.02,2.7600000000000002,up
RPPL,7.54,1.69,-5.85,down
RPSGVENT,-4.1,-0.1,3.9999999999999996,up
RPTECH,-4.13,3.36,7.49,up
RRIL,-4.01,-1.52,2.4899999999999998,up
RRKABEL,-1.02,-0.18,0.8400000000000001,up
RSDFIN,-5.0,-5.0,0.0,flat
RSL,1.6,-0.09,-1.6900000000000002,down
RSSOFTWARE,-0.94,-0.27,0.6699999999999999,up
RSWM,-5.0,-2.7,2.3,up
RSYSTEMS,0.23,-3.16,-3.39,down
RTL,-1.44,-0.24,1.2,up
RTNINDIA,-3.32,1.02,4.34,up
RTNPOWER,0.11,-1.03,-1.1400000000000001,down
RUBFILA,0.65,0.73,0.07999999999999996,up
RUBICON,-2.62,1.29,3.91,up
RUBYMILLS,4.54,3.73,-0.81,down
RUCHINFRA,-0.85,-0.34,0.51,up
RUCHIRA,0.72,-0.03,-0.75,down
RUDRA,-1.49,-0.84,0.65,up
RULKA,3.44,-2.53,-5.97,down
RUPA,3.68,-1.65,-5.33,down
RUSHIL,1.96,-1.93,-3.8899999999999997,down
RUSTOMJEE,-1.13,-1.02,0.10999999999999988,up
RVHL,-0.83,-4.08,-3.25,down
RVNL,2.62,-0.69,-3.31,down
RVTH,-1.45,2.74,4.19,up
S&SPOWER,-3.91,2.68,6.59,up
SAAKSHI,-0.98,-1.04,-0.06000000000000005,down
SAATVIKGL,1.18,-0.94,-2.12,down
SABAR,0.74,-4.38,-5.12,down
SACHEEROME,9.79,0.8,-8.989999999999998,down
SADBHAV,-0.67,0.11,0.78,up
SADBHIN,1.54,-0.76,-2.3,down
SADHAV,-1.2,0.17,1.3699999999999999,up
SADHNANIQ,1.41,4.86,3.45,up
SAFARI,-0.61,-0.28,0.32999999999999996,up
SAFEENTP,0.82,-0.91,-1.73,down
SAGARDEEP,0.12,-1.47,-1.5899999999999999,down
SAGCEM,0.56,-0.49,-1.05,down
SAGILITY,-0.25,-0.21,0.04000000000000001,up
SAHAJSOLAR,-1.0,0.23,1.23,up
SAHANA,0.8,-0.5,-1.3,down
SAHASRA,4.99,2.88,-2.1100000000000003,down
SAHLIBHFI,-0.36,-2.73,-2.37,down
SAHYADRI,4.85,0.99,-3.8599999999999994,down
SAIFL,0.0,-0.99,-0.99,down
SAIL,0.71,-0.09,-0.7999999999999999,down
SAILIFE,1.38,-3.42,-4.8,down
SAIPARENT,4.85,5.28,0.4300000000000006,up
SAJHOTELS,4.94,1.18,-3.7600000000000007,down
SAKAR,3.26,0.54,-2.7199999999999998,down
SAKHTISUG,-1.02,-1.66,-0.6399999999999999,down
SAKSOFT,-0.93,-5.99,-5.0600000000000005,down
SAKUMA,0.62,0.0,-0.62,down
SALASAR,-0.51,-0.17,0.33999999999999997,up
SALONA,-4.89,3.78,8.67,up
SALSTEEL,4.98,-1.62,-6.6000000000000005,down
SALZERELEC,1.52,-1.14,-2.66,down
SAMAY,,-4.82,,added
SAMBHAAV,-1.35,-1.82,-0.47,down
SAMBHV,-2.12,-1.43,0.6900000000000002,up
SAMHI,1.49,-0.9,-2.39,down
SAMMAANCAP,3.52,-2.42,-5.9399999999999995,down
SAMPANN,0.26,0.07,-0.19,down
SANATHAN,-0.43,0.65,1.08,up
SANDESH,20.0,-4.49,-24.490000000000002,down
SANDHAR,0.24,1.57,1.33,up
SANDUMA,-0.13,-3.98,-3.85,down
SANGAMIND,0.48,-0.6,-1.08,down
SANGANI,4.65,0.0,-4.65,down
SANGHVIMOV,1.55,1.42,-0.13000000000000012,down
SANGINITA,-2.0,-1.99,0.010000000000000009,up
SANOFI,0.73,-0.1,-0.83,down
SANOFICONR,-0.39,-0.43,-0.03999999999999998,down
SANSERA,1.19,2.02,0.8300000000000001,up
SANSTAR,-0.67,-0.19,0.48000000000000004,up
SANWARIA,-5.0,5.26,10.26,up
SAPPHIRE,-1.37,12.26,13.629999999999999,up
SAPPL,3.4,-2.31,-5.71,down
SARDAEN,0.24,-0.66,-0.9,down
SAREGAMA,-5.25,-1.67,3.58,up
SARLAPOLY,-0.21,-0.39,-0.18000000000000002,down
SAROJA,,-4.27,,added
SARTELE,-1.18,-4.02,-2.84,down
SARVESHWAR,0.58,-1.45,-2.03,down
SASKEN,-2.79,0.18,2.97,up
SATECH,-4.91,-1.52,3.39,up
SATIA,0.77,-0.5,-1.27,down
SATIN,0.86,-0.48,-1.3399999999999999,down
SATIPOLY,2.12,4.92,2.8,up
SATKARTAR,-3.59,-0.42,3.17,up
SATTVAENGG,-2.5,2.99,5.49,up
SAURASHCEM,0.32,-9.85,-10.17,down
SAVY,3.69,-2.12,-5.8100000000000005,down
SAWALIYA,0.05,-0.31,-0.36,down
SAYAJIHOTL,1.31,2.96,1.65,up
SBC,-0.29,-0.05,0.24,up
SBCL,-0.65,19.99,20.639999999999997,up
SBFC,1.82,-1.09,-2.91,down
SBGLP,0.52,-1.73,-2.25,down
SBIBPB,1.6,0.92,-0.68,down
SBICARD,-0.86,-0.15,0.71,up
SBIETFCON,-0.71,0.3,1.01,up
SBIETFIT,0.23,1.22,0.99,up
SBIETFPB,0.01,0.1,0.09000000000000001,up
SBIETFQLTY,1.83,0.38,-1.4500000000000002,down
SBIFUNDS,-0.87,0.49,1.3599999999999999,up
SBILIFE,-0.98,-0.32,0.6599999999999999,up
SBILIQETF,0.01,0.04,0.03,up
SBIMIDMOM,-0.55,1.11,1.6600000000000001,up
SBIN,2.84,1.12,-1.7199999999999998,down
SBINEQWETF,0.79,-0.75,-1.54,down
SBINMID150,-0.85,0.6,1.45,up
SBISILVER,0.57,2.66,2.0900000000000003,up
SBISMLETF,0.44,0.16,-0.28,down
SBIVALETF,0.33,0.0,-0.33,down
SCANSTL,-2.29,-2.58,-0.29000000000000004,down
SCHAEFFLER,-1.3,-0.03,1.27,up
SCHAND,0.41,1.57,1.1600000000000001,up
SCHNEIDER,-1.28,1.47,2.75,up
SCI,2.63,-1.25,-3.88,down
SCILAL,-0.05,0.0,0.05,up
SCL01825,-0.04,,,removed
SCLZC26,0.03,,,removed
SCLZC26C,0.31,,,removed
SCML,-2.85,1.47,4.32,up
SCODATUBES,-1.92,-0.45,1.47,up
SCPL,0.6,-1.34,-1.94,down
SDBL,0.98,-1.05,-2.0300000000000002,down
SDREAMS,,0.0,,added
SEAMECLTD,-0.94,2.15,3.09,up
SECMARK,2.14,0.91,-1.23,down
SECURKLOUD,0.33,5.09,4.76,up
SEDEMAC,-1.83,0.58,2.41,up
SEIL,0.11,-0.09,-0.2,down
SEJALLTD,0.1,-0.34,-0.44000000000000006,down
SEL,-4.08,-5.57,-1.4900000000000002,down
SELECTIPO,-0.02,0.17,0.19,up
SELMC,1.78,-2.14,-3.92,down
SEMAC,-1.89,-0.53,1.3599999999999999,up
SENCO,-1.87,-0.72,1.1500000000000001,up
SENORES,0.39,1.06,0.67,up
SENSEXADD,0.01,-0.14,-0.15000000000000002,down
SENSEXAXIS,1.92,-1.2,-3.12,down
SENSEXBETA,-0.53,0.8,1.33,up
SENSEXETF,0.54,-0.42,-0.96,down
SENSEXIETF,0.68,-0.41,-1.09,down
SEPC,3.48,-5.5,-8.98,down
SERVICE,0.0,0.0,0.0,flat
SERVOTECH,-1.3,-0.62,0.68,up
SESHAPAPER,0.99,-1.65,-2.6399999999999997,down
SETCO,0.0,0.0,0.0,flat
SETF10GILT,0.17,0.34,0.17,up
SETFGOLD,2.48,0.76,-1.72,down
SETFNIF50,0.42,-0.29,-0.71,down
SETFNIFBK,0.54,-0.43,-0.97,down
SETFNN50,0.7,0.61,-0.08999999999999997,down
SETL,-1.21,2.31,3.52,up
SETUINFRA,5.0,-2.38,-7.38,down
SEYAIND,1.67,-1.88,-3.55,down
SFL,-9.67,-2.82,6.85,up
SFML,6.58,-0.43,-7.01,down
SGBAPR28I,2.29,0.66,-1.63,down
SGBAUG27,2.46,0.27,-2.19,down
SGBAUG28V,2.25,0.65,-1.6,down
SGBAUG29V,2.61,0.23,-2.38,down
SGBAUG30,1.94,0.95,-0.99,down
SGBD29VIII,1.49,1.02,-0.47,down
SGBDC27VII,3.26,0.0,-3.26,down
SGBDE30III,2.02,0.58,-1.44,down
SGBDE31III,2.13,0.18,-1.95,down
SGBDEC26,0.38,1.24,0.86,up
SGBFEB27,,2.01,,added
SGBFEB28IX,2.78,0.29,-2.4899999999999998,down
SGBFEB29XI,1.95,-0.2,-2.15,down
SGBFEB32IV,2.26,-0.07,-2.3299999999999996,down
SGBJ28VIII,2.79,-0.27,-3.06,down
SGBJAN27,1.41,2.92,1.51,up
SGBJAN29IX,1.76,0.7,-1.06,down
SGBJAN29X,2.25,1.24,-1.01,down
SGBJAN30IX,1.6,1.11,-0.49,down
SGBJU29III,2.1,1.02,-1.08,down
SGBJUL27,2.62,1.37,-1.25,down
SGBJUL28IV,1.84,0.79,-1.05,down
SGBJUL29IV,2.21,0.79,-1.42,down
SGBJUN27,2.73,1.7,-1.03,down
SGBJUN28,2.06,0.57,-1.4900000000000002,down
SGBJUN29II,3.6,0.3,-3.3000000000000003,down
SGBJUN30,1.98,0.41,-1.57,down
SGBJUN31I,1.54,0.43,-1.11,down
SGBMAR28X,2.26,0.81,-1.4499999999999997,down
SGBMAR30X,1.97,0.65,-1.3199999999999998,down
SGBMAR31IV,1.88,0.41,-1.47,down
SGBMAY28,2.09,1.18,-0.9099999999999999,down
SGBMAY29I,2.05,0.81,-1.2399999999999998,down
SGBMR29XII,2.2,0.84,-1.3600000000000003,down
SGBN28VIII,2.02,1.26,-0.76,down
SGBNOV26,-1.76,1.22,2.98,up
SGBNV29VII,2.46,0.78,-1.68,down
SGBOC28VII,1.96,1.06,-0.8999999999999999,down
SGBOCT26,,2.73,,added
SGBOCT27,2.63,1.84,-0.7899999999999998,down
SGBOCT27VI,2.23,1.02,-1.21,down
SGBSEP27,2.4,0.37,-2.03,down
SGBSEP28VI,2.34,0.78,-1.5599999999999998,down
SGBSEP29VI,2.08,1.1,-0.98,down
SGBSEP31II,1.77,0.45,-1.32,down
SGFIN,2.25,-2.17,-4.42,down
SGIL,-0.59,1.04,1.63,up
SGL,1.54,2.72,1.1800000000000002,up
SGMART,1.08,-0.11,-1.1900000000000002,down
SHADOWFAX,-1.4,0.47,1.8699999999999999,up
SHAH,-0.77,0.51,1.28,up
SHAHALLOYS,1.42,-0.66,-2.08,down
SHAILY,5.99,-6.06,-12.05,down
SHAKTIPUMP,-0.18,-0.28,-0.10000000000000003,down
SHALBY,-0.07,-1.28,-1.21,down
SHALPAINTS,2.3,-4.2,-6.5,down
SHANKARA,-1.2,0.91,2.11,up
SHANTHALA,-2.13,-4.62,-2.49,down
SHANTI,0.87,-0.58,-1.45,down
SHANTIGEAR,-2.47,-1.53,0.9400000000000002,up
SHANTIGOLD,0.78,2.45,1.6700000000000002,up
SHARDACROP,-0.04,-1.04,-1.0,down
SHARDAMOTR,3.64,0.77,-2.87,down
SHARDUL,-4.84,-1.11,3.7299999999999995,up
SHAREINDIA,-1.9,-3.03,-1.13,down
SHARIABEES,-0.26,0.4,0.66,up
SHBAJRG,-2.63,1.45,4.08,up
SHEEL,-4.96,0.0,4.96,up
SHEETAL,-0.98,0.69,1.67,up
SHEKHAWATI,-0.14,-1.58,-1.44,down
SHEMAROO,1.12,-3.83,-4.95,down
SHERA,1.08,-0.83,-1.9100000000000001,down
SHETHJI,0.53,0.59,0.05999999999999994,up
SHIGAN,0.16,-2.89,-3.0500000000000003,down
SHILCTECH,1.16,1.94,0.78,up
SHILPAMED,2.36,2.84,0.48,up
SHINDL,0.56,1.13,0.5699999999999998,up
SHIVALIK,2.98,-2.01,-4.99,down
SHIVAMAUTO,-0.83,-1.06,-0.2300000000000001,down
SHIVAMILLS,0.03,4.99,4.96,up
SHIVASHRIT,0.5,-0.54,-1.04,down
SHIVATEX,-1.44,-1.26,0.17999999999999994,up
SHIVAUM,-1.17,0.29,1.46,up
SHK,1.92,-0.89,-2.81,down
SHOPERSTOP,3.31,0.13,-3.18,down
SHRADHA,-1.31,0.88,2.19,up
SHREDIGCEM,-0.01,0.44,0.45,up
SHREECEM,-2.43,-0.9,1.5300000000000002,up
SHREEDHAR,4.23,-1.32,-5.550000000000001,down
SHREEJISPG,1.75,-0.07,-1.82,down
SHREEKARNI,-0.71,-3.7,-2.99,down
SHREEOSFM,5.26,,,removed
SHREEPUSHK,1.99,-4.16,-6.15,down
SHREERAMA,-0.83,0.92,1.75,up
SHRENIK,0.0,-2.94,-2.94,down
SHREYANIND,-0.71,0.55,1.26,up
SHRIAHIMSA,-3.41,2.27,5.68,up
SHRIKANHA,4.88,0.44,-4.4399999999999995,down
SHRIKRISH,0.0,1.58,1.58,up
SHRINGARMS,-0.15,0.96,1.1099999999999999,up
SHRIPISTON,-2.6,1.56,4.16,up
SHRIRAMFIN,1.66,-2.28,-3.9399999999999995,down
SHRIRAMPPS,-0.27,-0.53,-0.26,down
SHRITECH,-3.41,,,removed
SHUBHLAXMI,,0.0,,added
SHUBHSHREE,-3.1,0.31,3.41,up
SHYAMCENT,-4.99,-2.14,2.85,up
SHYAMDHANI,4.98,2.09,-2.8900000000000006,down
SHYAMMETL,-1.37,-0.85,0.5200000000000001,up
SHYAMTEL,2.85,-4.37,-7.220000000000001,down
SICAGEN,19.82,19.99,0.16999999999999815,up
SICALLOG,4.09,-1.24,-5.33,down
SIDDHICOTS,0.0,,,removed
SIDDHIKA,,-2.83,,added
SIEMENS,-0.7,-0.3,0.39999999999999997,up
SIGACHI,0.55,-2.44,-2.99,down
SIGIND,14.06,-3.2,-17.26,down
SIGMA,-0.06,-2.21,-2.15,down
SIGMAADV,-1.77,1.29,3.06,up
SIGNATURE,0.16,-1.56,-1.72,down
SIGNORIA,-0.06,2.46,2.52,up
SIGNPOST,-0.67,-0.21,0.4600000000000001,up
SIKA,0.74,-1.21,-1.95,down
SIKKO,9.85,2.03,-7.82,down
SIL,0.29,0.41,0.12,up
SILGO,0.48,1.26,0.78,up
SILINV,1.25,1.61,0.3600000000000001,up
SILKFLEX,0.6,0.22,-0.38,down
SILKY,-0.27,2.13,2.4,up
SILLYMONKS,-3.74,4.14,7.88,up
SILVER,0.57,2.71,2.14,up
SILVER1,0.46,2.8,2.34,up
SILVER360,0.72,3.96,3.24,up
SILVERADD,0.6,2.64,2.04,up
SILVERAG,0.63,2.57,1.94,up
SILVERAXIS,0.51,2.79,2.2800000000000002,up
SILVERBEES,0.53,2.77,2.24,up
SILVERBETA,0.54,2.75,2.21,up
SILVERBND,0.48,2.71,2.23,up
SILVERCASE,0.62,2.73,2.11,up
SILVERIETF,0.54,2.75,2.21,up
SILVERTUC,0.91,1.18,0.2699999999999999,up
SIMBHALS,0.0,1.0,1.0,up
SIMCA,3.42,3.39,-0.029999999999999805,down
SIMPLEXINF,2.29,0.59,-1.7000000000000002,down
SINCLAIR,2.43,0.57,-1.8600000000000003,down
SINDHUTRAD,-1.83,1.53,3.3600000000000003,up
SINGERIND,4.31,-1.15,-5.459999999999999,down
SINTERCOM,2.51,-1.4,-3.9099999999999997,down
SIRCA,1.49,-0.01,-1.5,down
SIS,1.24,-0.22,-1.46,down
SITINET,0.0,-3.23,-3.23,down
SIYSIL,0.02,-0.45,-0.47000000000000003,down
SJLOGISTIC,-2.29,0.52,2.81,up
SJS,-2.89,0.34,3.23,up
SJVN,-0.98,-0.69,0.29000000000000004,up
SKFINDIA,0.62,0.99,0.37,up
SKFINDUS,0.69,-0.36,-1.0499999999999998,down
SKIPPER,-4.01,-1.64,2.37,up
SKMEGGPROD,2.8,-0.92,-3.7199999999999998,down
SKP,-1.6,6.88,8.48,up
SKYGOLD,1.85,4.09,2.2399999999999998,up
SLONE,4.45,1.33,-3.12,down
SMALL250,0.22,-0.22,-0.44,down
SMALLADD,-0.16,-0.05,0.11,up
SMALLCAP,0.33,-0.64,-0.97,down
SMALLGROWW,-0.17,1.53,1.7,up
SMALLIETF,0.49,-0.27,-0.76,down
SMARTEN,-1.89,0.0,1.89,up
SMARTLINK,-4.38,-2.4,1.98,up
SMARTWORKS,2.75,0.37,-2.38,down
SMCGLOBAL,1.0,-1.32,-2.3200000000000003,down
SML100CASE,0.71,-0.44,-1.15,down
SMLMAH,-4.14,-2.09,2.05,up
SMLT,-2.23,1.34,3.5700000000000003,up
SMSPHARMA,-2.02,5.85,7.869999999999999,up
SNEHAA,1.67,2.62,0.9500000000000002,up
SNOWMAN,0.35,-3.83,-4.18,down
SNXT30BEES,0.44,0.43,-0.010000000000000009,down
SNXT50BETA,-0.04,-0.66,-0.62,down
SOBHA,-0.37,-1.25,-0.88,down
SOCL,2.26,1.48,-0.7799999999999998,down
SOFTTECH,0.25,0.45,0.2,up
SOLARA,-0.69,-1.66,-0.97,down
SOLARINDS,0.52,0.83,0.30999999999999994,up
SOLARWORLD,0.88,-0.41,-1.29,down
SOLEX,-1.0,-0.31,0.69,up
SOMANYCERA,0.74,-1.63,-2.37,down
SOMATEX,-2.84,0.51,3.3499999999999996,up
SOMICONVEY,-2.62,0.46,3.08,up
SONACOMS,-2.77,3.29,6.0600000000000005,up
SONAL,2.22,-2.61,-4.83,down
SONAMAC,-4.17,0.14,4.31,up
SONAMLTD,0.15,-0.42,-0.57,down
SONATSOFTW,-1.64,-4.19,-2.5500000000000007,down
SONUINFRA,-5.0,3.88,8.879999999999999,up
SOTL,15.16,-3.26,-18.42,down
SOUTHBANK,1.09,-0.55,-1.6400000000000001,down
SOUTHWEST,-0.96,-0.15,0.8099999999999999,up
SPAL,-3.58,2.18,5.76,up
SPANDANA,-1.44,0.39,1.83,up
SPARC,-0.63,-1.74,-1.1099999999999999,down
SPCENET,0.86,9.66,8.8,up
SPCL,-2.02,0.69,2.71,up
SPCON,7.7,1.46,-6.24,down
SPECIALITY,0.27,1.93,1.66,up
SPECTRUM,2.14,-4.96,-7.1,down
SPECTSTM,-5.32,5.29,10.61,up
SPENCERS,0.52,-1.73,-2.25,down
SPIC,-0.01,-0.7,-0.69,down
SPLIL,0.63,2.8,2.17,up
SPLPETRO,-0.47,-0.17,0.29999999999999993,up
SPMLINFRA,-0.96,-2.44,-1.48,down
SPORTKING,-1.7,3.72,5.42,up
SPUNWEB,1.49,0.0,-1.49,down
SRD,-2.75,-1.27,1.48,up
SREEL,0.27,0.54,0.27,up
SRF,-0.56,-0.38,0.18000000000000005,up
SRGHFL,0.6,-1.59,-2.19,down
SRHHYPOLTD,5.02,0.94,-4.08,down
SRIVASAVI,4.64,2.33,-2.3099999999999996,down
SRM,3.62,-1.58,-5.2,down
SRTL,-1.51,0.18,1.69,up
SSDL,-1.54,0.54,2.08,up
SSEGL,-3.12,-4.56,-1.4399999999999995,down
SSFL,-4.29,-2.56,1.73,up
SSFLPP,0.33,-2.73,-3.06,down
SSWL,-3.36,-0.23,3.13,up
STALLION,0.84,-5.07,-5.91,down
STANLEY,-0.49,-2.42,-1.93,down
STAR,2.76,0.66,-2.0999999999999996,down
STARCEMENT,-0.59,-0.68,-0.09000000000000008,down
STARHEALTH,-2.46,-0.66,1.7999999999999998,up
STARPAPER,0.99,0.14,-0.85,down
STARTECK,0.37,-0.14,-0.51,down
STCINDIA,1.0,-1.76,-2.76,down
STEELCAS,0.22,-1.82,-2.04,down
STEELCITY,0.25,-0.43,-0.6799999999999999,down
STEELXIND,-0.61,-2.1,-1.4900000000000002,down
STEL,0.9,-1.98,-2.88,down
STERTOOLS,-1.15,-1.95,-0.8,down
STLNETWORK,2.36,0.73,-1.63,down
STLTECH,-0.13,0.8,0.93,up
STOVEKRAFT,5.85,-0.33,-6.18,down
STRIDERS,4.6,-1.16,-5.76,down
STUDDS,1.6,-1.75,-3.35,down
STUDIOLSD,4.05,-2.22,-6.27,down
STYL,6.75,5.0,-1.75,down
STYLAMIND,3.7,-1.61,-5.3100000000000005,down
STYLEBAAZA,4.91,4.99,0.08000000000000007,up
STYRENIX,-8.04,-0.96,7.079999999999999,up
SUBAHOTELS,-6.55,-0.18,6.37,up
SUBEXLTD,2.61,-2.76,-5.369999999999999,down
SUBROS,-0.34,0.24,0.5800000000000001,up
SUDARCOLOR,12.38,-1.76,-14.14,down
SUDARSCHEM,2.87,2.15,-0.7200000000000002,down
SUDEEPPHRM,1.59,-1.7,-3.29,down
SUKHJITS,-1.52,0.52,2.04,up
SULA,-1.89,-5.37,-3.4800000000000004,down
SUMEETINDS,-4.97,-4.95,0.019999999999999574,up
SUMICHEM,3.48,1.48,-2.0,down
SUMIT,0.34,-0.02,-0.36000000000000004,down
SUMMITSEC,-1.31,-0.82,0.4900000000000001,up
SUNCLAY,-0.2,-2.19,-1.99,down
SUNDARAM,-1.6,0.0,1.6,up
SUNDARMFIN,-1.87,-0.93,0.9400000000000001,up
SUNDRMBRAK,-0.32,1.48,1.8,up
SUNDRMFAST,5.32,0.49,-4.83,down
SUNDROP,-0.11,2.56,2.67,up
SUNFLAG,3.64,0.12,-3.52,down
SUNLITE,-2.63,-8.18,-5.55,down
SUNPHARMA,0.57,-0.31,-0.8799999999999999,down
SUNREST,-2.5,3.85,6.35,up
SUNTECH,1.75,,,removed
SUNTECK,-0.26,-0.83,-0.57,down
SUNTV,-0.84,-0.52,0.31999999999999995,up
SUPERHOUSE,1.2,0.3,-0.8999999999999999,down
SUPERSPIN,1.89,-1.85,-3.74,down
SUPRAJIT,0.66,-1.09,-1.75,down
SUPREME,-0.2,-0.7,-0.49999999999999994,down
SUPREMEENG,1.81,1.78,-0.030000000000000027,down
SUPREMEIND,0.47,-1.01,-1.48,down
SUPREMEINF,-1.74,-1.5,0.24,up
SUPREMEPWR,0.72,-2.68,-3.4000000000000004,down
SUPRIYA,-2.49,3.66,6.15,up
SURAJEST,-0.63,-1.2,-0.57,down
SURAJLTD,0.65,1.47,0.82,up
SURAKSHA,-0.61,-0.48,0.13,up
SURANASOL,5.34,-3.8,-9.14,down
SURANAT&P,-0.22,-0.72,-0.5,down
SURANI,2.06,0.2,-1.86,down
SURYALA,-1.75,-0.18,1.57,up
SURYALAXMI,-0.79,2.33,3.12,up
SURYAROSNI,1.64,0.65,-0.9899999999999999,down
SURYODAY,-0.04,-0.37,-0.33,down
SUTLEJTEX,3.75,-4.7,-8.45,down
SUVEN,-2.68,0.19,2.87,up
SUVIDHAA,2.38,0.39,-1.9899999999999998,down
SUYOG,2.75,2.08,-0.6699999999999999,down
SUZLON,-0.1,0.1,0.2,up
SVLL,-1.96,1.31,3.27,up
SVPGLOB,-1.8,2.36,4.16,up
SWANCORP,0.1,-0.92,-1.02,down
SWANDEF,3.82,1.73,-2.09,down
SWARAJ,-1.27,-1.22,0.050000000000000044,up
SWARAJENG,-0.36,0.13,0.49,up
SWASTIK,-1.75,-1.79,-0.040000000000000036,down
SWELECTES,4.94,1.1,-3.8400000000000003,down
SWIGGY,-0.43,-2.74,-2.31,down
SWSOLAR,-1.18,-0.96,0.21999999999999997,up
SYMPHONY,1.19,0.25,-0.94,down
SYNCOMF,-1.13,2.05,3.1799999999999997,up
SYNGENE,-1.77,0.99,2.76,up
SYNOPTICS,,-4.31,,added
SYRMA,-1.12,0.47,1.59,up
SYSTANGO,-1.49,-0.64,0.85,up
SYSTMTXC,-0.33,1.6,1.9300000000000002,up
TAALTECH,2.79,9.22,6.430000000000001,up
TAC,-2.04,0.07,2.11,up
TAINWALCHM,-6.54,0.65,7.19,up
TAJGVK,1.22,-2.36,-3.58,down
TAKE,0.81,1.34,0.53,up
TALBROAUTO,-0.3,0.54,0.8400000000000001,up
TAMBOLIIN,4.98,3.96,-1.0200000000000005,down
TANKUP,1.48,3.33,1.85,up
TANLA,-0.83,0.76,1.5899999999999999,up
TARACHAND,-15.11,-0.8,14.309999999999999,up
TARAPUR,-4.98,-2.44,2.5400000000000005,up
TARC,-0.41,-3.49,-3.08,down
TARIL,0.49,0.56,0.07000000000000006,up
TARMAT,-0.36,6.51,6.87,up
TARSONS,-3.22,-1.64,1.5800000000000003,up
TASTYBITE,-1.28,2.39,3.67,up
TATACAP,2.9,-3.24,-6.140000000000001,down
TATACHEM,-0.43,1.55,1.98,up
TATACOMM,-0.7,1.14,1.8399999999999999,up
TATACONSUM,-0.57,-0.71,-0.14,down
TATAELXSI,-0.93,1.78,2.71,up
TATAGOLD,2.42,0.84,-1.58,down
TATAINVEST,-0.51,3.98,4.49,up
TATAPOWER,-1.15,0.52,1.67,up
TATASTEEL,-1.91,-0.92,0.9899999999999999,up
TATATECH,6.31,8.89,2.580000000000001,up
TATSILV,0.46,2.62,2.16,up
TATVA,0.6,-0.71,-1.31,down
TAURIAN,-0.14,3.51,3.65,up
TBI,6.92,-4.97,-11.89,down
TBOTEK,-2.66,-0.75,1.9100000000000001,up
TBZ,-0.4,0.74,1.1400000000000001,up
TCC,-4.45,0.27,4.720000000000001,up
TCI,-0.11,-1.15,-1.0399999999999998,down
TCIEXP,0.77,-4.31,-5.08,down
TCIFINANCE,-0.72,0.53,1.25,up
TCL,-0.5,,,removed
TCPLPACK,-1.05,0.56,1.61,up
TCS,-1.66,3.36,5.02,up
TDPOWERSYS,2.15,2.7,0.5500000000000003,up
TEAMGTY,-0.62,-0.44,0.18,up
TEAMLEASE,0.15,0.01,-0.13999999999999999,down
TEAMTECH,-2.08,-1.45,0.6300000000000001,up
TECH,-0.15,1.88,2.03,up
TECHD,2.3,-2.13,-4.43,down
TECHERA,4.98,5.0,0.019999999999999574,up
TECHLABS,-1.14,0.49,1.63,up
TECHM,-1.08,0.17,1.25,up
TECHNOE,-1.23,7.46,8.69,up
TECHNVISN,9.98,7.81,-2.170000000000001,down
TECILCHEM,-4.77,-2.03,2.7399999999999998,up
TEGA,0.17,2.68,2.5100000000000002,up
TEJA,-3.08,-5.65,-2.5700000000000003,down
TEJASCARGO,4.84,3.83,-1.0099999999999998,down
TEJASNET,-1.0,-1.69,-0.69,down
TEMBO,-3.19,-4.47,-1.2799999999999998,down
TENNIND,-1.75,-1.36,0.3899999999999999,up
TERASOFT,-1.14,-3.86,-2.7199999999999998,down
TEXINFRA,0.48,0.11,-0.37,down
TEXMOPIPES,-0.28,1.59,1.87,up
TEXRAIL,0.82,0.42,-0.39999999999999997,down
TFCILTD,0.04,6.02,5.9799999999999995,up
TFL,0.09,0.96,0.87,up
TGBHOTELS,-3.26,1.09,4.35,up
TGL,2.82,3.49,0.6700000000000004,up
THAKDEV,-5.0,9.43,14.43,up
THANGAMAYL,3.86,2.55,-1.31,down
THEINVEST,-0.72,-2.89,-2.17,down
THEJO,2.8,3.0,0.20000000000000018,up
THELEELA,1.74,1.37,-0.3699999999999999,down
THEMISMED,-2.83,-2.02,0.81,up
THERMAX,-1.82,1.73,3.55,up
THOMASCOOK,1.55,-1.89,-3.44,down
THOMASCOTT,2.68,1.5,-1.1800000000000002,down
THYROCARE,-0.33,0.87,1.2,up
TI,-2.5,0.47,2.9699999999999998,up
TICL,4.91,3.12,-1.79,down
TIGERLOGS,2.23,3.46,1.23,up
TIIL,0.27,2.21,1.94,up
TIINDIA,-1.22,0.66,1.88,up
TIJARIA,-1.04,7.38,8.42,up
TIL,-2.88,-8.08,-5.2,down
TIMESCAN,2.19,,,removed
TIMETECHNO,-0.21,-0.94,-0.73,down
TIMEX,-1.86,2.44,4.3,up
TIMKEN,1.02,0.24,-0.78,down
TINNARUBR,-2.41,0.68,3.0900000000000003,up
TIPSFILMS,-0.92,-0.42,0.5,up
TIPSMUSIC,-2.69,-1.38,1.31,up
TIRUMALCHM,-0.01,-1.32,-1.31,down
TIRUPATI,-0.28,,,removed
TIRUPATIFL,0.17,2.05,1.88,up
TITAGARH,1.02,-1.65,-2.67,down
TITAN,1.74,-1.14,-2.88,down
TMB,2.19,0.29,-1.9,down
TMCV,2.1,-1.42,-3.52,down
TMPV,-1.27,0.48,1.75,up
TNIDETF,-0.7,1.19,1.89,up
TNPETRO,0.77,2.38,1.6099999999999999,up
TNPL,2.38,-0.35,-2.73,down
TNTELE,0.34,1.12,0.78,up
TOKYOPLAST,2.04,0.0,-2.04,down
TOLINS,-0.44,-0.92,-0.48000000000000004,down
TOP100CASE,0.0,0.09,0.09,up
TOP10ADD,-0.2,0.21,0.41000000000000003,up
TOP15IETF,0.2,-0.1,-0.30000000000000004,down
TOP20,0.22,-0.33,-0.55,down
TORNTPHARM,-0.88,-0.65,0.22999999999999998,up
TORNTPOWER,0.13,1.93,1.7999999999999998,up
TOTAL,7.87,2.55,-5.32,down
TOUCHWOOD,1.82,-0.36,-2.18,down
TPHQ,0.0,-2.38,-2.38,down
TPLPLASTEH,0.61,-1.55,-2.16,down
TRACXN,-1.73,-0.4,1.33,up
TRANSPEK,-2.8,-4.46,-1.6600000000000001,down
TRANSRAILL,-1.7,-3.57,-1.8699999999999999,down
TRANSTEEL,0.96,-2.25,-3.21,down
TRANSWORLD,0.48,4.78,4.300000000000001,up
TRAVELFOOD,-0.8,6.84,7.64,up
TREEHOUSE,-1.26,0.64,1.9,up
TREJHARA,9.51,7.59,-1.92,down
TREL,2.24,3.13,0.8899999999999997,up
TRENT,-0.7,-3.54,-2.84,down
TRF,1.32,0.16,-1.1600000000000001,down
TRIDENT,-0.04,1.12,1.1600000000000001,up
TRIDENT,-0.04,0.0,0.04,up
TRIDHYA,,-4.52,,added
TRIGYN,0.18,-2.37,-2.5500000000000003,down
TRITURBINE,3.67,-1.53,-5.2,down
TRIVENI,-2.03,1.17,3.1999999999999997,up
TROM,-2.07,-4.58,-2.5100000000000002,down
TRU,-0.65,-1.3,-0.65,down
TRUALT,0.6,2.75,2.15,up
TRUST,-1.72,-0.35,1.37,up
TSC,-9.98,-4.35,5.630000000000001,up
TSFINV,-3.61,0.97,4.58,up
TTKHLTCARE,4.61,-0.85,-5.46,down
TTKPRESTIG,1.36,-3.27,-4.63,down
TTL,0.16,-7.48,-7.640000000000001,down
TTML,-0.7,-0.51,0.18999999999999995,up
TUNWAL,0.0,1.15,1.15,up
TURTLEMINT,-2.05,-0.81,1.2399999999999998,up
TVSELECT,0.85,-0.25,-1.1,down
TVSHLTD,0.94,-0.4,-1.3399999999999999,down
TVSMNCRPS,0.0,0.0,0.0,flat
TVSMOTOR,-1.8,1.51,3.31,up
TVSSCS,-2.32,1.07,3.3899999999999997,up
TVSSRICHAK,-0.29,-0.16,0.12999999999999998,up
TVTODAY,-0.81,-0.84,-0.029999999999999916,down
TVVISION,-2.03,-4.84,-2.81,down
TWCGOLDETF,2.37,0.94,-1.4300000000000002,down
UBL,0.19,-1.06,-1.25,down
UCAL,0.46,1.24,0.78,up
UCL,1.13,-0.32,-1.45,down
UCOBANK,0.57,-0.9,-1.47,down
UDS,0.54,-0.26,-0.8,down
UEL,10.0,5.0,-5.0,down
UFBL,4.2,0.41,-3.79,down
UFLEX,1.67,0.99,-0.6799999999999999,down
UFO,-2.22,1.33,3.5500000000000003,up
UGARSUGAR,5.66,-1.6,-7.26,down
UGROCAP,0.41,-1.12,-1.53,down
UHTL,-1.17,-0.77,0.3999999999999999,up
UJJIVANSFB,3.53,-2.69,-6.22,down
ULTRACEMCO,-0.94,0.25,1.19,up
ULTRAMAR,-0.73,5.48,6.210000000000001,up
UMA,0.0,1.02,1.02,up
UMAEXPORTS,-3.09,0.05,3.1399999999999997,up
UMESLTD,0.74,1.64,0.8999999999999999,up
UMIYA-MRO,-1.32,-0.16,1.1600000000000001,up
UNICHEMLAB,0.0,-1.54,-1.54,down
UNIDT,0.46,-1.21,-1.67,down
UNIECOM,-0.27,-0.82,-0.5499999999999999,down
UNIENTER,0.45,-0.22,-0.67,down
UNIHEALTH,-0.24,-0.45,-0.21000000000000002,down
UNIINFO,-4.73,1.43,6.16,up
UNILEX,-5.96,-3.33,2.63,up
UNIMECH,-0.61,8.25,8.86,up
UNIONBANK,3.81,0.6,-3.21,down
UNIONGOLD,2.54,0.69,-1.85,down
UNIPARTS,-2.51,4.24,6.75,up
UNITDSPR,0.33,-0.83,-1.16,down
UNITECH,-0.24,0.24,0.48,up
UNITEDPOLY,-1.09,-0.48,0.6100000000000001,up
UNITEDTEA,0.45,-3.17,-3.62,down
UNIVASTU,-3.66,-4.8,-1.1399999999999997,down
UNIVCABLES,-0.79,-0.36,0.43000000000000005,up
UNIVPHOTO,-0.22,-1.51,-1.29,down
UNOMINDA,2.24,0.55,-1.6900000000000002,down
UPL,-0.78,0.04,0.8200000000000001,up
URAVIDEF,1.71,-3.67,-5.38,down
URBAN,0.21,0.38,0.17,up
URBANCO,0.08,0.75,0.67,up
URJA,-2.1,0.61,2.71,up
USASEEDS,4.72,2.36,-2.36,down
USHAFIN,0.0,5.17,5.17,up
USHAMART,-0.88,-0.12,0.76,up
USK,-0.26,-3.1,-2.84,down
UTIAMC,-0.15,-0.41,-0.26,down
UTKAL,4.89,4.89,0.0,flat
UTKARSHBNK,-0.62,-1.25,-0.63,down
UTLSOLAR,2.51,-2.67,-5.18,down
UTSSAV,-0.39,1.38,1.77,up
UTTAMSUGAR,1.75,-0.8,-2.55,down
UYFINCORP,-0.26,6.04,6.3,up
V2RETAIL,0.34,0.52,0.18,up
VADILALIND,2.31,-1.64,-3.95,down
VAIBHAVGBL,-3.02,0.14,3.16,up
VAISHALI,0.5,-1.25,-1.75,down
VAKRANGEE,-1.32,-0.17,1.1500000000000001,up
VAL30IETF,-0.06,0.51,0.5700000000000001,up
VALIANTLAB,0.47,4.99,4.5200000000000005,up
VALIANTORG,-2.74,3.52,6.26,up
VALUE,0.06,0.24,0.18,up
VALUE360,,0.67,,added
VALUEAXIS,0.24,0.33,0.09000000000000002,up
VAML,2.71,-2.21,-4.92,down
VARDHACRLC,-0.5,-1.71,-1.21,down
VARDMNPOLY,-0.33,8.0,8.33,up
VARROC,2.82,9.94,7.119999999999999,up
VASCONEQ,-2.22,1.85,4.07,up
VASWANI,-2.05,0.89,2.94,up
VBL,1.6,-0.45,-2.0500000000000003,down
VCL,4.92,4.69,-0.22999999999999954,down
VDEAL,-6.51,5.81,12.32,up
VEDL,-0.72,1.4,2.12,up
VEDPOWER,0.87,-0.89,-1.76,down
VEEDOL,3.26,0.5,-2.76,down
VEEKAYEM,-4.94,-1.76,3.1800000000000006,up
VELJAN,0.59,3.31,2.72,up
VENKEYS,-1.06,0.53,1.59,up
VENTIVE,-1.37,-2.11,-0.7399999999999998,down
VENUSPIPES,-2.4,0.89,3.29,up
VENUSREM,2.52,-1.41,-3.9299999999999997,down
VERANDA,0.27,-0.14,-0.41000000000000003,down
VERITAAS,,-4.31,,added
VERTIS,-1.73,1.76,3.49,up
VERTOZ,-0.53,0.64,1.17,up
VESUVIUS,-0.97,0.73,1.7,up
VETO,-1.09,-0.58,0.5100000000000001,up
VGINFOTECH,0.0,0.87,0.87,up
VGL,-0.24,-1.61,-1.37,down
VGUARD,3.87,-0.81,-4.68,down
VHL,4.27,-0.29,-4.56,down
VHLTD,0.94,-1.6,-2.54,down
VIAZ,-5.0,,,removed
VICTORYEV,0.0,-0.91,-0.91,down
VIDHIING,0.19,-1.68,-1.8699999999999999,down
VIDYAWIRES,2.6,0.63,-1.9700000000000002,down
VIESL,-0.32,0.81,1.1300000000000001,up
VIGOR,1.29,3.92,2.63,up
VIJAYA,-1.42,-1.37,0.04999999999999982,up
VIJAYPD,1.43,-2.19,-3.62,down
VIJIFIN,1.94,1.99,0.050000000000000044,up
VIKASECO,0.0,0.0,0.0,flat
VIKASLIFE,0.0,0.0,0.0,flat
VIKRAMSOLR,-3.68,-5.53,-1.85,down
VIKRAN,-1.61,-0.17,1.4400000000000002,up
VILAS,-1.67,-0.36,1.31,up
VILINBIO,-4.89,3.04,7.93,up
VIMTALABS,-2.26,1.45,3.71,up
VINATIORGA,1.65,-1.83,-3.48,down
VINCOFE,-3.24,-1.37,1.87,up
VINDHYATEL,-2.99,-1.98,1.0100000000000002,up
VINEETLAB,-0.77,-4.42,-3.65,down
VINNY,0.94,0.0,-0.94,down
VINSYS,0.84,1.23,0.39,up
VINYAS,2.0,1.02,-0.98,down
VINYLINDIA,0.42,-0.68,-1.1,down
VIPCLOTHNG,1.69,-4.21,-5.9,down
VIPIND,1.52,0.16,-1.36,down
VIPULLTD,4.86,-3.41,-8.27,down
VIRINCHI,-1.46,1.74,3.2,up
VISACHROME,0.16,0.0,-0.16,down
VISAKAIND,-0.63,14.27,14.9,up
VISDEM,3.43,,,removed
VISHNU,1.02,-1.38,-2.4,down
VISHNUINFR,0.44,-4.11,-4.550000000000001,down
VISHWARAJ,-3.11,0.38,3.4899999999999998,up
VISHWAS,-4.97,,,removed
VISL,-1.75,-1.89,-0.1399999999999999,down
VITAL,0.3,1.92,1.6199999999999999,up
VIVIANA,-2.55,0.79,3.34,up
VIVIDEL,5.0,5.0,0.0,flat
VIVIDHA,-1.85,-1.89,-0.039999999999999813,down
VIVIMEDLAB,-2.7,-0.6,2.1,up
VIVO,4.98,4.97,-0.010000000000000675,down
VIYASH,-0.42,1.6,2.02,up
VLEGOV,1.95,-0.27,-2.2199999999999998,down
VLSFINANCE,-0.98,1.4,2.38,up
VMARCIND,10.89,-3.94,-14.83,down
VMART,0.85,-1.79,-2.64,down
VMM,-1.33,-0.73,0.6000000000000001,up
VMOBILE,-2.05,-2.82,-0.77,down
VMSTMT,0.0,3.04,3.04,up
VOEPL,2.13,-0.54,-2.67,down
VOGL,-3.23,-2.76,0.4700000000000002,up
VOLERCAR,-1.91,3.33,5.24,up
VOLTAMP,-1.08,0.24,1.32,up
VOLTAS,-1.96,0.78,2.74,up
VPRPL,1.03,4.99,3.96,up
VR,4.99,4.97,-0.020000000000000462,down
VRAJ,-1.55,0.93,2.48,up
VRLLOG,2.03,-1.16,-3.1899999999999995,down
VSCL,-4.89,,,removed
VSSL,1.37,2.4,1.0299999999999998,up
VSTIND,-0.84,0.1,0.94,up
VSTL,-2.26,-1.16,1.0999999999999999,up
VSTTILLERS,1.39,-1.27,-2.66,down
VTL,0.7,0.76,0.06000000000000005,up
WAAREEENER,-1.34,2.11,3.45,up
WAAREEINDO,4.8,-4.99,-9.79,down
WAAREERTL,-0.1,0.39,0.49,up
WABAG,-0.6,-1.66,-1.06,down
WAKEFIT,-2.25,-0.11,2.14,up
WALCHANNAG,-0.66,-0.47,0.19000000000000006,up
WANBURY,-1.63,-7.04,-5.41,down
WCIL,-0.86,-1.58,-0.7200000000000001,down
WEALTH,-1.19,1.25,2.44,up
WEBELSOLAR,-1.92,2.96,4.88,up
WEIZMANIND,3.71,-1.89,-5.6,down
WEL,1.13,7.81,6.68,up
WELCORP,1.76,1.11,-0.6499999999999999,down
WELENT,-2.79,3.72,6.51,up
WELINV,-0.15,-0.02,0.13,up
WELSPLSOL,-1.3,-0.02,1.28,up
WELSPUNLIV,-0.95,3.04,3.99,up
WENDT,0.14,1.09,0.9500000000000001,up
WESTLIFE,-1.41,2.78,4.1899999999999995,up
WEWIN,4.75,2.4,-2.35,down
WEWORK,0.07,0.96,0.8899999999999999,up
WHEELS,-1.77,-1.25,0.52,up
WHIRLPOOL,2.74,-2.08,-4.82,down
WHITEFORCE,0.0,0.0,0.0,flat
WILLAMAGOR,-0.86,4.59,5.45,up
WINDLAS,1.97,1.04,-0.9299999999999999,down
WINDMACHIN,-1.18,9.78,10.959999999999999,up
WINSOL,-3.65,-0.22,3.4299999999999997,up
WIPL,-1.76,0.63,2.39,up
WIPRO,-0.47,0.76,1.23,up
WOCKPHARMA,-1.55,2.33,3.88,up
WOL3D,,0.71,,added
WOMANCART,-5.77,1.01,6.779999999999999,up
WONDERLA,-3.43,1.51,4.94,up
WORTHPERI,-0.21,8.85,9.06,up
WPIL,0.54,-0.57,-1.1099999999999999,down
WSI,-0.63,-0.25,0.38,up
WSTCSTPAPR,0.67,0.8,0.13,up
WTICAB,0.96,-1.21,-2.17,down
XCHANGING,0.16,-1.49,-1.65,down
XELPMOC,0.7,-2.69,-3.3899999999999997,down
XPROINDIA,0.31,-1.47,-1.78,down
XTGLOBAL,-4.15,-2.19,1.9600000000000004,up
XTRANET,1.34,4.99,3.6500000000000004,up
YAAP,0.84,-2.89,-3.73,down
YASHO,0.21,-0.32,-0.53,down
YASHOPTICS,-0.68,-0.65,0.030000000000000027,up
YATHARTH,1.53,-0.11,-1.6400000000000001,down
YATRA,-0.28,-2.89,-2.6100000000000003,down
YESBANK,-1.26,0.04,1.3,up
YUDIZ,-5.0,-4.9,0.09999999999999964,up
YUKEN,7.21,-0.42,-7.63,down
ZAGGLE,-1.49,-0.03,1.46,up
ZEAL,,0.92,,added
ZEEL,-2.09,1.75,3.84,up
ZEELEARN,-0.25,-1.38,-1.13,down
ZEEMEDIA,2.16,1.55,-0.6100000000000001,down
ZENITHDRUG,-2.22,-4.55,-2.3299999999999996,down
ZENITHEXPO,1.52,9.77,8.25,up
ZENITHSTL,0.18,-5.31,-5.489999999999999,down
ZENSARTECH,0.06,-0.33,-0.39,down
ZENTEC,3.58,-0.78,-4.36,down
ZFCVINDIA,-0.37,2.21,2.58,up
ZFSTEERING,-1.72,-0.23,1.49,up
ZIMLAB,0.6,-2.75,-3.35,down
ZODIAC,-0.72,-0.73,-0.010000000000000009,down
ZODIACLOTH,-1.44,1.58,3.02,up
ZOTA,-0.42,2.27,2.69,up
ZSARACOM,,-2.32,,added
ZTECH,1.24,0.32,-0.9199999999999999,down
ZUARI,-0.33,0.38,0.71,up
ZUARIIND,0.56,-1.07,-1.6300000000000001,down
ZYDUSLIFE,-1.17,0.56,1.73,up
ZYDUSWELL,0.21,0.44,0.23,up
