TradDt,BizDt,Sgmt,Src,FinInstrmTp,FinInstrmId,ISIN,TckrSymb,SctySrs,XpryDt,FininstrmActlXpryDt,StrkPric,OptnTp,FinInstrmNm,OpnPric,HghPric,LwPric,ClsPric,LastPric,PrvsClsgPric,UndrlygPric,SttlmPric,OpnIntrst,ChngInOpnIntrst,TtlTradgVol,TtlTrfVal,TtlNbOfTxsExctd,SsnId,NewBrdLotQty,Rmks,Rsvd1,Rsvd2,Rsvd3,Rsvd4
2026-08-07,2026-08-07,CM,NSE,STK,19078,IN0020200104,SGBJUN28,GB,,,,,2.5%GOLDBONDS2028SR-III,14690.0,14748.0,14540.0,14741.25,14730.0,14657.46,,14741.25,,,162,2371622.15,24,F1,1,,,,,
2026-08-07,2026-08-07,CM,NSE,STK,1342,IN0020200286,SGBN28VIII,GB,,,,,2.5%GOLDBONDS2028SR-VIII,14536.2,14799.0,14536.2,14799.0,14799.0,14614.32,,14799.0,,,227,3325253.54,56,F1,1,,,,,
2026-08-07,2026-08-07,CM,NSE,STK,3742,IN0020210053,SGBMAY29I,GB,,,,,2.5%GOLDBONDS2029SR-I,14616.33,14777.0,14550.0,14734.67,14750.0,14616.33,,14728.9,,,427,6277682.67,94,F1,1,,,,,
2026-08-07,2026-08-07,CM,NSE,STK,3743,IN0020210061,SGBJUN29II,GB,,,,,2.5%GOLDBONDS2029SR-II,14700.0,14970.0,14700.0,14881.32,14850.0,14836.46,,14879.22,,,182,2692260.06,30,F1,1,,,,,
2026-08-07,2026-08-07,CM,NSE,STK,3800,IN0020210087,SGBJU29III,GB,,,,,2.5%GOLDBONDS2029SR-III,14648.0,14800.0,14574.76,14766.66,14760.0,14617.6,,14766.66,,,92,1352065.47,25,F1,1,,,,,
2026-08-07,2026-08-07,CM,NSE,STK,5575,IN0020210145,SGBSEP29VI,GB,,,,,2.5%GOLDBONDS2029SR-VI,14676.25,14870.0,14656.0,14863.33,14860.0,14701.39,,14855.71,,,168,2479372.71,33,F1,1,,,,,
2026-08-07,2026-08-07,CM,NSE,STK,6518,IN0020210178,SGBNV29VII,GB,,,,,2.5%GOLDBONDS2029SR-VII,14680.0,14799.0,14612.01,14794.29,14799.0,14679.99,,14794.29,,,326,4792448.31,28,F1,1,,,,,
2026-08-07,2026-08-07,CM,NSE,STK,5960,IN0020180249,SGBOCT26,GB,,,,,2.50%GOLDBONDS2026SR-II,14725.0,14725.0,14725.0,14725.0,14725.0,14333.0,,14725.0,,,12,176700.0,3,F1,1,,,,,
2026-08-07,2026-08-07,CM,NSE,STK,6355,IN0020180314,SGBNOV26,GB,,,,,2.50%GOLDBONDS2026SR-III,14599.0,14777.0,14599.0,14777.0,14777.0,14599.0,,14777.0,,,82,1199955.2,8,F1,1,,,,,
2026-08-07,2026-08-07,CM,NSE,STK,7654,IN0020180389,SGBDEC26,GB,,,,,2.50%GOLDBONDS2026SR-IV,14590.0,14735.0,14590.0,14735.0,14735.0,14555.0,,14735.0,,,5,73382.0,4,F1,1,,,,,
2026-08-07,2026-08-07,CM,NSE,STK,10261,IN0020190073,SGBJUN27,GB,,,,,2.50%GOLDBONDS2027SR-I,14600.0,14899.0,14515.01,14899.0,14899.0,14650.0,,14899.0,,,77,1134419.13,18,F1,1,,,,,
2026-08-07,2026-08-07,CM,NSE,STK,11154,IN0020190081,SGBJUL27,GB,,,,,2.50%GOLDBONDS2027SR-II,14505.01,14798.99,14505.01,14798.99,14798.99,14599.0,,14798.99,,,50,732533.7,10,F1,1,,,,,
2026-08-07,2026-08-07,CM,NSE,STK,12904,IN0020190107,SGBAUG27,GB,,,,,2.50%GOLDBONDS2027SR-III,14700.0,14798.97,14700.0,14730.0,14730.0,14690.0,,14730.0,,,45,663507.66,22,F1,1,,,,,
2026-08-07,2026-08-07,CM,NSE,STK,13209,IN0020190115,SGBSEP27,GB,,,,,2.50%GOLDBONDS2027SR-IV,14700.0,14994.99,14700.0,14800.0,14800.0,14745.71,,14800.0,,,139,2053489.96,23,F1,1,,,,,
2026-08-07,2026-08-07,CM,NSE,STK,8308,IN0020180462,SGBJAN27,GB,,,,,2.50%GOLDBONDS2027SR-V,14500.0,14924.0,14500.0,14924.0,14924.0,14500.0,,14924.0,,,42,616024.0,6,F1,1,,,,,
2026-08-07,2026-08-07,CM,NSE,STK,13981,IN0020190370,SGBOCT27,GB,,,,,2.50%GOLDBONDS2027SR-V,14670.0,14920.02,14670.0,14920.02,14920.02,14650.0,,14920.02,,,15,221658.08,7,F1,1,,,,,
2026-08-07,2026-08-07,CM,NSE,STK,8766,IN0020180561,SGBFEB27,GB,,,,,2.50%GOLDBONDS2027SR-VI,14500.01,14689.0,14500.01,14689.0,14689.0,14399.0,,14579.51,,,2,29189.01,2,F1,1,,,,,
2026-08-07,2026-08-07,CM,NSE,STK,14252,IN0020190388,SGBOCT27VI,GB,,,,,2.50%GOLDBONDS2027SR-VI,14649.99,14800.0,14649.99,14799.87,14800.0,14649.99,,14799.87,,,179,2642238.39,18,F1,1,,,,,
2026-08-07,2026-08-07,CM,NSE,STK,15432,IN0020190461,SGBDC27VII,GB,,,,,2.50%GOLDBONDS2027SR-VII,14511.0,14750.0,14511.0,14750.0,14750.0,14750.0,,14750.0,,,17,249997.06,8,F1,1,,,,,
2026-08-07,2026-08-07,CM,NSE,STK,18862,IN0020200062,SGBAPR28I,GB,,,,,2.50%GOLDBONDS2028SR-I,14655.0,14799.0,14560.0,14795.06,14799.0,14697.55,,14800.68,,,136,2005805.85,36,F1,1,,,,,
2026-08-07,2026-08-07,CM,NSE,STK,18972,IN0020200088,SGBMAY28,GB,,,,,2.50%GOLDBONDS2028SR-II,14645.99,14799.0,14561.0,14777.2,14799.0,14604.79,,14777.2,,,354,5193781.67,49,F1,1,,,,,
2026-08-07,2026-08-07,CM,NSE,STK,22242,IN0020200146,SGBJUL28IV,GB,,,,,2.50%GOLDBONDS2028SR-IV,14699.99,14730.0,14526.03,14707.95,14700.22,14592.56,,14703.58,,,485,7108118.76,97,F1,1,,,,,
2026-08-07,2026-08-07,CM,NSE,STK,17664,IN0020190545,SGBFEB28IX,GB,,,,,2.50%GOLDBONDS2028SR-IX,14698.0,14740.0,14624.51,14740.0,14740.0,14698.0,,14740.0,,,25,366946.08,3,F1,1,,,,,
2026-08-07,2026-08-07,CM,NSE,STK,22385,IN0020200161,SGBAUG28V,GB,,,,,2.50%GOLDBONDS2028SR-V,14800.0,14815.0,14660.01,14789.82,14807.1,14694.58,,14789.82,,,400,5901027.02,115,F1,1,,,,,
2026-08-07,2026-08-07,CM,NSE,STK,149,IN0020200195,SGBSEP28VI,GB,,,,,2.50%GOLDBONDS2028SR-VI,14650.02,14850.0,14650.02,14850.0,14850.0,14734.55,,14850.0,,,586,8676285.64,58,F1,1,,,,,
2026-08-07,2026-08-07,CM,NSE,STK,834,IN0020200203,SGBOC28VII,GB,,,,,2.50%GOLDBONDS2028SR-VII,14660.0,14775.0,14652.01,14766.77,14775.0,14612.0,,14766.77,,,27,397469.03,11,F1,1,,,,,
2026-08-07,2026-08-07,CM,NSE,STK,17110,IN0020190537,SGBJ28VIII,GB,,,,,2.50%GOLDBONDS2028SR-VIII,14749.99,14749.99,14454.0,14660.0,14660.0,14698.99,,14660.0,,,166,2419104.97,12,F1,1,,,,,
2026-08-07,2026-08-07,CM,NSE,STK,18451,IN0020190552,SGBMAR28X,GB,,,,,2.50%GOLDBONDS2028SR-X,14700.0,14850.0,14700.0,14849.98,14850.0,14730.0,,14849.98,,,234,3458129.57,11,F1,1,,,,,
2026-08-07,2026-08-07,CM,NSE,STK,5113,IN0020210111,SGBJUL29IV,GB,,,,,2.50%GOLDBONDS2029SR-IV,14550.0,14770.0,14550.0,14735.25,14759.99,14620.0,,14680.18,,,964,14086404.53,71,F1,1,,,,,
2026-08-07,2026-08-07,CM,NSE,STK,1920,IN0020200377,SGBJAN29IX,GB,,,,,2.50%GOLDBONDS2029SR-IX,14555.0,14750.0,14555.0,14704.28,14750.0,14601.99,,14704.28,,,122,1785248.67,20,F1,1,,,,,
2026-08-07,2026-08-07,CM,NSE,STK,5455,IN0020210129,SGBAUG29V,GB,,,,,2.50%GOLDBONDS2029SR-V,14800.0,14874.0,14626.01,14823.5,14830.0,14789.38,,14817.37,,,64,944525.89,32,F1,1,,,,,
2026-08-07,2026-08-07,CM,NSE,STK,7098,IN0020210228,SGBD29VIII,GB,,,,,2.50%GOLDBONDS2029SR-VIII,14700.0,14830.0,14610.0,14811.05,14830.0,14661.84,,14813.17,,,100,1472602.23,48,F1,1,,,,,
2026-08-07,2026-08-07,CM,NSE,STK,2003,IN0020200385,SGBJAN29X,GB,,,,,2.50%GOLDBONDS2029SR-X,14600.0,14799.0,14512.01,14799.0,14799.0,14617.5,,14799.0,,,10,146136.06,5,F1,1,,,,,
2026-08-07,2026-08-07,CM,NSE,STK,2200,IN0020200393,SGBFEB29XI,GB,,,,,2.50%GOLDBONDS2029SR-XI,14700.0,14798.99,14620.0,14650.01,14650.01,14679.16,,14650.01,,,56,822336.72,17,F1,1,,,,,
2026-08-07,2026-08-07,CM,NSE,STK,2810,IN0020200427,SGBMR29XII,GB,,,,,2.50%GOLDBONDS2029SR-XII,14670.0,14850.0,14670.0,14840.0,14850.0,14716.5,,14840.0,,,235,3473019.44,33,F1,1,,,,,
2026-08-07,2026-08-07,CM,NSE,STK,10232,IN0020220045,SGBJUN30,GB,,,,,2.50%GOLDBONDS2030SR-I,14850.0,14850.0,14700.0,14755.01,14755.01,14694.4,,14755.01,,,74,1092423.04,27,F1,1,,,,,
2026-08-07,2026-08-07,CM,NSE,STK,11192,IN0020220078,SGBAUG30,GB,,,,,2.50%GOLDBONDS2030SR-II,14740.0,14880.0,14686.0,14867.88,14869.0,14728.17,,14867.88,,,179,2644919.09,64,F1,1,,,,,
2026-08-07,2026-08-07,CM,NSE,STK,13642,IN0020220110,SGBDE30III,GB,,,,,2.50%GOLDBONDS2030SR-III,14756.99,14887.0,14656.37,14842.46,14801.06,14757.55,,14842.46,,,101,1496010.65,35,F1,1,,,,,
2026-08-07,2026-08-07,CM,NSE,STK,7879,IN0020210236,SGBJAN30IX,GB,,,,,2.50%GOLDBONDS2030SR-IX,14680.0,14871.92,14650.0,14803.03,14803.0,14641.0,,14803.03,,,290,4279867.98,42,F1,1,,,,,
2026-08-07,2026-08-07,CM,NSE,STK,8401,IN0020210319,SGBMAR30X,GB,,,,,2.50%GOLDBONDS2030SR-X,14740.0,14844.97,14640.0,14755.01,14755.01,14660.34,,14755.01,,,33,486011.84,17,F1,1,,,,,
2026-08-07,2026-08-07,CM,NSE,STK,17202,IN0020230069,SGBJUN31I,GB,,,,,2.50%GOLDBONDS2031SR-I,14756.2,14928.99,14756.2,14878.8,14889.97,14815.09,,14867.09,,,1744,25858280.88,185,F1,1,,,,,
2026-08-07,2026-08-07,CM,NSE,STK,19456,IN0020230093,SGBSEP31II,GB,,,,,2.50%GOLDBONDS2031SR-II,14866.0,14978.2,14821.01,14941.96,14969.98,14874.69,,14942.64,,,1152,17162523.69,279,F1,1,,,,,
2026-08-07,2026-08-07,CM,NSE,STK,22476,IN0020230168,SGBDE31III,GB,,,,,2.50%GOLDBONDS2031SR-III,15099.4,15099.4,14950.0,15051.08,15049.99,15024.28,,15050.9,,,1368,20586037.08,246,F1,1,,,,,
2026-08-07,2026-08-07,CM,NSE,STK,14598,IN0020220169,SGBMAR31IV,GB,,,,,2.50%GOLDBONDS2031SR-IV,14850.0,14900.0,14801.0,14900.0,14900.0,14838.89,,14898.89,,,210,3125891.72,72,F1,1,,,,,
2026-08-07,2026-08-07,CM,NSE,STK,22886,IN0020230184,SGBFEB32IV,GB,,,,,2.50%GOLDBONDS2032SR-IV,15010.0,15159.99,15010.0,15111.47,15119.98,15121.34,,15111.37,,,3172,47926385.9,329,F1,1,,,,,
2026-08-07,2026-08-07,CM,NSE,STK,16921,INE144J01027,20MICRONS,EQ,,,,,20 MICRONS LTD,191.71,193.59,187.9,189.07,187.9,191.71,,189.08,,,126589,24141315.92,2798,F1,1,,,,,
2026-08-07,2026-08-07,CM,NSE,STK,4,INE253B01015,21STCENMGM,EQ,,,,,21ST CENTURY MGMT SERVICE,44.0,44.0,43.07,43.58,43.7,43.3,,43.58,,,7409,324214.61,89,F1,1,,,,,
2026-08-07,2026-08-07,CM,NSE,STK,13061,INE466L01038,360ONE,EQ,,,,,360 ONE WAM LIMITED,1185.6,1192.8,1151.0,1168.1,1168.1,1186.0,,1168.09,,,1707560,2004353941.6,57598,F1,1,,,,,
2026-08-07,2026-08-07,CM,NSE,STK,30105,INF579M01BB5,GOLD360,EQ,,,,,360ONEAMC - GOLD360,144.4,145.9,143.05,145.5,145.55,144.05,,145.49,,,47600,6899625.85,329,F1,1,,,,,
2026-08-07,2026-08-07,CM,NSE,STK,763602,INF579M01BP5,MSCI360,EQ,,,,,360ONEAMC - MSCI360,10.35,10.36,10.34,10.35,10.35,10.35,,10.35,,,269,2784.46,12,F1,1,,,,,
2026-08-07,2026-08-07,CM,NSE,STK,756150,INF579M01BC3,SILVER360,EQ,,,,,360ONEAMC - SILVER360,221.98,238.99,220.85,229.16,226.02,220.44,,229.15,,,39539,8888775.1,923,F1,1,,,,,
2026-08-07,2026-08-07,CM,NSE,STK,762518,INE994E01018,3BBLACKBIO,EQ,,,,,3B BLACKBIO DX LTD.,1193.0,1224.5,1193.0,1207.7,1216.2,1205.9,,1207.76,,,1984,2395452.4,298,F1,1,,,,,
2026-08-07,2026-08-07,CM,NSE,STK,6232,INE748C01038,3IINFOLTD,EQ,,,,,3I INFOTECH LIMITED,25.33,25.94,25.2,25.79,25.65,25.5,,25.78,,,1181251,30319269.35,3551,F1,1,,,,,
2026-08-07,2026-08-07,CM,NSE,STK,474,INE470A01017,3MINDIA,EQ,,,,,3M INDIA LIMITED,35940.0,36270.0,35870.0,36035.0,35925.0,36000.0,,36034.27,,,3976,143330285.0,1288,F1,1,,,,,
2026-08-07,2026-08-07,CM,NSE,STK,2595,INE105C01023,3PLAND,EQ,,,,,3P LAND HOLDINGS LIMITED,32.12,32.5,31.9,32.12,32.2,32.1,,32.12,,,1519,48948.13,34,F1,1,,,,,
2026-08-07,2026-08-07,CM,NSE,STK,445,INE618L01018,5PAISA,EQ,,,,,5PAISA CAPITAL LIMITED,372.4,372.4,364.45,367.55,366.95,366.1,,367.53,,,22993,8465845.8,1353,F1,1,,,,,
2026-08-07,2026-08-07,CM,NSE,STK,11868,INE111B01023,63MOONS,EQ,,,,,63 MOONS TECHNOLOGIES LTD,856.8,889.8,847.15,857.75,858.5,858.2,,857.71,,,473840,411712532.9,15237,F1,1,,,,,
2026-08-07,2026-08-07,CM,NSE,STK,29323,INE053F07579,734IRFC28,N4,,,,,7.34 NCD 19FEB28 TR1 SR2,1086.0,1086.01,1086.0,1086.0,1086.0,1085.0,,1086.25,,,6000,6516002.0,7,F1,1,,,,,
2026-08-07,2026-08-07,CM,NSE,STK,19926,INE020B07JU4,743REC35,NH,,,,,7.43% TAX FREE TRI SR3B,1182.25,1182.25,1182.25,1182.25,1182.25,1200.0,,1182.25,,,214,253001.5,1,F1,1,,,,,
2026-08-07,2026-08-07,CM,NSE,STK,29312,INE031A07865,751HUDCO28,N5,,,,,7.51 NCD 16FEB28 TR1 SR2,1063.03,1063.23,1063.02,1063.2,1063.2,1062.43,,1063.2,,,2400,2551439.5,5,F1,1,,,,,
2026-08-07,2026-08-07,CM,NSE,STK,20034,INE261F07032,764NABAR31,N2,,,,,7.64% TAX FREE TRI SRIIB,1109.01,1110.0,1107.15,1110.0,1110.0,1110.81,,1110.0,,,974,1079773.64,20,F1,1,,,,,
2026-08-07,2026-08-07,CM,NSE,STK,19928,INE031A07AO5,764HUDCO31,N8,,,,,7.64% TAX FREETRI SR2B,1127.52,1127.52,1127.52,1127.52,1127.52,1116.07,,1126.03,,,1,1127.52,1,F1,1,,,,,
2026-08-07,2026-08-07,CM,NSE,STK,19930,INE031A07AT4,769HUDCO31,N9,,,,,7.69% TAX FREETRII SR2B,1131.0,1132.0,1131.0,1132.0,1132.0,1129.97,,1132.0,,,505,571399.0,4,F1,1,,,,,
2026-08-07,2026-08-07,CM,NSE,STK,19924,INE020B07GH7,812REC27,NI,,,,,8.12/8.32% TAX FREE NCD,1024.0,1025.25,1024.0,1025.25,1025.25,1022.0,,1025.25,,,201,205825.25,5,F1,1,,,,,
2026-08-07,2026-08-07,CM,NSE,STK,31240,INE031A07840,82HUDCO27,N2,,,,,8.20 NCD05MAR27 FV 1000,1043.1,1050.0,1043.1,1050.0,1050.0,1049.0,,1050.0,,,1089,1142070.0,10,F1,1,,,,,
2026-08-07,2026-08-07,CM,NSE,STK,20022,INE134E07208,830PFCL27,N5,,,,,8.30% TAX FREE NCD,1076.51,1089.42,1076.51,1089.41,1089.42,1071.62,,1138.36,,,22,23709.02,3,F1,1,,,,,
2026-08-07,2026-08-07,CM,NSE,STK,31760,INE733E07JF7,848NTPC28,N2,,,,,8.48%S-R-NCD SERIES 2A,1152.0,1152.0,1152.0,1152.0,1152.0,1152.0,,1152.0,,,100,115200.0,1,F1,1,,,,,
2026-08-07,2026-08-07,CM,NSE,STK,19964,INE031A07915,851HUDCO28,NB,,,,,8.51% TAX FREETRI SR2A,1127.0,1127.05,1127.0,1127.05,1127.05,1125.01,,1127.5,,,125,140876.25,2,F1,1,,,,,
2026-08-07,2026-08-07,CM,NSE,STK,20056,INE787H07347,866IIFC34B,N3,,,,,8.66% TAX FREE NCD,1252.0,1252.0,1252.0,1252.0,1252.0,1240.0,,1252.0,,,130,162760.0,1,F1,1,,,,,
2026-08-07,2026-08-07,CM,NSE,STK,20026,INE134E07455,867PFCL33,N7,,,,,8.67% TAX FREE NCD,1257.01,1262.0,1257.01,1261.21,1261.21,1255.05,,1265.61,,,2600,3275064.0,5,F1,1,,,,,
2026-08-07,2026-08-07,CM,NSE,STK,192,INE906B07DF8,875NHAI29,N6,,,,,8.75% TAX FREE TR I S IIB,1120.0,1120.05,1112.0,1112.0,1112.0,1120.0,,1112.0,,,1128,1261484.25,16,F1,1,,,,,
2026-08-07,2026-08-07,CM,NSE,STK,19968,INE031A07949,876HUDCO28,ND,,,,,8.76% TAX FREETRI SR2B,1142.0,1142.0,1136.0,1141.5,1141.5,1140.5,,1141.5,,,604,687609.0,7,F1,1,,,,,
2026-08-07,2026-08-07,CM,NSE,STK,20058,INE787H07370,891IIFCL34,N4,,,,,8.91% TAX FREE NCD,1258.99,1258.99,1258.99,1258.99,1258.99,1269.0,,1258.99,,,5,6294.95,2,F1,1,,,,,
2026-08-07,2026-08-07,CM,NSE,STK,31768,INE733E07JJ9,891NTPC33,N6,,,,,8.91%S-R-NCD SERIES 3B,1278.0,1280.0,1278.0,1278.0,1278.0,1275.0,,1278.0,,,130,166340.0,9,F1,1,,,,,
2026-08-07,2026-08-07,CM,NSE,STK,31487,INE848E07567,892NHPC33,N6,,,,,8.92% SEC RED BOND S3B,1260.0,1260.0,1260.0,1260.0,1260.0,1267.0,,1260.0,,,400,504000.0,5,F1,1,,,,,
2026-08-07,2026-08-07,CM,NSE,STK,20028,INE134E07463,892PFCL33,N8,,,,,8.92% TAX FREE NCD,1280.0,1280.0,1276.0,1278.49,1278.99,1281.0,,1278.49,,,170,217419.0,5,F1,1,,,,,
2026-08-07,2026-08-07,CM,NSE,STK,19970,INE031A07AB2,901HUDCO34,NE,,,,,9.01% TAX FREETRII SR3B,1290.0,1290.0,1289.0,1289.0,1289.0,1290.0,,1289.0,,,201,259289.0,3,F1,1,,,,,
2026-08-07,2026-08-07,CM,NSE,STK,759130,INE08PH01015,ABCOTS,EQ,,,,,A B COTSPIN INDIA LIMITED,201.9,201.9,197.0,198.71,200.8,200.87,,198.71,,,10218,2046438.46,227,F1,1,,,,,
2026-08-07,2026-08-07,CM,NSE,STK,27020,INE00YB01025,ABINFRA,EQ,,,,,A B INFRABUILD LIMITED,10.01,10.16,9.9,9.96,9.96,10.01,,9.96,,,255072,2543210.13,557,F1,1,,,,,
2026-08-07,2026-08-07,CM,NSE,STK,762528,INE850B01026,ABMKNO,EQ,,,,,A B M KNOWLEDGEWARE LTD.,191.0,191.0,185.0,186.21,189.88,190.87,,186.18,,,1192,223787.17,42,F1,1,,,,,
2026-08-07,2026-08-07,CM,NSE,STK,762533,INE366C01021,ACSTECH,EQ,,,,,A C S TECHNOLOGIES LTD.,46.21,47.0,44.5,46.0,45.99,45.97,,46.03,,,328712,14889160.02,1346,F1,1,,,,,
2026-08-07,2026-08-07,CM,NSE,STK,15147,INE0O6N01012,AGUL,SM,,,,,A G UNIVERSAL LIMITED,56.45,56.45,56.45,56.45,56.45,59.35,,56.45,,,2000,112900.0,1,F1,2000,,,,,
2026-08-07,2026-08-07,CM,NSE,STK,762538,INE701G01012,AKCAPIT,EQ,,,,,A K CAPITAL SERVICES LTD.,1713.8,1739.9,1700.0,1720.7,1720.0,1690.3,,1720.8,,,1753,3020285.9,353,F1,1,,,,,
2026-08-07,2026-08-07,CM,NSE,STK,20906,INE619I01012,A2ZINFRA,EQ,,,,,A2Z INFRA ENGINEERING LTD,17.0,17.5,16.73,17.39,17.38,16.73,,17.35,,,443981,7680596.98,626,F1,1,,,,,
2026-08-07,2026-08-07,CM,NSE,STK,12533,INE0D0U01013,AAATECH,EQ,,,,,AAA TECHNOLOGIES LIMITED,93.12,95.2,90.62,91.95,92.2,93.12,,91.95,,,64491,6050819.2,240,F1,1,,,,,
2026-08-07,2026-08-07,CM,NSE,STK,23729,INE883F01010,AADHARHFC,EQ,,,,,AADHAR HOUSING FINANCE L,515.4,516.8,502.0,506.4,502.0,514.9,,506.41,,,271851,138093316.15,18790,F1,1,,,,,
2026-08-07,2026-08-07,CM,NSE,STK,757579,INE1GYP01013,AAKAAR,SM,,,,,AAKAAR MEDICAL TECHNO LTD,64.1,64.1,60.5,60.5,60.5,63.65,,60.5,,,14400,877360.0,9,F1,1600,,,,,
2026-08-07,2026-08-07,CM,NSE,STK,235,INE087Z01024,AAKASH,EQ,,,,,AAKASH EXPLORATION SER L,9.0,9.07,8.97,8.99,9.02,8.99,,8.99,,,55441,499734.62,276,F1,1,,,,,
2026-08-07,2026-08-07,CM,NSE,STK,758120,INE124401014,AARADHYA,SM,,,,,AARADHYA DISPOSAL INDUS L,73.5,73.5,72.0,72.0,72.0,73.5,,72.0,,,4800,347400.0,4,F1,1200,,,,,
2026-08-07,2026-08-07,CM,NSE,STK,5248,INE198H01019,AAREYDRUGS,BE,,,,,AAREY DRUGS & PHARM LTD,81.45,83.71,80.0,81.47,82.65,81.8,,81.39,,,7631,619976.08,65,F1,1,,,,,
2026-08-07,2026-08-07,CM,NSE,STK,761821,INE750R01016,AARNAV,EQ,,,,,AARNAV FASHIONS LIMITED,32.5,32.5,30.38,30.82,30.6,30.86,,30.76,,,76907,2395791.21,1087,F1,1,,,,,
2026-08-07,2026-08-07,CM,NSE,STK,1030,INE721Z01010,AARON,EQ,,,,,AARON INDUSTRIES LIMITED,133.0,134.99,132.0,134.24,134.86,134.57,,134.24,,,7072,947630.83,235,F1,1,,,,,
2026-08-07,2026-08-07,CM,NSE,STK,17164,INE01C001026,AARTECH,BE,,,,,AARTECH SOLONICS LIMITED,46.3,47.49,45.55,47.0,47.0,47.25,,46.84,,,15596,725021.1,115,F1,1,,,,,
2026-08-07,2026-08-07,CM,NSE,STK,4481,INE767A01016,AARTIDRUGS,EQ,,,,,AARTI DRUGS LTD.,411.0,418.15,409.85,416.2,418.15,410.85,,416.21,,,90024,37330432.6,3679,F1,1,,,,,
2026-08-07,2026-08-07,CM,NSE,STK,7,INE769A01020,AARTIIND,EQ,,,,,AARTI INDUSTRIES LTD,500.0,510.0,496.55,502.1,500.6,501.2,,502.09,,,1422279,718669981.1,33459,F1,1,,,,,
2026-08-07,2026-08-07,CM,NSE,STK,13868,INE0LRU01027,AARTIPHARM,EQ,,,,,AARTI PHARMALABS LIMITED,691.0,706.0,683.0,685.85,684.2,692.25,,685.77,,,179726,124655644.65,13762,F1,1,,,,,
2026-08-07,2026-08-07,CM,NSE,STK,19233,INE09EO01013,AARTISURF,EQ,,,,,AARTI SURFACTANTS LIMITED,545.0,549.95,526.5,535.95,547.4,551.35,,535.79,,,30784,16535079.9,1072,F1,1,,,,,
2026-08-07,2026-08-07,CM,NSE,STK,19073,INE754X01016,AARVI,EQ,,,,,AARVI ENCON LIMITED,154.79,157.79,152.5,153.71,152.6,155.87,,153.61,,,20116,3111389.53,534,F1,1,,,,,
2026-08-07,2026-08-07,CM,NSE,STK,763800,INE2FMX01012,AASTHA,EQ,,,,,AASTHA SPINTEX LIMITED,78.41,82.7,74.6,74.6,74.6,82.88,,74.6,,,6003229,455404519.58,25371,F1,1,,,,,
2026-08-07,2026-08-07,CM,NSE,STK,16961,INE0OB201016,AATMAJ,SM,,,,,AATMAJ HEALTHCARE LIMITED,19.0,19.0,18.8,18.8,18.8,19.95,,18.8,,,6000,113300.0,3,F1,2000,,,,,
2026-08-07,2026-08-07,CM,NSE,STK,5385,INE216P01012,AAVAS,EQ,,,,,AAVAS FINANCIERS LIMITED,1365.0,1396.3,1354.1,1371.5,1366.6,1376.3,,1371.24,,,64072,87925505.0,11385,F1,1,,,,,
2026-08-07,2026-08-07,CM,NSE,STK,7759,INE421A01028,ABAN,BE,,,,,ABAN OFFSHORE LTD.,19.0,20.11,19.0,19.99,20.1,19.16,,19.91,,,277730,5551658.36,970,F1,1,,,,,
2026-08-07,2026-08-07,CM,NSE,STK,762526,INE365O01028,ABANSENT,BE,,,,,ABANS ENTERPRISES LTD.,26.61,26.61,25.3,25.99,25.99,26.48,,26.33,,,3624,92331.22,22,F1,1,,,,,
2026-08-07,2026-08-07,CM,NSE,STK,13288,INE00ZE01026,AFSL,EQ,,,,,ABANS FINANCIAL SRVCS LTD,201.25,202.9,201.01,201.04,201.01,201.25,,201.04,,,5864,1181286.03,70,F1,1,,,,,
2026-08-07,2026-08-07,CM,NSE,STK,13,INE117A01022,ABB,EQ,,,,,ABB INDIA LIMITED,7657.5,7670.0,7580.0,7600.0,7600.0,7735.0,,7600.0,,,179322,1364758642.5,20083,F1,1,,,,,
2026-08-07,2026-08-07,CM,NSE,STK,17903,INE358A01014,ABBOTINDIA,EQ,,,,,ABBOTT INDIA LIMITED,27855.0,27975.0,27600.0,27835.0,27810.0,27855.0,,27832.44,,,7629,211803580.0,4396,F1,1,,,,,
2026-08-07,2026-08-07,CM,NSE,STK,755941,INE860H07IQ0,8ABCL26,N2,,,,,ABCL 8% SR I,1063.0,1063.0,1063.0,1063.0,1063.0,1063.0,,1063.0,,,69,73347.0,5,F1,1,,,,,
2026-08-07,2026-08-07,CM,NSE,STK,4626,INE0CAJ01017,AILIMITED,SM,,,,,ABHISHEK INTEGRATIONS LTD,35.85,35.85,35.85,35.85,35.85,35.85,,35.85,,,1500,53775.0,1,F1,1500,,,,,
2026-08-07,2026-08-07,CM,NSE,STK,5549,INE251C01025,ABMINTLLTD,EQ,,,,,ABM INTERNATIONAL LTD,44.78,44.78,41.36,41.61,41.36,41.41,,41.61,,,1268,54315.14,29,F1,1,,,,,
2026-08-07,2026-08-07,CM,NSE,STK,23786,INE0QRV01016,ABSMARINE,ST,,,,,ABS MARINE SERVICES LTD,223.6,223.95,217.2,219.05,219.0,223.6,,219.05,,,24500,5401800.0,47,F1,500,,,,,
2026-08-07,2026-08-07,CM,NSE,STK,22,INE012A01025,ACC,EQ,,,,,ACC LIMITED,1370.0,1373.9,1360.0,1362.8,1366.5,1378.4,,1362.85,,,160343,219131368.2,14381,F1,1,,,,,
2026-08-07,2026-08-07,CM,NSE,STK,7053,INE793A01012,ACCELYA,EQ,,,,,ACCELYA SOLN INDIA LTD,1134.0,1151.9,1134.0,1143.6,1146.0,1137.2,,1143.62,,,4003,4587283.6,487,F1,1,,,,,
2026-08-07,2026-08-07,CM,NSE,STK,20488,INE0Q5D01013,ACCENTMIC,SM,,,,,ACCENT MICROCELL LIMITED,522.5,547.0,515.0,543.9,543.0,514.45,,543.9,,,134500,71767350.0,223,F1,500,,,,,
2026-08-07,2026-08-07,CM,NSE,STK,757024,INE0T8T01010,ACCPL,ST,,,,,ACCRETION PHARMA LIMITED,179.85,181.0,178.0,181.0,181.0,179.85,,181.0,,,14400,2584080.0,10,F1,1200,,,,,
2026-08-07,2026-08-07,CM,NSE,STK,1472,INE648Z01023,ACCURACY,BE,,,,,ACCURACY SHIPPING LIMITED,4.75,4.8,4.68,4.72,4.79,4.77,,4.72,,,46262,219058.54,162,F1,1,,,,,
2026-08-07,2026-08-07,CM,NSE,STK,11779,INE543V01017,ACEINTEG,EQ,,,,,ACE INTEGRATED SOLU. LTD.,19.5,19.5,18.46,18.88,19.26,19.0,,18.88,,,1476,27813.46,71,F1,1,,,,,
2026-08-07,2026-08-07,CM,NSE,STK,761112,INE1J6M01010,ACETEC,SM,,,,,ACETECH E-COMMERCE LTD,131.55,131.55,131.55,131.55,131.55,140.5,,131.55,,,1200,157860.0,1,F1,1200,,,,,
2026-08-07,2026-08-07,CM,NSE,STK,27061,INE622W01025,ACMESOLAR,EQ,,,,,ACME SOLAR HOLDINGS LTD,372.0,380.95,362.75,368.6,368.05,375.45,,368.59,,,1278670,472958265.15,27763,F1,1,,,,,
2026-08-07,2026-08-07,CM,NSE,STK,13587,INE731H01025,ACE,EQ,,,,,ACTION CONST EQUIP LTD,1113.7,1120.0,1082.1,1094.3,1085.9,1113.7,,1094.38,,,234548,258682143.4,16290,F1,1,,,,,
2026-08-07,2026-08-07,CM,NSE,STK,5578,INE00FF01025,ACUTAAS,EQ,,,,,ACUTAAS CHEMICALS LIMITED,3240.0,3328.0,3239.9,3297.9,3290.0,3260.6,,3297.86,,,187550,618542396.9,18721,F1,1,,,,,
2026-08-07,2026-08-07,CM,NSE,STK,10217,INE931S01010,ADANIENSOL,EQ,,,,,ADANI ENERGY SOLUTION LTD,1620.0,1647.0,1606.0,1630.1,1630.1,1620.0,,1630.1,,,1391604,2268040832.2,38274,F1,1,,,,,
2026-08-07,2026-08-07,CM,NSE,STK,25,INE423A01024,ADANIENT,EQ,,,,,ADANI ENTERPRISES LIMITED,3025.9,3039.5,3004.5,3020.0,3020.0,3026.0,,3019.89,,,788881,2384517725.4,31660,F1,1,,,,,
2026-08-07,2026-08-07,CM,NSE,STK,3563,INE364U01010,ADANIGREEN,EQ,,,,,ADANI GREEN ENERGY LTD,1371.5,1389.9,1365.7,1372.4,1372.4,1371.5,,1372.32,,,1273380,1751933171.5,27726,F1,1,,,,,
2026-08-07,2026-08-07,CM,NSE,STK,15083,INE742F01042,ADANIPORTS,EQ,,,,,ADANI PORT & SEZ LTD,1695.0,1702.3,1676.7,1693.5,1693.5,1695.0,,1693.46,,,2387389,4028457825.6,44297,F1,1,,,,,
2026-08-07,2026-08-07,CM,NSE,STK,17388,INE814H01029,ADANIPOWER,EQ,,,,,ADANI POWER LTD,208.13,212.1,208.13,209.0,209.0,208.12,,208.95,,,14372119,3021666669.32,74627,F1,1,,,,,
2026-08-07,2026-08-07,CM,NSE,STK,6066,INE399L01023,ATGL,EQ,,,,,ADANI TOTAL GAS LIMITED,656.05,663.6,655.55,657.55,655.55,660.25,,657.51,,,427282,281764972.25,13000,F1,1,,,,,
2026-08-07,2026-08-07,CM,NSE,STK,22468,INE0RDH01021,ADDICTIVE,SM,,,,,ADDICTIVE LEARNING TECH L,39.8,40.15,38.8,40.15,40.15,38.25,,40.15,,,16500,654875.0,20,F1,500,,,,,
2026-08-07,2026-08-07,CM,NSE,STK,19761,INE982B01027,ADFFOODS,EQ,,,,,ADF FOODS LIMITED,258.9,263.85,258.0,259.7,259.0,261.4,,259.69,,,113084,29519970.25,6197,F1,1,,,,,
2026-08-07,2026-08-07,CM,NSE,STK,763156,INE20PL01012,ADISOFT,SM,,,,,ADISOFT TECHNOLOGIES LTD,177.8,192.95,177.3,189.4,189.95,177.65,,189.4,,,64800,11976560.0,71,F1,800,,,,,
2026-08-07,2026-08-07,CM,NSE,STK,6018,INE404A01024,ABSLAMC,EQ,,,,,ADIT BIRL SUN LIF AMC LTD,1028.5,1034.7,1006.1,1025.3,1030.0,1024.1,,1025.3,,,198652,202196526.2,19178,F1,1,,,,,
2026-08-07,2026-08-07,CM,NSE,STK,21614,INE674K01013,ABCAPITAL,EQ,,,,,ADITYA BIRLA CAPITAL LTD.,419.0,420.5,404.7,408.05,408.05,421.5,,408.83,,,4840967,1978763760.7,51253,F1,1,,,,,
2026-08-07,2026-08-07,CM,NSE,STK,30108,INE647O01011,ABFRL,EQ,,,,,ADITYA BIRLA FASHION & RT,63.26,63.82,62.3,63.33,63.41,63.26,,63.33,,,6582044,415586734.03,28482,F1,1,,,,,
2026-08-07,2026-08-07,CM,NSE,STK,756843,INE14LE01019,ABLBL,EQ,,,,,ADITYA BIRLA LIFES BRAN L,94.66,94.94,93.5,93.86,94.29,94.66,,93.86,,,387410,36464082.91,4845,F1,1,,,,,
2026-08-07,2026-08-07,CM,NSE,STK,15239,INE865C01022,BIRLAMONEY,EQ,,,,,ADITYA BIRLA MONEY LTD,132.21,133.99,132.0,132.3,132.29,133.53,,132.3,,,22726,3018100.49,691,F1,1,,,,,
2026-08-07,2026-08-07,CM,NSE,STK,625,INE055A01016,ABREL,EQ,,,,,ADITYA BIRLA REAL EST LTD,1400.0,1411.0,1378.0,1382.8,1381.2,1390.8,,1382.78,,,265738,369517062.5,10037,F1,1,,,,,
2026-08-07,2026-08-07,CM,NSE,STK,758858,INE819V01029,CPPLUS,EQ,,,,,ADITYA INFOTECH LIMITED,3645.0,3722.0,3640.0,3708.7,3710.0,3656.2,,3708.65,,,86067,317662379.8,10803,F1,1,,,,,
2026-08-07,2026-08-07,CM,NSE,STK,25248,INE01YQ01013,AUSL,SM,,,,,ADITYA ULTRA STEEL LTD,25.35,25.35,24.25,24.25,24.25,25.5,,24.25,,,4000,99200.0,2,F1,2000,,,,,
2026-08-07,2026-08-07,CM,NSE,STK,25984,INE679V01027,AVL,EQ,,,,,ADITYA VISION LIMITED,627.0,630.5,617.0,618.45,617.25,629.7,,618.45,,,85408,53220098.85,6480,F1,1,,,,,
2026-08-07,2026-08-07,CM,NSE,STK,23804,INF209KB18D3,BSLGOLDETF,EQ,,,,,ADITYBIRLA SL GOLD ETF-GR,130.06,131.5,129.05,131.25,129.05,130.06,,131.25,,,152676,19980462.53,1726,F1,1,,,,,
2026-08-07,2026-08-07,CM,NSE,STK,24781,INF209KB19D1,BSLNIFTY,EQ,,,,,ADITYBIRLA SL NIF ETF-GR,28.7,29.77,28.7,28.96,28.9,29.05,,28.96,,,785699,22718588.73,4762,F1,1,,,,,
2026-08-07,2026-08-07,CM,NSE,STK,34,INE045A01017,ADOR,EQ,,,,,ADOR WELDING LTD,1472.0,1500.0,1461.2,1483.4,1465.0,1484.8,,1483.4,,,23430,34771853.4,3320,F1,1,,,,,
2026-08-07,2026-08-07,CM,NSE,STK,4953,INE737B01033,ADROITINFO,EQ,,,,,ADROIT INFOTECH LIMITED,9.81,10.03,9.73,9.92,10.03,9.81,,9.92,,,19285,190782.72,101,F1,1,,,,,
2026-08-07,2026-08-07,CM,NSE,STK,760657,INE0ALI01010,ADVAIT,EQ,,,,,ADVAIT ENRGY TRANSITION L,2324.0,2442.0,2131.0,2193.3,2191.0,2313.1,,2193.44,,,317013,725772463.5,34487,F1,1,,,,,
2026-08-07,2026-08-07,CM,NSE,STK,759402,INE1B0W01010,ADVANCE,EQ,,,,,ADVANCE AGROLIFE LIMITED,130.0,131.73,126.05,127.18,127.55,129.78,,127.18,,,565726,72886653.97,8218,F1,1,,,,,
2026-08-07,2026-08-07,CM,NSE,STK,18039,INE837H01020,ADVENZYMES,EQ,,,,,ADVANCED ENZYME TECH LTD,329.8,332.0,322.0,324.35,323.9,329.8,,324.35,,,177783,57943758.1,4956,F1,1,,,,,
2026-08-07,2026-08-07,CM,NSE,STK,14745,INE199C01026,ADVANIHOTR,EQ,,,,,ADVANI HOT.& RES.(I) LTD,50.77,51.02,50.05,50.19,50.31,50.77,,50.19,,,35305,1778433.38,501,F1,1,,,,,
2026-08-07,2026-08-07,CM,NSE,STK,759769,INE28GN01010,ADVENTHTL,EQ,,,,,ADVENT HOTELS INTERNATI L,148.5,148.95,144.57,147.67,147.7,146.8,,147.67,,,167529,24726491.18,2511,F1,1,,,,,
2026-08-07,2026-08-07,CM,NSE,STK,762227,INE1SJO01012,RAMBHAJO,EQ,,,,,ADVIT JEWELS LIMITED,186.8,198.0,182.1,185.21,184.5,186.6,,185.22,,,373777,71194874.54,6817,F1,1,,,,,
2026-08-07,2026-08-07,CM,NSE,STK,40,INE208C01025,AEGISLOG,EQ,,,,,AEGIS LOGISTICS LIMITED,1423.0,1470.0,1351.1,1371.0,1363.0,1400.0,,1371.18,,,1673750,2338352724.5,63275,F1,1,,,,,
2026-08-07,2026-08-07,CM,NSE,STK,757336,INE0INX01018,AEGISVOPAK,EQ,,,,,AEGIS VOPAK TERMINALS LTD,287.05,294.95,282.2,285.3,285.0,288.7,,285.3,,,813122,233766331.55,15060,F1,1,,,,,
2026-08-07,2026-08-07,CM,NSE,STK,761340,INE423A07484,860AEL28,NH,,,,,AEL 8.60% 2028 SR I,1043.0,1043.0,1043.0,1043.0,1043.0,1042.22,,1043.0,,,5,5215.0,1,F1,1,,,,,
2026-08-07,2026-08-07,CM,NSE,STK,761345,INE423A07518,862AEL31,NM,,,,,AEL 8.62% 2031 SR VI,1007.0,1015.0,1007.0,1015.0,1015.0,1005.55,,1059.9,,,23,23271.0,3,F1,1,,,,,
2026-08-07,2026-08-07,CM,NSE,STK,761346,INE423A07526,890AEL31,NN,,,,,AEL 8.90% 2031 SR VII,1050.98,1051.0,1050.0,1050.21,1050.0,1049.95,,1050.15,,,1556,1634881.68,17,F1,1,,,,,
2026-08-07,2026-08-07,CM,NSE,STK,757874,INE423A07443,9AEL30,NE,,,,,AEL 9% 2030 SR VI,1044.85,1044.95,1044.85,1044.95,1044.95,1022.5,,1044.95,,,20,20898.0,2,F1,1,,,,,
2026-08-07,2026-08-07,CM,NSE,STK,757872,INE423A07435,915AEL28,NC,,,,,AEL 9.15% 2028 SR IV,1019.01,1020.0,1019.0,1019.15,1020.0,1019.24,,1019.15,,,326,332214.99,7,F1,1,,,,,
2026-08-07,2026-08-07,CM,NSE,STK,760234,INE947N01017,AEQUS,EQ,,,,,AEQUS LIMITED,240.0,252.0,239.76,248.31,247.5,239.05,,248.32,,,5616343,1389554945.76,61611,F1,1,,,,,
2026-08-07,2026-08-07,CM,NSE,STK,12015,INE065D01027,AEROENTER,EQ,,,,,AEROFLEX ENTERPRISES LTD,130.49,131.59,125.71,126.39,126.5,130.32,,126.39,,,271628,34668897.77,3252,F1,1,,,,,
2026-08-07,2026-08-07,CM,NSE,STK,18268,INE024001021,AEROFLEX,EQ,,,,,AEROFLEX INDUSTRIES LTD,432.0,443.0,423.0,426.1,426.0,438.5,,426.11,,,1114794,479186113.95,22876,F1,1,,,,,
2026-08-07,2026-08-07,CM,NSE,STK,13689,INE035801013,AERONEU,EQ,,,,,AEROFLEX NEU LIMITED,85.0,86.86,84.52,84.95,84.52,85.44,,84.95,,,41797,3579014.3,371,F1,1,,,,,
2026-08-07,2026-08-07,CM,NSE,STK,25065,INE0WL801011,AERON,SM,,,,,AERON COMPOSITE LIMITED,76.35,77.9,76.35,77.9,77.9,77.55,,77.9,,,2000,154250.0,2,F1,1000,,,,,
2026-08-07,2026-08-07,CM,NSE,STK,9810,INE0BWX01014,AETHER,EQ,,,,,AETHER INDUSTRIES LIMITED,1580.0,1612.0,1580.0,1591.6,1590.0,1584.4,,1591.51,,,165723,264988087.1,13278,F1,1,,,,,
2026-08-07,2026-08-07,CM,NSE,STK,25977,INE101I01011,AFCONS,EQ,,,,,AFCONS INFRASTRUCTURE LTD,279.0,285.8,268.75,274.25,273.55,278.75,,274.12,,,1190862,331819203.8,20496,F1,1,,,,,
2026-08-07,2026-08-07,CM,NSE,STK,11343,INE00WC01027,AFFLE,EQ,,,,,AFFLE 3I LIMITED,1691.2,1720.1,1593.5,1645.6,1620.0,1688.7,,1645.38,,,310792,523154569.7,29581,F1,1,,,,,
2026-08-07,2026-08-07,CM,NSE,STK,25857,INE692Z01013,AFFORDABLE,BE,,,,,AFFORD ROBO & AUTO LTD,200.2,200.2,193.01,196.05,197.0,190.85,,196.65,,,23434,4635335.87,391,F1,1,,,,,
2026-08-07,2026-08-07,CM,NSE,STK,759446,INE916Y07032,12AFIL27,N0,,,,,AFIL 12% 2027 SR 1,10012.99,10012.99,9962.93,9962.93,9962.93,10006.1,,9962.93,,,20,199759.2,2,F1,1,,,,,
2026-08-07,2026-08-07,CM,NSE,STK,759283,INE916Y07057,12AFIL28,N0,,,,,AFIL 12% 2028,9952.0,9952.0,9901.0,9901.0,9901.0,9852.0,,9901.0,,,2,19853.0,2,F1,1,,,,,
2026-08-07,2026-08-07,CM,NSE,STK,3389,INE204E01012,AGARIND,EQ,,,,,AGARWAL INDS CORP LTD.,520.0,526.35,511.1,514.55,511.2,524.2,,514.49,,,18020,9304489.05,974,F1,1,,,,,
2026-08-07,2026-08-07,CM,NSE,STK,27309,INE0P8X01016,AGARWALTUF,SM,,,,,AGARWAL TOUGH GLASS IND L,152.8,152.8,148.0,149.75,149.0,151.1,,149.75,,,25200,3766380.0,21,F1,1200,,,,,
2026-08-07,2026-08-07,CM,NSE,STK,1412,INE415A01038,AGI,EQ,,,,,AGI GREENPAC LIMITED,705.1,713.8,705.1,709.8,709.4,710.55,,709.88,,,35018,24858958.2,1921,F1,1,,,,,
2026-08-07,2026-08-07,CM,NSE,STK,24445,INE976R01033,AGIIL,EQ,,,,,AGI INFRA LIMITED,302.9,308.05,301.75,302.95,303.9,304.35,,302.95,,,375763,114589608.35,5134,F1,1,,,,,
2026-08-07,2026-08-07,CM,NSE,STK,11076,INE449G01018,AGRITECH,BE,,,,,AGRI-TECH (INDIA) LIMITED,112.79,112.79,107.1,111.4,111.8,109.02,,111.4,,,5496,601973.6,115,F1,1,,,,,
2026-08-07,2026-08-07,CM,NSE,STK,9046,INE740V01019,AGROPHOS,EQ,,,,,AGRO PHOS INDIA LIMITED,28.03,28.78,28.0,28.4,28.49,28.46,,28.4,,,5285,149282.41,90,F1,1,,,,,
2026-08-07,2026-08-07,CM,NSE,STK,759202,INE583L01014,AGSTRA,BZ,,,,,AGS TRANSACT TECH LTD,2.07,2.1,2.0,2.04,2.05,2.04,,2.03,,,126518,258461.54,243,F1,1,,,,,
2026-08-07,2026-08-07,CM,NSE,STK,2004,INE00PV01013,AHLADA,EQ,,,,,AHLADA ENGINEERS LIMITED,36.48,39.23,36.48,38.2,38.2,37.57,,38.2,,,9215,350440.63,82,F1,1,,,,,
2026-08-07,2026-08-07,CM,NSE,STK,17833,INE758C01029,AHLUCONT,EQ,,,,,AHLUWALIA CONT IND LTD,832.7,832.7,810.0,822.3,822.0,829.25,,822.85,,,15989,13153678.15,2682,F1,1,,,,,
2026-08-07,2026-08-07,CM,NSE,STK,13086,INE212H01026,AIAENG,EQ,,,,,AIA ENGINEERING LIMITED,4804.0,4848.2,4751.1,4776.0,4780.0,4795.4,,4774.58,,,46225,221784960.3,9642,F1,1,,,,,
2026-08-07,2026-08-07,CM,NSE,STK,23984,INE0RUV01018,AIMTRON,SM,,,,,AIMTRON ELECTRONICS LTD,1640.1,1663.0,1625.0,1656.4,1653.0,1631.95,,1656.4,,,36200,59399680.0,156,F1,200,,,,,
2026-08-07,2026-08-07,CM,NSE,STK,9878,INE805A01014,GOLDTECH,BE,,,,,AION-TECH SOLUTIONS LTD,54.71,55.0,52.37,53.81,53.9,54.16,,53.81,,,23520,1254327.98,174,F1,1,,,,,
2026-08-07,2026-08-07,CM,NSE,STK,9897,INE645W01026,AIRAN,EQ,,,,,AIRAN LIMITED,15.05,15.17,14.96,15.09,15.15,15.05,,15.1,,,42489,640493.67,208,F1,1,,,,,
2026-08-07,2026-08-07,CM,NSE,STK,6068,INE801L01010,AIROLAM,EQ,,,,,AIRO LAM LIMITED,90.0,90.0,87.01,89.27,90.0,90.8,,89.27,,,969,86277.08,22,F1,1,,,,,
2026-08-07,2026-08-07,CM,NSE,STK,8124,INE031B01049,AJANTPHARM,EQ,,,,,AJANTA PHARMA LIMITED,3456.0,3499.9,3449.0,3489.2,3480.0,3470.4,,3488.92,,,34852,121308066.5,8485,F1,1,,,,,
2026-08-07,2026-08-07,CM,NSE,STK,29624,INE274Y01021,AJAXENGG,EQ,,,,,AJAX ENGINEERING LIMITED,568.05,569.45,555.0,565.4,565.0,568.05,,565.39,,,71665,40252164.35,4834,F1,1,,,,,
2026-08-07,2026-08-07,CM,NSE,STK,17307,INE298G01035,AJMERA,EQ,,,,,AJMERA REALTY & INF I LTD,123.0,125.0,122.86,123.65,123.1,123.47,,123.66,,,246846,30588637.19,3049,F1,1,,,,,
2026-08-07,2026-08-07,CM,NSE,STK,3403,INE820Y01021,AJOONI,EQ,,,,,AJOONI BIOTECH LIMITED,3.97,3.99,3.8,3.86,3.91,3.91,,3.86,,,223149,874453.85,403,F1,1,,,,,
2026-08-07,2026-08-07,CM,NSE,STK,21132,INE0PCY01014,AKANKSHA,ST,,,,,AKANKSHA POWER N INFRA L,116.4,116.4,116.4,116.4,116.4,110.9,,116.4,,,70000,8148000.0,41,F1,1000,,,,,
2026-08-07,2026-08-07,CM,NSE,STK,13510,INE737W01013,AKASH,EQ,,,,,AKASH INFRA-PROJECTS LTD,27.29,27.29,26.0,26.32,26.66,26.45,,26.32,,,4896,129350.13,56,F1,1,,,,,
2026-08-07,2026-08-07,CM,NSE,STK,2176,INE00Y801016,AKG,EQ,,,,,AKG EXIM LIMITED,8.94,8.94,8.62,8.7,8.63,8.65,,8.7,,,21973,192127.82,150,F1,1,,,,,
2026-08-07,2026-08-07,CM,NSE,STK,14890,INE642Z01026,AKI,EQ,,,,,AKI INDIA LIMITED,4.52,4.57,4.34,4.48,4.45,4.5,,4.48,,,127457,573811.92,359,F1,1,,,,,
2026-08-07,2026-08-07,CM,NSE,STK,24307,INE0PMR01017,AKIKO,ST,,,,,AKIKO GLOBAL SERVICES L,330.0,330.0,320.6,321.25,320.6,337.3,,321.25,,,16800,5451280.0,21,F1,800,,,,,
2026-08-07,2026-08-07,CM,NSE,STK,24159,INE916Y01027,AFIL,EQ,,,,,AKME FINTRADE (INDIA) LTD,9.15,9.34,9.07,9.12,9.14,9.06,,9.12,,,317924,2917501.58,648,F1,1,,,,,
2026-08-07,2026-08-07,CM,NSE,STK,8595,INE523B01011,AKSHOPTFBR,BE,,,,,AKSH OPTIFIBRE  LTD,6.65,6.9,6.55,6.79,6.85,6.58,,6.78,,,412621,2806280.64,635,F1,1,,,,,
2026-08-07,2026-08-07,CM,NSE,STK,9558,INE256Z01025,AKSHAR,EQ,,,,,AKSHAR SPINTEX LIMITED,0.44,0.44,0.41,0.41,0.42,0.44,,0.41,,,1747593,733465.64,517,F1,1,,,,,
2026-08-07,2026-08-07,CM,NSE,STK,20194,INE542B01011,AKSHARCHEM,BE,,,,,AKSHARCHEM INDIA LIMITED,285.9,285.9,275.0,278.23,278.0,280.84,,278.09,,,3410,963495.71,97,F1,1,,,,,
2026-08-07,2026-08-07,CM,NSE,STK,24715,INE09XN01023,AKUMS,EQ,,,,,AKUMS DRUGS AND PHARMA L,672.0,703.0,665.85,697.45,695.0,662.55,,697.42,,,637075,441233473.9,24013,F1,1,,,,,
2026-08-07,2026-08-07,CM,NSE,STK,9921,INE914E01040,ALANKIT,EQ,,,,,ALANKIT LIMITED,8.1,8.17,7.93,8.08,8.1,8.09,,8.08,,,84358,685052.14,510,F1,1,,,,,
2026-08-07,2026-08-07,CM,NSE,STK,17256,INE155C01010,ALBERTDAVD,EQ,,,,,ALBERT DAVID LIMITED,825.0,857.9,785.05,822.85,809.9,730.55,,822.72,,,299179,248885421.25,14354,F1,1,,,,,
2026-08-07,2026-08-07,CM,NSE,STK,79,INE426A01027,ALEMBICLTD,EQ,,,,,ALEMBIC LIMITED,86.66,86.97,84.01,84.75,84.69,86.66,,84.75,,,405809,34606762.22,3739,F1,1,,,,,
2026-08-07,2026-08-07,CM,NSE,STK,25328,INE901L01018,APLLTD,EQ,,,,,ALEMBIC PHARMA LTD,835.0,851.85,825.5,830.1,833.75,834.45,,830.09,,,156108,130546631.75,15058,F1,1,,,,,
2026-08-07,2026-08-07,CM,NSE,STK,761270,INE598D01035,ALGOQUANT,EQ,,,,,ALGOQUANT FINTECH LIMITED,66.37,69.55,65.1,67.21,67.0,66.15,,67.2,,,1450184,97080887.36,5278,F1,1,,,,,
2026-08-07,2026-08-07,CM,NSE,STK,13656,INE062D01024,ALICON,EQ,,,,,ALICON CASTALLOY LIMITED,744.4,753.0,710.0,742.75,745.0,737.9,,742.79,,,202525,145741578.75,4073,F1,1,,,,,
2026-08-07,2026-08-07,CM,NSE,STK,5265,INE03Q201024,ALIVUS,EQ,,,,,ALIVUS LIFE SCIENCES LTD,1329.5,1345.0,1315.5,1329.8,1322.5,1325.2,,1329.76,,,85268,113509036.5,8847,F1,1,,,,,
2026-08-07,2026-08-07,CM,NSE,STK,16963,INE773I01017,ALKALI,BE,,,,,ALKALI METALS LTD,68.7,68.7,66.01,67.23,67.25,68.7,,67.23,,,4327,290427.15,61,F1,1,,,,,
2026-08-07,2026-08-07,CM,NSE,STK,11703,INE540L01014,ALKEM,EQ,,,,,ALKEM LABORATORIES LTD.,5520.5,5647.5,5506.0,5620.0,5620.0,5597.5,,5620.0,,,76165,426887039.0,11310,F1,1,,,,,
2026-08-07,2026-08-07,CM,NSE,STK,4487,INE150B01039,ALKYLAMINE,EQ,,,,,ALKYL AMINES CHEM. LTD,1930.0,1931.7,1888.2,1893.9,1893.0,1921.9,,1893.98,,,61537,116933481.1,8850,F1,1,,,,,
2026-08-07,2026-08-07,CM,NSE,STK,13212,INE0M2X01012,ALLETEC,ST,,,,,ALL E TECHNOLOGIES LTD,132.0,135.0,131.1,134.05,134.5,130.65,,134.05,,,11200,1488340.0,24,F1,400,,,,,
2026-08-07,2026-08-07,CM,NSE,STK,758448,INE0GV601021,ALLTIME,EQ,,,,,ALL TIME PLASTICS LIMITED,217.82,224.0,214.5,219.59,218.05,217.82,,219.58,,,127675,28008974.45,2680,F1,1,,,,,
2026-08-07,2026-08-07,CM,NSE,STK,763784,INE1YPB01014,AGL,EQ,,,,,ALLCARGO GLOBAL LIMITED,14.47,14.63,13.56,13.84,13.8,14.46,,13.84,,,5613366,78301786.32,13120,F1,1,,,,,
2026-08-07,2026-08-07,CM,NSE,STK,13501,INE418H01029,ALLCARGO,EQ,,,,,ALLCARGO LOGISTICS LTD,9.94,10.0,8.8,9.26,9.33,9.76,,9.26,,,81098236,748443647.15,55113,F1,1,,,,,
2026-08-07,2026-08-07,CM,NSE,STK,17778,INE0NN701020,ATL,EQ,,,,,ALLCARGO TERMINALS LTD,26.3,26.3,25.0,25.07,25.06,25.57,,25.07,,,244944,6225642.38,1635,F1,1,,,,,
2026-08-07,2026-08-07,CM,NSE,STK,11798,INE835G01018,ALLDIGI,EQ,,,,,ALLDIGI TECH LIMITED,808.8,812.9,804.7,810.35,810.3,808.8,,810.36,,,6413,5193362.6,216,F1,1,,,,,
2026-08-07,2026-08-07,CM,NSE,STK,24308,INE552Z01027,ABDL,EQ,,,,,ALLIED BLEND N DISTILS L,608.7,617.75,584.75,599.25,596.0,605.0,,599.21,,,551365,329889585.25,21654,F1,1,,,,,
2026-08-07,2026-08-07,CM,NSE,STK,14813,INE102I01027,ADSL,EQ,,,,,ALLIED DIGITAL SERV. LTD,116.5,116.5,113.31,114.39,113.9,116.92,,114.38,,,171844,19682338.24,2843,F1,1,,,,,
2026-08-07,2026-08-07,CM,NSE,STK,16719,INE326B01035,ALMONDZ,EQ,,,,,ALMONDZ GLOBAL SEC LTD,14.12,15.61,14.12,14.47,14.45,14.35,,14.48,,,107720,1600830.47,363,F1,1,,,,,
2026-08-07,2026-08-07,CM,NSE,STK,17675,INE270A01029,ALOKINDS,EQ,,,,,ALOK INDUSTRIES LIMITED,11.98,12.06,11.94,11.97,11.98,11.98,,11.97,,,1650176,19810132.63,3245,F1,1,,,,,
2026-08-07,2026-08-07,CM,NSE,STK,14848,INE385I01010,ALPA,EQ,,,,,ALPA LABORATORIES LTD,69.97,70.31,67.55,68.09,68.1,69.97,,68.09,,,26661,1828885.57,368,F1,1,,,,,
2026-08-07,2026-08-07,CM,NSE,STK,22688,INE0R4701017,ALPEXSOLAR,SM,,,,,ALPEX SOLAR LIMITED,818.0,820.0,801.0,803.95,802.2,815.2,,803.95,,,34600,27879295.0,258,F1,100,,,,,
2026-08-07,2026-08-07,CM,NSE,STK,14597,INE137C01018,ALPHAGEO,EQ,,,,,ALPHAGEO (INDIA) LIMITED,233.57,237.99,226.99,230.64,228.71,233.57,,230.64,,,10869,2513055.81,365,F1,1,,,,,
2026-08-07,2026-08-07,CM,NSE,STK,764186,INE1JCQ01037,ALPINETEX,EQ,,,,,ALPINE TEXWORLD LIMITED,65.3,66.0,63.02,63.27,63.5,66.25,,63.26,,,320989,20622358.63,4810,F1,1,,,,,
2026-08-07,2026-08-07,CM,NSE,STK,23474,INE0STM01017,ALUWIND,SM,,,,,ALUWIND INFRA-TECH LTD,50.9,51.0,49.15,49.2,49.2,50.4,,49.2,,,7500,376875.0,4,F1,1500,,,,,
2026-08-07,2026-08-07,CM,NSE,STK,760740,INE121R01077,AMAGI,EQ,,,,,AMAGI MEDIA LABS LIMITED,651.0,679.0,641.15,646.95,642.2,649.1,,646.96,,,476981,313496085.85,41974,F1,1,,,,,
2026-08-07,2026-08-07,CM,NSE,STK,758910,INE084K01015,AMANTA,BE,,,,,AMANTA HEALTHCARE LIMITED,166.15,166.15,166.15,166.15,166.15,169.54,,166.25,,,2207,366693.05,44,F1,1,,,,,
2026-08-07,2026-08-07,CM,NSE,STK,100,INE885A01032,ARE&M,EQ,,,,,AMARA RAJA ENERGY MOB LTD,928.15,945.0,928.15,931.7,934.0,927.45,,931.76,,,498855,466838808.6,24560,F1,1,,,,,
2026-08-07,2026-08-07,CM,NSE,STK,763256,INE293601014,AMBAAUTO,SM,,,,,AMBA AUTO SALES AND SER L,101.0,106.45,101.0,103.3,106.45,101.5,,103.3,,,81000,8370300.0,16,F1,1000,,,,,
2026-08-07,2026-08-07,CM,NSE,STK,762543,INE432A01017,AMBALALSA,EQ,,,,,AMBALAL SARABHAI ENT L,44.03,47.4,44.03,46.73,47.0,43.7,,46.7,,,653520,30347327.87,3479,F1,1,,,,,
2026-08-07,2026-08-07,CM,NSE,STK,4083,INE00C501018,AMBANIORGO,SM,,,,,AMBANI ORGOCHEM LIMITED,106.6,106.6,106.6,106.6,106.6,106.5,,106.6,,,1000,106600.0,1,F1,1000,,,,,
2026-08-07,2026-08-07,CM,NSE,STK,1185,INE371P01015,AMBER,EQ,,,,,AMBER ENTERPRISES (I) LTD,7424.0,7557.0,7329.0,7435.0,7435.0,7425.0,,7434.48,,,210061,1561859282.5,30952,F1,1,,,,,
2026-08-07,2026-08-07,CM,NSE,STK,11496,INE792B01012,AMBICAAGAR,EQ,,,,,AMBICA AGAR & AROMAINDLTD,25.35,25.5,24.7,24.89,24.7,24.83,,24.79,,,1877,46753.13,53,F1,1,,,,,
2026-08-07,2026-08-07,CM,NSE,STK,15234,INE540G01014,AMBIKCO,EQ,,,,,AMBIKA COTTON MILL LTD.,1834.9,1931.0,1823.0,1904.3,1897.7,1826.0,,1904.26,,,83658,157188359.1,8207,F1,1,,,,,
2026-08-07,2026-08-07,CM,NSE,STK,1270,INE079A01024,AMBUJACEM,EQ,,,,,AMBUJA CEMENTS LTD,438.0,438.0,431.8,434.0,434.0,436.5,,434.0,,,2026621,878977552.3,26577,F1,1,,,,,
2026-08-07,2026-08-07,CM,NSE,STK,14398,INE005I01014,AMDIND,EQ,,,,,AMD INDUSTRIES LIMITED,47.45,47.45,46.0,46.87,46.95,46.39,,46.87,,,13873,644617.55,123,F1,1,,,,,
2026-08-07,2026-08-07,CM,NSE,STK,19867,INE275D01022,AMNPLST,EQ,,,,,AMINES & PLASTICIZERS LTD,194.04,196.8,193.25,194.7,194.99,195.43,,194.7,,,10971,2134167.94,316,F1,1,,,,,
2026-08-07,2026-08-07,CM,NSE,STK,761670,INE05TO01019,AEROPLANE,EQ,,,,,AMIR CHAND JAG KUM (E) L,199.0,199.5,186.96,194.37,194.15,196.8,,194.37,,,691566,134454256.15,4460,F1,1,,,,,
2026-08-07,2026-08-07,CM,NSE,STK,2598,INE606A01024,AMJLAND,EQ,,,,,AMJ LAND HOLDINGS LIMITED,38.78,39.5,38.5,39.36,39.3,38.97,,39.36,,,20107,784902.38,143,F1,1,,,,,
2026-08-07,2026-08-07,CM,NSE,STK,17547,INE098F01031,AMRUTANJAN,EQ,,,,,AMRUTAJAN HEALTH LTD,520.0,526.9,515.1,521.4,523.0,520.0,,521.55,,,34199,17770118.95,2617,F1,1,,,,,
2026-08-07,2026-08-07,CM,NSE,STK,759956,INE549H01021,ARSSBL,EQ,,,,,ANAND RATHI SH N STK BR L,511.0,516.0,479.2,504.0,504.7,510.8,,503.59,,,260556,131818702.65,7056,F1,1,,,,,
2026-08-07,2026-08-07,CM,NSE,STK,7145,INE463V01026,ANANDRATHI,EQ,,,,,ANAND RATHI WEALTH LTD,2081.5,2107.0,2061.0,2101.5,2101.0,2071.5,,2101.45,,,202601,423072358.8,15192,F1,1,,,,,
2026-08-07,2026-08-07,CM,NSE,STK,13620,INE242C01024,ANANTRAJ,EQ,,,,,ANANT RAJ LIMITED,616.95,627.3,613.5,615.9,613.5,617.4,,615.9,,,1039127,645732523.4,22870,F1,1,,,,,
2026-08-07,2026-08-07,CM,NSE,STK,759363,INE1UA823019,ANANTAM,IV,,,,,ANANTAM HIGHWAYS TRUST,105.3,105.5,105.0,105.47,105.25,104.74,,105.47,,,249861,26273140.67,188,F1,1,,,,,
2026-08-07,2026-08-07,CM,NSE,STK,758427,INE0VG001016,AMCL,SM,,,,,ANB METAL CAST LIMITED,404.0,404.0,395.0,395.0,395.0,392.25,,395.0,,,1200,477600.0,3,F1,400,,,,,
2026-08-07,2026-08-07,CM,NSE,STK,15420,INE666E01020,ACL,EQ,,,,,ANDHRA CEMENTS LIMITED,47.26,48.7,47.26,47.95,47.99,47.99,,47.95,,,11279,541734.83,196,F1,1,,,,,
2026-08-07,2026-08-07,CM,NSE,STK,166,INE435A01051,ANDHRAPAP,EQ,,,,,ANDHRA PAPER LIMITED,60.12,61.18,59.7,59.85,59.85,60.68,,59.85,,,295780,17740244.24,1313,F1,1,,,,,
2026-08-07,2026-08-07,CM,NSE,STK,136,INE715B01021,ANDHRSUGAR,EQ,,,,,ANDHRA SUGARS LTD,87.34,89.7,86.25,87.98,89.0,87.12,,88.0,,,641894,56687562.74,5635,F1,1,,,,,
2026-08-07,2026-08-07,CM,NSE,STK,324,INE732I01021,ANGELONE,EQ,,,,,ANGEL ONE LIMITED,297.05,298.75,289.05,292.0,292.0,297.1,,292.01,,,4094497,1194766447.55,56056,F1,1,,,,,
2026-08-07,2026-08-07,CM,NSE,STK,16657,INE087B01017,ANIKINDS,EQ,,,,,ANIK INDUSTRIES LTD,42.25,44.15,42.25,43.0,43.0,43.09,,43.0,,,792,34249.59,45,F1,1,,,,,
2026-08-07,2026-08-07,CM,NSE,STK,20453,INE071F01012,APCL,EQ,,,,,ANJANI PORTLAND CEM LTD,102.55,106.5,101.35,102.14,101.55,105.43,,102.22,,,11308,1162280.78,343,F1,1,,,,,
2026-08-07,2026-08-07,CM,NSE,STK,25878,INE106I01010,ANKITMETAL,BZ,,,,,ANKIT MET & POW LTD,1.57,1.6,1.56,1.59,1.59,1.57,,1.59,,,15074,24005.7,42,F1,1,,,,,
2026-08-07,2026-08-07,CM,NSE,STK,758968,INE0Y8W01025,AHCL,EQ,,,,,ANLON HEALTHCARE LIMITED,14.14,14.7,13.97,14.55,14.61,14.21,,14.55,,,3203483,45690779.71,3601,F1,1,,,,,
2026-08-07,2026-08-07,CM,NSE,STK,13664,INE0LR101013,ANLON,ST,,,,,ANLON TECHNOLOGY SOL LTD,599.0,615.0,588.0,598.05,598.05,600.0,,598.05,,,8800,5279220.0,18,F1,400,,,,,
2026-08-07,2026-08-07,CM,NSE,STK,3727,INE02AR01019,ANMOL,EQ,,,,,ANMOL INDIA LIMITED,10.14,10.35,9.95,10.33,10.15,10.02,,10.33,,,28962,296567.33,183,F1,1,,,,,
2026-08-07,2026-08-07,CM,NSE,STK,11198,INE0MGM01017,ANNAPURNA,SM,,,,,ANNAPURNA SWADISHT LTD,154.95,165.0,154.0,156.55,155.3,150.4,,156.55,,,143750,22835762.5,380,F1,250,,,,,
2026-08-07,2026-08-07,CM,NSE,STK,758740,INE0VTV01012,ANONDITA,SM,,,,,ANONDITA MEDICARE LIMITED,1015.5,1055.85,1015.05,1040.7,1043.9,1027.4,,1040.7,,,18400,19090240.0,85,F1,200,,,,,
2026-08-07,2026-08-07,CM,NSE,STK,19677,INE436A01026,ANSALAPI,BZ,,,,,ANSAL PROP & INFRA LTD,3.64,3.64,3.5,3.55,3.58,3.57,,3.55,,,11673,41590.39,64,F1,1,,,,,
2026-08-07,2026-08-07,CM,NSE,STK,5194,INE414B01021,ANTGRAPHIC,EQ,,,,,ANTARCTICA LTD,0.75,0.77,0.73,0.74,0.74,0.75,,0.74,,,94435,70707.88,169,F1,1,,,,,
2026-08-07,2026-08-07,CM,NSE,STK,13598,INE818A01017,ANTELOPUS,EQ,,,,,ANTELOPUS SELAN ENRGY LTD,861.0,874.9,795.0,799.45,800.0,860.4,,799.47,,,221330,181792762.15,11693,F1,1,,,,,
2026-08-07,2026-08-07,CM,NSE,STK,757885,INE0CZ201020,ANTHEM,EQ,,,,,ANTHEM BIOSCIENCES LTD,828.0,844.9,823.55,841.0,841.0,825.65,,840.99,,,472590,395873907.1,30344,F1,1,,,,,
2026-08-07,2026-08-07,CM,NSE,STK,1797,INE01BK01022,AWHCL,EQ,,,,,ANTONY WASTE HDG CELL LTD,435.05,437.45,413.05,415.75,418.0,426.2,,415.77,,,193441,81377116.4,8030,F1,1,,,,,
2026-08-07,2026-08-07,CM,NSE,STK,28314,INE489G01022,ANUHPHR,EQ,,,,,ANUH PHARMA LIMITED,79.31,81.74,78.37,79.32,79.88,79.31,,79.39,,,103463,8246126.95,2073,F1,1,,,,,
2026-08-07,2026-08-07,CM,NSE,STK,2829,INE930P01018,ANURAS,EQ,,,,,ANUPAM RASAYAN INDIA LTD,1213.0,1222.0,1208.5,1214.6,1211.0,1213.0,,1214.59,,,315118,382756110.8,7017,F1,1,,,,,
2026-08-07,2026-08-07,CM,NSE,STK,28983,INE0SI601032,ANYA,SM,,,,,ANYA POLYTECH & FERTI LTD,15.2,15.3,15.0,15.25,15.25,15.25,,15.25,,,60000,903750.0,6,F1,5000,,,,,
2026-08-07,2026-08-07,CM,NSE,STK,758904,INF1J2R01114,AONEGOLD,EQ,,,,,AONEAMC - AONEGOLD,14.14,14.14,13.71,13.92,13.91,13.8,,13.92,,,651213,9030757.98,1269,F1,1,,,,,
2026-08-07,2026-08-07,CM,NSE,STK,30472,INF1J2R01056,AONELIQUID,EQ,,,,,AONEAMC - AONELIQUID,1071.79,1071.81,1071.77,1071.78,1071.79,1071.36,,1071.78,,,30961,33183618.08,160,F1,1,,,,,
2026-08-07,2026-08-07,CM,NSE,STK,757096,INF1J2R01064,AONENIFTY,EQ,,,,,AONEAMC - AONENIFTY,10.22,10.22,10.12,10.14,10.12,10.16,,10.14,,,172464,1749454.42,1148,F1,1,,,,,
2026-08-07,2026-08-07,CM,NSE,STK,760193,INF1J2R01171,AONESILVER,EQ,,,,,AONEAMC - AONESILVER,8.65,8.81,8.57,8.78,8.8,8.57,,8.78,,,1328316,11594365.1,1120,F1,1,,,,,
2026-08-07,2026-08-07,CM,NSE,STK,759992,INF1J2R01148,AONETMMQ50,EQ,,,,,AONEAMC - AONETMMQ50,10.2,10.25,10.15,10.21,10.22,10.2,,10.21,,,29458,300824.71,213,F1,1,,,,,
2026-08-07,2026-08-07,CM,NSE,STK,29975,INF1J2R01015,AONETOTAL,EQ,,,,,AONEAMC - AONETOTAL,12.18,12.2,12.07,12.11,12.13,12.1,,12.11,,,97789,1185706.14,1471,F1,1,,,,,
2026-08-07,2026-08-07,CM,NSE,STK,11491,INE372A01015,APARINDS,EQ,,,,,APAR INDUSTRIES LTD.,16126.0,16695.0,16100.0,16631.0,16599.0,16126.0,,16629.55,,,177454,2929868146.0,34853,F1,1,,,,,
2026-08-07,2026-08-07,CM,NSE,STK,154,INE116A01032,APCOTEXIND,EQ,,,,,APCOTEX INDUSTRIES LIMITE,617.0,624.95,612.0,614.8,612.35,620.6,,614.7,,,130516,80556803.55,5789,F1,1,,,,,
2026-08-07,2026-08-07,CM,NSE,STK,27291,INE0T4V01015,APEXECO,ST,,,,,APEX ECOTECH LIMITED,275.0,275.0,271.0,273.05,271.0,271.0,,273.05,,,4000,1093840.0,5,F1,800,,,,,
2026-08-07,2026-08-07,CM,NSE,STK,21623,INE346W01013,APEX,EQ,,,,,APEX FROZEN FOODS LIMITED,375.45,378.9,370.95,376.75,377.95,375.15,,376.75,,,49606,18525396.9,2278,F1,1,,,,,
2026-08-07,2026-08-07,CM,NSE,STK,25780,INE702C01027,APLAPOLLO,EQ,,,,,APL APOLLO TUBES LTD,1945.9,1970.0,1942.5,1970.0,1970.0,1945.0,,1969.9,,,404634,792432586.1,24771,F1,1,,,,,
2026-08-07,2026-08-07,CM,NSE,STK,757184,INE0TLC07077,930APMD30,N0,,,,,APMD 9.30% 2030 STRPP D,103417.79,103417.79,103000.0,103150.0,103150.0,103350.0,,103150.0,,,40,4129855.8,11,F1,1,,,,,
2026-08-07,2026-08-07,CM,NSE,STK,757170,INE0TLC07101,930APMD32,N0,,,,,APMD 9.30% 2032 STRPP F,104000.0,104000.0,104000.0,104000.0,104000.0,106000.0,,104000.0,,,30,3120000.0,2,F1,1,,,,,
2026-08-07,2026-08-07,CM,NSE,STK,157,INE437A01024,APOLLOHOSP,EQ,,,,,APOLLO HOSPITALS ENTER. L,9000.0,9000.0,8922.0,8945.0,8945.0,8974.5,,8945.08,,,273543,2451433158.5,41211,F1,1,,,,,
2026-08-07,2026-08-07,CM,NSE,STK,1134,INE713T01028,APOLLO,EQ,,,,,APOLLO MICRO SYSTEMS LTD,404.0,408.5,402.1,403.85,403.0,403.95,,403.85,,,3212891,1301256457.5,34547,F1,1,,,,,
2026-08-07,2026-08-07,CM,NSE,STK,14361,INE126J01016,APOLLOPIPE,EQ,,,,,APOLLO PIPES LIMITED,527.25,534.85,515.0,517.35,515.2,527.25,,517.35,,,170575,88984286.45,5186,F1,1,,,,,
2026-08-07,2026-08-07,CM,NSE,STK,6302,INE451F01024,APOLSINHOT,EQ,,,,,APOLLO SINDOORI HOTEL LTD,1240.2,1243.0,1204.0,1209.2,1214.0,1243.6,,1209.2,,,719,876120.7,134,F1,1,,,,,
2026-08-07,2026-08-07,CM,NSE,STK,163,INE438A01022,APOLLOTYRE,EQ,,,,,APOLLO TYRES LTD,444.5,450.0,432.15,445.0,444.85,449.7,,445.02,,,1967067,868786229.3,41308,F1,1,,,,,
2026-08-07,2026-08-07,CM,NSE,STK,24638,INE0LQG01010,APRAMEYA,SM,,,,,APRAMEYA ENGINEERING LTD,146.0,146.0,140.05,142.6,145.95,146.0,,142.6,,,19000,2711050.0,11,F1,500,,,,,
2026-08-07,2026-08-07,CM,NSE,STK,760366,INE0M2307370,915APSBC28,N0,,,,,APSBC 9.15% 2028 STRPP C,103420.0,103420.0,103420.0,103420.0,103420.0,103346.12,,103420.0,,,1,103420.0,1,F1,1,,,,,
2026-08-07,2026-08-07,CM,NSE,STK,760372,INE0M2307388,915APSBC31,N0,,,,,APSBC 9.15% 2031 STRPP F,105064.5,105064.5,105064.5,105064.5,105064.5,103500.0,,105064.5,,,2,210129.0,2,F1,1,,,,,
2026-08-07,2026-08-07,CM,NSE,STK,761435,INE1OOJ01011,APSISAERO,ST,,,,,APSIS AEROCOM LIMITED,458.75,466.1,458.75,466.1,466.1,457.0,,466.1,,,27600,12827280.0,16,F1,1200,,,,,
2026-08-07,2026-08-07,CM,NSE,STK,14074,INE266F01018,APTECHT,BE,,,,,APTECH LIMITED,96.55,99.66,95.1,96.27,96.15,97.0,,96.27,,,79466,7657882.91,405,F1,1,,,,,
2026-08-07,2026-08-07,CM,NSE,STK,5435,INE852O01025,APTUS,EQ,,,,,APTUS VALUE HSG FIN I LTD,259.1,262.7,257.1,260.65,261.35,260.8,,260.65,,,666160,173476693.35,14277,F1,1,,,,,
2026-08-07,2026-08-07,CM,NSE,STK,23365,INE416A01051,AQYLON,EQ,,,,,AQYLON NEXUS LIMITED,28.15,28.75,26.6,26.93,27.0,28.0,,26.93,,,2525807,69004011.56,5446,F1,1,,,,,
2026-08-07,2026-08-07,CM,NSE,STK,19253,INE08NJ01024,ARABIAN,SM,,,,,ARABIAN PETROLEUM LIMITED,93.5,93.5,88.05,89.65,89.1,93.5,,89.65,,,52000,4706200.0,24,F1,2000,,,,,
2026-08-07,2026-08-07,CM,NSE,STK,758670,INE0YDV01010,ARCIIL,SM,,,,,ARC INSULATION & INSU LTD,37.5,37.5,37.5,37.5,37.5,38.0,,37.5,,,1000,37500.0,1,F1,1000,,,,,
2026-08-07,2026-08-07,CM,NSE,STK,12024,INE128X01021,ACI,EQ,,,,,ARCHEAN CHEMICAL IND LTD,519.95,520.0,505.0,506.65,505.8,517.85,,506.65,,,212525,108497211.25,8923,F1,1,,,,,
2026-08-07,2026-08-07,CM,NSE,STK,245,INE0CHO01012,ADL,EQ,,,,,ARCHIDPLY DECOR LIMITED,69.62,75.98,69.62,70.76,69.82,70.1,,70.76,,,721,51115.54,32,F1,1,,,,,
2026-08-07,2026-08-07,CM,NSE,STK,16795,INE877I01016,ARCHIDPLY,EQ,,,,,ARCHIDPLY IND. LTD,83.0,92.9,82.99,89.49,90.0,82.04,,89.5,,,295022,26461846.51,1849,F1,1,,,,,
2026-08-07,2026-08-07,CM,NSE,STK,5688,INE731A01020,ARCHIES,EQ,,,,,ARCHIES LTD,14.43,14.9,14.02,14.06,14.02,14.35,,14.05,,,15156,215099.36,87,F1,1,,,,,
2026-08-07,2026-08-07,CM,NSE,STK,758700,INE784R01023,ARFIN,EQ,,,,,ARFIN INDIA LIMITED,87.4,88.5,86.23,88.03,88.0,86.98,,88.03,,,1625366,141941178.22,4518,F1,1,,,,,
2026-08-07,2026-08-07,CM,NSE,STK,13092,INE0L2Y01011,ARHAM,SM,,,,,ARHAM TECHNOLOGIES LTD,188.95,189.0,183.0,186.5,183.6,184.6,,186.5,,,44000,8185700.0,37,F1,1000,,,,,
2026-08-07,2026-08-07,CM,NSE,STK,15204,INE298I01015,ARIES,EQ,,,,,ARIES AGRO LTD.,344.25,344.7,336.0,339.25,341.85,344.05,,339.25,,,14390,4906367.05,355,F1,1,,,,,
2026-08-07,2026-08-07,CM,NSE,STK,3813,INE420B01036,ARIHANTCAP,EQ,,,,,ARIHANT CAPITAL MKTS LTD,76.31,77.8,74.25,75.47,75.0,76.79,,75.47,,,177751,13529403.11,2167,F1,1,,,,,
2026-08-07,2026-08-07,CM,NSE,STK,13885,INE413D01011,ARIHANT,EQ,,,,,ARIHANT FOUN & HOU LTD,1129.5,1138.2,1088.3,1124.6,1130.0,1130.4,,1124.76,,,2527,2818854.8,230,F1,1,,,,,
2026-08-07,2026-08-07,CM,NSE,STK,20159,INE643K01018,ARIHANTSUP,EQ,,,,,ARIHANT SUPERSTRUCT LTD,267.3,274.65,260.0,265.5,266.0,267.3,,265.49,,,56534,15156893.15,800,F1,1,,,,,
2026-08-07,2026-08-07,CM,NSE,STK,757614,INE0H9P01028,ARIS,EQ,,,,,ARISINFRA SOLUTIONS LTD,131.95,134.75,130.5,132.42,133.0,132.03,,132.44,,,1398324,186050609.26,10943,F1,1,,,,,
2026-08-07,2026-08-07,CM,NSE,STK,25398,INE0QRL01017,ARKADE,EQ,,,,,ARKADE DEVELOPERS LIMITED,139.75,142.4,139.1,140.02,139.85,139.75,,140.02,,,232077,32652113.96,2242,F1,1,,,,,
2026-08-07,2026-08-07,CM,NSE,STK,17263,INE109C01017,ARMANFIN,EQ,,,,,ARMAN FIN SERV LTD,2041.7,2086.0,2020.0,2032.0,2030.0,2031.5,,2031.99,,,65735,135267565.1,8406,F1,1,,,,,
2026-08-07,2026-08-07,CM,NSE,STK,760752,INE0TZX01019,ARMOUR,ST,,,,,ARMOUR SECURITY (INDIA) L,18.7,19.05,18.35,18.35,18.35,19.3,,18.35,,,14000,259700.0,7,F1,2000,,,,,
2026-08-07,2026-08-07,CM,NSE,STK,14557,INE210C01013,AROGRANITE,EQ,,,,,ARO GRANITE IND. LTD.,25.11,26.3,25.1,25.33,25.11,26.05,,25.32,,,9557,242390.24,159,F1,1,,,,,
2026-08-07,2026-08-07,CM,NSE,STK,9264,INE570D01018,ARROWGREEN,BE,,,,,ARROW GREENTECH LIMITED,749.1,783.4,746.25,781.4,782.0,746.1,,782.53,,,57517,44236963.55,691,F1,1,,,,,
2026-08-07,2026-08-07,CM,NSE,STK,29015,INE968D01022,ARSHIYA,BZ,,,,,ARSHIYA LIMITED,0.95,0.98,0.92,0.96,0.95,0.94,,0.96,,,856354,824505.77,91,F1,1,,,,,
2026-08-07,2026-08-07,CM,NSE,STK,6156,INE738V01013,ARTNIRMAN,EQ,,,,,ART NIRMAN LIMITED,42.5,45.92,40.36,42.49,42.11,41.75,,42.49,,,9434,408818.78,115,F1,1,,,,,
2026-08-07,2026-08-07,CM,NSE,STK,761330,INE757T01025,AEPL,EQ,,,,,ARTEMIS ELECTRICALS & P L,14.07,17.42,14.07,17.13,16.8,14.52,,17.14,,,1203391,20475719.81,3548,F1,1,,,,,
2026-08-07,2026-08-07,CM,NSE,STK,16913,INE025R01021,ARTEMISMED,EQ,,,,,ARTEMIS MED SERVICE LTD,312.85,321.95,312.0,316.3,317.0,311.7,,316.49,,,286455,90768463.0,6388,F1,1,,,,,
2026-08-07,2026-08-07,CM,NSE,STK,756899,INE0TTG01017,ARUNAYA,ST,,,,,ARUNAYA ORGANICS LIMITED,16.6,16.6,15.55,15.55,15.55,16.0,,15.55,,,6000,96800.0,3,F1,2000,,,,,
2026-08-07,2026-08-07,CM,NSE,STK,2814,INE006Z01016,ARVEE,EQ,,,,,ARVEE LABORATORIES I LTD,155.7,158.79,155.7,156.52,156.7,155.7,,156.52,,,872,137653.83,45,F1,1,,,,,
2026-08-07,2026-08-07,CM,NSE,STK,9111,INE955V01021,ARVINDFASN,EQ,,,,,ARVIND FASHIONS LIMITED,462.8,463.55,455.95,458.8,457.5,459.5,,458.81,,,76882,35329841.7,6411,F1,1,,,,,
2026-08-07,2026-08-07,CM,NSE,STK,193,INE034A01011,ARVIND,EQ,,,,,ARVIND LIMITED,546.1,562.1,545.3,560.55,561.7,546.1,,560.53,,,620498,344685293.6,26304,F1,1,,,,,
2026-08-07,2026-08-07,CM,NSE,STK,19579,INE0P4T01013,ARVINDPORT,SM,,,,,ARVIND PORT AND INFRA LTD,33.9,33.9,31.5,32.5,32.6,30.85,,32.5,,,19500,639450.0,13,F1,1500,,,,,
2026-08-07,2026-08-07,CM,NSE,STK,10457,INE034S01021,ARVSMART,EQ,,,,,ARVIND SMARTSPACES LTD,595.6,693.8,595.6,650.75,653.3,603.3,,650.65,,,6910360,4570720921.65,146109,F1,1,,,,,
2026-08-07,2026-08-07,CM,NSE,STK,5378,INE439A01020,ASAHIINDIA,EQ,,,,,ASAHI INDIA GLASS LIMITED,910.85,915.4,896.1,898.7,898.45,913.95,,898.71,,,85283,77020255.1,6872,F1,1,,,,,
2026-08-07,2026-08-07,CM,NSE,STK,25092,INE228I01012,ASAHISONG,BE,,,,,ASAHI SONGWON COLOR LTD,364.05,370.0,364.0,365.5,366.0,373.7,,365.5,,,10346,3813755.3,173,F1,1,,,,,
2026-08-07,2026-08-07,CM,NSE,STK,24711,INE0LAA01017,ASHALOG,SM,,,,,ASHAPURA LOGISTICS LTD,60.0,60.0,58.0,58.95,59.0,57.0,,58.95,,,6000,354200.0,6,F1,1000,,,,,
2026-08-07,2026-08-07,CM,NSE,STK,203,INE348A01023,ASHAPURMIN,EQ,,,,,ASHAPURA MINECHEM LTD,732.0,743.0,720.15,738.35,738.0,729.1,,738.33,,,928707,681942153.75,24753,F1,1,,,,,
2026-08-07,2026-08-07,CM,NSE,STK,24403,INE365D01021,ASHIANA,EQ,,,,,ASHIANA HOUSING LTD,389.0,389.0,375.0,375.85,378.5,381.8,,375.83,,,38841,14687741.15,1577,F1,1,,,,,
2026-08-07,2026-08-07,CM,NSE,STK,762548,INE094B01013,ASHIKAG,EQ,,,,,ASHIKA GLOBAL SEC LTD,478.0,478.0,451.0,454.4,456.0,474.05,,454.47,,,304113,141367407.5,4939,F1,1,,,,,
2026-08-07,2026-08-07,CM,NSE,STK,206,INE440A01010,ASHIMASYN,EQ,,,,,ASHIMA LTD,18.4,18.4,17.92,18.19,18.0,18.12,,18.19,,,42560,769985.04,210,F1,1,,,,,
2026-08-07,2026-08-07,CM,NSE,STK,212,INE208A01029,ASHOKLEY,EQ,,,,,ASHOK LEYLAND LTD,177.0,177.99,175.5,177.5,177.5,177.5,,177.47,,,11282040,1993850129.01,62072,F1,1,,,,,
2026-08-07,2026-08-07,CM,NSE,STK,20182,INE442H01029,ASHOKA,EQ,,,,,ASHOKA BUILDCON LTD,119.89,120.33,118.0,118.33,118.2,119.83,,118.33,,,694502,82529343.49,8900,F1,1,,,,,
2026-08-07,2026-08-07,CM,NSE,STK,16943,INE760Y01011,ASHOKAMET,EQ,,,,,ASHOKA METCAST LIMITED,14.01,14.44,14.01,14.23,14.35,14.11,,14.27,,,10760,152861.62,102,F1,1,,,,,
2026-08-07,2026-08-07,CM,NSE,STK,760418,INE1A6Q01010,ASHWINI,SM,,,,,ASHWINI CONTAINER MOVER L,190.0,190.1,189.0,189.0,189.0,189.7,,189.0,,,11000,2083700.0,9,F1,1000,,,,,
2026-08-07,2026-08-07,CM,NSE,STK,7030,INE276G01015,ASIANENE,EQ,,,,,ASIAN ENERGY SERVICES LTD,395.6,419.9,392.2,408.55,406.7,391.65,,408.56,,,680102,280847482.7,15588,F1,1,,,,,
2026-08-07,2026-08-07,CM,NSE,STK,14889,INE022I01019,ASIANTILES,EQ,,,,,ASIAN GRANITO IND. LTD.,56.0,57.9,54.0,55.11,54.01,55.98,,55.1,,,4592146,259149290.01,14657,F1,1,,,,,
2026-08-07,2026-08-07,CM,NSE,STK,19438,INE926K01017,AHLEAST,EQ,,,,,ASIAN HOTELS (EAST) LTD,141.7,144.99,141.7,143.23,144.99,142.41,,143.31,,,10896,1557952.41,76,F1,1,,,,,
2026-08-07,2026-08-07,CM,NSE,STK,18422,INE363A01022,ASIANHOTNR,EQ,,,,,ASIAN HOTELS (NORTH) LTD,316.0,324.65,310.0,312.7,314.9,316.0,,312.69,,,152771,47916600.85,2468,F1,1,,,,,
2026-08-07,2026-08-07,CM,NSE,STK,19370,INE915K01010,AHLWEST,BE,,,,,ASIAN HOTELS (WEST) LTD,526.0,540.05,526.0,540.0,540.0,542.0,,492.24,,,59,31533.4,5,F1,1,,,,,
2026-08-07,2026-08-07,CM,NSE,STK,236,INE021A01026,ASIANPAINT,EQ,,,,,ASIAN PAINTS LIMITED,2755.0,2755.0,2695.0,2735.0,2735.0,2755.0,,2734.98,,,1067986,2900458044.1,60135,F1,1,,,,,
2026-08-07,2026-08-07,CM,NSE,STK,762553,INE194D01017,ASTAR,EQ,,,,,ASIAN STAR CO. LTD.,619.9,619.9,570.05,593.05,583.0,590.0,,592.4,,,427,248453.35,64,F1,1,,,,,
2026-08-07,2026-08-07,CM,NSE,STK,20152,INE491J01022,ASKAUTOLTD,EQ,,,,,ASK AUTOMOTIVE LIMITED,663.85,674.7,630.3,634.95,638.5,678.8,,634.95,,,1290478,839221046.9,32838,F1,1,,,,,
2026-08-07,2026-08-07,CM,NSE,STK,17270,INE991I01015,ASPINWALL,EQ,,,,,ASPINWALL & CO LTD,242.03,249.63,235.0,239.41,235.0,242.03,,239.41,,,3232,787395.96,88,F1,1,,,,,
2026-08-07,2026-08-07,CM,NSE,STK,17598,INE073G01016,ASALCBR,EQ,,,,,ASSO ALCOHOLS & BREW LTD,767.25,774.1,723.0,732.9,731.55,767.25,,732.92,,,96211,71156127.35,6773,F1,1,,,,,
2026-08-07,2026-08-07,CM,NSE,STK,17728,INE563J01010,ASTEC,EQ,,,,,ASTEC LIFESCIENCES LTD,616.6,629.9,616.5,620.5,618.0,620.35,,620.61,,,9454,5863476.8,727,F1,1,,,,,
2026-08-07,2026-08-07,CM,NSE,STK,1508,INE914M01019,ASTERDM,EQ,,,,,ASTER DM QUALITY CARE LTD,840.3,875.35,836.5,869.7,870.0,844.45,,869.76,,,1037107,891683781.6,65559,F1,1,,,,,
2026-08-07,2026-08-07,CM,NSE,STK,11618,INE386C01029,ASTRAMICRO,EQ,,,,,ASTRA MICROWAVE LTD,1793.0,1849.0,1790.0,1840.0,1839.0,1802.2,,1840.0,,,224632,411567754.2,15731,F1,1,,,,,
2026-08-07,2026-08-07,CM,NSE,STK,14418,INE006I01046,ASTRAL,EQ,,,,,ASTRAL LIMITED,1440.0,1451.3,1435.0,1444.0,1444.0,1442.0,,1443.98,,,118762,171206961.7,16841,F1,1,,,,,
2026-08-07,2026-08-07,CM,NSE,STK,5610,INE203A01020,ASTRAZEN,EQ,,,,,ASTRAZENECA PHARMA IND LT,8129.0,8209.5,8050.0,8191.0,8200.0,8075.5,,8190.68,,,2409,19662834.0,838,F1,1,,,,,
2026-08-07,2026-08-07,CM,NSE,STK,880,INE646X01014,ASTRON,BE,,,,,ASTRON PAPER BORD MIL LTD,3.8,3.8,3.72,3.74,3.75,3.72,,3.74,,,12394,46619.92,57,F1,1,,,,,
2026-08-07,2026-08-07,CM,NSE,STK,15649,INE0ALR01029,ATALREAL,EQ,,,,,ATAL REALTECH LIMITED,34.72,35.5,34.72,35.3,35.14,34.64,,35.3,,,9805828,342927860.68,6787,F1,1,,,,,
2026-08-07,2026-08-07,CM,NSE,STK,15404,INE09KD01013,ATAM,EQ,,,,,ATAM VALVES LIMITED,65.8,65.8,63.9,64.69,65.57,64.61,,64.72,,,3139,203678.13,115,F1,1,,,,,
2026-08-07,2026-08-07,CM,NSE,STK,756405,INE0V0Q01019,ATCENERGY,ST,,,,,ATC ENERGIES SYSTEM LTD,25.9,25.9,25.9,25.9,25.9,26.4,,25.9,,,6000,155400.0,5,F1,1200,,,,,
2026-08-07,2026-08-07,CM,NSE,STK,757645,INE0LEZ01016,ATHERENERG,EQ,,,,,ATHER ENERGY LIMITED,1450.0,1508.0,1446.0,1481.5,1482.0,1453.2,,1481.45,,,4646531,6889992513.9,125039,F1,1,,,,,
2026-08-07,2026-08-07,CM,NSE,STK,760953,IN90NN701011,ATLPP,E1,,,,,ATL RE.0.50 PPD UP,9.05,9.05,9.05,9.05,9.05,9.14,,9.05,,,15,135.75,1,F1,1,,,,,
2026-08-07,2026-08-07,CM,NSE,STK,759007,INE0Z4F01028,ATLANTAELE,EQ,,,,,ATLANTA ELECTRICALS LTD,1610.5,1625.0,1562.5,1607.4,1600.5,1592.9,,1607.43,,,35639,57240823.3,5001,F1,1,,,,,
2026-08-07,2026-08-07,CM,NSE,STK,13585,INE285H01022,ATLANTAA,EQ,,,,,ATLANTAA LIMITED,40.65,40.9,39.4,40.13,40.0,40.31,,40.13,,,21970,881348.29,816,F1,1,,,,,
2026-08-07,2026-08-07,CM,NSE,STK,4568,INE446A01025,ATLASCYCLE,EQ,,,,,ATLAS CYCLE (HARYANA) LTD,97.68,105.0,97.32,99.72,98.55,97.68,,99.73,,,65912,6688734.38,2168,F1,1,,,,,
2026-08-07,2026-08-07,CM,NSE,STK,22788,INE05DH01017,ATMASTCO,ST,,,,,ATMASTCO LIMITED,149.0,150.0,145.1,149.55,150.0,148.0,,149.55,,,7600,1125220.0,14,F1,400,,,,,
2026-08-07,2026-08-07,CM,NSE,STK,30023,INE951D01028,ATULAUTO,EQ,,,,,ATUL AUTO LIMITED,580.0,592.0,566.65,576.9,576.0,579.55,,576.89,,,297801,172012687.6,10849,F1,1,,,,,
2026-08-07,2026-08-07,CM,NSE,STK,263,INE100A01010,ATUL,EQ,,,,,ATUL LTD,6900.0,7007.0,6752.5,6774.0,6775.0,6796.5,,6773.83,,,130066,893547358.0,18575,F1,1,,,,,
2026-08-07,2026-08-07,CM,NSE,STK,21238,INE949L01017,AUBANK,EQ,,,,,AU SMALL FINANCE BANK LTD,1084.9,1088.1,1067.0,1067.0,1067.0,1087.6,,1068.15,,,752130,810505047.8,34004,F1,1,,,,,
2026-08-07,2026-08-07,CM,NSE,STK,12022,INE132H01018,AURIONPRO,EQ,,,,,AURIONPRO SOLN LTD,732.0,734.0,725.0,727.25,727.0,730.0,,727.26,,,76169,55524340.95,2818,F1,1,,,,,
2026-08-07,2026-08-07,CM,NSE,STK,15869,INE0NUL01018,AUROIMPEX,SM,,,,,AURO IMPEX & CHEMICALS L,26.9,26.9,26.5,26.5,26.5,26.15,,26.5,,,8000,213120.0,4,F1,1600,,,,,
2026-08-07,2026-08-07,CM,NSE,STK,275,INE406A01037,AUROPHARMA,EQ,,,,,AUROBINDO PHARMA LTD,1580.1,1662.4,1579.9,1658.0,1658.0,1588.9,,1658.13,,,2001257,3275401955.1,56279,F1,1,,,,,
2026-08-07,2026-08-07,CM,NSE,STK,10310,INE898S01029,AURUM,EQ,,,,,AURUM PROPTECH LIMITED,222.0,227.77,221.82,226.01,223.5,222.48,,225.9,,,234117,52694389.9,2712,F1,1,,,,,
2026-08-07,2026-08-07,CM,NSE,STK,31468,INE142K01011,AURUS,EQ,,,,,AURUS GEM CORP LIMITED,4.5,5.02,4.5,4.81,4.84,4.56,,4.78,,,29523,141636.81,261,F1,1,,,,,
2026-08-07,2026-08-07,CM,NSE,STK,9035,INE218C01016,AUSOMENT,BE,,,,,AUSOM ENTERPRISE LIMITED,139.0,142.9,135.47,140.88,142.9,138.28,,140.88,,,2567,354679.77,30,F1,1,,,,,
2026-08-07,2026-08-07,CM,NSE,STK,21451,INE0P0001010,APS,SM,,,,,AUSTRALIAN PREM SOLAR I L,251.0,260.0,246.0,249.35,251.0,251.4,,249.35,,,28500,7188837.5,100,F1,250,,,,,
2026-08-07,2026-08-07,CM,NSE,STK,23553,INE206F01022,AIIL,EQ,,,,,AUTHUM INVEST & INFRA LTD,596.2,605.0,587.0,596.6,592.7,596.2,,596.58,,,1070113,639166627.35,14500,F1,1,,,,,
2026-08-07,2026-08-07,CM,NSE,STK,14110,INE718H01014,AUTOIND,BE,,,,,AUTOLINE INDUSTRIES LTD,96.5,96.5,92.0,93.83,94.0,95.79,,93.79,,,64033,6032082.26,467,F1,1,,,,,
2026-08-07,2026-08-07,CM,NSE,STK,278,INE449A01011,AUTOAXLES,EQ,,,,,AUTOMOTIVE AXLES LIMITED,1850.0,1878.0,1810.0,1827.8,1843.0,1848.9,,1828.05,,,15648,28697817.4,2406,F1,1,,,,,
2026-08-07,2026-08-07,CM,NSE,STK,10634,INE900C01027,ASAL,EQ,,,,,AUTOMOTIVE STAMPINGS & AS,508.0,512.95,504.55,505.95,504.55,509.9,,505.98,,,13126,6669482.7,728,F1,1,,,,,
2026-08-07,2026-08-07,CM,NSE,STK,21406,INE349W01017,AVADHSUGAR,EQ,,,,,AVADH SUG & ENERGY LTD,607.0,611.0,596.0,601.05,598.0,602.9,,601.05,,,63110,38059376.25,1933,F1,1,,,,,
2026-08-07,2026-08-07,CM,NSE,STK,15058,INE0LCL01028,AVALON,EQ,,,,,AVALON TECHNOLOGIES LTD,1785.0,1998.0,1785.0,1965.3,1968.0,1774.5,,1965.35,,,1877232,3570063774.8,122264,F1,1,,,,,
2026-08-07,2026-08-07,CM,NSE,STK,760736,INE1KU201016,AVANA,ST,,,,,AVANA ELECTROSYSTEMS LTD,156.0,156.0,148.55,149.55,149.1,156.0,,149.55,,,22000,3330700.0,11,F1,2000,,,,,
2026-08-07,2026-08-07,CM,NSE,STK,24610,INE005B01027,AVANTEL,EQ,,,,,AVANTEL LIMITED,164.44,167.0,162.75,163.43,163.28,164.44,,163.44,,,702446,115688729.75,7303,F1,1,,,,,
2026-08-07,2026-08-07,CM,NSE,STK,7936,INE871C01038,AVANTIFEED,EQ,,,,,AVANTI FEEDS LIMITED,885.3,909.85,881.05,906.55,909.0,891.9,,906.57,,,402557,361760289.45,17436,F1,1,,,,,
2026-08-07,2026-08-07,CM,NSE,STK,20503,INE617I01024,AVATAR,ST,,,,,AVATAR INDUSTRIES LIMITED,197.75,197.75,197.7,197.75,197.75,193.9,,197.75,,,28000,5536700.0,11,F1,2000,,,,,
2026-08-07,2026-08-07,CM,NSE,STK,19913,INE192R01011,DMART,EQ,,,,,AVENUE SUPERMARTS LIMITED,3945.0,3948.4,3885.5,3900.0,3900.0,3931.2,,3899.85,,,374241,1462106742.0,25354,F1,1,,,,,
2026-08-07,2026-08-07,CM,NSE,STK,16249,INE483S01020,CCAVENUE,EQ,,,,,AVENUESAI LIMITED,17.22,17.22,16.97,17.17,17.19,17.13,,17.17,,,7929235,135667553.87,8649,F1,1,,,,,
2026-08-07,2026-08-07,CM,NSE,STK,15638,INE680Z01018,AVG,BE,,,,,AVG LOGISTICS LIMITED,202.42,206.3,198.41,198.72,202.2,202.42,,199.14,,,5524,1106022.73,65,F1,1,,,,,
2026-08-07,2026-08-07,CM,NSE,STK,25520,INE0TFB01017,AVIANSH,SM,,,,,AVI ANSH TEXTILE LIMITED,105.0,105.5,105.0,105.5,105.5,105.0,,105.5,,,2000,210500.0,2,F1,1000,,,,,
2026-08-07,2026-08-07,CM,NSE,STK,755092,INE0V9I01017,AVIENCE,SM,,,,,AVIENCE BIOMEDICALS LTD,250.05,254.0,246.0,246.05,246.2,248.0,,246.05,,,21000,5209260.0,33,F1,600,,,,,
2026-08-07,2026-08-07,CM,NSE,STK,14069,INE855F01042,ASMS,BE,,,,,AVIO SMART MRKT STACK LTD,7.13,7.27,7.13,7.25,7.2,7.21,,7.25,,,77142,556118.31,217,F1,1,,,,,
2026-08-07,2026-08-07,CM,NSE,STK,13557,INE323B01024,AVONMORE,EQ,,,,,AVONMORE CAP&MGT SERV LTD,11.1,11.18,10.85,10.93,10.98,11.1,,10.93,,,76878,847484.29,228,F1,1,,,,,
2026-08-07,2026-08-07,CM,NSE,STK,23159,INE0R9401019,AVPINFRA,SM,,,,,AVP INFRACON LIMITED,66.95,67.5,63.0,63.65,64.0,65.75,,63.65,,,38400,2497280.0,30,F1,800,,,,,
2026-08-07,2026-08-07,CM,NSE,STK,8827,INE652Z01025,AVROIND,EQ,,,,,AVRO INDIA LIMITED,9.0,9.24,8.82,9.1,8.99,9.11,,9.11,,,251563,2283294.83,637,F1,1,,,,,
2026-08-07,2026-08-07,CM,NSE,STK,14008,INE488D01021,AVTNPL,EQ,,,,,AVT NATURAL PRODUCTS LTD,72.0,72.97,71.12,71.86,72.5,71.59,,71.86,,,41803,3007286.8,694,F1,1,,,,,
2026-08-07,2026-08-07,CM,NSE,STK,23864,INE108V01019,AWFIS,EQ,,,,,AWFIS SPACE SOLUTIONS LTD,273.0,276.4,270.0,271.65,270.8,271.9,,271.64,,,115484,31530856.9,3384,F1,1,,,,,
2026-08-07,2026-08-07,CM,NSE,STK,8110,INE699H01024,AWL,EQ,,,,,AWL AGRI BUSINESS LIMITED,198.0,201.5,195.06,197.5,197.78,197.38,,197.5,,,3167471,628813252.4,40943,F1,1,,,,,
2026-08-07,2026-08-07,CM,NSE,STK,5900,INE238A01034,AXISBANK,EQ,,,,,AXIS BANK LIMITED,1252.1,1256.0,1238.0,1238.0,1238.0,1256.0,,1238.0,,,3628823,4514768137.6,86489,F1,1,,,,,
2026-08-07,2026-08-07,CM,NSE,STK,1044,INF846K01X63,BNKETFAXIS,EQ,,,,,AXISAMC-BNKETFAXIS,596.22,598.76,595.27,598.24,598.76,598.76,,598.24,,,272,162418.51,25,F1,1,,,,,
2026-08-07,2026-08-07,CM,NSE,STK,5732,INF846K016C7,CONSUMAXIS,EQ,,,,,AXISAMC-CONSUMAXIS,125.72,125.99,125.29,125.84,125.99,125.12,,126.07,,,3390,425671.68,29,F1,1,,,,,
2026-08-07,2026-08-07,CM,NSE,STK,20532,INF846K01W80,GOLDAXIS,EQ,,,,,AXISAMC-GOLDAXIS,127.05,127.05,123.0,124.78,124.85,123.96,,124.78,,,2320285,287801461.66,4189,F1,1,,,,,
2026-08-07,2026-08-07,CM,NSE,STK,3608,INF846K01Z12,HEALTHAXIS,EQ,,,,,AXISAMC-HEALTHAXIS,171.59,171.59,169.0,169.44,169.0,169.9,,168.88,,,2812,477647.71,73,F1,1,,,,,
2026-08-07,2026-08-07,CM,NSE,STK,3010,INF846K01Y96,ITAXIS,EQ,,,,,AXISAMC-ITAXIS,347.25,350.08,345.0,347.78,345.0,342.62,,347.77,,,4819,1677387.5,89,F1,1,,,,,
2026-08-07,2026-08-07,CM,NSE,STK,21252,INF846K01W98,NIFTYAXIS,EQ,,,,,AXISAMC-NIFTYAXIS,272.75,273.0,267.58,268.89,268.01,272.13,,268.89,,,3288,893761.87,195,F1,1,,,,,
2026-08-07,2026-08-07,CM,NSE,STK,14742,INF846K010Q0,SENSEXAXIS,EQ,,,,,AXISAMC-SENSEXAXIS,82.67,83.12,79.73,80.84,83.12,81.82,,80.88,,,1933,157356.66,80,F1,1,,,,,
2026-08-07,2026-08-07,CM,NSE,STK,11193,INF846K011K1,SILVERAXIS,EQ,,,,,AXISAMC-SILVERAXIS,222.95,229.99,222.95,229.17,228.03,222.94,,229.17,,,945306,214846831.45,3698,F1,1,,,,,
2026-08-07,2026-08-07,CM,NSE,STK,30155,INF846KA1119,VALUEAXIS,EQ,,,,,AXISAMC-VALUEAXIS,33.59,33.67,33.36,33.59,33.6,33.48,,33.59,,,151885,5076880.2,299,F1,1,,,,,
2026-08-07,2026-08-07,CM,NSE,STK,9436,INE555B01013,AXISCADES,EQ,,,,,AXISCADES TECH LTD,1631.4,1631.4,1581.1,1598.5,1595.0,1631.4,,1598.46,,,126804,202483668.9,8444,F1,1,,,,,
2026-08-07,2026-08-07,CM,NSE,STK,9902,INE02EZ01022,AXITA,EQ,,,,,AXITA COTTON LIMITED,7.33,7.35,7.29,7.3,7.31,7.3,,7.3,,,193240,1412809.1,617,F1,1,,,,,
2026-08-07,2026-08-07,CM,NSE,STK,760981,INE501X01029,AYE,EQ,,,,,AYE FINANCE LIMITED,167.0,172.15,164.0,170.47,169.12,166.55,,170.46,,,621863,105366639.89,9833,F1,1,,,,,
2026-08-07,2026-08-07,CM,NSE,STK,10285,INE193B01039,AYMSYNTEX,EQ,,,,,AYM SYNTEX LIMITED,255.25,261.95,241.4,247.95,246.3,251.65,,247.94,,,30314,7643136.0,1442,F1,1,,,,,
2026-08-07,2026-08-07,CM,NSE,STK,20905,INE02IJ01035,AZAD,EQ,,,,,AZAD ENGINEERING LIMITED,2455.0,2515.0,2455.0,2489.0,2477.6,2455.8,,2488.48,,,534729,1332941658.6,31748,F1,1,,,,,
2026-08-07,2026-08-07,CM,NSE,STK,12153,INE01EE01011,BBTCL,EQ,,,,,B&B TRIPLEWALL CONT LTD,221.6,226.9,219.02,225.3,226.0,221.83,,225.92,,,5132,1148261.42,329,F1,1,,,,,
2026-08-07,2026-08-07,CM,NSE,STK,11226,INE116D01028,BAGFILMS,EQ,,,,,B.A.G FILMS AND MEDIA LTD,4.33,4.45,4.31,4.32,4.33,4.35,,4.32,,,76348,334234.06,235,F1,1,,,,,
2026-08-07,2026-08-07,CM,NSE,STK,13290,INE350H01032,BLKASHYAP,EQ,,,,,B.L.KASHYAP & SON LTD,55.9,57.85,55.21,55.98,55.55,55.97,,55.98,,,749944,42534190.53,4675,F1,1,,,,,
2026-08-07,2026-08-07,CM,NSE,STK,25116,INE01FR01028,STYLEBAAZA,BE,,,,,BAAZAR STYLE RETAIL LTD,314.0,320.65,312.0,320.65,320.65,305.4,,320.65,,,583981,186820771.4,1556,F1,1,,,,,
2026-08-07,2026-08-07,CM,NSE,STK,17735,INE878I01022,BAFNAPH,BE,,,,,BAFNA PHARMACEUTICALS LTD,288.95,290.2,285.0,285.0,285.0,284.55,,290.2,,,6249,1797360.25,83,F1,1,,,,,
2026-08-07,2026-08-07,CM,NSE,STK,763363,INE2OVN25015,BAGMANE,RR,,,,,BAGMANE PRIME OFFICE REIT,107.43,107.8,107.01,107.38,107.4,107.11,,107.38,,,478395,51381753.13,5536,F1,1,,,,,
2026-08-07,2026-08-07,CM,NSE,STK,12989,INE029Q01017,BAHETI,SM,,,,,BAHETI RECYCLING IND LTD,773.0,773.0,755.0,769.55,770.0,763.5,,769.55,,,17250,13227731.25,36,F1,375,,,,,
2026-08-07,2026-08-07,CM,NSE,STK,13794,INE020D01022,BAIDFIN,EQ,,,,,BAID FINSERV LIMITED,10.12,10.14,10.0,10.03,10.04,10.1,,10.03,,,24588,247005.38,118,F1,1,,,,,
2026-08-07,2026-08-07,CM,NSE,STK,16669,INE917I01010,BAJAJ-AUTO,EQ,,,,,BAJAJ AUTO LIMITED,11580.0,11730.0,11574.0,11662.0,11662.0,11620.0,,11661.91,,,208968,2439607466.0,31908,F1,1,,,,,
2026-08-07,2026-08-07,CM,NSE,STK,19531,INE933K01021,BAJAJCON,EQ,,,,,BAJAJ CONSUMER CARE LTD,532.6,545.0,532.0,537.45,534.1,532.6,,537.44,,,393728,212579188.7,12914,F1,1,,,,,
2026-08-07,2026-08-07,CM,NSE,STK,15034,INE193E01025,BAJAJELEC,EQ,,,,,BAJAJ ELECT.LTD,379.4,393.9,366.3,371.15,369.25,382.5,,371.18,,,2177405,833941752.25,33078,F1,1,,,,,
2026-08-07,2026-08-07,CM,NSE,STK,317,INE296A01032,BAJFINANCE,EQ,,,,,BAJAJ FINANCE LIMITED,1113.0,1113.0,1074.5,1078.0,1078.0,1144.8,,1078.04,,,15614001,17023067677.2,306196,F1,1,,,,,
2026-08-07,2026-08-07,CM,NSE,STK,16675,INE918I01026,BAJAJFINSV,EQ,,,,,BAJAJ FINSERV LTD.,2050.0,2050.0,1988.0,2008.9,2008.9,2086.0,,2008.87,,,2416624,4851744085.8,147211,F1,1,,,,,
2026-08-07,2026-08-07,CM,NSE,STK,6863,INE411U01027,BAJAJHCARE,EQ,,,,,BAJAJ HEALTHCARE LIMITED,330.0,332.95,325.55,329.8,330.0,329.2,,329.78,,,90950,29949027.3,3204,F1,1,,,,,
2026-08-07,2026-08-07,CM,NSE,STK,308,INE306A01021,BAJAJHIND,EQ,,,,,BAJAJ HINDUSTHAN SUGAR LT,17.46,17.8,17.44,17.57,17.58,17.53,,17.57,,,3712581,65326951.92,5394,F1,1,,,,,
2026-08-07,2026-08-07,CM,NSE,STK,305,INE118A01012,BAJAJHLDNG,EQ,,,,,BAJAJ HOLDINGS & INVS LTD,11400.0,11428.0,11263.0,11263.0,11263.0,11387.0,,11263.14,,,25976,294574360.0,8694,F1,1,,,,,
2026-08-07,2026-08-07,CM,NSE,STK,25270,INE377Y01014,BAJAJHFL,EQ,,,,,BAJAJ HOUSING FINANCE LTD,86.55,86.55,85.61,85.79,85.78,86.41,,85.79,,,2173109,186700134.91,20363,F1,1,,,,,
2026-08-07,2026-08-07,CM,NSE,STK,762563,INE704G01024,BAJAJST,EQ,,,,,BAJAJ STEEL INDS. LTD.,384.0,393.05,384.0,390.4,393.05,386.8,,390.17,,,5789,2254360.45,311,F1,1,,,,,
2026-08-07,2026-08-07,CM,NSE,STK,20531,INE0KQN01018,BAJEL,EQ,,,,,BAJEL PROJECTS LIMITED,193.35,197.8,190.0,191.78,191.0,194.34,,191.83,,,362679,70146215.56,7360,F1,1,,,,,
2026-08-07,2026-08-07,CM,NSE,STK,13441,INE083D01012,BALPHARMA,EQ,,,,,BAL PHARMA LTD.,88.02,89.59,86.97,89.23,89.45,86.89,,89.26,,,14255,1263373.53,803,F1,1,,,,,
2026-08-07,2026-08-07,CM,NSE,STK,14501,INE050E01027,BALAMINES,EQ,,,,,BALAJI AMINES LIMITED,2109.0,2109.0,2022.8,2029.6,2035.0,2100.8,,2029.3,,,110661,227659490.2,11201,F1,1,,,,,
2026-08-07,2026-08-07,CM,NSE,STK,30030,INE0PQ601019,BALAJIPHOS,SM,,,,,BALAJI PHOSPHATES LIMITED,89.2,89.2,89.0,89.0,89.0,89.0,,89.0,,,5000,445200.0,3,F1,1000,,,,,
2026-08-07,2026-08-07,CM,NSE,STK,9158,INE794B01026,BALAJITELE,EQ,,,,,BALAJI TELEFILMS LIMITED.,85.1,86.87,84.21,85.72,85.1,85.54,,85.79,,,61653,5257715.13,915,F1,1,,,,,
2026-08-07,2026-08-07,CM,NSE,STK,11309,INE618N01022,BALAXI,EQ,,,,,BALAXI PHARMA LTD,24.18,24.75,24.0,24.32,24.27,24.2,,24.32,,,16200,393617.13,122,F1,1,,,,,
2026-08-07,2026-08-07,CM,NSE,STK,335,INE787D01026,BALKRISIND,EQ,,,,,BALKRISHNA IND. LTD,2430.0,2498.8,2430.0,2466.3,2479.0,2465.7,,2466.32,,,116753,288304358.6,15079,F1,1,,,,,
2026-08-07,2026-08-07,CM,NSE,STK,10181,INE875R01011,BALKRISHNA,EQ,,,,,BALKRISHNA PAPER MILLS L,17.96,17.96,17.5,17.66,17.51,17.37,,17.58,,,4615,82074.26,52,F1,1,,,,,
2026-08-07,2026-08-07,CM,NSE,STK,338,INE164A01016,BALMLAWRIE,EQ,,,,,BALMER LAWRIE & CO LTD,177.49,177.5,173.77,175.19,175.4,176.74,,175.2,,,90946,15953910.36,1795,F1,1,,,,,
2026-08-07,2026-08-07,CM,NSE,STK,762603,INE525F01025,BLIL,EQ,,,,,BALMER LAWRIE INVSTS. L,70.83,71.29,70.41,70.75,71.0,71.12,,70.78,,,44327,3148300.42,626,F1,1,,,,,
2026-08-07,2026-08-07,CM,NSE,STK,341,INE119A01028,BALRAMCHIN,EQ,,,,,BALRAMPUR CHINI MILLS LTD,635.0,637.0,624.7,633.45,635.0,629.3,,633.48,,,394390,249153713.2,12342,F1,1,,,,,
2026-08-07,2026-08-07,CM,NSE,STK,23607,INE011E01029,BALUFORGE,EQ,,,,,BALU FORGE INDUSTRIES LTD,459.9,478.9,452.75,469.05,469.95,458.45,,469.04,,,1528723,717397383.9,26247,F1,1,,,,,
2026-08-07,2026-08-07,CM,NSE,STK,347,INE655B01011,BANARBEADS,EQ,,,,,BANARAS BEADS LTD,117.2,117.2,113.25,113.86,113.5,114.23,,113.86,,,812,93014.56,59,F1,1,,,,,
2026-08-07,2026-08-07,CM,NSE,STK,13880,INE213C01025,BANCOINDIA,EQ,,,,,BANCO PRODUCTS (I) LTD,682.0,690.5,679.6,686.95,683.0,681.85,,686.8,,,111014,76199423.95,6765,F1,1,,,,,
2026-08-07,2026-08-07,CM,NSE,STK,2263,INE545U01014,BANDHANBNK,EQ,,,,,BANDHAN BANK LIMITED,174.66,177.2,173.52,176.02,176.02,174.66,,175.97,,,10729624,1886623854.38,91669,F1,1,,,,,
2026-08-07,2026-08-07,CM,NSE,STK,760325,INF194KB1KJ7,GOLDBND,EQ,,,,,BANDHANAMC - GOLDBND,149.26,155.17,115.17,149.45,149.85,147.78,,149.38,,,29922,4433877.3,233,F1,1,,,,,
2026-08-07,2026-08-07,CM,NSE,STK,18783,INF194KA1U07,IDFNIFTYET,EQ,,,,,BANDHANAMC - IDFNIFTYET,279.97,279.97,270.91,272.01,273.9,275.78,,272.01,,,4591,1247648.45,101,F1,1,,,,,
2026-08-07,2026-08-07,CM,NSE,STK,760328,INF194KB1KI9,SILVERBND,EQ,,,,,BANDHANAMC - SILVERBND,221.07,237.27,221.07,231.19,230.9,225.09,,231.19,,,75583,17241812.95,341,F1,1,,,,,
2026-08-07,2026-08-07,CM,NSE,STK,15303,INE863I01016,BANG,EQ,,,,,BANG OVERSEAS LTD.,30.75,30.75,29.85,30.01,30.0,30.16,,30.02,,,6393,192713.44,94,F1,1,,,,,
2026-08-07,2026-08-07,CM,NSE,STK,4668,INE028A01039,BANKBARODA,EQ,,,,,BANK OF BARODA,249.99,251.25,248.02,250.7,250.7,251.0,,250.69,,,7479873,1868906654.68,54716,F1,1,,,,,
2026-08-07,2026-08-07,CM,NSE,STK,4745,INE084A01016,BANKINDIA,EQ,,,,,BANK OF INDIA,142.95,145.14,142.0,145.0,145.0,142.66,,145.0,,,8569425,1230344603.06,34434,F1,1,,,,,
2026-08-07,2026-08-07,CM,NSE,STK,11377,INE457A01014,MAHABANK,EQ,,,,,BANK OF MAHARASHTRA,78.05,78.55,77.2,78.28,78.48,78.17,,78.28,,,9248212,720002348.72,100279,F1,1,,,,,
2026-08-07,2026-08-07,CM,NSE,STK,828,INE862Y01015,BANKA,BE,,,,,BANKA BIOLOO LIMITED,86.01,86.79,83.0,86.31,86.5,87.22,,86.31,,,5464,462443.54,34,F1,1,,,,,
2026-08-07,2026-08-07,CM,NSE,STK,12037,INE186H01022,BASML,BE,,,,,BANNARI AM SPIN MILL LTD.,27.25,27.5,26.77,27.04,27.01,27.1,,27.04,,,49967,1357624.25,114,F1,1,,,,,
2026-08-07,2026-08-07,CM,NSE,STK,350,INE459A01010,BANARISUG,EQ,,,,,BANNARI AMMAN SUGARS LTD,3510.0,3534.9,3476.2,3491.0,3491.0,3510.5,,3491.0,,,66,231617.9,24,F1,1,,,,,
2026-08-07,2026-08-07,CM,NSE,STK,24386,INE0B9K01025,BANSALWIRE,EQ,,,,,BANSAL WIRE INDUSTRIES L,333.25,340.75,331.0,332.2,331.2,331.1,,332.2,,,284713,95075514.0,8081,F1,1,,,,,
2026-08-07,2026-08-07,CM,NSE,STK,14511,INE629D01020,BANSWRAS,EQ,,,,,BANSWARA SYNTEX LIMITED,123.78,124.49,122.2,123.88,124.0,123.78,,123.88,,,23990,2949239.32,426,F1,1,,,,,
2026-08-07,2026-08-07,CM,NSE,STK,15073,INE139I01011,BVCL,EQ,,,,,BARAK VALLEY CEM. LTD.,42.0,43.0,41.0,41.37,41.84,42.53,,41.37,,,21859,919429.24,169,F1,1,,,,,
2026-08-07,2026-08-07,CM,NSE,STK,29176,INE0QX401014,BARFLEX,SM,,,,,BARFLEX POLYFILMS LIMITED,55.0,55.0,52.55,55.0,55.0,56.0,,55.0,,,8000,435100.0,4,F1,2000,,,,,
2026-08-07,2026-08-07,CM,NSE,STK,24117,INF251K01TL6,BBNPNBETF,EQ,,,,,BARODABNP - BBNPNBETF,58.6,58.63,58.21,58.46,58.46,58.44,,57.02,,,709,41348.81,17,F1,1,,,,,
2026-08-07,2026-08-07,CM,NSE,STK,20547,INF251K01SU9,BBNPPGOLD,EQ,,,,,BARODABNP - BBNPPGOLD,142.95,145.0,141.05,144.3,145.0,142.95,,144.34,,,5368,771177.4,84,F1,1,,,,,
2026-08-07,2026-08-07,CM,NSE,STK,368,INE373A01013,BASF,EQ,,,,,BASF INDIA LTD,4008.0,4150.0,4008.0,4091.0,4089.0,4125.0,,4090.83,,,66610,272639999.0,10384,F1,1,,,,,
2026-08-07,2026-08-07,CM,NSE,STK,18442,INE0OCC01013,BASILIC,SM,,,,,BASILIC FLY STUDIO LTD,197.55,198.65,190.0,191.9,191.1,194.65,,191.9,,,10800,2085555.0,35,F1,300,,,,,
2026-08-07,2026-08-07,CM,NSE,STK,371,INE176A01028,BATAINDIA,EQ,,,,,BATA INDIA LTD,728.1,730.0,717.75,720.5,719.95,728.1,,720.49,,,127012,91838208.75,8013,F1,1,,,,,
2026-08-07,2026-08-07,CM,NSE,STK,762568,INE177C01022,BATLIBOI,EQ,,,,,BATLIBOI LTD.,101.51,104.79,89.11,91.13,89.65,102.67,,91.13,,,491758,47290641.28,5588,F1,1,,,,,
2026-08-07,2026-08-07,CM,NSE,STK,17927,INE462A01022,BAYERCROP,EQ,,,,,BAYER CROPSCIENCE LTD,4214.9,4241.4,4167.1,4177.2,4173.1,4214.9,,4176.79,,,20370,85391564.9,4194,F1,1,,,,,
2026-08-07,2026-08-07,CM,NSE,STK,2513,INE412G01024,BCLIND,EQ,,,,,BCL INDUSTRIES LIMITED,36.7,37.09,36.65,36.96,37.09,36.75,,36.96,,,367622,13552177.38,2059,F1,1,,,,,
2026-08-07,2026-08-07,CM,NSE,STK,761494,INE00SW01015,BCPL,EQ,,,,,BCPL RAILWAY INFRA LTD,70.0,70.84,68.3,69.77,69.5,70.09,,69.79,,,6490,451150.11,264,F1,1,,,,,
2026-08-07,2026-08-07,CM,NSE,STK,23925,INE639X01027,BEACON,ST,,,,,BEACON TRUSTEESHIP LTD,89.0,93.1,88.95,91.95,91.95,88.7,,91.95,,,26000,2368850.0,23,F1,1000,,,,,
2026-08-07,2026-08-07,CM,NSE,STK,17933,INE520H01022,BEARDSELL,EQ,,,,,BEARDSELL LIMITED,27.15,27.79,27.0,27.24,27.21,27.29,,27.24,,,10809,294576.38,127,F1,1,,,,,
2026-08-07,2026-08-07,CM,NSE,STK,20196,INE844K01012,BEDMUTHA,EQ,,,,,BEDMUTHA INDUST LTD,112.8,117.95,111.6,113.01,113.0,112.41,,113.01,,,3178,361322.54,40,F1,1,,,,,
2026-08-07,2026-08-07,CM,NSE,STK,762573,INE213D01015,BEEKAY,EQ,,,,,BEEKAY STEEL INDS. LTD.,394.9,400.0,390.0,394.0,394.0,394.45,,395.11,,,5786,2273837.15,108,F1,1,,,,,
2026-08-07,2026-08-07,CM,NSE,STK,757938,INE344T01014,BELLACASA,EQ,,,,,BELLA CASA FASH AND RET L,240.34,243.33,236.58,241.85,242.47,240.39,,241.77,,,7071,1693272.2,361,F1,1,,,,,
2026-08-07,2026-08-07,CM,NSE,STK,757102,INE894V01022,BELRISE,EQ,,,,,BELRISE INDUSTRIES LTD,244.61,250.0,244.0,248.21,248.05,244.61,,248.21,,,6171893,1528466708.82,54820,F1,1,,,,,
2026-08-07,2026-08-07,CM,NSE,STK,15067,INE0N7W01012,BLAL,EQ,,,,,BEML LAND ASSETS LIMITED,173.82,173.9,170.12,171.41,172.95,173.37,,171.41,,,11451,1967879.16,378,F1,1,,,,,
2026-08-07,2026-08-07,CM,NSE,STK,395,INE258A01024,BEML,EQ,,,,,BEML LIMITED,1729.9,1817.6,1686.4,1787.8,1795.0,1725.1,,1787.97,,,1253510,2205946603.7,79988,F1,1,,,,,
2026-08-07,2026-08-07,CM,NSE,STK,762578,INE083K01017,BENGALASM,EQ,,,,,BENGAL & ASSAM CO. LTD.,6206.0,6320.5,6150.0,6178.5,6167.5,6230.5,,6182.34,,,415,2594777.5,189,F1,1,,,,,
2026-08-07,2026-08-07,CM,NSE,STK,404,INE463A01038,BERGEPAINT,EQ,,,,,BERGER PAINTS (I) LTD,538.0,544.85,529.05,530.55,530.1,537.6,,530.54,,,286606,152784523.75,11784,F1,1,,,,,
2026-08-07,2026-08-07,CM,NSE,STK,2306,INE052T01021,BESTAGRO,EQ,,,,,BEST AGROLIFE LIMITED,20.01,20.38,19.83,20.08,20.19,20.24,,20.08,,,1882251,37825978.42,4112,F1,1,,,,,
2026-08-07,2026-08-07,CM,NSE,STK,759842,INE351Y01019,BETA,EQ,,,,,BETA DRUGS LIMITED,2539.9,2600.0,2306.0,2373.7,2394.0,2518.9,,2373.7,,,99552,239226076.4,16239,F1,1,,,,,
2026-08-07,2026-08-07,CM,NSE,STK,5662,INE0HQI01014,BEWLTD,SM,,,,,BEW ENGINEERING LIMITED,55.0,55.35,51.0,55.1,54.85,55.0,,55.1,,,43000,2294925.0,73,F1,500,,,,,
2026-08-07,2026-08-07,CM,NSE,STK,21113,INE878K01010,BFINVEST,EQ,,,,,BF INVESTMENT LIMITED,470.6,479.7,461.05,469.55,469.95,472.95,,469.61,,,41333,19522958.9,1923,F1,1,,,,,
2026-08-07,2026-08-07,CM,NSE,STK,14567,INE243D01012,BFUTILITIE,EQ,,,,,BF UTILITIES LIMITED,558.2,567.0,553.05,558.6,559.2,560.15,,558.57,,,55519,31092438.25,1860,F1,1,,,,,
2026-08-07,2026-08-07,CM,NSE,STK,764183,INF0QA701CI0,BANK10BETF,EQ,,,,,BFAM - BANK10BETF,21.15,22.3,21.0,21.01,21.5,21.29,,21.01,,,1543,32470.6,27,F1,1,,,,,
2026-08-07,2026-08-07,CM,NSE,STK,21986,INF0QA701714,BANKBETF,EQ,,,,,BFAM - BANKBETF,58.71,59.0,58.68,58.8,58.75,58.96,,58.84,,,9748,572848.28,145,F1,1,,,,,
2026-08-07,2026-08-07,CM,NSE,STK,23915,INF0QA701854,LIQUIDBETF,EQ,,,,,BFAM - LIQUIDBETF,1093.81,1093.83,1093.81,1093.82,1093.82,1093.38,,1093.82,,,240954,263560253.69,142,F1,1,,,,,
2026-08-07,2026-08-07,CM,NSE,STK,21959,INF0QA701722,NIFTYBETF,EQ,,,,,BFAM - NIFTYBETF,253.09,254.03,252.16,252.43,252.54,253.09,,250.72,,,2232,564707.48,86,F1,1,,,,,
2026-08-07,2026-08-07,CM,NSE,STK,15193,INE661I01014,BGRENERGY,BE,,,,,BGR ENERGY SYSTEMS LTD,251.95,266.8,250.0,266.7,266.8,254.1,,267.21,,,47472,12477377.15,732,F1,1,,,,,
2026-08-07,2026-08-07,CM,NSE,STK,758228,INE0ZRC01017,BHADORA,ST,,,,,BHADORA INDUSTRIES LTD,88.95,92.1,88.95,92.1,92.1,87.75,,92.1,,,20400,1858860.0,13,F1,1200,,,,,
2026-08-07,2026-08-07,CM,NSE,STK,13427,INE354C01027,BHAGERIA,BE,,,,,BHAGERIA INDUSTRIES LTD,208.9,210.4,205.0,207.43,210.4,207.07,,207.44,,,13120,2717213.34,191,F1,1,,,,,
2026-08-07,2026-08-07,CM,NSE,STK,6164,INE414D01027,BHAGCHEM,EQ,,,,,BHAGIRADHA CHEM & INDS L,273.0,294.95,272.25,285.6,290.8,275.4,,285.6,,,242919,69591948.55,7932,F1,1,,,,,
2026-08-07,2026-08-07,CM,NSE,STK,20799,INE458B01036,BHAGYANGR,BE,,,,,BHAGYANAGAR INDIA LIMITED,381.9,399.95,377.0,393.2,393.6,382.05,,393.26,,,102130,39721495.55,1274,F1,1,,,,,
2026-08-07,2026-08-07,CM,NSE,STK,19560,INE474E01029,BHANDARI,BE,,,,,BHANDARI HOSIERY EXP LTD,2.86,2.87,2.84,2.86,2.87,2.86,,2.86,,,81724,233754.28,145,F1,1,,,,,
2026-08-07,2026-08-07,CM,NSE,STK,419,INE922A01025,BEPL,EQ,,,,,BHANSALI ENG. POLYMERS LT,122.1,125.8,121.11,123.57,123.3,122.42,,123.57,,,2585719,320110323.29,18096,F1,1,,,,,
2026-08-07,2026-08-07,CM,NSE,STK,13761,INE464A01036,BBL,EQ,,,,,BHARAT BIJLEE LTD,2354.9,2359.0,2310.1,2329.4,2315.0,2345.8,,2329.45,,,25853,60409632.2,3278,F1,1,,,,,
2026-08-07,2026-08-07,CM,NSE,STK,760726,INE05XR01022,BHARATCOAL,EQ,,,,,BHARAT COKING COAL LTD,34.2,34.25,34.0,34.07,34.09,34.26,,34.07,,,3243842,110593214.29,10385,F1,1,,,,,
2026-08-07,2026-08-07,CM,NSE,STK,2144,INE171Z01026,BDL,EQ,,,,,BHARAT DYNAMICS LIMITED,1299.0,1311.9,1288.5,1294.0,1294.0,1299.0,,1294.0,,,872088,1133578745.9,32733,F1,1,,,,,
2026-08-07,2026-08-07,CM,NSE,STK,383,INE263A01024,BEL,EQ,,,,,BHARAT ELECTRONICS LTD,401.0,403.0,398.35,401.0,401.0,399.2,,401.02,,,10798068,4330691819.8,123229,F1,1,,,,,
2026-08-07,2026-08-07,CM,NSE,STK,422,INE465A01025,BHARATFORG,EQ,,,,,BHARAT FORGE LTD,2209.9,2270.0,2190.4,2265.2,2265.2,2210.0,,2265.97,,,1152060,2584851409.1,46363,F1,1,,,,,
2026-08-07,2026-08-07,CM,NSE,STK,9397,INE561C01019,BHARATGEAR,BE,,,,,BHARAT GEARS LTD,106.55,107.81,105.2,106.25,106.5,107.63,,106.25,,,21916,2333660.5,272,F1,1,,,,,
2026-08-07,2026-08-07,CM,NSE,STK,526,INE029A01011,BPCL,EQ,,,,,BHARAT PETROLEUM CORP  LT,320.9,323.55,317.1,321.0,321.0,323.7,,321.0,,,5431740,1741301780.3,47043,F1,1,,,,,
2026-08-07,2026-08-07,CM,NSE,STK,3834,INE838B01021,BHARATRAS,EQ,,,,,BHARAT RASAYAN LTD,1365.7,1385.0,1351.0,1358.2,1380.0,1375.3,,1358.21,,,5987,8163571.1,1026,F1,1,,,,,
2026-08-07,2026-08-07,CM,NSE,STK,21683,INE727S01012,BRNL,EQ,,,,,BHARAT ROAD NETWORK LTD,18.05,18.05,17.52,17.79,17.85,17.62,,17.79,,,10280,182531.37,184,F1,1,,,,,
2026-08-07,2026-08-07,CM,NSE,STK,30244,INE415D01024,BHARATSE,EQ,,,,,BHARAT SEATS LIMITED,221.99,244.0,221.2,240.89,240.34,223.47,,240.88,,,751268,177149496.69,13905,F1,1,,,,,
2026-08-07,2026-08-07,CM,NSE,STK,16123,INE316L01019,BHARATWIRE,EQ,,,,,BHARAT WIRE ROPES LTD.,206.5,208.0,198.0,201.17,201.98,205.78,,201.18,,,230329,46566118.64,4597,F1,1,,,,,
2026-08-07,2026-08-07,CM,NSE,STK,10604,INE397D01024,BHARTIARTL,EQ,,,,,BHARTI AIRTEL LIMITED,1938.3,1961.0,1938.3,1959.9,1959.9,1948.0,,1959.9,,,3019876,5895973991.9,114927,F1,1,,,,,
2026-08-07,2026-08-07,CM,NSE,STK,23489,INE343G01021,BHARTIHEXA,EQ,,,,,BHARTI HEXACOM LIMITED,1520.0,1551.5,1503.8,1538.8,1516.0,1514.5,,1538.72,,,146539,225097464.8,10543,F1,1,,,,,
2026-08-07,2026-08-07,CM,NSE,STK,7848,INE828A01016,BIL,EQ,,,,,BHARTIYA INTERNATIONAL,832.0,845.05,802.6,830.35,834.95,809.9,,831.0,,,7893,6547147.2,524,F1,1,,,,,
2026-08-07,2026-08-07,CM,NSE,STK,438,INE257A01026,BHEL,EQ,,,,,BHEL,406.95,418.7,402.2,405.2,405.2,408.15,,405.27,,,9754089,4011363971.65,77877,F1,1,,,,,
2026-08-07,2026-08-07,CM,NSE,STK,762621,INE274K01012,BTTL,BE,,,,,BHILWARA TECHNICAL TEXT L,45.53,46.4,44.01,44.2,44.2,45.53,,44.2,,,3149,140380.72,31,F1,1,,,,,
2026-08-07,2026-08-07,CM,NSE,STK,18431,INE412U01025,BIGBLOC,EQ,,,,,BIGBLOC CONSTRUCTION LTD,46.84,47.9,46.34,46.85,46.92,46.72,,46.84,,,25283,1189289.51,264,F1,1,,,,,
2026-08-07,2026-08-07,CM,NSE,STK,11966,INE00E101023,BIKAJI,EQ,,,,,BIKAJI FOODS INTERN LTD,619.0,629.4,619.0,623.5,623.3,624.25,,623.5,,,124458,77627244.7,13734,F1,1,,,,,
2026-08-07,2026-08-07,CM,NSE,STK,25527,INE0SQH01013,BIKEWO,ST,,,,,BIKEWO GREEN TECH LIMITED,78.4,78.5,76.0,78.5,78.5,74.8,,78.5,,,132000,10340400.0,60,F1,2000,,,,,
2026-08-07,2026-08-07,CM,NSE,STK,13622,INE071A01013,BILVYAPAR,BE,,,,,BIL VYAPAR LIMITED,3.9,4.09,3.8,4.08,4.08,3.9,,4.13,,,2740,11064.7,23,F1,1,,,,,
2026-08-07,2026-08-07,CM,NSE,STK,762583,INE986A01012,BI,EQ,,,,,BILCARE LTD.,61.01,63.5,61.01,62.92,63.39,61.25,,62.65,,,5344,332048.24,74,F1,1,,,,,
2026-08-07,2026-08-07,CM,NSE,STK,759806,INE0HOQ01053,GROWW,EQ,,,,,BILLIONBRAINS GARAGE VN L,189.94,191.63,189.41,190.5,190.6,189.04,,190.5,,,15400597,2933026027.44,80362,F1,1,,,,,
2026-08-07,2026-08-07,CM,NSE,STK,762588,INE469A01019,BIMETAL,EQ,,,,,BIMETAL BEARINGS LTD.,650.0,666.3,644.1,665.45,665.8,660.15,,665.42,,,519,341499.0,76,F1,1,,,,,
2026-08-07,2026-08-07,CM,NSE,STK,763598,INE1BKA01015,BMLL,SM,,,,,BIO MEDICA LABORATORIES L,157.25,157.25,145.0,145.95,145.0,150.05,,145.95,,,78000,11798150.0,71,F1,1000,,,,,
2026-08-07,2026-08-07,CM,NSE,STK,11373,INE376G01013,BIOCON,EQ,,,,,BIOCON LIMITED.,430.0,436.2,425.3,426.35,426.35,436.6,,426.55,,,5265823,2257882471.4,49649,F1,1,,,,,
2026-08-07,2026-08-07,CM,NSE,STK,4136,INE829A01014,BIOFILCHEM,EQ,,,,,BIOFIL CHEM & PHARMA LTD,31.41,33.5,31.32,32.39,32.82,32.23,,32.39,,,5402,174287.39,133,F1,1,,,,,
2026-08-07,2026-08-07,CM,NSE,STK,760942,INE0XW001014,BIOPOL,SM,,,,,BIOPOL CHEMICALS LIMITED,101.7,103.7,99.0,101.9,101.9,99.5,,101.9,,,67200,6858300.0,54,F1,1200,,,,,
2026-08-07,2026-08-07,CM,NSE,STK,6815,INE800A01015,BIRLACABLE,BE,,,,,BIRLA CABLE LIMITED,248.0,258.0,235.34,254.21,255.0,247.72,,254.25,,,618091,152707125.57,4913,F1,1,,,,,
2026-08-07,2026-08-07,CM,NSE,STK,480,INE340A01012,BIRLACORPN,EQ,,,,,BIRLA CORPORATION LTD,910.0,917.45,899.0,914.35,915.0,909.1,,914.35,,,51553,46817387.7,5227,F1,1,,,,,
2026-08-07,2026-08-07,CM,NSE,STK,762593,INE372E01025,BIRLAPREC,EQ,,,,,BIRLA PRECISION TECH L,34.5,35.34,34.5,35.05,35.1,34.94,,35.05,,,7809,272386.81,122,F1,1,,,,,
2026-08-07,2026-08-07,CM,NSE,STK,1455,INE557A01011,BIRLANU,EQ,,,,,BIRLANU LIMITED,1538.7,1660.0,1481.1,1641.5,1640.0,1538.7,,1641.35,,,111225,176316374.1,10835,F1,1,,,,,
2026-08-07,2026-08-07,CM,NSE,STK,24404,INF209KC1134,ABGSEC,EQ,,,,,BIRLASLAMC - ABGSEC,114.89,115.2,114.31,114.31,114.31,114.89,,114.31,,,801,91787.21,13,F1,1,,,,,
2026-08-07,2026-08-07,CM,NSE,STK,760247,INF209KC1670,ABSL10BANK,EQ,,,,,BIRLASLAMC - ABSL10BANK,171.23,174.0,169.5,170.35,172.5,171.96,,170.35,,,129124,22109076.25,233,F1,1,,,,,
2026-08-07,2026-08-07,CM,NSE,STK,13987,INF209KB17D5,ABSLBANETF,EQ,,,,,BIRLASLAMC - ABSLBANETF,59.03,59.56,59.03,59.34,59.3,59.43,,59.34,,,363165,21504162.61,201,F1,1,,,,,
2026-08-07,2026-08-07,CM,NSE,STK,14518,INF209KB18T9,ABSLLIQUID,EQ,,,,,BIRLASLAMC - ABSLLIQUID,999.99,1000.01,999.99,1000.0,999.99,999.99,,1000.0,,,3869,3869003.14,17,F1,1,,,,,
2026-08-07,2026-08-07,CM,NSE,STK,761066,INF209KC1662,ABSLMSCIN,EQ,,,,,BIRLASLAMC - ABSLMSCIN,30.37,30.7,30.0,30.44,30.7,30.22,,30.44,,,608,18327.56,16,F1,1,,,,,
2026-08-07,2026-08-07,CM,NSE,STK,7339,INF209KB16D7,ABSLNN50ET,EQ,,,,,BIRLASLAMC - ABSLNN50ET,80.33,80.33,77.28,78.45,78.45,78.38,,78.45,,,9608,754879.87,205,F1,1,,,,,
2026-08-07,2026-08-07,CM,NSE,STK,5957,INF209KB10E8,BSLSENETFG,EQ,,,,,BIRLASLAMC - BSLSENETFG,80.97,80.97,78.33,79.16,80.0,79.54,,79.16,,,2112,167510.11,111,F1,1,,,,,
2026-08-07,2026-08-07,CM,NSE,STK,6297,INF209KB10C2,HEALTHY,EQ,,,,,BIRLASLAMC - HEALTHY,17.17,17.39,17.12,17.24,17.25,17.17,,17.24,,,204241,3513768.49,873,F1,1,,,,,
2026-08-07,2026-08-07,CM,NSE,STK,10693,INF209KB14K7,MOMENTUM,EQ,,,,,BIRLASLAMC - MOMENTUM,30.97,31.48,30.97,31.42,31.12,30.64,,31.42,,,154700,4844816.93,209,F1,1,,,,,
2026-08-07,2026-08-07,CM,NSE,STK,10690,INF209KB15K4,NIFTYQLITY,EQ,,,,,BIRLASLAMC - NIFTYQLITY,21.15,22.08,20.98,22.01,22.05,21.79,,22.01,,,85230,1873630.08,464,F1,1,,,,,
2026-08-07,2026-08-07,CM,NSE,STK,8003,INF209KB19F6,SILVER,EQ,,,,,BIRLASLAMC - SILVER,223.96,230.66,223.96,230.03,229.67,223.95,,230.02,,,1587528,361888277.74,11898,F1,1,,,,,
2026-08-07,2026-08-07,CM,NSE,STK,6462,INF209KB11D8,TECH,EQ,,,,,BIRLASLAMC - TECH,34.73,34.84,33.88,34.69,34.78,34.05,,34.69,,,55584,1925455.43,195,F1,1,,,,,
2026-08-07,2026-08-07,CM,NSE,STK,23806,INF209KB19Z4,ABSLPSE,EQ,,,,,BIRLASLAMC-ABSLPSE,10.41,10.41,10.28,10.34,10.39,10.34,,10.35,,,79832,824334.1,441,F1,1,,,,,
2026-08-07,2026-08-07,CM,NSE,STK,6994,INE836A01035,BSOFT,EQ,,,,,BIRLASOFT LIMITED,318.25,323.5,316.4,318.5,318.0,318.25,,318.51,,,798934,254938735.15,17260,F1,1,,,,,
2026-08-07,2026-08-07,CM,NSE,STK,3435,INE676A01027,BBOX,EQ,,,,,BLACK BOX LIMITED,741.35,748.45,735.05,744.45,747.0,741.7,,744.47,,,180270,133734213.3,10677,F1,1,,,,,
2026-08-07,2026-08-07,CM,NSE,STK,762601,INE761G01016,BLACKROSE,BE,,,,,BLACK ROSE INDS. LTD.,114.42,116.89,111.05,112.93,113.5,114.42,,112.98,,,13496,1544152.86,194,F1,1,,,,,
2026-08-07,2026-08-07,CM,NSE,STK,27144,INE0UIZ01018,BLACKBUCK,EQ,,,,,BLACKBUCK LIMITED,555.1,582.5,553.7,577.65,570.0,557.55,,577.62,,,406614,232625418.5,14883,F1,1,,,,,
2026-08-07,2026-08-07,CM,NSE,STK,8132,INE791A01024,BLBLIMITED,EQ,,,,,BLB LIMITED,16.06,16.39,15.9,15.95,16.0,16.06,,15.94,,,39285,630108.46,134,F1,1,,,,,
2026-08-07,2026-08-07,CM,NSE,STK,19269,INE416D01022,BLISSGVS,BE,,,,,BLISS GVS PHARMA LTD,483.1,504.95,471.35,477.55,478.5,493.65,,477.54,,,207930,100789649.95,3507,F1,1,,,,,
2026-08-07,2026-08-07,CM,NSE,STK,22566,INE0NLT01010,BLSE,EQ,,,,,BLS E-SERVICES LIMITED,306.45,314.5,301.8,310.55,310.2,317.65,,310.55,,,843221,260262078.85,15923,F1,1,,,,,
2026-08-07,2026-08-07,CM,NSE,STK,17279,INE153T01027,BLS,EQ,,,,,BLS INTL SERVS LTD,252.7,257.73,250.8,254.33,253.85,253.98,,254.33,,,1226171,312650980.88,44150,F1,1,,,,,
2026-08-07,2026-08-07,CM,NSE,STK,8650,INE657B01025,BLUECHIP,BE,,,,,BLUE CHIP INDIA LIMITED,1.67,1.71,1.65,1.66,1.69,1.68,,1.66,,,33800,56603.34,138,F1,1,,,,,
2026-08-07,2026-08-07,CM,NSE,STK,8552,INE472B01011,BLUECOAST,BE,,,,,BLUE COAST HOTELS LIMITED,26.69,26.69,24.22,25.06,25.06,25.49,,25.06,,,754,19106.41,17,F1,1,,,,,
2026-08-07,2026-08-07,CM,NSE,STK,495,INE233B01017,BLUEDART,EQ,,,,,BLUE DART EXPRESS LTD,5115.0,5144.0,5013.5,5089.5,5046.0,5112.5,,5089.6,,,28915,147546018.0,3777,F1,1,,,,,
2026-08-07,2026-08-07,CM,NSE,STK,19686,INE0KBH01020,BLUEJET,EQ,,,,,BLUE JET HEALTHCARE LTD,587.9,599.45,583.1,593.9,592.0,587.9,,593.9,,,517530,306887562.3,16002,F1,1,,,,,
2026-08-07,2026-08-07,CM,NSE,STK,23410,INE0SAK01011,BLUEPEBBLE,SM,,,,,BLUE PEBBLE LIMITED,70.0,76.5,70.0,76.5,76.5,73.0,,76.5,,,6400,472600.0,8,F1,400,,,,,
2026-08-07,2026-08-07,CM,NSE,STK,8311,INE472A01039,BLUESTARCO,EQ,,,,,BLUE STAR LIMITED,1563.8,1595.0,1497.0,1514.0,1514.0,1571.0,,1514.03,,,2392270,3649181029.1,155297,F1,1,,,,,
2026-08-07,2026-08-07,CM,NSE,STK,758185,INE0X3M01010,BLUEWATER,ST,,,,,BLUE WATER LOGISTICS LTD,410.05,427.35,410.0,424.95,424.95,423.0,,424.95,,,8000,3372100.0,8,F1,1000,,,,,
2026-08-07,2026-08-07,CM,NSE,STK,759291,INE304W01038,BLUESTONE,EQ,,,,,BLUESTONE JEWEL LFSTL LTD,819.0,839.45,804.6,814.5,814.0,824.4,,814.47,,,4359307,3596485429.35,90068,F1,1,,,,,
2026-08-07,2026-08-07,CM,NSE,STK,757520,INE0U4101014,BLUSPRING,EQ,,,,,BLUSPRING ENTERPRISES LTD,116.46,121.0,111.0,112.23,111.4,115.59,,112.24,,,414955,48276786.13,4502,F1,1,,,,,
2026-08-07,2026-08-07,CM,NSE,STK,759256,INE965W01036,BMWVENTLTD,EQ,,,,,BMW VENTURES LIMITED,60.11,61.0,59.0,59.3,59.0,60.75,,59.3,,,93041,5574967.03,1633,F1,1,,,,,
2026-08-07,2026-08-07,CM,NSE,STK,762611,INE00HZ01011,BNAGROCHEM,BE,,,,,BN AGROCHEM LTD.,265.4,270.0,265.05,265.05,265.05,273.0,,267.28,,,38214,10316788.0,124,F1,1,,,,,
2026-08-07,2026-08-07,CM,NSE,STK,25021,INE338D01028,BODALCHEM,BE,,,,,BODAL CHEMICALS LTD,71.5,71.5,67.87,68.98,68.7,71.44,,68.99,,,357804,24644412.87,1130,F1,1,,,,,
2026-08-07,2026-08-07,CM,NSE,STK,14150,INE0EEJ01023,BTML,EQ,,,,,BODHI TREE MULTIMEDIA LTD,7.29,8.39,7.28,8.01,8.0,7.2,,8.01,,,4101467,32915043.46,4092,F1,1,,,,,
2026-08-07,2026-08-07,CM,NSE,STK,11640,INE802W01023,BOHRAIND,EQ,,,,,BOHRA INDUSTRIES LIMITED,13.52,14.38,13.45,13.85,13.63,14.94,,13.85,,,49048,673774.25,111,F1,1,,,,,
2026-08-07,2026-08-07,CM,NSE,STK,380,INE050A01025,BBTC,EQ,,,,,BOMBAY BURMAH TRADING COR,1501.0,1522.1,1490.0,1504.1,1502.1,1498.0,,1504.13,,,42820,64577171.1,4520,F1,1,,,,,
2026-08-07,2026-08-07,CM,NSE,STK,513,INE032A01023,BOMDYEING,EQ,,,,,BOMBAY DYEING & MFG. CO L,120.49,122.65,119.12,120.23,120.45,120.48,,120.23,,,492747,59504074.24,5273,F1,1,,,,,
2026-08-07,2026-08-07,CM,NSE,STK,812,INE032Z01020,BSHSL,BE,,,,,BOMBAY SUPER HYBRID SEEDS,86.67,91.0,86.5,91.0,91.0,86.67,,91.0,,,25612,2306767.88,176,F1,1,,,,,
2026-08-07,2026-08-07,CM,NSE,STK,31128,INE053F07538,810IRFC27,N2,,,,,BOND 8.10% PA TAX FREE S2,1076.15,1076.3,1076.0,1076.01,1076.03,1074.5,,1076.01,,,1045,1124450.7,8,F1,1,,,,,
2026-08-07,2026-08-07,CM,NSE,STK,31040,INE906B07CB9,830NHAI27,N2,,,,,BOND 8.30% PA TAX FREE S2,1084.0,1084.2,1081.9,1082.0,1082.0,1080.5,,1082.0,,,421,455626.0,9,F1,1,,,,,
2026-08-07,2026-08-07,CM,NSE,STK,30984,INE020B07HP8,846REC28,N6,,,,,BOND 8.46% TAX FREE S2A,1120.0,1120.0,1120.0,1120.0,1120.0,1120.0,,1116.11,,,5,5600.0,1,F1,1,,,,,
2026-08-07,2026-08-07,CM,NSE,STK,603,INE053F07686,865IRFC29,,,,,,BOND 8.65% PA TF TI-SIIB,1110.0,1110.0,1108.0,1108.0,1108.0,1107.0,,1114.0,,,25,27740.0,2,F1,1,,,,,
2026-08-07,2026-08-07,CM,NSE,STK,30990,INE020B07HS2,871REC28,N9,,,,,BOND 8.71% TAX FREE S2B,1124.0,1124.0,1119.52,1119.52,1119.52,1124.0,,1119.61,,,426,476968.0,12,F1,1,,,,,
2026-08-07,2026-08-07,CM,NSE,STK,1999,INE053F07744,888IRFC29,NE,,,,,BOND 8.88% PA TF TII-SIIB,1125.0,1125.0,1124.84,1124.91,1124.84,1124.84,,1124.91,,,100,112493.76,7,F1,1,,,,,
2026-08-07,2026-08-07,CM,NSE,STK,761056,INE0B9A01018,BONLON,EQ,,,,,BONLON INDUSTRIES LIMITED,42.66,43.0,41.5,42.2,42.49,42.66,,42.14,,,3471,146209.95,96,F1,1,,,,,
2026-08-07,2026-08-07,CM,NSE,STK,757919,INE16SF01016,BORANA,EQ,,,,,BORANA WEAVES LIMITED,346.35,346.9,336.05,339.6,340.0,344.6,,339.6,,,45615,15561126.05,1012,F1,1,,,,,
2026-08-07,2026-08-07,CM,NSE,STK,19401,INE02PY01013,BOROLTD,EQ,,,,,BOROSIL LIMITED,247.6,247.6,241.1,244.21,241.99,247.99,,244.13,,,49501,12102776.57,2357,F1,1,,,,,
2026-08-07,2026-08-07,CM,NSE,STK,3149,INE666D01022,BORORENEW,EQ,,,,,BOROSIL RENEWABLES LTD,556.55,560.0,546.0,548.65,548.5,556.8,,548.94,,,328727,181096988.85,10921,F1,1,,,,,
2026-08-07,2026-08-07,CM,NSE,STK,24014,INE02L001032,BOROSCI,EQ,,,,,BOROSIL SCIENTIFIC LTD,140.0,143.95,138.7,141.85,143.5,138.92,,141.84,,,105953,15001094.93,1885,F1,1,,,,,
2026-08-07,2026-08-07,CM,NSE,STK,4491,INE782A01015,BOSCH-HCIL,EQ,,,,,BOSCH HOME COMFRT IND LTD,1645.2,1708.8,1625.0,1682.4,1651.1,1645.2,,1682.49,,,138636,232137365.6,14542,F1,1,,,,,
2026-08-07,2026-08-07,CM,NSE,STK,2181,INE323A01026,BOSCHLTD,EQ,,,,,BOSCH LIMITED,42350.0,42950.0,42000.0,42950.0,42950.0,42000.0,,42764.77,,,28216,1197407435.0,10828,F1,1,,,,,
2026-08-07,2026-08-07,CM,NSE,STK,25119,INE0QNI01012,BOSS,SM,,,,,BOSS PACKAGING SOLU LTD,45.8,45.8,45.7,45.7,45.7,43.8,,45.7,,,4000,183000.0,2,F1,2000,,,,,
2026-08-07,2026-08-07,CM,NSE,STK,530,INE110A01019,BPL,EQ,,,,,BPL LTD,53.42,54.1,53.13,53.56,53.37,53.42,,53.61,,,24305,1304381.28,526,F1,1,,,,,
2026-08-07,2026-08-07,CM,NSE,STK,24905,INE0R4Z01018,BRACEPORT,SM,,,,,BRACE PORT LOGISTICS LTD,70.0,73.95,70.0,71.95,73.95,71.05,,71.95,,,3200,230320.0,2,F1,1600,,,,,
2026-08-07,2026-08-07,CM,NSE,STK,24814,INE02RE01045,FIRSTCRY,EQ,,,,,BRAINBEES SOLUTIONS LTD,213.89,215.63,212.31,214.2,214.0,213.89,,214.2,,,441705,94652007.51,7457,F1,1,,,,,
2026-08-07,2026-08-07,CM,NSE,STK,7780,INE977Y01011,BCONCEPTS,EQ,,,,,BRAND CONCEPTS LIMITED,185.0,185.0,172.0,173.82,174.1,177.36,,173.86,,,12681,2225234.0,780,F1,1,,,,,
2026-08-07,2026-08-07,CM,NSE,STK,760972,INE0XUD01014,BRANDMAN,SM,,,,,BRANDMAN RETAIL LIMITED,177.0,180.0,177.0,178.0,178.0,176.9,,178.0,,,5600,1001120.0,7,F1,800,,,,,
2026-08-07,2026-08-07,CM,NSE,STK,15184,INE791I01019,BRIGADE,EQ,,,,,BRIGADE ENTER. LTD,568.8,585.8,568.35,581.95,582.0,571.95,,582.02,,,449734,261096752.1,29197,F1,1,,,,,
2026-08-07,2026-08-07,CM,NSE,STK,757794,INE03NU01014,BRIGHOTEL,EQ,,,,,BRIGADE HOTEL VENTURE LTD,61.75,62.09,60.0,60.28,60.12,61.74,,60.3,,,126354,7647621.01,2552,F1,1,,,,,
2026-08-07,2026-08-07,CM,NSE,STK,8833,INE425B01027,BCG,EQ,,,,,BRIGHTCOM GROUP LIMITED,9.22,9.41,9.22,9.3,9.33,9.24,,9.3,,,3636322,33838750.1,3339,F1,1,,,,,
2026-08-07,2026-08-07,CM,NSE,STK,547,INE216A01030,BRITANNIA,EQ,,,,,BRITANNIA INDUSTRIES LTD,5502.5,5660.0,5500.0,5510.0,5510.0,5404.0,,5510.02,,,1342849,7505400441.0,96304,F1,1,,,,,
2026-08-07,2026-08-07,CM,NSE,STK,2203,INE0FDU25010,BIRET,RR,,,,,BROOKFIELD INDIA RET,345.0,345.96,343.02,344.99,345.0,344.42,,344.99,,,195835,67492685.92,3806,F1,1,,,,,
2026-08-07,2026-08-07,CM,NSE,STK,25140,INE650L01011,BROOKS,BE,,,,,BROOKS LAB LIMITED,59.3,60.06,59.26,60.01,60.0,60.05,,60.25,,,14886,891732.79,76,F1,1,,,,,
2026-08-07,2026-08-07,CM,NSE,STK,19585,INE118H01025,BSE,EQ,,,,,BSE LIMITED,3435.0,3529.0,3415.5,3457.1,3457.1,3435.0,,3457.1,,,3722055,12902959287.0,168756,F1,1,,,,,
2026-08-07,2026-08-07,CM,NSE,STK,559,INE594B01012,BSL,EQ,,,,,BSL LTD,123.92,126.0,123.0,123.53,123.0,123.92,,123.45,,,2686,332494.67,156,F1,1,,,,,
2026-08-07,2026-08-07,CM,NSE,STK,2716,INE295F01017,BUTTERFLY,EQ,,,,,BTRFLY GANDHI APPL LTD,681.6,689.95,676.1,681.75,681.0,681.65,,681.79,,,16555,11308946.9,984,F1,1,,,,,
2026-08-07,2026-08-07,CM,NSE,STK,24701,INE0SZ301012,BULKCORP,SM,,,,,BULKCORP INTERNATIONAL L,66.15,66.65,66.15,66.45,66.65,63.5,,66.45,,,6000,398700.0,5,F1,1200,,,,,
2026-08-07,2026-08-07,CM,NSE,STK,760854,INE0SMX01019,CKKRETAIL,SM,,,,,C K K RETAIL MART LIMITED,148.0,148.0,148.0,148.0,148.0,145.0,,148.0,,,800,118400.0,1,F1,800,,,,,
2026-08-07,2026-08-07,CM,NSE,STK,18372,INE0QBU01012,CPS,SM,,,,,C P S SHAPERS LIMITED,1055.0,1055.0,1021.25,1040.0,1040.0,1075.0,,1040.0,,,4950,5140590.0,15,F1,150,,,,,
2026-08-07,2026-08-07,CM,NSE,STK,7227,INE0BV301023,MAPMYINDIA,EQ,,,,,C.E. INFO SYSTEMS LIMITED,1075.0,1075.0,1010.2,1014.3,1016.7,1070.7,,1014.3,,,278174,287614221.4,19034,F1,1,,,,,
2026-08-07,2026-08-07,CM,NSE,STK,27274,INE0U7V01015,C2C,SM,,,,,C2C ADVANCED SYSTEMS LTD,268.95,268.95,257.2,261.15,261.8,266.4,,261.15,,,95850,25050997.5,465,F1,150,,,,,
2026-08-07,2026-08-07,CM,NSE,STK,764255,INE11XY01018,CMLL,EQ,,,,,CALIBER MINING AND LOG L,579.0,614.75,577.0,599.45,595.05,579.95,,599.28,,,2748533,1651797065.15,50982,F1,1,,,,,
2026-08-07,2026-08-07,CM,NSE,STK,8400,INE526B01014,CALSOFT,BE,,,,,CALIFORNIA SOFTWARE CO LT,21.72,22.1,21.5,22.01,22.0,21.72,,22.08,,,46849,1027372.11,162,F1,1,,,,,
2026-08-07,2026-08-07,CM,NSE,STK,14218,INE627H01017,CTE,EQ,,,,,CAMBRIDGE TECH ENTER LTD,37.97,39.4,37.22,37.66,37.46,37.97,,37.65,,,7498,285571.57,79,F1,1,,,,,
2026-08-07,2026-08-07,CM,NSE,STK,6216,INE052I01032,CAMLINFINE,EQ,,,,,CAMLIN FINE SCIENCES LTD,127.83,129.32,126.15,126.58,126.4,127.83,,126.56,,,301868,38370805.55,3557,F1,1,,,,,
2026-08-07,2026-08-07,CM,NSE,STK,9362,INE278Y01022,CAMPUS,EQ,,,,,CAMPUS ACTIVEWEAR LIMITED,218.0,225.0,218.0,224.37,224.0,219.0,,224.36,,,851537,189318372.72,16724,F1,1,,,,,
2026-08-07,2026-08-07,CM,NSE,STK,583,INE477A01020,CANFINHOME,EQ,,,,,CAN FIN HOMES LTD,808.25,814.5,804.95,811.3,810.0,808.25,,811.26,,,114033,92393496.55,6716,F1,1,,,,,
2026-08-07,2026-08-07,CM,NSE,STK,10794,INE476A01022,CANBK,EQ,,,,,CANARA BANK,130.98,132.48,130.43,131.95,131.95,131.7,,131.95,,,22576580,2972900756.64,82118,F1,1,,,,,
2026-08-07,2026-08-07,CM,NSE,STK,759477,INE01TY01017,CANHLIFE,EQ,,,,,CANARA HSBC LIFE INS CO L,149.01,152.86,147.65,152.19,151.94,150.55,,152.18,,,916319,137228774.04,18372,F1,1,,,,,
2026-08-07,2026-08-07,CM,NSE,STK,759311,INE218I01013,CRAMC,EQ,,,,,CANARA ROBECO AMC LIMITED,261.35,263.3,260.45,262.1,262.75,263.05,,262.1,,,176049,46108704.15,5099,F1,1,,,,,
2026-08-07,2026-08-07,CM,NSE,STK,19368,INE0QG301017,CANARYS,SM,,,,,CANARYS AUTOMATIONS LTD,23.35,24.25,23.35,23.7,23.7,23.25,,23.7,,,48000,1141400.0,12,F1,4000,,,,,
2026-08-07,2026-08-07,CM,NSE,STK,20160,INE068L01024,CANTABIL,EQ,,,,,CANTABIL RETAIL LTD,228.0,235.01,225.13,227.69,227.85,228.1,,227.66,,,209361,48026315.96,10401,F1,1,,,,,
2026-08-07,2026-08-07,CM,NSE,STK,21749,INE264T01014,CAPACITE,EQ,,,,,CAPACITE INFRAPROJECT LTD,225.0,227.5,212.0,212.59,212.4,225.92,,212.58,,,1443931,312144284.45,21451,F1,1,,,,,
2026-08-07,2026-08-07,CM,NSE,STK,759867,INE0ILV01024,CAPILLARY,EQ,,,,,CAPILLARY TECHNO INDIA L,570.0,576.95,551.0,560.55,551.0,580.6,,560.63,,,211935,119650853.15,7328,F1,1,,,,,
2026-08-07,2026-08-07,CM,NSE,STK,756015,INE345H01024,CIFL,EQ,,,,,CAPITAL INDIA FINANCE LTD,21.14,22.89,21.14,21.88,21.98,21.55,,21.88,,,161769,3539187.67,2283,F1,1,,,,,
2026-08-07,2026-08-07,CM,NSE,STK,29157,INE0Z8Z23013,CAPINVIT,IV,,,,,CAPITAL INFRA TRUST,75.6,76.05,75.52,75.91,75.94,75.52,,75.9,,,232205,17633041.6,2901,F1,1,,,,,
2026-08-07,2026-08-07,CM,NSE,STK,22675,INE646H01017,CAPITALSFB,EQ,,,,,CAPITAL SMALL FIN BANK L,298.8,298.8,294.8,296.2,295.8,295.85,,296.2,,,20503,6090210.95,527,F1,1,,,,,
2026-08-07,2026-08-07,CM,NSE,STK,19451,INE707C01018,CAPTRUST,BE,,,,,CAPITAL TRUST LIMITED,17.81,19.36,17.52,19.36,19.36,18.44,,19.36,,,54147,1019033.05,166,F1,1,,,,,
2026-08-07,2026-08-07,CM,NSE,STK,3906,INE475E01026,CAPLIPOINT,EQ,,,,,CAPLIN POINT LAB LTD.,2580.0,2597.6,2556.7,2574.1,2574.9,2585.8,,2574.12,,,44432,114356600.3,8703,F1,1,,,,,
2026-08-07,2026-08-07,CM,NSE,STK,20329,INE180C01042,CGCL,EQ,,,,,CAPRI GLOBAL CAPITAL LTD,239.82,240.84,228.61,230.25,231.0,241.07,,230.25,,,2784996,652451998.89,30948,F1,1,,,,,
2026-08-07,2026-08-07,CM,NSE,STK,764203,INE536P01021,CPL,EQ,,,,,CAPTAIN POLYPLAST LIMITED,72.89,72.99,71.0,71.3,71.01,72.2,,71.3,,,15488,1110386.07,478,F1,1,,,,,
2026-08-07,2026-08-07,CM,NSE,STK,595,INE120A01034,CARBORUNIV,EQ,,,,,CARBORUNDUM UNIVERSAL LTD,1079.0,1114.8,1059.1,1097.0,1114.8,1069.1,,1097.08,,,521265,565444594.4,33339,F1,1,,,,,
2026-08-07,2026-08-07,CM,NSE,STK,29113,INE752H01013,CARERATING,EQ,,,,,CARE RATINGS LIMITED,1730.3,1774.9,1711.2,1749.2,1757.5,1730.1,,1749.17,,,55712,97762656.3,8580,F1,1,,,,,
2026-08-07,2026-08-07,CM,NSE,STK,758941,INE0P6P01016,CPEDU,EQ,,,,,CAREER POINT EDUTECH LTD,212.52,212.94,209.6,212.09,212.35,212.82,,212.09,,,4950,1044958.0,171,F1,1,,,,,
2026-08-07,2026-08-07,CM,NSE,STK,28879,INE0V7W01012,CARRARO,EQ,,,,,CARRARO INDIA LIMITED,532.05,535.0,498.45,502.05,501.0,542.15,,502.05,,,634337,323643882.45,26169,F1,1,,,,,
2026-08-07,2026-08-07,CM,NSE,STK,5407,INE290S01011,CARTRADE,EQ,,,,,CARTRADE TECH LIMITED,2760.0,2808.0,2738.0,2793.0,2789.0,2788.4,,2792.89,,,219164,611382016.1,22147,F1,1,,,,,
2026-08-07,2026-08-07,CM,NSE,STK,1879,INE482D01024,CARYSIL,EQ,,,,,CARYSIL LIMITED,1215.0,1223.9,1178.0,1183.9,1188.2,1213.9,,1183.96,,,53656,64166005.5,5846,F1,1,,,,,
2026-08-07,2026-08-07,CM,NSE,STK,758156,INE0WL201014,CUDML,ST,,,,,CASH UR DRIVE MARKETING L,133.0,133.0,133.0,133.0,133.0,133.0,,133.0,,,4000,532000.0,2,F1,1000,,,,,
2026-08-07,2026-08-07,CM,NSE,STK,1250,INE172A01027,CASTROLIND,EQ,,,,,CASTROL INDIA LIMITED,194.0,194.5,190.9,192.08,192.11,194.17,,192.07,,,3122432,602624706.55,23269,F1,1,,,,,
2026-08-07,2026-08-07,CM,NSE,STK,11452,INE421D01022,CCL,EQ,,,,,CCL PRODUCTS (I) LTD,1124.7,1139.8,1124.7,1130.0,1128.0,1131.2,,1130.0,,,93640,105826005.0,13040,F1,1,,,,,
2026-08-07,2026-08-07,CM,NSE,STK,15254,INE482A01020,CEATLTD,EQ,,,,,CEAT LIMITED,3725.1,3768.5,3675.3,3723.1,3700.0,3755.4,,3723.11,,,54517,203372006.3,7471,F1,1,,,,,
2026-08-07,2026-08-07,CM,NSE,STK,757690,INE11J101017,CEDAAR,ST,,,,,CEDAAR TEXTILE LIMITED,16.5,17.1,16.35,16.5,16.7,16.5,,16.5,,,7000,116250.0,7,F1,1000,,,,,
2026-08-07,2026-08-07,CM,NSE,STK,24742,INE0AG901020,CEIGALL,EQ,,,,,CEIGALL INDIA LIMITED,333.0,336.7,329.4,333.35,335.0,331.9,,333.49,,,197443,65683559.65,6027,F1,1,,,,,
2026-08-07,2026-08-07,CM,NSE,STK,761037,INE016Q01014,CEINSYS,EQ,,,,,CEINSYS TECH LIMITED,843.0,857.6,835.8,842.15,840.0,844.5,,842.12,,,18771,15902722.75,1357,F1,1,,,,,
2026-08-07,2026-08-07,CM,NSE,STK,13162,INE185H01016,CELEBRITY,EQ,,,,,CELEBRITY FASHIONS LTD,7.28,7.28,6.91,6.99,7.07,6.98,,6.99,,,8931,62896.27,59,F1,1,,,,,
2026-08-07,2026-08-07,CM,NSE,STK,16950,INE0O0001013,CELLPOINT,SM,,,,,CELL POINT (INDIA) LTD,16.5,16.5,16.1,16.15,16.1,18.0,,16.15,,,8400,136260.0,7,F1,1200,,,,,
2026-08-07,2026-08-07,CM,NSE,STK,18811,INE0OMO01025,CELLECOR,ST,,,,,CELLECOR GADGETS LIMITED,32.0,32.0,29.9,31.0,31.0,31.45,,31.0,,,372000,11509800.0,59,F1,3000,,,,,
2026-08-07,2026-08-07,CM,NSE,STK,19795,INE0LMW01024,CELLO,EQ,,,,,CELLO WORLD LIMITED,379.15,381.55,370.4,373.15,374.0,379.25,,373.23,,,825377,309961195.2,17417,F1,1,,,,,
2026-08-07,2026-08-07,CM,NSE,STK,5622,INE686A01026,CEMPRO,EQ,,,,,CEMINDIA PROJECTS LIMITED,1234.1,1255.8,1183.6,1208.1,1206.0,1245.8,,1208.12,,,838985,1012571957.4,30612,F1,1,,,,,
2026-08-07,2026-08-07,CM,NSE,STK,14894,INE483A01010,CENTRALBK,EQ,,,,,CENTRAL BANK OF INDIA,31.4,31.51,31.26,31.36,31.37,31.51,,31.36,,,3574624,112143363.26,10752,F1,1,,,,,
2026-08-07,2026-08-07,CM,NSE,STK,21174,INE736A01011,CDSL,EQ,,,,,CENTRAL DEPO SER (I) LTD,1331.0,1334.4,1324.1,1328.0,1328.0,1331.0,,1328.0,,,571095,758502052.7,24250,F1,1,,,,,
2026-08-07,2026-08-07,CM,NSE,STK,761581,INE05HV01027,CMPDI,EQ,,,,,CENTRAL MINE P N D INST L,243.0,255.0,241.6,250.14,249.0,244.18,,250.14,,,2643553,661909831.09,29293,F1,1,,,,,
2026-08-07,2026-08-07,CM,NSE,STK,2454,INE660C01027,CENTRUM,EQ,,,,,CENTRUM CAPITAL LIMITED,24.8,25.75,24.26,25.13,24.9,24.65,,25.13,,,707291,17705059.25,1532,F1,1,,,,,
2026-08-07,2026-08-07,CM,NSE,STK,14982,INE320B01020,CENTUM,EQ,,,,,CENTUM ELECTRONICS LTD,3741.6,3864.0,3741.6,3851.8,3863.9,3790.3,,3851.46,,,24929,95581866.7,6005,F1,1,,,,,
2026-08-07,2026-08-07,CM,NSE,STK,619,INE485A01015,CENTENKA,EQ,,,,,CENTURY ENKA LTD,604.0,623.95,604.0,610.25,608.05,602.7,,610.22,,,85813,52729530.15,3732,F1,1,,,,,
2026-08-07,2026-08-07,CM,NSE,STK,11511,INE281A01026,CENTEXT,EQ,,,,,CENTURY EXTRUSIONS LTD,22.71,23.15,22.5,23.0,23.1,22.72,,23.01,,,134448,3068224.82,713,F1,1,,,,,
2026-08-07,2026-08-07,CM,NSE,STK,13305,INE348B01021,CENTURYPLY,EQ,,,,,CENTURY PLYBOARDS (I) LTD,785.95,789.0,768.1,781.95,777.1,783.75,,781.94,,,36025,28001664.4,5330,F1,1,,,,,
2026-08-07,2026-08-07,CM,NSE,STK,15039,INE739E01017,CERA,EQ,,,,,CERA SANITARYWARE LTD,6300.0,6348.0,5962.0,6062.0,6049.0,6324.5,,6062.26,,,59295,359313244.5,10047,F1,1,,,,,
2026-08-07,2026-08-07,CM,NSE,STK,29016,INE345B01019,CEREBRAINT,BZ,,,,,CEREBRA INT TECH LTD,2.85,2.85,2.71,2.81,2.83,2.79,,2.81,,,78431,218983.6,162,F1,1,,,,,
2026-08-07,2026-08-07,CM,NSE,STK,628,INE486A01021,CESC,EQ,,,,,CESC LTD,162.77,165.38,162.29,163.94,163.9,162.48,,163.95,,,1298919,212485386.92,16703,F1,1,,,,,
2026-08-07,2026-08-07,CM,NSE,STK,760,INE067A01029,CGPOWER,EQ,,,,,CG POWER AND IND SOL LTD,875.0,880.7,870.0,879.0,879.0,876.0,,879.22,,,1523373,1334016113.65,47367,F1,1,,,,,
2026-08-07,2026-08-07,CM,NSE,STK,8546,INE427F01016,CHALET,EQ,,,,,CHALET HOTELS LIMITED,860.0,861.2,851.05,859.7,860.0,863.1,,859.69,,,51018,43668118.75,5178,F1,1,,,,,
2026-08-07,2026-08-07,CM,NSE,STK,3482,INE419D01026,CLSEL,EQ,,,,,CHAMAN LAL SETIA EXP LTD,296.0,296.0,274.15,278.1,274.6,294.15,,278.09,,,224173,63327107.35,4328,F1,1,,,,,
2026-08-07,2026-08-07,CM,NSE,STK,13731,INE06PV01010,CMNL,SM,,,,,CHAMAN METALLICS LIMITED,97.0,97.0,94.0,96.95,96.95,97.25,,96.95,,,7500,717787.5,9,F1,750,,,,,
2026-08-07,2026-08-07,CM,NSE,STK,637,INE085A01013,CHAMBLFERT,EQ,,,,,CHAMBAL FERTILIZERS LTD,459.75,461.6,449.8,450.7,451.5,459.75,,450.7,,,300321,136200847.05,10410,F1,1,,,,,
2026-08-07,2026-08-07,CM,NSE,STK,29541,INE11HG01018,CHAMUNDA,SM,,,,,CHAMUNDA ELECTRICAL LTD,43.25,43.45,43.25,43.45,43.45,43.0,,43.45,,,6000,260100.0,2,F1,3000,,,,,
2026-08-07,2026-08-07,CM,NSE,STK,29633,INE0B2N01016,CHANDAN,SM,,,,,CHANDAN HEALTHCARE LTD,238.15,240.0,225.0,231.1,231.45,240.75,,231.1,,,179200,41423200.0,153,F1,800,,,,,
2026-08-07,2026-08-07,CM,NSE,STK,18654,INE0PT101017,CHAVDA,SM,,,,,CHAVDA INFRA LIMITED,132.8,147.5,132.7,140.75,140.6,133.45,,140.75,,,645000,89822750.0,414,F1,1000,,,,,
2026-08-07,2026-08-07,CM,NSE,STK,757991,INE0TGX01019,CHEMBONDCH,BE,,,,,CHEMBOND CHEMICAL LIMITED,234.08,243.35,231.77,237.42,239.0,231.77,,237.87,,,44693,10816068.7,265,F1,1,,,,,
2026-08-07,2026-08-07,CM,NSE,STK,14620,INE995D01025,CHEMBOND,BE,,,,,CHEMBOND MATERIALTECH LTD,177.99,179.0,175.0,177.06,177.5,178.8,,178.42,,,2458,438291.85,51,F1,1,,,,,
2026-08-07,2026-08-07,CM,NSE,STK,276,INE03YM01018,CHEMCON,BE,,,,,CHEMCON SPECIAL CHEM LTD,188.6,192.95,188.6,190.05,191.9,192.62,,190.86,,,21112,4022392.79,226,F1,1,,,,,
2026-08-07,2026-08-07,CM,NSE,STK,2815,INE783X01023,CHEMFAB,BE,,,,,CHEMFAB ALKALIS LIMITED,365.2,374.4,358.0,369.0,369.0,367.0,,371.98,,,1899,687382.2,35,F1,1,,,,,
2026-08-07,2026-08-07,CM,NSE,STK,5449,INE488A01050,CHEMPLASTS,EQ,,,,,CHEMPLAST SANMAR LIMITED,193.0,194.0,182.6,183.61,184.67,194.61,,183.62,,,1273804,239067668.64,13629,F1,1,,,,,
2026-08-07,2026-08-07,CM,NSE,STK,2049,INE178A01016,CHENNPETRO,EQ,,,,,CHENNAI PETROLEUM CORP LT,1235.9,1285.8,1220.3,1275.4,1275.8,1292.3,,1275.38,,,1468654,1863073112.7,35789,F1,1,,,,,
2026-08-07,2026-08-07,CM,NSE,STK,24628,INE0U1T01012,CHETANA,ST,,,,,CHETANA EDUCATION LIMITED,47.25,47.25,47.25,47.25,47.25,47.0,,47.25,,,1600,75600.0,1,F1,1600,,,,,
2026-08-07,2026-08-07,CM,NSE,STK,9879,INE974B01016,CHEVIOT,EQ,,,,,CHEVIOT COMPANY LIMITED,1175.1,1186.2,1156.0,1165.6,1162.1,1179.4,,1166.54,,,2676,3141289.9,408,F1,1,,,,,
2026-08-07,2026-08-07,CM,NSE,STK,8866,INE102B01014,CHOICEIN,EQ,,,,,CHOICE INTERNATIONAL LTD,832.0,843.95,831.0,841.15,841.0,833.2,,841.15,,,694855,583502094.6,12311,F1,1,,,,,
2026-08-07,2026-08-07,CM,NSE,STK,759610,INF2KCX01012,CHOICEGOLD,EQ,,,,,CHOICEAMC - CHOICEGOLD,148.0,148.1,144.84,147.82,148.1,146.76,,147.82,,,15057,2221344.57,159,F1,1,,,,,
2026-08-07,2026-08-07,CM,NSE,STK,21740,INE149A01033,CHOLAHLDNG,EQ,,,,,CHOLAMANDALAM FIN HOL LTD,1655.8,1658.0,1617.8,1628.0,1630.4,1648.0,,1627.96,,,164486,268445267.5,16145,F1,1,,,,,
2026-08-07,2026-08-07,CM,NSE,STK,685,INE121A01024,CHOLAFIN,EQ,,,,,CHOLAMANDALAM IN & FIN CO,1913.9,1922.0,1862.8,1866.2,1866.2,1940.0,,1866.21,,,1617860,3051302157.5,62661,F1,1,,,,,
2026-08-07,2026-08-07,CM,NSE,STK,14937,INE536H01010,CIEINDIA,EQ,,,,,CIE AUTOMOTIVE INDIA LTD,411.05,414.95,408.0,410.5,410.5,410.3,,410.44,,,325465,133924338.15,17432,F1,1,,,,,
2026-08-07,2026-08-07,CM,NSE,STK,27161,INE704H01022,CINELINE,EQ,,,,,CINELINE INDIA LIMITED,91.8,91.99,90.0,90.83,90.5,90.07,,90.83,,,8016,728331.56,126,F1,1,,,,,
2026-08-07,2026-08-07,CM,NSE,STK,8024,INE039B01026,CINEVISTA,EQ,,,,,CINEVISTA LIMITED,14.74,15.08,14.57,14.7,14.8,14.81,,14.7,,,24051,353667.64,102,F1,1,,,,,
2026-08-07,2026-08-07,CM,NSE,STK,694,INE059A01026,CIPLA,EQ,,,,,CIPLA LTD,1477.0,1477.0,1462.1,1463.8,1463.8,1477.0,,1463.82,,,765193,1123150573.9,27495,F1,1,,,,,
2026-08-07,2026-08-07,CM,NSE,STK,763149,INE2Q7823014,CITIUSINVT,IV,,,,,CITIUS TRANSNET INV TRUST,110.08,110.65,109.8,109.95,109.8,110.08,,109.95,,,141885,15620040.84,704,F1,1,,,,,
2026-08-07,2026-08-07,CM,NSE,STK,5701,INE491A01021,CUB,EQ,,,,,CITY UNION BANK LTD,209.0,215.0,207.49,212.0,212.75,208.39,,211.97,,,3440800,728564093.48,57358,F1,1,,,,,
2026-08-07,2026-08-07,CM,NSE,STK,20233,INE201M01029,CLEDUCATE,BE,,,,,CL EDUCATE LIMITED,59.87,60.0,58.55,58.7,58.71,59.77,,59.18,,,3355,198175.56,42,F1,1,,,,,
2026-08-07,2026-08-07,CM,NSE,STK,758739,INE0UQ601012,CLASSICEIL,ST,,,,,CLASSIC ELECTRODE (IND) L,56.85,56.95,54.15,54.15,54.15,56.95,,54.15,,,92800,5045440.0,40,F1,1600,,,,,
2026-08-07,2026-08-07,CM,NSE,STK,754695,INE1QGM01024,CLAYCRAFT,SM,,,,,CLAY CRAFT INDIA LIMITED,180.0,180.0,174.5,175.05,175.0,182.35,,175.05,,,33600,6010200.0,26,F1,600,,,,,
2026-08-07,2026-08-07,CM,NSE,STK,13846,INE376C01038,CLCIND,BE,,,,,CLC INDUSTRIES LIMITED,52.89,58.24,52.89,56.43,58.1,55.67,,56.43,,,64493,3411634.23,65,F1,1,,,,,
2026-08-07,2026-08-07,CM,NSE,STK,760183,INE647U01026,CLEANMAX,EQ,,,,,CLEAN MAX ENVIRO EN SOL L,1351.0,1355.0,1318.3,1323.8,1322.0,1357.8,,1323.87,,,137553,183075354.4,11098,F1,1,,,,,
2026-08-07,2026-08-07,CM,NSE,STK,5049,INE227W01023,CLEAN,EQ,,,,,CLEAN SCIENCE & TECH LTD,777.0,803.0,769.45,795.15,796.9,771.65,,795.1,,,984867,777127336.7,48650,F1,1,,,,,
2026-08-07,2026-08-07,CM,NSE,STK,760143,INE1EF801010,CSSL,SM,,,,,CLEAR SECURED SERVICES L,104.0,104.0,102.0,102.0,102.0,104.0,,102.0,,,3000,309000.0,3,F1,1000,,,,,
2026-08-07,2026-08-07,CM,NSE,STK,30893,INE00WV01027,CMRGREEN,EQ,,,,,CMR GREEN TECHNOLOGIES L,232.62,233.46,224.31,225.6,225.95,231.47,,225.6,,,495313,112943245.93,7767,F1,1,,,,,
2026-08-07,2026-08-07,CM,NSE,STK,7603,INE925R01014,CMSINFO,EQ,,,,,CMS INFO SYSTEMS LIMITED,279.0,279.0,272.0,273.15,273.1,277.55,,273.14,,,208497,57333568.75,5482,F1,1,,,,,
2026-08-07,2026-08-07,CM,NSE,STK,20374,INE522F01014,COALINDIA,EQ,,,,,COAL INDIA LTD,415.0,415.25,412.5,415.25,415.25,415.6,,415.25,,,3493763,1444191436.5,56381,F1,1,,,,,
2026-08-07,2026-08-07,CM,NSE,STK,6006,INE377E01024,COASTCORP,EQ,,,,,COASTAL CORPORATION LTD,44.52,44.99,37.02,43.33,43.79,45.03,,43.33,,,731781,29918752.44,5629,F1,1,,,,,
2026-08-07,2026-08-07,CM,NSE,STK,21508,INE704P01025,COCHINSHIP,EQ,,,,,COCHIN SHIPYARD LIMITED,1490.0,1524.7,1482.6,1519.7,1519.7,1490.0,,1518.58,,,2274374,3433370244.7,74988,F1,1,,,,,
2026-08-07,2026-08-07,CM,NSE,STK,11169,INE335K01011,COFFEEDAY,BE,,,,,COFFEE DAY ENTERPRISE LTD,32.4,32.4,32.4,32.4,32.4,34.1,,32.57,,,176920,5732208.0,629,F1,1,,,,,
2026-08-07,2026-08-07,CM,NSE,STK,11543,INE591G01025,COFORGE,EQ,,,,,COFORGE LIMITED,1772.8,1809.0,1765.5,1776.0,1776.0,1772.8,,1775.98,,,2666057,4767459846.8,104446,F1,1,,,,,
2026-08-07,2026-08-07,CM,NSE,STK,17945,INE03QK01018,COHANCE,EQ,,,,,COHANCE LIFESCIENCES LTD,436.0,449.2,432.85,445.75,446.05,438.9,,445.75,,,1985052,876896956.9,27232,F1,1,,,,,
2026-08-07,2026-08-07,CM,NSE,STK,15141,INE259A01022,COLPAL,EQ,,,,,COLGATE PALMOLIVE LTD.,2026.0,2037.5,2009.2,2030.0,2030.0,2028.4,,2029.49,,,222982,451172171.5,16536,F1,1,,,,,
2026-08-07,2026-08-07,CM,NSE,STK,762628,INE819A01049,COMFINTE,EQ,,,,,COMFORT INTECH LTD.,6.7,6.87,6.53,6.61,6.64,6.72,,6.61,,,150786,1008589.29,468,F1,1,,,,,
2026-08-07,2026-08-07,CM,NSE,STK,21578,INE073V01015,COMSYN,EQ,,,,,COMMERCIAL SYN BAGS LTD,208.94,227.0,204.49,224.83,225.0,209.58,,224.83,,,1308178,285431622.78,16584,F1,1,,,,,
2026-08-07,2026-08-07,CM,NSE,STK,19516,INE597Z01014,COMMITTED,ST,,,,,COMMITTED CARGO CARE LTD,343.5,350.0,343.5,349.7,349.7,350.0,,349.7,,,297600,104128520.0,83,F1,800,,,,,
2026-08-07,2026-08-07,CM,NSE,STK,19670,INE070C01037,COMPINFO,BZ,,,,,COMPUAGE INFOCOM LTD,1.1,1.15,1.1,1.12,1.12,1.1,,1.12,,,25757,29432.35,31,F1,1,,,,,
2026-08-07,2026-08-07,CM,NSE,STK,31138,INE453B01029,COMPUSOFT,EQ,,,,,COMPUCOM SOFTWARE LTD,13.04,13.3,12.9,13.14,13.19,13.08,,13.16,,,49522,649698.16,235,F1,1,,,,,
2026-08-07,2026-08-07,CM,NSE,STK,342,INE596I01020,CAMS,EQ,,,,,COMPUTER AGE MNGT SER LTD,801.0,801.05,778.05,787.5,787.5,799.45,,787.22,,,1011683,793621465.4,34904,F1,1,,,,,
2026-08-07,2026-08-07,CM,NSE,STK,18060,INE338H01029,CONCORDBIO,EQ,,,,,CONCORD BIOTECH LIMITED,1374.7,1390.9,1356.4,1365.0,1365.0,1374.7,,1365.16,,,68791,94318523.8,6447,F1,1,,,,,
2026-08-07,2026-08-07,CM,NSE,STK,28764,INE037Z01029,CEWATER,EQ,,,,,CONCORD ENVIRO SYSTEMS L,279.7,283.85,274.2,275.95,274.2,276.65,,275.87,,,75902,21092439.15,1959,F1,1,,,,,
2026-08-07,2026-08-07,CM,NSE,STK,10238,INE552D01024,CONFIPET,EQ,,,,,CONFIDENCE PETRO IND LTD.,79.9,81.5,79.61,81.28,81.2,79.39,,81.28,,,1311439,105817960.48,9721,F1,1,,,,,
2026-08-07,2026-08-07,CM,NSE,STK,758453,INE0EAS01014,CONNPLEX,SM,,,,,CONNPLEX CINEMAS LIMITED,201.05,203.65,199.0,203.6,203.6,204.4,,203.6,,,14400,2894800.0,18,F1,800,,,,,
2026-08-07,2026-08-07,CM,NSE,STK,14992,INE429I01024,CCCL,EQ,,,,,CONS. CONST. CONSORT LTD,15.4,15.99,15.3,15.35,15.36,15.6,,15.35,,,144968,2239372.25,572,F1,1,,,,,
2026-08-07,2026-08-07,CM,NSE,STK,11732,INE025A01027,CONSOFINVT,BE,,,,,CONSO. FIN. & HOLD. LTD.,309.75,309.75,292.0,296.25,295.0,300.3,,296.25,,,2719,807683.4,64,F1,1,,,,,
2026-08-07,2026-08-07,CM,NSE,STK,4749,INE111A01025,CONCOR,EQ,,,,,CONTAINER CORP OF IND LTD,510.15,513.9,505.2,505.2,505.2,512.0,,505.2,,,892002,453951909.55,24853,F1,1,,,,,
2026-08-07,2026-08-07,CM,NSE,STK,2531,INE340Z01019,CONTI,SM,,,,,CONTINENTAL SEED CHEM LTD,11.6,11.6,11.6,11.6,11.6,11.6,,11.6,,,3333,38662.8,1,F1,3333,,,,,
2026-08-07,2026-08-07,CM,NSE,STK,17477,INE663B01015,CONTROLPR,EQ,,,,,CONTROL PRINT LIMITED,562.15,580.0,562.15,579.2,579.95,562.15,,579.21,,,19716,11315853.0,1251,F1,1,,,,,
2026-08-07,2026-08-07,CM,NSE,STK,8567,INE0HS001028,COOLCAPS,ST,,,,,COOL CAPS INDUSTRIES LTD,22.65,22.65,21.1,21.5,21.25,21.9,,21.5,,,42500,925750.0,21,F1,1250,,,,,
2026-08-07,2026-08-07,CM,NSE,STK,4007,INE558D01021,CORALFINAC,EQ,,,,,CORAL INDIA FIN & HOUS LT,33.07,34.5,32.5,32.82,33.33,33.48,,32.62,,,71492,2413429.82,325,F1,1,,,,,
2026-08-07,2026-08-07,CM,NSE,STK,15275,INE792I01017,CORDSCABLE,BE,,,,,CORDS CABLE INDUS LTD.,224.0,224.0,218.02,218.63,220.94,222.46,,218.69,,,10865,2404996.3,120,F1,1,,,,,
2026-08-07,2026-08-07,CM,NSE,STK,739,INE169A01031,COROMANDEL,EQ,,,,,COROMANDEL INTERNTL. LTD,2073.4,2088.7,2056.1,2069.3,2068.0,2083.1,,2069.28,,,115784,239678567.5,10561,F1,1,,,,,
2026-08-07,2026-08-07,CM,NSE,STK,760254,INE02ZQ01018,CORONA,EQ,,,,,CORONA REMEDIES LIMITED,2045.5,2089.6,2045.2,2058.8,2046.0,2045.5,,2058.87,,,23272,48001861.6,4782,F1,1,,,,,
2026-08-07,2026-08-07,CM,NSE,STK,742,INE757A01017,COSMOFIRST,EQ,,,,,COSMO FIRST LIMITED,884.0,937.35,872.1,892.5,891.0,871.95,,892.39,,,687554,625530842.35,26568,F1,1,,,,,
2026-08-07,2026-08-07,CM,NSE,STK,6385,INE652F01027,CCHHL,EQ,,,,,COUNTRY CLUB HOSP HOL LTD,12.72,13.4,12.61,12.69,12.73,12.78,,12.69,,,33359,427351.03,139,F1,1,,,,,
2026-08-07,2026-08-07,CM,NSE,STK,16986,INE695B01025,COUNCODOS,EQ,,,,,COUNTRY CONDO S LIMITED,6.33,6.35,6.14,6.19,6.2,6.22,,6.19,,,33953,211878.25,149,F1,1,,,,,
2026-08-07,2026-08-07,CM,NSE,STK,20090,INE521J01018,CPCAP,BE,,,,,CP CAPITAL LIMITED,113.9,117.0,109.0,116.13,116.15,112.95,,116.25,,,49503,5661578.45,181,F1,1,,,,,
2026-08-07,2026-08-07,CM,NSE,STK,2328,INF457M01133,CPSEETF,EQ,,,,,CPSE ETF,94.3,95.79,93.85,94.27,94.48,94.21,,94.27,,,880048,82988311.12,6634,F1,1,,,,,
2026-08-07,2026-08-07,CM,NSE,STK,2854,INE00LO01017,CRAFTSMAN,EQ,,,,,CRAFTSMAN AUTOMATION LTD,10540.0,10762.0,10316.0,10483.0,10399.0,10555.0,,10482.69,,,37554,398096431.0,11708,F1,1,,,,,
2026-08-07,2026-08-07,CM,NSE,STK,16419,INE0OFK01019,CRAYONS,SM,,,,,CRAYONS ADVERTISING LTD,26.15,27.2,26.1,27.2,27.2,27.2,,27.2,,,5000,132100.0,5,F1,1000,,,,,
2026-08-07,2026-08-07,CM,NSE,STK,9384,INE230B01021,CREATIVEYE,EQ,,,,,CREATIVE EYE LIMITED,6.49,6.49,6.02,6.27,6.33,6.27,,6.27,,,1440,9010.58,59,F1,1,,,,,
2026-08-07,2026-08-07,CM,NSE,STK,23468,INE0R7401011,CGRAPHICS,SM,,,,,CREATIVE GRAPHICS S IND L,142.1,154.4,139.0,150.0,147.2,142.25,,150.0,,,285600,41295440.0,85,F1,800,,,,,
2026-08-07,2026-08-07,CM,NSE,STK,11155,INE985W01018,CNL,EQ,,,,,CREATIVE NEWTECH LIMITED,1127.0,1139.8,1092.05,1116.85,1120.8,1089.45,,1117.01,,,83171,93009395.35,6849,F1,1,,,,,
2026-08-07,2026-08-07,CM,NSE,STK,4421,INE741K01010,CREDITACC,EQ,,,,,CREDITACCESS GRAMEEN LTD,1547.0,1547.9,1515.0,1523.6,1529.0,1547.0,,1523.6,,,224874,343029309.0,13341,F1,1,,,,,
2026-08-07,2026-08-07,CM,NSE,STK,20878,INE220Q01020,MUFTI,EQ,,,,,CREDO BRANDS MARKETING L,87.5,88.0,84.34,86.02,85.81,87.44,,86.0,,,65115,5611298.79,1410,F1,1,,,,,
2026-08-07,2026-08-07,CM,NSE,STK,13900,INE559D01011,CREST,EQ,,,,,CREST VENTURES LIMITED,378.25,380.8,374.35,377.0,377.0,378.9,,377.0,,,396,149250.25,35,F1,1,,,,,
2026-08-07,2026-08-07,CM,NSE,STK,757,INE007A01025,CRISIL,EQ,,,,,CRISIL LTD,4552.5,4617.7,4485.0,4607.0,4603.7,4550.6,,4606.89,,,87549,400303028.5,13050,F1,1,,,,,
2026-08-07,2026-08-07,CM,NSE,STK,757850,INE0S4R01014,CRIZAC,EQ,,,,,CRIZAC LIMITED,186.0,189.79,184.0,187.98,188.5,185.12,,187.98,,,302264,56549495.17,7883,F1,1,,,,,
2026-08-07,2026-08-07,CM,NSE,STK,17094,INE299U01018,CROMPTON,EQ,,,,,CROMPT GREA CON ELEC LTD,270.0,270.0,248.3,249.95,249.95,270.0,,249.93,,,22616837,5711730199.35,133185,F1,1,,,,,
2026-08-07,2026-08-07,CM,NSE,STK,18260,INE00NH01017,CLSL,SM,,,,,CROP LIFE SCIENCE LIMITED,68.0,70.0,68.0,69.0,68.0,68.0,,69.0,,,34000,2347000.0,17,F1,2000,,,,,
2026-08-07,2026-08-07,CM,NSE,STK,8083,INE491V01019,CROWN,EQ,,,,,CROWN LIFTERS LIMITED,114.0,114.0,110.65,111.81,112.1,113.98,,111.81,,,9073,1013017.98,235,F1,1,,,,,
2026-08-07,2026-08-07,CM,NSE,STK,14966,INE679A01013,CSBBANK,EQ,,,,,CSB BANK LIMITED,324.0,325.8,315.25,316.95,317.95,323.95,,316.95,,,473828,151364158.2,11849,F1,1,,,,,
2026-08-07,2026-08-07,CM,NSE,STK,10350,INE718F01018,CSLFINANCE,EQ,,,,,CSL FINANCE LIMITED,213.14,217.99,212.0,216.77,217.4,213.04,,216.72,,,11465,2476293.82,354,F1,1,,,,,
2026-08-07,2026-08-07,CM,NSE,STK,763753,INE0ZK601013,CSM,EQ,,,,,CSM TECHNOLOGIES LIMITED,102.58,103.64,101.0,102.12,102.2,102.58,,102.12,,,238195,24331432.64,2196,F1,1,,,,,
2026-08-07,2026-08-07,CM,NSE,STK,15078,INE0NR623014,CUBEINVIT,IV,,,,,CUBE HIGHWAYS TRUST,158.6,159.5,158.35,158.85,158.71,158.35,,158.85,,,1041812,165455622.12,29692,F1,1,,,,,
2026-08-07,2026-08-07,CM,NSE,STK,4064,INE144D01012,CUBEXTUB,EQ,,,,,CUBEX TUBINGS LTD,81.5,82.2,79.5,80.07,80.0,80.05,,80.06,,,26745,2157401.87,613,F1,1,,,,,
2026-08-07,2026-08-07,CM,NSE,STK,1901,INE298A01020,CUMMINSIND,EQ,,,,,CUMMINS INDIA LTD,5405.0,5474.5,5348.5,5426.0,5426.0,5402.0,,5426.0,,,262771,1425581860.5,24687,F1,1,,,,,
2026-08-07,2026-08-07,CM,NSE,STK,18520,INE509F01029,CUPID,EQ,,,,,CUPID LIMITED,264.0,267.0,239.28,262.13,262.94,262.61,,262.13,,,46030388,11882281528.84,316805,F1,1,,,,,
2026-08-07,2026-08-07,CM,NSE,STK,30189,INE117B01020,CURAA,EQ,,,,,CURA TECHNOLOGIES LIMITED,77.0,77.0,72.5,72.92,73.0,75.1,,72.92,,,307,22537.97,26,F1,1,,,,,
2026-08-07,2026-08-07,CM,NSE,STK,11845,INE278G01037,CYBERMEDIA,BE,,,,,CYBER MEDIA (INDIA) LTD.,16.0,17.0,15.62,16.01,16.01,16.2,,16.01,,,10277,164187.15,21,F1,1,,,,,
2026-08-07,2026-08-07,CM,NSE,STK,11447,INE075Z01011,CMRSL,SM,,,,,CYBER MEDIA RES & SER LTD,62.95,63.4,62.95,63.4,63.4,60.4,,63.4,,,4000,253240.0,5,F1,800,,,,,
2026-08-07,2026-08-07,CM,NSE,STK,6054,INE214A01019,CYBERTECH,BE,,,,,CYBERTECH SYSTEMS & SOFTW,137.02,139.8,137.02,138.24,139.0,137.49,,138.25,,,12189,1682465.15,150,F1,1,,,,,
2026-08-07,2026-08-07,CM,NSE,STK,17187,INE055S01018,CYIENTDLM,EQ,,,,,CYIENT DLM LIMITED,659.05,694.95,658.95,685.55,684.5,662.5,,685.14,,,839379,571260641.0,30233,F1,1,,,,,
2026-08-07,2026-08-07,CM,NSE,STK,5748,INE136B01020,CYIENT,EQ,,,,,CYIENT LIMITED,854.9,863.65,852.1,857.5,857.95,854.9,,857.49,,,355030,304395503.3,35048,F1,1,,,,,
2026-08-07,2026-08-07,CM,NSE,STK,16902,INE864X01013,DPWIRES,BE,,,,,D P WIRES LIMITED,169.0,169.0,163.8,167.03,167.48,166.43,,167.02,,,3408,567490.78,80,F1,1,,,,,
2026-08-07,2026-08-07,CM,NSE,STK,17851,INE250K01012,DLINKINDIA,EQ,,,,,D-LINK INDIA LTD,443.0,446.9,438.0,444.95,445.0,443.3,,444.95,,,91651,40485336.7,2947,F1,1,,,,,
2026-08-07,2026-08-07,CM,NSE,STK,936,INE266Y01019,DPABHUSHAN,EQ,,,,,D. P. ABHUSHAN LIMITED,1465.6,1465.6,1435.0,1443.4,1435.0,1458.8,,1443.39,,,15348,22153085.7,1244,F1,1,,,,,
2026-08-07,2026-08-07,CM,NSE,STK,17881,INE950I01011,DBCORP,EQ,,,,,D.B.CORP LTD,211.18,213.0,209.57,210.41,210.75,210.65,,210.42,,,75660,15973576.8,3355,F1,1,,,,,
2026-08-07,2026-08-07,CM,NSE,STK,772,INE016A01026,DABUR,EQ,,,,,DABUR INDIA LTD,410.95,413.45,408.5,410.0,410.0,411.3,,410.02,,,1749544,718334254.9,26256,F1,1,,,,,
2026-08-07,2026-08-07,CM,NSE,STK,762636,INE928C01010,DAICHI,BE,,,,,DAI-ICHI KARKARIA LTD.,323.0,326.0,313.0,323.8,324.9,322.2,,323.73,,,3397,1085521.6,72,F1,1,,,,,
2026-08-07,2026-08-07,CM,NSE,STK,8075,INE00R701025,DALBHARAT,EQ,,,,,DALMIA BHARAT LIMITED,1828.4,1832.1,1794.0,1827.4,1827.4,1822.5,,1827.4,,,103018,187484665.7,8988,F1,1,,,,,
2026-08-07,2026-08-07,CM,NSE,STK,781,INE495A01022,DALMIASUG,EQ,,,,,DALMIA BHARAT SUG IN LTD,397.95,412.0,396.1,404.4,404.55,395.8,,404.39,,,304629,122624745.15,6952,F1,1,,,,,
2026-08-07,2026-08-07,CM,NSE,STK,28662,INE284H01025,DAMCAPITAL,EQ,,,,,DAM CAPITAL ADVISORS LTD,154.44,155.0,151.22,152.02,152.0,154.44,,152.02,,,207769,31671336.1,3432,F1,1,,,,,
2026-08-07,2026-08-07,CM,NSE,STK,17569,INE497D01022,DAMODARIND,BE,,,,,DAMODAR INDUSTRIES LTD,27.9,29.0,27.8,28.49,28.49,28.5,,28.49,,,11003,312508.28,35,F1,1,,,,,
2026-08-07,2026-08-07,CM,NSE,STK,1110,INE688Y01022,DANGEE,EQ,,,,,DANGEE DUMS LIMITED,3.0,3.0,2.95,2.95,2.97,2.95,,2.95,,,40742,120798.17,85,F1,1,,,,,
2026-08-07,2026-08-07,CM,NSE,STK,25927,INE0YU901016,DANISH,SM,,,,,DANISH POWER LIMITED,846.9,846.9,807.7,812.85,807.7,825.9,,812.85,,,20250,16642605.0,105,F1,150,,,,,
2026-08-07,2026-08-07,CM,NSE,STK,7358,INE0IX101010,DATAPATTNS,EQ,,,,,DATA PATTERNS INDIA LTD,4369.1,4444.0,4362.0,4380.7,4375.0,4392.6,,4380.75,,,335411,1475548867.9,29750,F1,1,,,,,
2026-08-07,2026-08-07,CM,NSE,STK,11423,INE365B01017,DATAMATICS,EQ,,,,,DATAMATICS GLOBAL SER LTD,855.95,870.0,851.2,865.15,851.2,853.25,,865.15,,,160788,138825926.1,8688,F1,1,,,,,
2026-08-07,2026-08-07,CM,NSE,STK,21794,INE179G01029,DAVANGERE,EQ,,,,,DAVANGERE SUGAR COMPANY L,3.08,3.15,3.08,3.11,3.13,3.09,,3.11,,,1584439,4913852.04,5525,F1,1,,,,,
2026-08-07,2026-08-07,CM,NSE,STK,31111,INE921B01025,DBSTOCKBRO,BE,,,,,DB (INT) STOCK BROKERS,32.2,32.82,32.0,32.39,32.43,32.66,,32.39,,,4785,154315.4,48,F1,1,,,,,
2026-08-07,2026-08-07,CM,NSE,STK,11566,INE0A1101019,DCI,EQ,,,,,DC INFOTECH AND COMUN LTD,359.9,360.0,346.3,354.05,355.0,350.9,,354.04,,,38171,13496049.05,1555,F1,1,,,,,
2026-08-07,2026-08-07,CM,NSE,STK,13725,INE503A01015,DCBBANK,EQ,,,,,DCB BANK LIMITED,195.0,196.76,190.81,192.62,192.0,194.93,,192.62,,,1323169,254722414.22,13958,F1,1,,,,,
2026-08-07,2026-08-07,CM,NSE,STK,23520,INE0S8401018,DCG,SM,,,,,DCG CABLES & WIRES LTD,55.65,55.65,55.65,55.65,55.65,55.65,,55.65,,,1200,66780.0,1,F1,1200,,,,,
2026-08-07,2026-08-07,CM,NSE,STK,4775,INE891B01012,DCMFINSERV,EQ,,,,,DCM FINANCIAL SERVICES LT,5.79,5.79,5.11,5.29,5.2,5.55,,5.3,,,29080,160114.16,94,F1,1,,,,,
2026-08-07,2026-08-07,CM,NSE,STK,7323,INE498A01018,DCM,BE,,,,,DCM LIMITED,82.75,82.75,81.0,82.49,82.0,82.21,,82.49,,,1928,157471.01,26,F1,1,,,,,
2026-08-07,2026-08-07,CM,NSE,STK,11041,INE08KP01019,DCMNVL,BE,,,,,DCM NOUVELLE LIMITED,160.78,166.99,156.41,156.92,158.0,160.78,,156.92,,,16990,2767115.64,104,F1,1,,,,,
2026-08-07,2026-08-07,CM,NSE,STK,760893,INE0OFM01015,DSFCL,BE,,,,,DCM SHRIRAM FINE CHEM LTD,25.4,25.4,25.09,25.09,25.09,25.6,,25.46,,,19138,481095.4,82,F1,1,,,,,
2026-08-07,2026-08-07,CM,NSE,STK,7325,INE843D01027,DCMSRIND,EQ,,,,,DCM SHRIRAM IND LTD,42.25,43.99,42.1,43.07,42.81,42.76,,43.06,,,98068,4235875.81,1214,F1,1,,,,,
2026-08-07,2026-08-07,CM,NSE,STK,760898,INE0OU201013,DCMSIL,BE,,,,,DCM SHRIRAM INTERNATNL L,86.0,87.5,81.63,82.93,84.39,85.92,,83.06,,,102271,8533263.12,518,F1,1,,,,,
2026-08-07,2026-08-07,CM,NSE,STK,811,INE499A01024,DCMSHRIRAM,EQ,,,,,DCM SHRIRAM LIMITED,1010.5,1031.5,1009.5,1016.8,1020.0,1010.4,,1016.83,,,72865,74319837.0,9558,F1,1,,,,,
2026-08-07,2026-08-07,CM,NSE,STK,817,INE500A01029,DCW,EQ,,,,,DCW LTD,46.35,47.1,46.2,46.35,46.31,46.69,,46.35,,,637388,29651580.32,3258,F1,1,,,,,
2026-08-07,2026-08-07,CM,NSE,STK,11895,INE0KL801015,DCXINDIA,EQ,,,,,DCX SYSTEMS LIMITED,181.5,182.91,177.15,178.44,179.0,181.84,,178.46,,,423749,76110692.74,6084,F1,1,,,,,
2026-08-07,2026-08-07,CM,NSE,STK,29098,INE0HR601026,DDEVPLSTIK,EQ,,,,,DDEV PLASTIKS IND LTD,314.85,315.0,285.0,288.2,291.0,310.6,,288.22,,,612639,184264887.75,16618,F1,1,,,,,
2026-08-07,2026-08-07,CM,NSE,STK,15449,INE0JWV01011,DENEERS,SM,,,,,DE NEERS TOOLS LIMITED,182.45,184.95,177.1,183.95,183.95,179.15,,183.95,,,14400,2607810.0,19,F1,600,,,,,
2026-08-07,2026-08-07,CM,NSE,STK,4279,INE244A01016,DENORA,EQ,,,,,DE NORA INDIA LIMITED,878.0,897.8,872.25,887.8,880.0,869.95,,887.44,,,3746,3314445.8,326,F1,1,,,,,
2026-08-07,2026-08-07,CM,NSE,STK,14838,INE583C01021,DECCANCE,EQ,,,,,DECCAN CEMENTS LIMITED,578.2,583.6,578.0,579.35,579.0,578.25,,579.35,,,8536,4954104.4,234,F1,1,,,,,
2026-08-07,2026-08-07,CM,NSE,STK,762638,INE945F01025,DECNGOLD,EQ,,,,,DECCAN GOLD MINES LTD.,229.69,233.0,215.0,216.22,215.3,225.43,,216.19,,,4433488,986736392.59,36117,F1,1,,,,,
2026-08-07,2026-08-07,CM,NSE,STK,25421,INE0S7C01019,DECCANTRAN,SM,,,,,DECCAN TRANSCON LEASING L,24.0,24.5,22.05,24.0,24.0,23.0,,24.0,,,21600,516300.0,17,F1,1200,,,,,
2026-08-07,2026-08-07,CM,NSE,STK,24156,INE841L01016,DEEDEV,BE,,,,,DEE DEVELOPMENT ENG LTD,656.0,660.0,621.0,629.7,633.5,651.65,,629.8,,,241170,151768001.5,5875,F1,1,,,,,
2026-08-07,2026-08-07,CM,NSE,STK,22802,INE586O01011,DEEM,ST,,,,,DEEM ROLL TECH LIMITED,48.6,48.7,46.6,46.6,46.6,46.4,,46.6,,,3000,143900.0,3,F1,1000,,,,,
2026-08-07,2026-08-07,CM,NSE,STK,3292,INE0FHS01024,DEEPINDS,EQ,,,,,DEEP INDUSTRIES LIMITED,631.95,658.0,631.0,638.9,637.0,627.0,,638.87,,,601211,387501291.45,18092,F1,1,,,,,
2026-08-07,2026-08-07,CM,NSE,STK,25894,INE0OPA01027,DBEIL,BE,,,,,DEEPAK BUILDERS & ENG I L,7.35,7.37,7.17,7.26,7.31,7.26,,7.27,,,121002,879288.81,242,F1,1,,,,,
2026-08-07,2026-08-07,CM,NSE,STK,827,INE501A01019,DEEPAKFERT,EQ,,,,,DEEPAK FERTILIZERS & PETR,1557.4,1574.2,1530.0,1537.8,1535.1,1559.0,,1537.81,,,197325,305973303.2,13924,F1,1,,,,,
2026-08-07,2026-08-07,CM,NSE,STK,19943,INE288B01029,DEEPAKNTR,EQ,,,,,DEEPAK NITRITE LTD,1770.9,1835.0,1762.0,1796.5,1792.2,1750.4,,1796.45,,,1628102,2928115024.0,84193,F1,1,,,,,
2026-08-07,2026-08-07,CM,NSE,STK,22527,INE0SK801018,DELAPLEX,SM,,,,,DELAPLEX LIMITED,88.35,89.45,86.7,88.95,89.45,88.4,,88.95,,,9600,846420.0,7,F1,600,,,,,
2026-08-07,2026-08-07,CM,NSE,STK,9599,INE148O01028,DELHIVERY,EQ,,,,,DELHIVERY LIMITED,466.0,480.0,464.05,473.3,473.3,463.6,,473.08,,,6405412,3024304423.0,78076,F1,1,,,,,
2026-08-07,2026-08-07,CM,NSE,STK,24395,INE726L01027,DELPHIFX,BE,,,,,DELPHI WORLD MONEY LTD,6.95,6.95,6.7,6.77,6.84,6.73,,6.77,,,66362,450284.83,149,F1,1,,,,,
2026-08-07,2026-08-07,CM,NSE,STK,29092,INE0XRN01019,DELTIC,SM,,,,,DELTA AUTOCORP LIMITED,36.0,37.0,34.9,34.9,34.9,36.3,,34.9,,,28000,1017350.0,16,F1,1000,,,,,
2026-08-07,2026-08-07,CM,NSE,STK,15044,INE124G01033,DELTACORP,EQ,,,,,DELTA CORP LIMITED,63.45,63.71,63.2,63.33,63.3,63.45,,63.33,,,427568,27099382.4,2419,F1,1,,,,,
2026-08-07,2026-08-07,CM,NSE,STK,1214,INE393A01011,DELTAMAGNT,EQ,,,,,DELTA MANUFACTURING LTD,59.8,59.8,57.59,58.59,58.6,58.44,,58.59,,,3498,204554.95,82,F1,1,,,,,
2026-08-07,2026-08-07,CM,NSE,STK,17722,INE947J01015,DEN,EQ,,,,,DEN NETWORKS LTD,27.48,27.55,27.25,27.32,27.3,27.36,,27.32,,,195819,5355725.24,1178,F1,1,,,,,
2026-08-07,2026-08-07,CM,NSE,STK,29256,INE0R4L01018,DENTA,EQ,,,,,DENTA WATER N INFRA SOL L,335.3,339.3,331.3,333.85,333.1,335.25,,333.88,,,131822,44107843.05,3737,F1,1,,,,,
2026-08-07,2026-08-07,CM,NSE,STK,759079,INE0VOV01021,DEVX,EQ,,,,,DEV ACCELERATOR LIMITED,33.65,34.5,33.65,34.0,33.88,34.04,,34.0,,,176511,6016682.42,4821,F1,1,,,,,
2026-08-07,2026-08-07,CM,NSE,STK,8146,INE060X01034,DEVIT,EQ,,,,,DEV INFO TECHNOLOGY LTD,27.1,27.6,26.9,26.91,27.15,27.06,,26.91,,,25952,701830.94,169,F1,1,,,,,
2026-08-07,2026-08-07,CM,NSE,STK,5373,INE872J01023,DEVYANI,EQ,,,,,DEVYANI INTERNATIONAL LTD,123.2,135.98,122.6,134.73,135.0,123.86,,134.73,,,26617033,3498878064.96,126453,F1,1,,,,,
2026-08-07,2026-08-07,CM,NSE,STK,10893,INE0I3401014,DBOL,EQ,,,,,DHAMPUR BIO ORGANICS LTD,108.75,116.23,108.75,113.7,113.5,110.92,,113.7,,,159185,17954253.58,2592,F1,1,,,,,
2026-08-07,2026-08-07,CM,NSE,STK,857,INE041A01016,DHAMPURSUG,EQ,,,,,DHAMPUR SUGAR MILLS LTD.,148.67,152.5,148.38,150.89,150.54,149.41,,150.88,,,280699,42429610.78,4323,F1,1,,,,,
2026-08-07,2026-08-07,CM,NSE,STK,11359,INE680A01011,DHANBANK,EQ,,,,,DHANLAXMI BANK LIMITED,32.4,33.0,31.86,32.8,32.85,32.74,,32.82,,,926578,30138060.13,3574,F1,1,,,,,
2026-08-07,2026-08-07,CM,NSE,STK,27723,INE0V9V01010,DHANLAXMI,SM,,,,,DHANLAXMI CROP SCIENCE L,24.5,25.55,24.5,25.5,25.55,24.75,,25.5,,,16000,404000.0,6,F1,2000,,,,,
2026-08-07,2026-08-07,CM,NSE,STK,24415,INE0M3I01029,DHANSA,SM,,,,,DHANSA LABS LIMITED,20.75,20.75,20.75,20.75,20.75,19.9,,20.75,,,8000,166000.0,4,F1,2000,,,,,
2026-08-07,2026-08-07,CM,NSE,STK,24409,INE435G01025,DHANUKA,EQ,,,,,DHANUKA AGRITECH LTD,1029.9,1029.9,1010.9,1020.6,1023.9,1026.6,,1020.64,,,34438,35125847.8,3554,F1,1,,,,,
2026-08-07,2026-08-07,CM,NSE,STK,760492,INE2HJL01019,DHARARAIL,ST,,,,,DHARA RAIL PROJECTS LTD,138.0,138.0,138.0,138.0,138.0,143.0,,138.0,,,1000,138000.0,1,F1,1000,,,,,
2026-08-07,2026-08-07,CM,NSE,STK,759203,INE278R01034,DHARAN,BZ,,,,,DHARAN INFRA-EPC LIMITED,0.16,0.16,0.15,0.15,0.16,0.15,,0.15,,,15027345,2289293.41,1146,F1,1,,,,,
2026-08-07,2026-08-07,CM,NSE,STK,24747,INE0YRN01025,DHARIWAL,SM,,,,,DHARIWALCORP LIMITED,23.5,24.35,23.5,24.35,24.35,22.15,,24.35,,,327000,7896300.0,70,F1,3000,,,,,
2026-08-07,2026-08-07,CM,NSE,STK,13001,INE00OQ01016,DHARMAJ,EQ,,,,,DHARMAJ CROP GUARD LTD,265.85,269.15,262.05,265.55,267.0,264.85,,265.55,,,159831,42403596.15,1852,F1,1,,,,,
2026-08-07,2026-08-07,CM,NSE,STK,6860,INE506Z01015,DHRUV,BE,,,,,DHRUV CONSULTANCY SER LTD,24.84,24.84,23.6,24.13,24.14,24.72,,24.13,,,5027,120560.5,61,F1,1,,,,,
2026-08-07,2026-08-07,CM,NSE,STK,22233,INE320L01011,DHUNINV,EQ,,,,,DHUNSERI INVESTMENTS LTD,917.0,930.0,888.0,928.5,930.0,917.55,,928.5,,,592,539274.7,79,F1,1,,,,,
2026-08-07,2026-08-07,CM,NSE,STK,6227,INE341R01014,DTIL,EQ,,,,,DHUNSERI TEA & IND. LTD.,134.99,134.99,130.1,132.91,133.4,132.98,,133.18,,,3517,465608.49,106,F1,1,,,,,
2026-08-07,2026-08-07,CM,NSE,STK,15214,INE477B01010,DVL,EQ,,,,,DHUNSERI VENTURES LIMITED,276.95,282.02,263.3,268.06,266.87,273.01,,267.95,,,25884,7026539.45,921,F1,1,,,,,
2026-08-07,2026-08-07,CM,NSE,STK,18644,INE591D01014,DIAMINESQ,EQ,,,,,DIAMINES & CHEMICALS LTD,262.25,268.97,256.1,260.79,261.0,266.95,,260.79,,,6455,1687405.84,267,F1,1,,,,,
2026-08-07,2026-08-07,CM,NSE,STK,18545,INE989C01038,DIACABS,BE,,,,,DIAMOND POWER INFRA LTD,356.8,366.2,331.4,364.05,358.0,348.8,,364.17,,,2213722,804473265.0,10387,F1,1,,,,,
2026-08-07,2026-08-07,CM,NSE,STK,703,INE303A01010,DICIND,EQ,,,,,DIC INDIA LIMITED,529.95,529.95,505.0,519.25,522.0,523.25,,519.25,,,1139,587888.95,65,F1,1,,,,,
2026-08-07,2026-08-07,CM,NSE,STK,25672,INE184O01015,DIFFNKG,EQ,,,,,DIFFUSION ENGINEERS LTD,453.9,453.9,432.8,441.0,443.0,443.9,,440.97,,,134317,59411740.85,5898,F1,1,,,,,
2026-08-07,2026-08-07,CM,NSE,STK,10346,INE03JI01017,DGCONTENT,EQ,,,,,DIGICONTENT LIMITED,25.2,26.45,25.1,25.82,26.1,25.19,,25.82,,,49663,1282334.02,182,F1,1,,,,,
2026-08-07,2026-08-07,CM,NSE,STK,21247,INE0PSC01024,DIGIDRIVE,EQ,,,,,DIGIDRIVE DISTRIBUTORS L,17.05,17.95,17.05,17.65,17.88,17.33,,17.65,,,15498,272642.93,152,F1,1,,,,,
2026-08-07,2026-08-07,CM,NSE,STK,19138,INE0QJ901011,DIGIKORE,SM,,,,,DIGIKORE STUDIOS LIMITED,38.1,38.6,32.5,35.25,35.0,38.6,,35.25,,,164000,5916020.0,284,F1,400,,,,,
2026-08-07,2026-08-07,CM,NSE,STK,16687,INE927C01020,DIGISPICE,BE,,,,,DIGISPICE TECHNOLOGIES LT,16.83,17.8,16.53,17.55,17.3,17.2,,17.61,,,94445,1624391.34,308,F1,1,,,,,
2026-08-07,2026-08-07,CM,NSE,STK,757515,INE0U4701011,DIGITIDE,EQ,,,,,DIGITIDE SOLUTIONS LTD,99.62,107.8,97.9,103.64,103.79,99.0,,103.64,,,1934866,201729587.59,15144,F1,1,,,,,
2026-08-07,2026-08-07,CM,NSE,STK,6127,INE731U01028,DIGJAMLMTD,EQ,,,,,DIGJAM LTD,49.59,49.59,47.0,47.81,48.5,48.84,,47.81,,,14572,700002.72,145,F1,1,,,,,
2026-08-07,2026-08-07,CM,NSE,STK,641,INE016M01021,DNAMEDIA,EQ,,,,,DILIGENT MEDIA CORP LTD.,2.82,2.82,2.75,2.75,2.75,2.76,,2.75,,,33655,93267.0,103,F1,1,,,,,
2026-08-07,2026-08-07,CM,NSE,STK,18086,INE917M01012,DBL,EQ,,,,,DILIP BUILDCON LIMITED,461.15,461.15,444.2,448.95,451.0,455.25,,448.98,,,229276,103741824.8,7109,F1,1,,,,,
2026-08-07,2026-08-07,CM,NSE,STK,762643,INE131C01011,DISAQ,EQ,,,,,DISA INDIA LTD.,11908.0,12000.0,11715.0,11880.0,11898.0,11769.0,,11877.02,,,677,7979532.0,600,F1,1,,,,,
2026-08-07,2026-08-07,CM,NSE,STK,14540,INE836F01026,DISHTV,BE,,,,,DISH TV INDIA LTD.,2.79,2.89,2.76,2.89,2.89,2.76,,2.9,,,1040445,2987528.26,732,F1,1,,,,,
2026-08-07,2026-08-07,CM,NSE,STK,21704,INE385W01011,DCAL,EQ,,,,,DISHMAN CARBO AMCIS LTD,194.3,196.97,191.65,193.04,191.65,194.66,,193.05,,,126439,24553413.85,3314,F1,1,,,,,
2026-08-07,2026-08-07,CM,NSE,STK,14479,INE753U01022,DIVGIITTS,EQ,,,,,DIVGI TORQTRANSFER SYST L,1017.9,1052.0,1010.1,1047.25,1050.0,988.6,,1047.59,,,189136,196653358.65,12692,F1,1,,,,,
2026-08-07,2026-08-07,CM,NSE,STK,10940,INE361B01024,DIVISLAB,EQ,,,,,DIVI S LABORATORIES LTD,8285.5,8334.0,8233.5,8275.0,8275.0,8349.0,,8274.95,,,256657,2124277952.5,21681,F1,1,,,,,
2026-08-07,2026-08-07,CM,NSE,STK,30262,INE0NA501011,DIVINEHIRA,ST,,,,,DIVINE HIRA JEWELLERS LTD,109.5,109.5,104.1,107.9,107.9,108.8,,107.9,,,14400,1542420.0,12,F1,1200,,,,,
2026-08-07,2026-08-07,CM,NSE,STK,24286,INE0SCO01019,DPEL,SM,,,,,DIVINE POWER ENERGY LTD,532.05,568.0,512.0,555.9,548.0,526.8,,555.9,,,120500,64333575.0,227,F1,500,,,,,
2026-08-07,2026-08-07,CM,NSE,STK,25680,INE0QYI01019,DIVYADHAN,ST,,,,,DIVYADHAN RECYCLING IND L,52.65,52.65,52.65,52.65,52.65,53.7,,52.65,,,4000,210600.0,2,F1,2000,,,,,
2026-08-07,2026-08-07,CM,NSE,STK,21690,INE935N01020,DIXON,EQ,,,,,DIXON TECHNO (INDIA) LTD,14200.0,14294.0,14050.0,14200.0,14200.0,14200.0,,14198.57,,,192713,2729689388.0,31287,F1,1,,,,,
2026-08-07,2026-08-07,CM,NSE,STK,12749,INE0B1K01014,DJML,EQ,,,,,DJ MEDIAPRINT & LOG LTD,110.55,113.98,109.72,112.88,113.3,110.78,,112.9,,,292316,32782357.56,2891,F1,1,,,,,
2026-08-07,2026-08-07,CM,NSE,STK,14732,INE271C01023,DLF,EQ,,,,,DLF LIMITED,635.05,649.9,635.05,642.0,642.0,642.0,,642.09,,,2466390,1588783269.45,57756,F1,1,,,,,
2026-08-07,2026-08-07,CM,NSE,STK,6973,INE505A01010,DMCC,EQ,,,,,DMCC SPECIALITY CHEMICALS,280.0,286.45,272.0,277.65,276.1,278.75,,277.71,,,76196,21355815.35,3136,F1,1,,,,,
2026-08-07,2026-08-07,CM,NSE,STK,22533,INE0OGG01015,DHTL,SM,,,,,DOCMODE HEALTH TECH LTD,30.65,33.85,30.65,33.85,33.85,32.25,,33.85,,,7200,238240.0,7,F1,800,,,,,
2026-08-07,2026-08-07,CM,NSE,STK,4822,INE021O01019,DODLA,EQ,,,,,DODLA DAIRY LIMITED,1051.3,1051.3,1036.4,1041.6,1040.4,1045.5,,1041.99,,,11035,11497194.6,2315,F1,1,,,,,
2026-08-07,2026-08-07,CM,NSE,STK,12124,INE966A01022,DOLATALGO,EQ,,,,,DOLAT ALGOTECH LIMITED,67.0,71.98,64.96,71.01,71.5,67.34,,71.01,,,670355,46445847.36,5835,F1,1,,,,,
2026-08-07,2026-08-07,CM,NSE,STK,20560,INE325C01035,DOLLAR,EQ,,,,,DOLLAR INDUSTRIES LIMITED,287.0,287.7,278.05,279.5,279.0,281.9,,279.52,,,256155,72326402.0,5096,F1,1,,,,,
2026-08-07,2026-08-07,CM,NSE,STK,13323,INE0JHH01011,DOLLEX,SM,,,,,DOLLEX AGROTECH LIMITED,29.8,30.45,29.8,30.45,30.45,30.5,,30.45,,,304000,9200800.0,7,F1,4000,,,,,
2026-08-07,2026-08-07,CM,NSE,STK,18139,INE920A01037,DOLPHIN,EQ,,,,,DOLPHIN OFF ENT (IND) L,406.15,417.8,406.1,411.05,411.5,405.75,,410.95,,,18038,7435305.3,924,F1,1,,,,,
2026-08-07,2026-08-07,CM,NSE,STK,20551,INE321T01012,DOMS,EQ,,,,,DOMS INDUSTRIES LIMITED,2256.5,2264.4,2231.0,2260.6,2261.9,2251.2,,2260.61,,,57559,129702062.5,7438,F1,1,,,,,
2026-08-07,2026-08-07,CM,NSE,STK,13839,INE668D01028,DONEAR,EQ,,,,,DONEAR IND. LIMITED,84.6,85.37,83.63,84.48,84.99,84.53,,84.48,,,5789,488765.35,155,F1,1,,,,,
2026-08-07,2026-08-07,CM,NSE,STK,15423,INE360C01024,DPSCLTD,BE,,,,,DPSC LIMITED,7.58,7.58,7.21,7.39,7.4,7.43,,7.39,,,46370,342083.81,328,F1,1,,,,,
2026-08-07,2026-08-07,CM,NSE,STK,29452,INE943P01029,AGARWALEYE,EQ,,,,,DR AGARWALS HEALTH CARE L,526.95,550.0,523.05,546.25,546.45,532.3,,546.26,,,158709,86073733.9,13581,F1,1,,,,,
2026-08-07,2026-08-07,CM,NSE,STK,762648,INE934C01018,DRAGARWQ,EQ,,,,,DR. AGARWAL'S EYE HOSP L,5290.0,5300.0,5210.5,5285.5,5285.0,5253.0,,5281.22,,,1497,7898104.0,380,F1,1,,,,,
2026-08-07,2026-08-07,CM,NSE,STK,11654,INE600L01024,LALPATHLAB,EQ,,,,,DR. LAL PATH LABS LTD.,1928.0,1947.9,1907.1,1931.6,1925.0,1928.0,,1931.59,,,158460,305923495.0,15677,F1,1,,,,,
2026-08-07,2026-08-07,CM,NSE,STK,881,INE089A01031,DRREDDY,EQ,,,,,DR. REDDY S LABORATORIES,1166.0,1172.0,1162.1,1172.0,1172.0,1171.0,,1172.0,,,1072438,1251719882.1,34631,F1,1,,,,,
2026-08-07,2026-08-07,CM,NSE,STK,2645,INE03RS01027,DRCSYSTEMS,EQ,,,,,DRC SYSTEMS INDIA LIMITED,13.41,13.7,13.14,13.32,13.4,13.76,,13.39,,,133140,1769909.22,543,F1,1,,,,,
2026-08-07,2026-08-07,CM,NSE,STK,10859,INE0JS101016,DREAMFOLKS,EQ,,,,,DREAMFOLKS SERVICES LTD,70.65,71.99,69.55,70.11,70.45,70.66,,70.19,,,46327,3271962.92,820,F1,1,,,,,
2026-08-07,2026-08-07,CM,NSE,STK,11271,INE506A01018,DREDGECORP,EQ,,,,,DREDGING CORP OF INDIA,1098.6,1099.2,1068.2,1071.3,1075.0,1094.4,,1071.24,,,67743,72999639.1,4467,F1,1,,,,,
2026-08-07,2026-08-07,CM,NSE,STK,17372,INE0P7201019,DRONE,SM,,,,,DRONE DESTINATION LIMITED,40.4,40.45,39.5,39.75,39.65,39.55,,39.75,,,14500,580275.0,24,F1,500,,,,,
2026-08-07,2026-08-07,CM,NSE,STK,8772,INE891A01022,DSKULKARNI,BE,,,,,DS KULKARNI DEVELOPERS L,10.96,10.96,10.96,10.96,10.96,10.44,,10.96,,,561,6148.56,5,F1,1,,,,,
2026-08-07,2026-08-07,CM,NSE,STK,778,INE055C01020,KEEPLEARN,EQ,,,,,DSJ KEEP LEARNING LTD,2.04,2.05,1.9,1.95,1.99,2.03,,1.95,,,45749,90546.71,96,F1,1,,,,,
2026-08-07,2026-08-07,CM,NSE,STK,1927,INF740KA1EU7,LIQUIDETF,EQ,,,,,DSP LIQUID ETF,1000.0,1000.01,999.99,1000.0,1000.0,1000.0,,1000.0,,,106915,106915010.21,303,F1,1,,,,,
2026-08-07,2026-08-07,CM,NSE,STK,761364,INF740KA1YH2,BANK10ADD,EQ,,,,,DSPAMC - BANK10ADD,17.05,17.2,16.99,17.05,17.0,17.0,,17.05,,,103050,1757038.35,388,F1,1,,,,,
2026-08-07,2026-08-07,CM,NSE,STK,13644,INF740KA1RX3,BANKADD,EQ,,,,,DSPAMC - DSPBANK,59.33,59.47,59.1,59.19,59.19,59.39,,59.2,,,353831,20924340.91,128,F1,1,,,,,
2026-08-07,2026-08-07,CM,NSE,STK,15356,INF740KA1SW3,GOLDADD,EQ,,,,,DSPAMC - DSPGOLD,143.79,148.0,143.3,145.12,144.58,143.86,,145.12,,,1989977,287874018.28,5149,F1,1,,,,,
2026-08-07,2026-08-07,CM,NSE,STK,17207,INF740KA1SX1,ITADD,EQ,,,,,DSPAMC - DSPIT,33.19,33.72,33.19,33.42,33.45,32.92,,33.42,,,68826,2301073.81,157,F1,1,,,,,
2026-08-07,2026-08-07,CM,NSE,STK,6606,INF740KA1QK2,EQUAL50ADD,EQ,,,,,DSPAMC - DSPNEWETF,352.0,352.74,351.24,351.78,351.95,352.85,,351.78,,,4475,1574764.29,215,F1,1,,,,,
2026-08-07,2026-08-07,CM,NSE,STK,7451,INF740KA1CL0,NIFTYADD,EQ,,,,,DSPAMC - DSPNIFTY,256.3,260.49,256.3,258.71,256.31,258.89,,258.79,,,7044,1824338.4,146,F1,1,,,,,
2026-08-07,2026-08-07,CM,NSE,STK,17616,INF740KA1SY9,PSUBANKADD,EQ,,,,,DSPAMC - DSPPSBKETF,88.02,89.66,87.73,88.56,87.8,88.02,,88.56,,,86862,7696937.7,359,F1,1,,,,,
2026-08-07,2026-08-07,CM,NSE,STK,17576,INF740KA1TA7,PVTBANKADD,EQ,,,,,DSPAMC - DSPPVBKETF,28.15,28.15,27.81,27.88,28.0,28.12,,27.89,,,227827,6361290.97,294,F1,1,,,,,
2026-08-07,2026-08-07,CM,NSE,STK,7456,INF740KA1ZF3,MIDQ50ADD,EQ,,,,,DSPAMC - DSPQ50ETF,25.61,25.69,25.52,25.57,25.65,25.52,,25.57,,,30386,778299.73,94,F1,1,,,,,
2026-08-07,2026-08-07,CM,NSE,STK,17613,INF740KA1SZ6,SENSEXADD,EQ,,,,,DSPAMC - DSPSENXETF,81.16,81.35,80.76,81.05,81.05,81.16,,80.93,,,258,20895.73,19,F1,1,,,,,
2026-08-07,2026-08-07,CM,NSE,STK,10761,INF740KA1RE3,SILVERADD,EQ,,,,,DSPAMC - DSPSILVETF,217.14,222.82,216.38,221.87,221.6,216.17,,221.87,,,208006,45773992.01,2788,F1,1,,,,,
2026-08-07,2026-08-07,CM,NSE,STK,759368,INF740KA1WU9,FLEXIADD,EQ,,,,,DSPAMC - FLEXIADD,10.36,10.39,10.2,10.33,10.39,10.3,,10.33,,,63223,653256.9,224,F1,1,,,,,
2026-08-07,2026-08-07,CM,NSE,STK,763530,INF740KA1ZA4,FMCGADD,EQ,,,,,DSPAMC - FMCGADD,49.45,50.05,49.45,49.83,50.05,49.6,,49.85,,,4168,207288.59,24,F1,1,,,,,
2026-08-07,2026-08-07,CM,NSE,STK,22592,INF740KA1ZG1,HEALTHADD,EQ,,,,,DSPAMC - HEALTHADD,16.95,16.95,16.8,16.88,16.84,16.87,,16.88,,,14485,244204.14,85,F1,1,,,,,
2026-08-07,2026-08-07,CM,NSE,STK,23407,INF740KA1UM0,LIQUIDADD,EQ,,,,,DSPAMC - LIQUIDADD,1139.43,1139.56,1139.43,1139.43,1139.45,1139.01,,1139.43,,,404034,460371747.96,745,F1,1,,,,,
2026-08-07,2026-08-07,CM,NSE,STK,764428,INF740KA1ZH9,MIDBANKADD,EQ,,,,,DSPAMC - MIDBANKADD,17.4,17.4,17.36,17.4,17.4,17.33,,17.4,,,3909,68013.42,60,F1,1,,,,,
2026-08-07,2026-08-07,CM,NSE,STK,760356,INF740KA1WW5,MIDCAPADD,EQ,,,,,DSPAMC - MIDCAPADD,23.43,23.5,23.3,23.42,23.3,23.43,,23.42,,,5895,138229.87,21,F1,1,,,,,
2026-08-07,2026-08-07,CM,NSE,STK,759978,INF740KA1WV7,MSCIADD,EQ,,,,,DSPAMC - MSCIADD,30.07,30.21,30.04,30.16,30.16,30.23,,30.16,,,1390,41858.21,12,F1,1,,,,,
2026-08-07,2026-08-07,CM,NSE,STK,29464,INF740KA1VE5,NEXT30ADD,EQ,,,,,DSPAMC - NEXT30ADD,43.84,44.46,43.83,44.26,44.46,44.05,,44.26,,,8164,359634.03,77,F1,1,,,,,
2026-08-07,2026-08-07,CM,NSE,STK,760599,INF740KA1XU7,NEXT50ADD,EQ,,,,,DSPAMC - NEXT50ADD,75.14,75.27,74.85,75.23,75.26,75.11,,75.23,,,20369,1531050.93,36,F1,1,,,,,
2026-08-07,2026-08-07,CM,NSE,STK,760359,INF740KA1WX3,SMALLADD,EQ,,,,,DSPAMC - SMALLADD,18.46,18.51,18.35,18.42,18.44,18.43,,18.42,,,9618,177391.23,101,F1,1,,,,,
2026-08-07,2026-08-07,CM,NSE,STK,25171,INF740KA1UR9,TOP10ADD,EQ,,,,,DSPAMC - TOP10ADD,89.27,89.75,88.5,89.46,89.2,89.27,,89.46,,,167442,14993217.53,601,F1,1,,,,,
2026-08-07,2026-08-07,CM,NSE,STK,13766,INE0LZO01015,DUCOL,SM,,,,,DUCOL ORGS AND COLOURS LT,107.1,107.1,107.1,107.1,107.1,107.1,,107.1,,,800,85680.0,1,F1,800,,,,,
2026-08-07,2026-08-07,CM,NSE,STK,28952,INE741L01018,DUCON,EQ,,,,,DUCON INFRATECHNOLOGIES L,3.07,3.34,3.05,3.16,3.14,3.08,,3.16,,,244213,776066.21,451,F1,1,,,,,
2026-08-07,2026-08-07,CM,NSE,STK,5457,INE0HPK01020,DUGLOBAL,SM,,,,,DUDIGITAL GLOBAL LIMITED,26.3,27.25,26.3,26.45,26.4,29.0,,26.45,,,37500,997750.0,15,F1,2500,,,,,
2026-08-07,2026-08-07,CM,NSE,STK,24164,INE0OUW01013,DURLAX,SM,,,,,DURLAX TOP SURFACE LTD,53.25,57.5,53.25,56.85,57.0,53.25,,56.85,,,88000,4970200.0,31,F1,2000,,,,,
2026-08-07,2026-08-07,CM,NSE,STK,11667,INE366A01041,DWARKESH,EQ,,,,,DWARIKESH SUGAR IND LTD,40.49,41.4,40.25,40.87,40.65,40.37,,40.87,,,469202,19168739.35,2712,F1,1,,,,,
2026-08-07,2026-08-07,CM,NSE,STK,25690,INE417B01040,DSSL,EQ,,,,,DYNACONS SYS & SOLN LTD,1231.0,1268.9,1210.0,1227.7,1230.0,1239.4,,1227.69,,,19991,24762994.2,2073,F1,1,,,,,
2026-08-07,2026-08-07,CM,NSE,STK,4525,INE221B01012,DYNAMATECH,EQ,,,,,DYNAMATIC TECHNOLOGIES,11403.0,11844.0,11002.0,11401.0,11200.0,11403.0,,11398.69,,,26226,303398880.0,9318,F1,1,,,,,
2026-08-07,2026-08-07,CM,NSE,STK,10417,INE600Y01019,DYCL,EQ,,,,,DYNAMIC CABLES LIMITED,405.0,410.55,399.95,401.9,401.1,405.0,,401.9,,,152556,61505615.6,4207,F1,1,,,,,
2026-08-07,2026-08-07,CM,NSE,STK,6082,INE0DZ701010,DYNAMIC,ST,,,,,DYNAMIC SRVCS & SEC LTD,137.25,137.8,131.4,135.55,133.0,137.95,,135.55,,,15000,2033300.0,24,F1,500,,,,,
2026-08-07,2026-08-07,CM,NSE,STK,21314,INE256H01015,DYNPRO,EQ,,,,,DYNEMIC PRODUCTS LIMITED,260.4,264.0,255.3,260.7,262.0,260.6,,260.7,,,7759,2014196.95,315,F1,1,,,,,
2026-08-07,2026-08-07,CM,NSE,STK,19267,INE0KFF01017,EFACTOR,SM,,,,,E FACTOR EXPERIENCES LTD,191.0,191.0,180.0,180.0,180.0,185.0,,180.0,,,800,148400.0,2,F1,400,,,,,
2026-08-07,2026-08-07,CM,NSE,STK,760534,INE1CEJ01017,E2ERAIL,ST,,,,,E TO E TRANS INFRA LTD,272.05,279.5,262.2,267.75,266.0,275.0,,267.75,,,26400,7140600.0,31,F1,800,,,,,
2026-08-07,2026-08-07,CM,NSE,STK,8937,INE255Z01027,E2E,EQ,,,,,E2E NETWORKS LIMITED,593.0,617.45,575.45,575.45,575.45,605.7,,575.42,,,2106565,1230555656.45,37279,F1,1,,,,,
2026-08-07,2026-08-07,CM,NSE,STK,9769,INE962C01035,EASTSILK,BE,,,,,EASTERN SILK INDUSTRIES L,60.0,63.0,58.3,63.0,63.0,60.0,,63.0,,,779,47771.62,17,F1,1,,,,,
2026-08-07,2026-08-07,CM,NSE,STK,2792,INE07O001026,EASEMYTRIP,EQ,,,,,EASY TRIP PLANNERS LTD,6.61,6.64,6.56,6.58,6.6,6.61,,6.58,,,7070403,46719227.71,6633,F1,1,,,,,
2026-08-07,2026-08-07,CM,NSE,STK,759974,INE528S07110,888ECL28,N1,,,,,ECL 8.88% 2028 SR V,987.0,999.5,987.0,999.39,999.39,987.0,,999.39,,,60,59781.95,3,F1,1,,,,,
2026-08-07,2026-08-07,CM,NSE,STK,15179,INE738I01010,ECLERX,EQ,,,,,ECLERX SERVICES LTD,1859.2,1895.0,1756.3,1769.1,1758.0,1872.4,,1769.14,,,378424,682795889.6,33591,F1,1,,,,,
2026-08-07,2026-08-07,CM,NSE,STK,759964,INE0VBS01016,ECOLINE,ST,,,,,ECOLINE EXIM LIMITED,195.0,205.8,195.0,205.7,205.8,196.3,,205.7,,,32000,6440700.0,29,F1,1000,,,,,
2026-08-07,2026-08-07,CM,NSE,STK,25062,INE06HJ01020,ECOSMOBLTY,BE,,,,,ECOS (INDIA) MOB & HOSP L,131.64,134.0,126.0,129.46,129.46,131.64,,129.46,,,48704,6283300.87,530,F1,1,,,,,
2026-08-07,2026-08-07,CM,NSE,STK,7196,INF754K01OB1,BBETF0432,EQ,,,,,EDELAMC - BBETF0432,1354.41,1355.0,1351.0,1353.29,1351.0,1351.96,,1353.29,,,913,1235948.02,40,F1,1,,,,,
2026-08-07,2026-08-07,CM,NSE,STK,764378,INF754K01XH9,EBANK10,EQ,,,,,EDELAMC - EBANK10,17.13,17.13,16.93,16.95,16.95,17.05,,16.97,,,2391,40663.77,15,F1,1,,,,,
2026-08-07,2026-08-07,CM,NSE,STK,25258,INF754K01TE4,EBANKNIFTY,EQ,,,,,EDELAMC - EBANKNIFTY,58.72,58.72,57.57,58.44,58.53,58.43,,58.44,,,916,53380.2,29,F1,1,,,,,
2026-08-07,2026-08-07,CM,NSE,STK,16253,INF754K01KO2,EBBETF0430,EQ,,,,,EDELAMC - EBBETF0430,1605.69,1619.39,1605.69,1614.43,1615.42,1613.33,,1614.75,,,8292,13385526.8,423,F1,1,,,,,
2026-08-07,2026-08-07,CM,NSE,STK,22239,INF754K01LE1,EBBETF0431,EQ,,,,,EDELAMC - EBBETF0431,1443.97,1444.48,1440.15,1441.35,1441.05,1441.23,,1441.35,,,3743,5401901.56,120,F1,1,,,,,
2026-08-07,2026-08-07,CM,NSE,STK,13139,INF754K01QX0,EBBETF0433,EQ,,,,,EDELAMC - EBBETF0433,1320.49,1322.0,1315.18,1317.81,1320.57,1320.49,,1317.81,,,1955,2579312.4,125,F1,1,,,,,
2026-08-07,2026-08-07,CM,NSE,STK,29019,INF754K01TX4,ECAPINSURE,EQ,,,,,EDELAMC - ECAPINSURE,23.66,23.68,23.45,23.51,23.62,23.67,,23.51,,,43582,1025742.48,437,F1,1,,,,,
2026-08-07,2026-08-07,CM,NSE,STK,19933,INF754K01SE6,EGOLD,EQ,,,,,EDELAMC - EGOLD,147.25,149.35,147.25,149.15,149.35,148.0,,149.15,,,81280,12090232.85,407,F1,1,,,,,
2026-08-07,2026-08-07,CM,NSE,STK,759466,INF754K01VW2,ELIQUID,EQ,,,,,EDELAMC - ELIQUID,1042.85,1042.87,1042.84,1042.84,1042.84,1042.44,,1042.84,,,71405,74464867.71,20,F1,1,,,,,
2026-08-07,2026-08-07,CM,NSE,STK,758952,INF754K01VV4,ELM250,EQ,,,,,EDELAMC - ELM250,16.55,17.11,16.55,17.01,17.1,16.98,,17.01,,,22892,389065.84,168,F1,1,,,,,
2026-08-07,2026-08-07,CM,NSE,STK,764367,INF754K01XI7,ELMDIV,EQ,,,,,EDELAMC - ELMDIV,37.16,37.16,36.85,36.91,36.85,36.91,,36.91,,,5215,192809.87,34,F1,1,,,,,
2026-08-07,2026-08-07,CM,NSE,STK,764288,INF754K01XG1,EMETAL,EQ,,,,,EDELAMC - EMETAL,13.17,13.17,13.04,13.1,13.1,13.17,,13.1,,,37766,494749.31,52,F1,1,,,,,
2026-08-07,2026-08-07,CM,NSE,STK,25996,INF754K01TF1,EMULTIMQ,EQ,,,,,EDELAMC - EMULTIMQ,41.68,41.68,41.52,41.63,41.67,41.54,,41.63,,,10363,431684.53,147,F1,1,,,,,
2026-08-07,2026-08-07,CM,NSE,STK,763540,INF754K01XF3,ENEXT50,EQ,,,,,EDELAMC - ENEXT50,74.4,74.4,74.4,74.4,74.4,74.4,,74.4,,,214,15921.6,5,F1,1,,,,,
2026-08-07,2026-08-07,CM,NSE,STK,759998,INF754K01VX0,ENIFTY,EQ,,,,,EDELAMC - ENIFTY,25.92,25.92,24.72,24.89,24.75,24.92,,24.89,,,6114,151736.47,73,F1,1,,,,,
2026-08-07,2026-08-07,CM,NSE,STK,759995,INF754K01VY8,ESENSEX,EQ,,,,,EDELAMC - ESENSEX,78.48,79.53,78.38,79.04,79.0,79.55,,79.04,,,500,39406.58,14,F1,1,,,,,
2026-08-07,2026-08-07,CM,NSE,STK,20257,INF754K01SF3,ESILVER,EQ,,,,,EDELAMC - ESILVER,224.67,231.0,223.89,230.56,229.11,223.67,,230.56,,,189230,43403145.06,1238,F1,1,,,,,
2026-08-07,2026-08-07,CM,NSE,STK,15119,INE532F01054,EDELWEISS,EQ,,,,,EDELWEISS FIN SERV LTD,120.89,120.89,117.64,118.54,118.76,121.16,,118.52,,,3705422,438943270.7,21788,F1,1,,,,,
2026-08-07,2026-08-07,CM,NSE,STK,758675,INE886D01026,EFCIL,EQ,,,,,EFC (I) LIMITED,189.48,189.49,182.95,186.0,186.0,188.61,,186.0,,,531059,98311161.81,4269,F1,1,,,,,
2026-08-07,2026-08-07,CM,NSE,STK,24438,INE0U9101019,EFFWA,ST,,,,,EFFWA INFRA & RESEARCH L,383.5,383.5,376.0,379.75,379.75,377.0,,379.75,,,3200,1208100.0,8,F1,400,,,,,
2026-08-07,2026-08-07,CM,NSE,STK,910,INE066A01021,EICHERMOT,EQ,,,,,EICHER MOTORS LTD,7940.0,8067.5,7920.0,8020.0,8020.0,7967.5,,8019.98,,,339416,2719136648.5,62063,F1,1,,,,,
2026-08-07,2026-08-07,CM,NSE,STK,916,INE126A01031,EIDPARRY,EQ,,,,,EID PARRY INDIA LTD,811.05,818.65,800.15,805.1,804.5,809.85,,805.02,,,134546,108938454.8,10480,F1,1,,,,,
2026-08-07,2026-08-07,CM,NSE,STK,15399,INE276C01014,EIHAHOTELS,EQ,,,,,EIH ASSOCIATED HOTELS LTD,312.6,315.0,296.3,302.55,301.1,310.7,,302.55,,,52672,16068906.7,1310,F1,1,,,,,
2026-08-07,2026-08-07,CM,NSE,STK,919,INE230A01023,EIHOTEL,EQ,,,,,EIH LIMITED,320.0,321.65,304.35,306.55,305.8,325.65,,306.56,,,1391523,431552629.7,22372,F1,1,,,,,
2026-08-07,2026-08-07,CM,NSE,STK,4040,INE158B01016,EIMCOELECO,EQ,,,,,EIMCO ELECON (INDIA) LTD,1817.9,1876.9,1773.8,1849.0,1827.0,1811.7,,1848.97,,,19893,36199995.6,2293,F1,1,,,,,
2026-08-07,2026-08-07,CM,NSE,STK,762653,INE280B01018,ELANTAS,EQ,,,,,ELANTAS BECK INDIA LTD.,12050.0,12549.5,12000.0,12312.0,12510.5,12376.5,,12312.43,,,3888,47649125.5,1243,F1,1,,,,,
2026-08-07,2026-08-07,CM,NSE,STK,762658,INE927X01018,ELCIDIN,EQ,,,,,ELCID INVESTMENTS LTD.,110155.0,113255.0,110155.0,112260.0,111750.0,112400.0,,112260.0,,,8,895385.0,8,F1,1,,,,,
2026-08-07,2026-08-07,CM,NSE,STK,8953,INE668G01021,ELDEHSG,EQ,,,,,ELDECO HSG & IND LTD.,759.0,774.75,735.3,759.6,767.4,718.95,,759.61,,,4918,3711245.3,277,F1,1,,,,,
2026-08-07,2026-08-07,CM,NSE,STK,13643,INE205B01031,ELECON,EQ,,,,,ELECON ENG. CO. LTD,450.65,450.65,432.1,437.85,436.0,450.45,,437.84,,,370664,163270556.65,11144,F1,1,,,,,
2026-08-07,2026-08-07,CM,NSE,STK,20899,INE0Q1W01012,EFORCE,SM,,,,,ELECTRO FORCE (INDIA) LTD,21.0,21.25,21.0,21.25,21.25,21.0,,21.25,,,7200,152100.0,6,F1,1200,,,,,
2026-08-07,2026-08-07,CM,NSE,STK,11530,INE02YR01019,EMIL,EQ,,,,,ELECTRONICS MART IND LTD,151.0,172.0,143.99,165.83,169.4,149.78,,165.83,,,51355051,8078539660.08,313575,F1,1,,,,,
2026-08-07,2026-08-07,CM,NSE,STK,928,INE086A01029,ELECTCAST,EQ,,,,,ELECTROSTEEL CASTINGS LTD,72.3,73.49,71.16,71.98,71.2,72.26,,71.98,,,2826692,204357833.11,13632,F1,1,,,,,
2026-08-07,2026-08-07,CM,NSE,STK,4469,INE822G01016,ELECTHERM,EQ,,,,,ELECTROTHERM (I) LTD.,1001.7,1018.9,990.0,995.3,1000.0,1007.7,,995.33,,,11199,11189872.1,853,F1,1,,,,,
2026-08-07,2026-08-07,CM,NSE,STK,29595,INE0R9101015,ELGNZ,SM,,,,,ELEGANZ INTERIORS LIMITED,96.95,98.85,96.0,96.55,97.0,96.95,,96.55,,,19000,1846100.0,17,F1,1000,,,,,
2026-08-07,2026-08-07,CM,NSE,STK,937,INE285A01027,ELGIEQUIP,EQ,,,,,ELGI EQUIPMENTS LTD,592.0,595.9,582.2,588.45,585.0,589.25,,588.44,,,123552,72866219.35,13028,F1,1,,,,,
2026-08-07,2026-08-07,CM,NSE,STK,24924,INE819L01012,ELGIRUBCO,EQ,,,,,ELGI RUBBER CO. LTD,61.05,63.58,61.05,63.02,63.1,60.9,,63.02,,,65610,4112720.52,690,F1,1,,,,,
2026-08-07,2026-08-07,CM,NSE,STK,13423,INE050401020,ELIN,EQ,,,,,ELIN ELECTRONICS LIMITED,99.0,100.99,96.02,96.49,96.98,102.03,,96.49,,,341021,33499419.28,4240,F1,1,,,,,
2026-08-07,2026-08-07,CM,NSE,STK,762663,INE669R01026,ELITECON,EQ,,,,,ELITECON INTERNATIONAL L,18.59,18.98,17.86,18.06,18.01,18.59,,18.07,,,1711317,31173271.38,5515,F1,1,,,,,
2026-08-07,2026-08-07,CM,NSE,STK,758563,INE236E01022,ELLEN,EQ,,,,,ELLENBARRIE INDUS GASES L,280.8,304.85,280.4,292.35,293.9,281.3,,292.34,,,3012353,894645971.75,50613,F1,1,,,,,
2026-08-07,2026-08-07,CM,NSE,STK,4471,INE579B01039,ELPROINTL,EQ,,,,,ELPRO INTERNATIONAL LTD,178.93,180.89,178.05,180.06,180.0,177.98,,180.06,,,531761,95665315.03,634,F1,1,,,,,
2026-08-07,2026-08-07,CM,NSE,STK,29229,INE0ZOL01023,EMAPARTNER,SM,,,,,EMA PARTNERS INDIA LTD,81.0,81.0,81.0,81.0,81.0,79.75,,81.0,,,1000,81000.0,1,F1,1000,,,,,
2026-08-07,2026-08-07,CM,NSE,STK,13517,INE548C01032,EMAMILTD,EQ,,,,,EMAMI LIMITED,410.0,416.2,404.35,412.55,408.55,409.0,,412.51,,,994119,408318819.4,16924,F1,1,,,,,
2026-08-07,2026-08-07,CM,NSE,STK,10084,INE830C01026,EMAMIPAP,BE,,,,,EMAMI PAPER MILLS LIMITED,109.31,113.0,109.0,110.89,110.0,112.06,,110.74,,,38591,4268912.33,403,F1,1,,,,,
2026-08-07,2026-08-07,CM,NSE,STK,19281,INE778K01012,EMAMIREAL,BE,,,,,EMAMI REALTY LIMITED,76.0,76.0,73.73,74.73,75.28,76.65,,74.75,,,16707,1257543.78,111,F1,1,,,,,
2026-08-07,2026-08-07,CM,NSE,STK,14450,INE069I01010,EMBDL,EQ,,,,,EMBASSY DEVELOPMENTS LTD,60.5,63.5,60.5,63.04,63.45,60.7,,63.04,,,2786754,173074389.13,11934,F1,1,,,,,
2026-08-07,2026-08-07,CM,NSE,STK,9383,INE041025011,EMBASSY,RR,,,,,EMBASSY OFFICE PARKS REIT,442.0,443.38,439.03,441.28,441.25,440.95,,441.28,,,209346,92272786.98,8933,F1,1,,,,,
2026-08-07,2026-08-07,CM,NSE,STK,24398,INE168P01015,EMCURE,EQ,,,,,EMCURE PHARMACEUTICALS L,1939.5,1990.0,1939.5,1978.4,1982.0,1936.7,,1978.34,,,145070,286329338.5,15851,F1,1,,,,,
2026-08-07,2026-08-07,CM,NSE,STK,27629,INE0RHD01013,ETML,SM,,,,,EMERALD TYRE MANUF LTD,86.9,86.9,83.6,83.6,83.6,84.0,,83.6,,,2400,204600.0,2,F1,1200,,,,,
2026-08-07,2026-08-07,CM,NSE,STK,13421,INE296H01011,EMKAY,EQ,,,,,EMKAY GLOBAL FIN SERV LTD,243.34,246.38,237.88,238.86,245.0,243.34,,238.86,,,22487,5417100.98,691,F1,1,,,,,
2026-08-07,2026-08-07,CM,NSE,STK,10253,INE332S01011,EMKAYTOOLS,SM,,,,,EMKAY TAP & CUT. TOOL LTD,90.25,90.25,89.0,89.0,89.0,91.35,,89.0,,,1050,94095.0,7,F1,150,,,,,
2026-08-07,2026-08-07,CM,NSE,STK,758591,INE0PXC01024,ETL,SM,,,,,EMKAY TOOLS LIMITED,1002.0,1070.0,1002.0,1050.3,1050.95,970.0,,1050.3,,,1650,1707885.0,10,F1,150,,,,,
2026-08-07,2026-08-07,CM,NSE,STK,18146,INE753K01015,EMMBI,BE,,,,,EMMBI INDUSTRIES LIMITED,84.0,85.22,83.05,83.82,84.0,85.98,,83.82,,,10287,860971.93,137,F1,1,,,,,
2026-08-07,2026-08-07,CM,NSE,STK,759728,INE1C6T01020,EMMVEE,EQ,,,,,EMMVEE PHOTOVOLTAIC PWR L,325.95,326.7,316.65,318.9,317.0,328.15,,318.9,,,1578665,505591145.75,30068,F1,1,,,,,
2026-08-07,2026-08-07,CM,NSE,STK,762673,INE507F01023,EMPOWER,BE,,,,,EMPOWER INDIA LTD.,2.43,2.43,2.43,2.43,2.43,2.55,,2.43,,,705803,1715101.29,1033,F1,1,,,,,
2026-08-07,2026-08-07,CM,NSE,STK,18593,INE0OV601013,EMSLIMITED,EQ,,,,,EMS LIMITED,405.0,415.0,401.8,404.4,404.15,406.1,,404.4,,,180250,73148924.2,5112,F1,1,,,,,
2026-08-07,2026-08-07,CM,NSE,STK,9756,INE01QM01018,EMUDHRA,EQ,,,,,EMUDHRA LIMITED,540.0,546.9,532.0,538.85,536.05,540.5,,538.85,,,184834,99887544.45,9827,F1,1,,,,,
2026-08-07,2026-08-07,CM,NSE,STK,760321,INE433T01015,ENCOMPAS,SM,,,,,ENCOMPASS DESIGN INDIA L,260.6,260.6,235.0,240.75,239.8,258.3,,240.75,,,17200,4163140.0,41,F1,400,,,,,
2026-08-07,2026-08-07,CM,NSE,STK,18822,INE913H01037,ENDURANCE,EQ,,,,,ENDURANCE TECHNO. LTD.,2879.0,2929.0,2871.2,2904.5,2891.0,2877.7,,2904.56,,,80764,234921806.8,13318,F1,1,,,,,
2026-08-07,2026-08-07,CM,NSE,STK,15049,INE306C01019,ENERGYDEV,EQ,,,,,ENERGY DEVE. CO.LTD,16.77,17.25,16.4,16.5,16.46,16.79,,16.51,,,35048,580494.54,339,F1,1,,,,,
2026-08-07,2026-08-07,CM,NSE,STK,23745,INE0S1L01013,EMMIL,SM,,,,,ENERGY MISSION MACH IND L,128.4,128.4,120.0,122.95,123.0,128.4,,122.95,,,5000,610000.0,15,F1,250,,,,,
2026-08-07,2026-08-07,CM,NSE,STK,4907,INE510A01028,ENGINERSIN,EQ,,,,,ENGINEERS INDIA LTD,239.8,242.5,238.37,240.6,240.5,242.39,,240.6,,,1241537,298378739.41,23672,F1,1,,,,,
2026-08-07,2026-08-07,CM,NSE,STK,23230,INE0R9I01021,ENSER,SM,,,,,ENSER COMMUNICATIONS LTD,16.5,16.8,15.3,15.5,15.5,16.05,,15.5,,,30000,480000.0,6,F1,5000,,,,,
2026-08-07,2026-08-07,CM,NSE,STK,22717,INE010601016,ENTERO,EQ,,,,,ENTERO HEALTHCARE SOLU L,1238.0,1266.0,1230.0,1242.7,1242.0,1242.5,,1242.91,,,46032,57315192.4,6278,F1,1,,,,,
2026-08-07,2026-08-07,CM,NSE,STK,13192,INE265F01028,ENIL,EQ,,,,,ENTERTAIN NET. IND. LTD.,108.1,109.78,101.0,102.08,103.26,106.51,,102.09,,,96381,10000694.17,1674,F1,1,,,,,
2026-08-07,2026-08-07,CM,NSE,STK,27213,INE0LLY01014,EIEL,EQ,,,,,ENVIRO INFRA ENGINEERS L,215.5,216.64,212.15,213.16,214.08,215.5,,213.15,,,557270,119073935.0,9447,F1,1,,,,,
2026-08-07,2026-08-07,CM,NSE,STK,25412,INE0SUH01015,ENVIRO,SM,,,,,ENVIROTECH SYSTEMS LTD,76.5,76.5,76.0,76.0,76.0,76.6,,76.0,,,8000,611200.0,6,F1,1000,,,,,
2026-08-07,2026-08-07,CM,NSE,STK,22463,INE0G5901015,EPACK,EQ,,,,,EPACK DURABLE LIMITED,227.99,235.01,227.99,229.48,229.35,227.61,,229.5,,,489008,113252042.6,5919,F1,1,,,,,
2026-08-07,2026-08-07,CM,NSE,STK,759251,INE0MLS01022,EPACKPEB,EQ,,,,,EPACK PREFAB TECHN LTD,249.9,256.05,245.0,246.3,246.65,248.35,,246.3,,,1033070,258470024.4,14486,F1,1,,,,,
2026-08-07,2026-08-07,CM,NSE,STK,5382,INE071N01016,EPIGRAL,EQ,,,,,EPIGRAL LIMITED,1095.8,1112.0,1092.7,1101.2,1095.0,1095.8,,1101.2,,,17375,19156055.8,2088,F1,1,,,,,
2026-08-07,2026-08-07,CM,NSE,STK,981,INE255A01020,EPL,EQ,,,,,EPL LIMITED,228.98,230.78,223.62,224.72,228.59,228.98,,224.75,,,509022,115116113.01,6148,F1,1,,,,,
2026-08-07,2026-08-07,CM,NSE,STK,758346,INE11HF01010,EEPL,SM,,,,,EPPELTONE ENGINEERS LTD,117.0,143.7,110.0,143.7,143.7,119.75,,143.7,,,541000,70991900.0,411,F1,1000,,,,,
2026-08-07,2026-08-07,CM,NSE,STK,3553,INE217G01035,EQUIPPP,BE,,,,,EQUIPPP SOC IMP TECH LTD,22.55,23.9,22.19,23.24,23.9,23.34,,23.39,,,13661,313260.6,49,F1,1,,,,,
2026-08-07,2026-08-07,CM,NSE,STK,913,INE063P01018,EQUITASBNK,EQ,,,,,EQUITAS SMALL FIN BNK LTD,75.5,76.05,75.0,75.22,75.4,76.09,,75.22,,,1307127,98578930.69,10534,F1,1,,,,,
2026-08-07,2026-08-07,CM,NSE,STK,21154,INE406M01024,ERIS,EQ,,,,,ERIS LIFESCIENCES LIMITED,1385.0,1395.0,1370.2,1382.4,1385.0,1382.9,,1382.53,,,40491,55795818.0,7694,F1,1,,,,,
2026-08-07,2026-08-07,CM,NSE,STK,955,INE284A01012,ESABINDIA,EQ,,,,,ESAB INDIA LTD,5652.5,5672.0,5590.0,5631.5,5630.0,5624.0,,5632.04,,,2097,11773095.0,699,F1,1,,,,,
2026-08-07,2026-08-07,CM,NSE,STK,19878,INE818W01011,ESAFSFB,EQ,,,,,ESAF SMALL FINANCE BANK L,41.7,42.4,39.35,40.27,40.22,42.54,,40.27,,,4836492,198316911.09,15282,F1,1,,,,,
2026-08-07,2026-08-07,CM,NSE,STK,22764,INE0RQZ01017,ESCONET,SM,,,,,ESCONET TECHNOLOGIES LTD,130.0,139.0,130.0,137.8,137.0,127.5,,137.8,,,41200,5601500.0,87,F1,400,,,,,
2026-08-07,2026-08-07,CM,NSE,STK,958,INE042A01014,ESCORTS,EQ,,,,,ESCORTS KUBOTA LIMITED,3081.0,3087.9,3042.6,3080.0,3060.4,3081.0,,3079.72,,,65250,200395071.9,6945,F1,1,,,,,
2026-08-07,2026-08-07,CM,NSE,STK,761461,INE818W08164,1165ESFB32,N0,,,,,ESFB 11.65% 2032 SR 4,102111.0,102111.0,102111.0,102111.0,102111.0,102000.0,,102111.0,,,1,102111.0,1,F1,1,,,,,
2026-08-07,2026-08-07,CM,NSE,STK,24678,INE0SBP01018,ESPRIT,SM,,,,,ESPRIT STONES LIMITED,69.5,72.0,66.6,70.0,70.0,67.45,,70.0,,,124800,8684960.0,68,F1,1600,,,,,
2026-08-07,2026-08-07,CM,NSE,STK,25634,INE122M01019,ESSARSHPNG,EQ,,,,,ESSAR SHIPPING LTD,19.8,20.11,19.75,19.86,19.9,19.86,,19.86,,,117357,2337865.53,479,F1,1,,,,,
2026-08-07,2026-08-07,CM,NSE,STK,17084,INE0ITO01014,ESFL,SM,,,,,ESSEN SPECIALITY FILMS L,117.0,126.25,117.0,126.25,126.25,114.8,,126.25,,,39960,4966218.0,82,F1,360,,,,,
2026-08-07,2026-08-07,CM,NSE,STK,24265,INE778B01029,ESTER,EQ,,,,,ESTER INDUSTRIES LTD,89.0,89.17,87.0,87.35,87.17,88.0,,87.36,,,43251,3798819.03,726,F1,1,,,,,
2026-08-07,2026-08-07,CM,NSE,STK,5097,INE758T01015,ETERNAL,EQ,,,,,ETERNAL LIMITED,314.0,316.9,313.15,315.0,315.0,316.25,,315.0,,,12763812,4017263971.0,123226,F1,1,,,,,
2026-08-07,2026-08-07,CM,NSE,STK,9750,INE04TZ01018,ETHOSLTD,EQ,,,,,ETHOS LIMITED,2824.5,2848.0,2725.8,2782.1,2802.0,2824.5,,2782.18,,,59227,164733009.9,8694,F1,1,,,,,
2026-08-07,2026-08-07,CM,NSE,STK,25162,INE0KCE01017,EUREKAFORB,EQ,,,,,EUREKA FORBES LIMITED,458.1,459.6,446.1,450.55,451.0,459.75,,450.59,,,176938,79973610.5,12607,F1,1,,,,,
2026-08-07,2026-08-07,CM,NSE,STK,6042,INE546V01010,EIFFL,BE,,,,,EURO (I) FRESH FOODS LTD,247.0,269.3,247.0,269.3,269.3,256.5,,269.3,,,31414,8074568.05,143,F1,1,,,,,
2026-08-07,2026-08-07,CM,NSE,STK,757953,INE505V01016,EUROBOND,EQ,,,,,EURO PANEL PRODUCTS LTD,160.25,165.0,160.25,164.99,165.0,161.6,,164.99,,,10888,1784844.58,348,F1,1,,,,,
2026-08-07,2026-08-07,CM,NSE,STK,759797,INE198501012,EUROPRATIK,EQ,,,,,EURO PRATIK SALES LIMITED,306.3,321.0,306.3,314.1,316.0,309.35,,314.09,,,224401,70385007.9,5156,F1,1,,,,,
2026-08-07,2026-08-07,CM,NSE,STK,8886,INE022C01012,EUROTEXIND,BE,,,,,EUROTEX IND & EXPORTS LTD,13.05,13.37,13.05,13.37,13.37,13.11,,13.37,,,1376,18389.12,5,F1,1,,,,,
2026-08-07,2026-08-07,CM,NSE,STK,11782,INE128A01029,EVEREADY,EQ,,,,,EVEREADY INDS. IND.  LTD.,357.3,361.0,353.1,356.8,353.1,357.3,,356.78,,,95680,34245668.55,2479,F1,1,,,,,
2026-08-07,2026-08-07,CM,NSE,STK,6017,INE295A01018,EVERESTIND,BE,,,,,EVEREST INDUSTRIES LTD,482.0,483.95,459.5,468.05,476.95,477.05,,468.11,,,3592,1677564.6,120,F1,1,,,,,
2026-08-07,2026-08-07,CM,NSE,STK,13091,INE184H01027,EKC,EQ,,,,,EVEREST KANTO CYLINDERLTD,111.65,114.57,110.42,112.68,112.67,111.65,,112.68,,,254049,28696178.45,2976,F1,1,,,,,
2026-08-07,2026-08-07,CM,NSE,STK,11471,INE369A01029,EXCELINDUS,EQ,,,,,EXCEL INDUSTRIES LTD,1034.0,1039.1,1023.6,1029.0,1027.0,1029.55,,1029.0,,,4164,4291391.35,368,F1,1,,,,,
2026-08-07,2026-08-07,CM,NSE,STK,760007,INE606N01019,EXCELSOFT,EQ,,,,,EXCELSOFT TECHNOLOGIES L,83.5,86.5,82.5,83.65,83.05,83.09,,83.61,,,1063879,90131286.99,8837,F1,1,,,,,
2026-08-07,2026-08-07,CM,NSE,STK,22947,INE777F01014,EXICOM,EQ,,,,,EXICOM TELE SYSTEMS LTD,168.5,172.95,157.5,158.9,158.0,169.56,,158.9,,,1989666,324957855.75,22643,F1,1,,,,,
2026-08-07,2026-08-07,CM,NSE,STK,676,INE302A01020,EXIDEIND,EQ,,,,,EXIDE INDUSTRIES LTD,474.0,493.0,470.65,490.0,489.05,474.25,,490.02,,,7853639,3820662299.2,105172,F1,1,,,,,
2026-08-07,2026-08-07,CM,NSE,STK,760422,INE19I001020,EXIMROUTES,SM,,,,,EXIM ROUTES LIMITED,109.25,109.25,109.0,109.1,109.0,114.0,,109.1,,,5600,611000.0,6,F1,800,,,,,
2026-08-07,2026-08-07,CM,NSE,STK,17486,INE201K01015,EXPLEOSOL,EQ,,,,,EXPLEO SOLUTIONS LIMITED,816.6,839.75,813.0,836.75,836.0,821.05,,836.55,,,34528,28703708.3,1589,F1,1,,,,,
2026-08-07,2026-08-07,CM,NSE,STK,5352,INE0GFE01026,EXXARO,EQ,,,,,EXXARO TILES LIMITED,6.33,6.33,6.12,6.16,6.16,6.27,,6.16,,,120937,749073.13,260,F1,1,,,,,
2026-08-07,2026-08-07,CM,NSE,STK,760125,INE0HF201011,FABTECH,EQ,,,,,FABTECH TECHNOLOGIES LTD,150.0,153.0,148.0,148.63,148.98,150.25,,148.65,,,52577,7889830.3,1073,F1,1,,,,,
2026-08-07,2026-08-07,CM,NSE,STK,1008,INE188A01015,FACT,EQ,,,,,FACT LTD,839.0,844.95,835.4,839.4,839.0,843.1,,839.38,,,30873,25916351.75,3396,F1,1,,,,,
2026-08-07,2026-08-07,CM,NSE,STK,1619,INE0DNW01011,FAIRCHEMOR,BE,,,,,FAIRCHEM ORGANICS LIMITED,749.95,749.95,749.95,749.95,749.95,765.25,,748.0,,,1623,1217168.85,51,F1,1,,,,,
2026-08-07,2026-08-07,CM,NSE,STK,24150,INE0PQK01013,FALCONTECH,SM,,,,,FALCON TECHNOPROJ IND LTD,12.1,12.35,12.1,12.35,12.35,12.25,,12.35,,,2400,29340.0,2,F1,1200,,,,,
2026-08-07,2026-08-07,CM,NSE,STK,12000,INE963C01033,FAZE3Q,EQ,,,,,FAZE THREE LIMITED,540.0,587.95,535.35,569.2,570.6,540.6,,569.2,,,21897,12347137.15,1634,F1,1,,,,,
2026-08-07,2026-08-07,CM,NSE,STK,11999,INE512B01022,FCSSOFT,EQ,,,,,FCS SOFTWARE SOLN. LTD.,1.47,1.5,1.47,1.47,1.48,1.47,,1.47,,,1804642,2668751.48,921,F1,1,,,,,
2026-08-07,2026-08-07,CM,NSE,STK,4898,INE258B01022,FDC,EQ,,,,,FDC LIMITED,370.0,375.85,367.0,369.8,371.0,370.0,,369.84,,,238037,88241047.2,9232,F1,1,,,,,
2026-08-07,2026-08-07,CM,NSE,STK,20322,INE007N01010,FEDFINA,EQ,,,,,FEDBANK FINANCIAL SER L,153.0,153.0,148.83,149.59,149.75,152.53,,149.59,,,802406,120423997.48,11200,F1,1,,,,,
2026-08-07,2026-08-07,CM,NSE,STK,762675,INE417D01020,FEDDERSHOL,EQ,,,,,FEDDERS HOLDING LTD.,41.8,44.3,41.8,43.45,43.25,42.34,,43.45,,,552306,23870104.85,3183,F1,1,,,,,
2026-08-07,2026-08-07,CM,NSE,STK,1023,INE171A01029,FEDERALBNK,EQ,,,,,FEDERAL BANK LTD,353.2,359.8,350.85,356.25,356.25,353.55,,356.36,,,4924276,1755417757.75,49865,F1,1,,,,,
2026-08-07,2026-08-07,CM,NSE,STK,1190,INE529A01010,FMGOETZE,EQ,,,,,FEDERAL-MOGUL GOETZE (IND,487.05,500.5,473.05,492.25,491.0,485.8,,492.26,,,76946,37909728.1,2693,F1,1,,,,,
2026-08-07,2026-08-07,CM,NSE,STK,573,INE901X01013,FELIX,SM,,,,,FELIX INDUSTRIES LTD.,176.35,187.5,176.35,181.3,180.65,178.6,,181.3,,,90500,16516950.0,102,F1,500,,,,,
2026-08-07,2026-08-07,CM,NSE,STK,762680,INE225B01021,FERMENTA,EQ,,,,,FERMENTA BIOTECH LTD.,555.35,568.0,546.2,560.6,553.0,552.6,,560.55,,,169849,94739638.25,5764,F1,1,,,,,
2026-08-07,2026-08-07,CM,NSE,STK,8159,INE296C01020,FIBERWEB,EQ,,,,,FIBERWEB INDIA LIMITED,29.21,30.5,29.0,29.76,29.7,29.21,,29.75,,,14929,442904.6,104,F1,1,,,,,
2026-08-07,2026-08-07,CM,NSE,STK,9858,INE0LQQ01019,FIDEL,SM,,,,,FIDEL SOFTECH LIMITED,140.5,143.0,138.0,138.55,138.6,140.5,,138.55,,,9000,1252700.0,9,F1,1000,,,,,
2026-08-07,2026-08-07,CM,NSE,STK,13710,INE737H01014,FIEMIND,EQ,,,,,FIEM INDUSTRIES LIMITED,2479.5,2604.9,2466.9,2580.3,2552.0,2479.5,,2580.37,,,195760,499895819.2,22217,F1,1,,,,,
2026-08-07,2026-08-07,CM,NSE,STK,23651,INE185E01021,FILATFASH,BE,,,,,FILATEX FASHIONS LIMITED,0.19,0.19,0.18,0.18,0.19,0.18,,0.18,,,10663568,1990014.33,1757,F1,1,,,,,
2026-08-07,2026-08-07,CM,NSE,STK,24532,INE816B01035,FILATEX,EQ,,,,,FILATEX INDIA LTD,81.63,85.38,81.5,83.33,82.97,81.81,,83.33,,,3999271,334198144.76,20793,F1,1,,,,,
2026-08-07,2026-08-07,CM,NSE,STK,759776,INE0EDU01014,FINBUD,SM,,,,,FINBUD FINANCIAL SERV LTD,139.0,143.0,139.0,140.2,140.2,138.35,,140.2,,,8000,1129050.0,8,F1,1000,,,,,
2026-08-07,2026-08-07,CM,NSE,STK,3744,INE686Y01026,FINEORG,EQ,,,,,FINE ORGANIC IND. LTD.,4989.0,5199.9,4980.0,5162.1,5199.9,4989.0,,5161.64,,,54836,281337621.9,9923,F1,1,,,,,
2026-08-07,2026-08-07,CM,NSE,STK,6198,INE045J01034,FCL,EQ,,,,,FINEOTEX CHEMICAL LIMITED,41.7,43.35,40.91,41.64,41.9,41.75,,41.64,,,12593576,533513155.18,29003,F1,1,,,,,
2026-08-07,2026-08-07,CM,NSE,STK,759239,INE734I01027,FINKURVE,EQ,,,,,FINKURVE FINANCIAL SERV L,60.9,60.9,58.5,58.9,58.99,59.2,,58.93,,,42168,2487667.83,169,F1,1,,,,,
2026-08-07,2026-08-07,CM,NSE,STK,6579,INE02NC01014,FINOPB,EQ,,,,,FINO PAYMENTS BANK LTD,161.0,161.3,153.15,154.96,154.5,159.68,,154.99,,,436058,68337968.75,5419,F1,1,,,,,
2026-08-07,2026-08-07,CM,NSE,STK,1038,INE235A01022,FINCABLES,EQ,,,,,FINOLEX CABLES LTD,1040.0,1040.0,1017.0,1024.65,1017.0,1034.75,,1024.53,,,182159,187347079.4,15149,F1,1,,,,,
2026-08-07,2026-08-07,CM,NSE,STK,1041,INE183A01024,FINPIPE,EQ,,,,,FINOLEX INDUSTRIES LTD,166.0,167.0,162.85,164.43,164.01,171.31,,164.42,,,1232652,202908770.44,29607,F1,1,,,,,
2026-08-07,2026-08-07,CM,NSE,STK,14304,INE684F01012,FSL,EQ,,,,,FIRSTSOURCE SOLU. LTD.,285.0,289.55,275.0,279.85,280.0,293.95,,279.85,,,9187334,2589263692.0,200440,F1,1,,,,,
2026-08-07,2026-08-07,CM,NSE,STK,757658,INE771F01041,FISCHER,EQ,,,,,FISCHER MEDICAL VENTURE L,37.6,38.87,37.2,38.01,38.22,37.45,,38.01,,,3470138,132305731.27,6476,F1,1,,,,,
2026-08-07,2026-08-07,CM,NSE,STK,12032,INE128S01021,FIVESTAR,EQ,,,,,FIVE-STAR BUS FIN LTD,550.05,550.65,541.55,543.25,544.4,553.25,,543.24,,,269177,146808661.65,16751,F1,1,,,,,
2026-08-07,2026-08-07,CM,NSE,STK,20372,INE00Y201027,FLAIR,EQ,,,,,FLAIR WRITING INDUST LTD,250.0,252.9,249.1,252.4,251.7,250.55,,252.4,,,110987,27892570.15,2019,F1,1,,,,,
2026-08-07,2026-08-07,CM,NSE,STK,25516,INE060J01017,FLEXITUFF,BE,,,,,FLEXITUFF VENTURES INT L,3.76,3.76,3.56,3.69,3.69,3.69,,3.69,,,22248,82069.64,79,F1,1,,,,,
2026-08-07,2026-08-07,CM,NSE,STK,758208,INE0VCK01011,FLYSBS,SM,,,,,FLYSBS AVIATION LIMITED,445.0,448.85,432.0,435.35,432.0,443.95,,435.35,,,31400,13834030.0,112,F1,200,,,,,
2026-08-07,2026-08-07,CM,NSE,STK,760331,INE0SQZ01015,FWSTC,SM,,,,,FLYWINGS SIMULAT T C LTD,189.9,189.9,189.7,189.7,189.7,185.45,,189.7,,,1800,341700.0,3,F1,600,,,,,
2026-08-07,2026-08-07,CM,NSE,STK,6839,INE593W01028,FOCUS,BE,,,,,FOCUS LIGHTG & FIXTRS LTD,67.9,68.8,66.01,67.08,66.03,67.97,,67.08,,,26433,1777987.43,217,F1,1,,,,,
2026-08-07,2026-08-07,CM,NSE,STK,22517,INE0Q4701019,FONEBOX,SM,,,,,FONEBOX RETAIL LIMITED,98.1,98.1,98.1,98.1,98.1,93.45,,98.1,,,4000,392400.0,4,F1,1000,,,,,
2026-08-07,2026-08-07,CM,NSE,STK,6673,INE976E01023,FOODSIN,EQ,,,,,FOODS & INNS LIMITED,53.9,55.4,53.75,54.92,55.2,53.03,,54.94,,,83479,4544095.48,715,F1,1,,,,,
2026-08-07,2026-08-07,CM,NSE,STK,24917,INE0U2501017,FORCAS,ST,,,,,FORCAS STUDIO LIMITED,186.5,190.0,177.0,187.1,190.0,184.35,,187.1,,,62400,11583360.0,17,F1,1600,,,,,
2026-08-07,2026-08-07,CM,NSE,STK,11573,INE451A01017,FORCEMOT,EQ,,,,,FORCE MOTORS LIMITED,18623.0,18830.0,18445.0,18500.0,18500.0,18690.0,,18501.38,,,46841,870067570.0,12612,F1,1,,,,,
2026-08-07,2026-08-07,CM,NSE,STK,25664,INE0YKW01013,FORGEAUTO,SM,,,,,FORGE AUTO INTERNATION L,116.15,116.15,116.15,116.15,116.15,110.65,,116.15,,,7200,836280.0,6,F1,1200,,,,,
2026-08-07,2026-08-07,CM,NSE,STK,14592,INE061F01013,FORTIS,EQ,,,,,FORTIS HEALTHCARE LTD,920.0,967.7,903.35,955.15,955.15,920.0,,955.26,,,3551821,3346174422.9,77915,F1,1,,,,,
2026-08-07,2026-08-07,CM,NSE,STK,1073,INE519A01011,FOSECOIND,EQ,,,,,FOSECO INDIA LTD,5424.0,5573.5,5395.5,5500.5,5509.5,5409.0,,5500.5,,,4888,26931177.5,1072,F1,1,,,,,
2026-08-07,2026-08-07,CM,NSE,STK,760961,INE212S01015,FRACTAL,EQ,,,,,FRACTAL ANALYTICS LIMITED,804.0,823.0,803.15,817.7,816.0,807.6,,817.75,,,241675,197005424.2,12179,F1,1,,,,,
2026-08-07,2026-08-07,CM,NSE,STK,25871,INE0SFW01015,FRESHARA,ST,,,,,FRESHARA AGRO EXPORTS LTD,357.0,365.0,348.0,361.5,365.0,353.45,,361.5,,,20400,7271430.0,29,F1,600,,,,,
2026-08-07,2026-08-07,CM,NSE,STK,11504,INE385O01018,FROG,ST,,,,,FROG INNOVATIONS LIMITED,206.0,214.2,206.0,214.2,214.2,210.0,,214.2,,,13600,2906360.0,27,F1,400,,,,,
2026-08-07,2026-08-07,CM,NSE,STK,762685,INE572D01014,FRONTSP,EQ,,,,,FRONTIER SPRINGS LTD.,1428.0,1428.0,1364.1,1401.2,1396.1,1409.7,,1401.02,,,14612,20313099.8,2370,F1,1,,,,,
2026-08-07,2026-08-07,CM,NSE,STK,6545,INE388Y01029,NYKAA,EQ,,,,,FSN E COMMERCE VENTURES,331.55,335.85,328.65,332.0,332.0,331.95,,332.08,,,4598346,1524775124.25,51748,F1,1,,,,,
2026-08-07,2026-08-07,CM,NSE,STK,759876,INE12UR01024,UTLSOLAR,EQ,,,,,FUJIYAMA POWER SYSTEMS L,412.0,412.6,386.0,389.95,388.5,400.65,,389.98,,,269005,106096171.05,13475,F1,1,,,,,
2026-08-07,2026-08-07,CM,NSE,STK,11932,INE139R01012,FUSION,EQ,,,,,FUSION FINANCE LIMITED,214.05,214.99,200.4,204.99,205.0,214.99,,204.98,,,829952,170597669.31,14458,F1,1,,,,,
2026-08-07,2026-08-07,CM,NSE,STK,14868,INE452O01016,FLFL,BZ,,,,,FUT LIFESTYLE FASH LTD,1.15,1.21,1.15,1.19,1.2,1.2,,1.19,,,12816,15356.71,56,F1,1,,,,,
2026-08-07,2026-08-07,CM,NSE,STK,13812,INE623B01027,FEL,BZ,,,,,FUTURE ENTERPRISES LTD,0.38,0.38,0.37,0.37,0.37,0.37,,0.37,,,186333,69512.0,113,F1,1,,,,,
2026-08-07,2026-08-07,CM,NSE,STK,30491,IN9623B01058,FELDVR,BZ,,,,,FUTURE ENTERPRISES LTD,2.44,2.44,2.23,2.26,2.26,2.33,,2.27,,,6991,16180.17,30,F1,1,,,,,
2026-08-07,2026-08-07,CM,NSE,STK,21021,INE360L01017,FMNL,BE,,,,,FUTURE MKT NETWORKS LTD,9.39,9.78,9.32,9.35,9.35,9.39,,9.35,,,22330,214412.13,42,F1,1,,,,,
2026-08-07,2026-08-07,CM,NSE,STK,1168,INE075D01018,GMBREW,EQ,,,,,G M BREWERIES LTD,915.55,915.55,905.0,908.35,905.0,907.5,,908.34,,,14193,12904147.2,1204,F1,1,,,,,
2026-08-07,2026-08-07,CM,NSE,STK,5054,INE201P01022,GRINFRA,EQ,,,,,G R INFRAPROJECTS LIMITED,939.95,948.8,856.4,870.7,867.6,889.95,,870.69,,,582729,525230671.7,23987,F1,1,,,,,
2026-08-07,2026-08-07,CM,NSE,STK,1135,INE586X01012,GTECJAINX,BE,,,,,G-TEC JAINX EDUCATION LTD,31.55,31.55,28.75,31.54,31.54,30.07,,31.54,,,9041,283676.66,63,F1,1,,,,,
2026-08-07,2026-08-07,CM,NSE,STK,1085,INE524A01029,GABRIEL,EQ,,,,,GABRIEL INDIA LTD,1535.9,1557.9,1484.5,1499.8,1495.0,1531.8,,1499.68,,,371373,563190496.3,22287,F1,1,,,,,
2026-08-07,2026-08-07,CM,NSE,STK,18018,INE224E01028,GATECH,BE,,,,,GACM TECHNOLOGIES LIMITED,0.67,0.67,0.66,0.66,0.67,0.64,,0.66,,,17895105,11942793.41,2447,F1,1,,,,,
2026-08-07,2026-08-07,CM,NSE,STK,27,INE224E01036,GATECHDVR,BE,,,,,GACM TECHNOLOGIES LIMITED,0.51,0.52,0.49,0.51,0.52,0.5,,0.51,,,544210,279867.79,209,F1,1,,,,,
2026-08-07,2026-08-07,CM,NSE,STK,4717,INE129A01019,GAIL,EQ,,,,,GAIL (INDIA) LTD,175.81,176.28,171.89,173.63,173.63,176.4,,173.63,,,7005144,1212234201.25,45069,F1,1,,,,,
2026-08-07,2026-08-07,CM,NSE,STK,25134,INE0RE001014,GALAPREC,EQ,,,,,GALA PRECISION ENG LTD,1127.4,1127.4,1026.6,1036.4,1036.0,1162.2,,1036.35,,,205179,215987422.9,15082,F1,1,,,,,
2026-08-07,2026-08-07,CM,NSE,STK,759089,INE09A801015,GML,SM,,,,,GALAXY MEDICARE LIMITED,17.05,17.05,17.05,17.05,17.05,17.0,,17.05,,,2000,34100.0,1,F1,2000,,,,,
2026-08-07,2026-08-07,CM,NSE,STK,1315,INE600K01018,GALAXYSURF,EQ,,,,,GALAXY SURFACTANTS LTD,1990.0,2114.0,1980.4,2066.7,2067.0,1980.3,,2066.66,,,52126,107997506.6,9424,F1,1,,,,,
2026-08-07,2026-08-07,CM,NSE,STK,13337,INE297H01019,GALLANTT,EQ,,,,,GALLANTT ISPAT LIMITED,620.0,620.05,603.15,605.5,606.2,615.35,,605.53,,,47899,29131786.85,4909,F1,1,,,,,
2026-08-07,2026-08-07,CM,NSE,STK,20303,INE717W01049,GANDHAR,EQ,,,,,GANDHAR OIL REFINE IND L,243.7,245.46,239.01,242.71,242.61,242.95,,242.7,,,1529441,370872069.54,14633,F1,1,,,,,
2026-08-07,2026-08-07,CM,NSE,STK,14116,INE524B01027,GANDHITUBE,EQ,,,,,GANDHI SPL. TUBES LTD,890.0,898.9,885.5,889.7,889.0,893.15,,889.72,,,2579,2300420.35,182,F1,1,,,,,
2026-08-07,2026-08-07,CM,NSE,STK,5617,INE388A01029,GANESHBE,BE,,,,,GANESH BENZOPLAST LIMITED,119.5,124.0,116.45,120.41,120.82,120.02,,120.33,,,172905,20792153.29,755,F1,1,,,,,
2026-08-07,2026-08-07,CM,NSE,STK,759012,INE652V01016,GANESHCP,EQ,,,,,GANESH CONSUMER PRODUCT L,164.9,166.61,161.05,161.8,161.55,164.94,,161.8,,,222144,36122426.02,5836,F1,1,,,,,
2026-08-07,2026-08-07,CM,NSE,STK,24439,INE0R8C01018,GGBL,SM,,,,,GANESH GREEN BHARAT LTD,258.8,258.8,252.4,254.85,255.5,253.65,,254.85,,,15300,3904875.0,47,F1,300,,,,,
2026-08-07,2026-08-07,CM,NSE,STK,14339,INE460C01014,GANESHHOU,EQ,,,,,GANESH HOUSING LIMITED,760.0,779.0,757.95,760.75,760.05,761.85,,760.85,,,22773,17450164.65,1363,F1,1,,,,,
2026-08-07,2026-08-07,CM,NSE,STK,27351,INE0TVT01024,GANESHIN,ST,,,,,GANESH INFRAWORLD LIMITED,119.9,125.3,115.5,118.8,115.5,119.9,,118.8,,,378400,46273520.0,266,F1,800,,,,,
2026-08-07,2026-08-07,CM,NSE,STK,6944,INE845D01014,GANECOS,EQ,,,,,GANESHA ECOSPHERE LIMITED,1071.1,1085.0,1058.0,1064.3,1059.3,1076.0,,1064.37,,,51641,55254377.2,5377,F1,1,,,,,
2026-08-07,2026-08-07,CM,NSE,STK,757525,INE0ZI101018,GANGABATH,SM,,,,,GANGA BATH FITTINGS LTD,22.5,22.9,21.75,22.9,22.9,23.25,,22.9,,,9000,201450.0,3,F1,3000,,,,,
2026-08-07,2026-08-07,CM,NSE,STK,4959,INE691Z01023,GANGAFORGE,BE,,,,,GANGA FORGING LIMITED,2.05,2.12,2.05,2.11,2.12,2.02,,2.11,,,11225579,23762433.17,4151,F1,1,,,,,
2026-08-07,2026-08-07,CM,NSE,STK,21399,INE335W01016,GANGESSECU,EQ,,,,,GANGES SECURITIES LIMITED,118.85,119.0,116.4,118.0,118.0,118.85,,118.0,,,535,63277.43,29,F1,1,,,,,
2026-08-07,2026-08-07,CM,NSE,STK,5475,INE382Z01011,GRSE,EQ,,,,,GARDEN REACH SHIP&ENG LTD,2589.0,2641.0,2585.7,2599.0,2593.1,2599.4,,2599.02,,,356679,929256528.7,21425,F1,1,,,,,
2026-08-07,2026-08-07,CM,NSE,STK,25800,INE0JVO01026,GARUDA,EQ,,,,,GARUDA CONSTRUCT N ENG L,183.26,186.8,180.02,180.5,180.6,182.45,,180.5,,,385703,70172002.98,6091,F1,1,,,,,
2026-08-07,2026-08-07,CM,NSE,STK,7982,INE291A01017,GRWRHITECH,EQ,,,,,GARWARE HI-TECH FILMS LTD,7374.0,7477.5,6911.0,6973.0,6925.0,7338.5,,6972.8,,,167734,1212686917.5,29638,F1,1,,,,,
2026-08-07,2026-08-07,CM,NSE,STK,1100,INE276A01018,GARFIBRES,EQ,,,,,GARWARE TECH FIBRES LTD,846.0,856.5,800.5,811.85,805.0,838.85,,811.82,,,62817,52297017.8,7371,F1,1,,,,,
2026-08-07,2026-08-07,CM,NSE,STK,8510,INE079J01017,GATEWAY,EQ,,,,,GATEWAY DISTRIPARKS LTD,56.9,57.09,56.15,56.5,56.47,56.79,,56.5,,,1018714,57773124.3,7868,F1,1,,,,,
2026-08-07,2026-08-07,CM,NSE,STK,760179,INE0P8B01020,GAUDIUMIVF,BE,,,,,GAUDIUM IVF N WOMEN H L,132.0,132.0,130.95,130.95,130.95,133.62,,131.0,,,161575,21287491.2,714,F1,1,,,,,
2026-08-07,2026-08-07,CM,NSE,STK,3693,INE287Z01012,GAYAHWS,EQ,,,,,GAYATRI HIGHWAYS LIMITED,2.02,2.09,1.95,1.98,2.0,1.98,,1.98,,,241646,479878.04,290,F1,1,,,,,
2026-08-07,2026-08-07,CM,NSE,STK,25027,INE336H01023,GAYAPROJ,BE,,,,,GAYATRI PROJECTS LTD,19.94,20.7,19.75,20.09,20.18,19.8,,20.07,,,352824,7142165.07,1120,F1,1,,,,,
2026-08-07,2026-08-07,CM,NSE,STK,14055,INE0LVM01018,GRCL,ST,,,,,GAYATRI RUBB AND CHEM LTD,525.0,525.0,523.9,524.95,524.95,511.8,,524.95,,,1750,918425.0,6,F1,250,,,,,
2026-08-07,2026-08-07,CM,NSE,STK,7862,INE878A01011,GVPIL,EQ,,,,,GE POWER INDIA LIMITED,730.0,762.9,728.55,762.9,762.9,726.6,,763.18,,,163658,122122825.0,6469,F1,1,,,,,
2026-08-07,2026-08-07,CM,NSE,STK,16783,INE200A01026,GVT&D,EQ,,,,,GE VERNOVA T&D INDIA LTD,4366.7,4398.0,4270.1,4299.0,4299.0,4366.7,,4300.21,,,758827,3280077084.2,72173,F1,1,,,,,
2026-08-07,2026-08-07,CM,NSE,STK,13662,INE916G01016,GEECEE,BE,,,,,GEECEE VENTURES LIMITED,350.35,372.0,350.3,363.45,368.35,360.25,,363.97,,,8476,3051791.5,79,F1,1,,,,,
2026-08-07,2026-08-07,CM,NSE,STK,17922,INE669X01032,GEEKAYWIRE,EQ,,,,,GEEKAY WIRES LIMITED,22.31,23.15,22.15,22.53,22.72,22.52,,22.53,,,42340,955004.96,676,F1,1,,,,,
2026-08-07,2026-08-07,CM,NSE,STK,759461,INE06XZ01023,GEMAROMA,EQ,,,,,GEM AROMATICS LIMITED,182.87,190.0,182.21,185.46,186.0,182.87,,185.43,,,100205,18663858.88,1604,F1,1,,,,,
2026-08-07,2026-08-07,CM,NSE,STK,277,INE481Y01014,GICRE,EQ,,,,,GENERAL INS CORP OF INDIA,358.95,359.55,356.25,357.2,357.0,358.85,,357.21,,,301498,107798211.8,8188,F1,1,,,,,
2026-08-07,2026-08-07,CM,NSE,STK,2188,INE854S01022,GENCON,EQ,,,,,GENERIC ENG CONS PROJ LTD,39.38,40.1,39.17,39.47,39.99,39.38,,39.47,,,228761,9092410.81,1199,F1,1,,,,,
2026-08-07,2026-08-07,CM,NSE,STK,10905,INE727B01026,GENESYS,EQ,,,,,GENESYS INTL CORPN LTD,231.85,234.85,221.85,227.45,226.0,229.0,,227.45,,,330502,74979125.65,7388,F1,1,,,,,
2026-08-07,2026-08-07,CM,NSE,STK,758842,INE06H201014,GENSOL,BZ,,,,,GENSOL ENGINEERING LTD,17.36,17.71,17.06,17.39,17.34,17.71,,17.39,,,97581,1696830.79,989,F1,1,,,,,
2026-08-07,2026-08-07,CM,NSE,STK,6600,INE949P01018,GENUSPAPER,EQ,,,,,GENUS P&B LIMITED,12.46,12.65,12.16,12.36,12.41,12.56,,12.36,,,47019,581016.69,224,F1,1,,,,,
2026-08-07,2026-08-07,CM,NSE,STK,11905,INE955D01029,GENUSPOWER,EQ,,,,,GENUS POWER INFRASTRU LTD,311.4,313.35,304.0,306.65,307.05,309.45,,306.65,,,1003801,309176878.45,13894,F1,1,,,,,
2026-08-07,2026-08-07,CM,NSE,STK,31942,INE1W0N01014,GENXAI,SM,,,,,GENXAI ANALYTICS LIMITED,78.0,79.0,77.05,77.55,77.5,78.55,,77.55,,,18000,1401720.0,15,F1,1200,,,,,
2026-08-07,2026-08-07,CM,NSE,STK,11896,INE007B01023,GEOJITFSL,EQ,,,,,GEOJIT FINANCIAL SER L,78.49,78.94,76.51,77.02,76.6,78.54,,77.0,,,201133,15562668.16,4206,F1,1,,,,,
2026-08-07,2026-08-07,CM,NSE,STK,1289,INE538A01037,GFLLIMITED,EQ,,,,,GFL LIMITED,50.4,51.94,49.06,50.77,50.29,51.94,,50.78,,,106613,5353131.47,1625,F1,1,,,,,
2026-08-07,2026-08-07,CM,NSE,STK,1127,INE539A01019,GHCL,EQ,,,,,GHCL LIMITED,436.0,440.55,434.25,436.05,435.5,438.0,,436.04,,,80218,35042335.0,2407,F1,1,,,,,
2026-08-07,2026-08-07,CM,NSE,STK,16696,INE0PA801013,GHCLTEXTIL,EQ,,,,,GHCL TEXTILES LIMITED,121.0,122.99,119.3,121.59,121.71,120.0,,121.58,,,1140359,138419864.55,11438,F1,1,,,,,
2026-08-07,2026-08-07,CM,NSE,STK,1139,INE289B01019,GICHSGFIN,EQ,,,,,GIC HOUSING FINANCE LTD,149.78,157.43,148.65,152.88,153.0,149.59,,152.89,,,368707,56810039.19,4481,F1,1,,,,,
2026-08-07,2026-08-07,CM,NSE,STK,17839,INE047B01011,GILLANDERS,EQ,,,,,GILLANDERS ARBUTHNOT LTD,88.13,105.0,88.0,90.69,90.99,88.55,,90.74,,,49016,4634948.25,648,F1,1,,,,,
2026-08-07,2026-08-07,CM,NSE,STK,1576,INE322A01010,GILLETTE,EQ,,,,,GILLETTE INDIA LTD,7694.0,7714.5,7650.5,7683.5,7677.0,7694.0,,7683.24,,,8855,67966739.0,2002,F1,1,,,,,
2026-08-07,2026-08-07,CM,NSE,STK,9294,INE424C01010,GINNIFILA,BE,,,,,GINNIFILAMENTS LTD.,45.0,45.89,44.5,45.57,45.5,44.94,,45.57,,,31950,1441544.85,110,F1,1,,,,,
2026-08-07,2026-08-07,CM,NSE,STK,2365,INE614Z01017,GIRIRAJ,SM,,,,,GIRIRAJ CIVIL DEVP LTD,56.75,58.0,52.5,53.5,54.3,55.25,,53.5,,,31500,1747525.0,85,F1,250,,,,,
2026-08-07,2026-08-07,CM,NSE,STK,759048,INE1AG301022,GKENERGY,EQ,,,,,GK ENERGY LIMITED,129.97,143.16,129.26,136.86,136.81,130.15,,136.86,,,3462023,477744774.49,23836,F1,1,,,,,
2026-08-07,2026-08-07,CM,NSE,STK,17357,INE528A01020,GKWLIMITED,EQ,,,,,GKW LIMITED,1653.0,1655.0,1620.0,1628.7,1630.0,1629.7,,1628.7,,,569,929842.6,35,F1,1,,,,,
2026-08-07,2026-08-07,CM,NSE,STK,1186,INE068V01023,GLAND,EQ,,,,,GLAND PHARMA LIMITED,2601.0,2619.9,2570.0,2601.0,2581.6,2608.3,,2600.95,,,317731,824387694.3,27434,F1,1,,,,,
2026-08-07,2026-08-07,CM,NSE,STK,1153,INE159A01016,GLAXO,EQ,,,,,GLAXOSMITHKLINE PHARMA LT,2570.0,2624.9,2556.5,2599.7,2591.8,2579.5,,2598.96,,,34991,91266429.1,5023,F1,1,,,,,
2026-08-07,2026-08-07,CM,NSE,STK,7406,INE935A01035,GLENMARK,EQ,,,,,GLENMARK PHARMACEUTICALS,2274.9,2289.0,2256.0,2279.1,2279.1,2270.0,,2279.87,,,437610,996490495.9,23257,F1,1,,,,,
2026-08-07,2026-08-07,CM,NSE,STK,1415,INE291W01037,GLOBAL,EQ,,,,,GLOBAL EDUCATION LIMITED,101.45,102.51,100.72,101.84,101.9,100.47,,101.84,,,40141,4080015.59,297,F1,1,,,,,
2026-08-07,2026-08-07,CM,NSE,STK,11956,INE474Q01031,MEDANTA,EQ,,,,,GLOBAL HEALTH LIMITED,1445.5,1483.7,1440.1,1455.6,1462.0,1444.3,,1455.58,,,550910,803928835.2,17753,F1,1,,,,,
2026-08-07,2026-08-07,CM,NSE,STK,14599,INE0JSX01015,GSLSU,EQ,,,,,GLOBAL SURFACES LIMITED,29.9,29.9,27.75,28.04,28.49,29.21,,28.05,,,20457,582529.98,610,F1,1,,,,,
2026-08-07,2026-08-07,CM,NSE,STK,13735,INE792H01019,GLOBALVECT,EQ,,,,,GLOBAL VEC HELICORP LTD,164.7,165.99,157.0,159.02,160.2,163.79,,159.08,,,10544,1700636.16,617,F1,1,,,,,
2026-08-07,2026-08-07,CM,NSE,STK,24934,INE0URU01010,GLOBALE,BE,,,,,GLOBALE TESSILE LIMITED,10.79,10.89,10.5,10.53,10.5,10.8,,10.53,,,315,3347.71,11,F1,1,,,,,
2026-08-07,2026-08-07,CM,NSE,STK,758572,INE0V3U01015,GLOBECIVIL,EQ,,,,,GLOBE CIVIL PROJECTS LTD,39.1,40.44,39.1,39.81,39.85,39.73,,39.85,,,14950,596858.72,159,F1,1,,,,,
2026-08-07,2026-08-07,CM,NSE,STK,393,INE581X01021,GLOBE,EQ,,,,,GLOBE ENTERPRISE (I) LTD,2.01,2.06,1.99,2.0,2.02,2.03,,2.0,,,598870,1207514.12,340,F1,1,,,,,
2026-08-07,2026-08-07,CM,NSE,STK,761025,INE947T01022,GICL,EQ,,,,,GLOBE INTL CARRIERS LTD,19.73,19.99,19.0,19.91,19.79,19.59,,19.91,,,313420,6195999.25,449,F1,1,,,,,
2026-08-07,2026-08-07,CM,NSE,STK,17424,INE615I01010,GLOBUSSPR,EQ,,,,,GLOBUS SPIRITS LTD,914.75,934.85,904.0,906.3,905.0,903.75,,906.29,,,130325,119740143.55,6764,F1,1,,,,,
2026-08-07,2026-08-07,CM,NSE,STK,23590,INE350Z01018,GLOSTERLTD,EQ,,,,,GLOSTER LIMITED,683.25,710.0,683.05,697.45,702.0,679.55,,697.46,,,8330,5843171.75,626,F1,1,,,,,
2026-08-07,2026-08-07,CM,NSE,STK,760118,INE0TQE01026,GLOTTIS,BE,,,,,GLOTTIS LIMITED,67.96,70.25,67.0,69.06,69.5,67.51,,68.98,,,95994,6665493.43,570,F1,1,,,,,
2026-08-07,2026-08-07,CM,NSE,STK,1570,INE541A01023,GMMPFAUDLR,EQ,,,,,GMM PFAUDLER LIMITED,980.0,1002.0,944.4,987.3,997.0,979.85,,987.42,,,845593,824169308.0,29817,F1,1,,,,,
2026-08-07,2026-08-07,CM,NSE,STK,13528,INE776C01039,GMRAIRPORT,EQ,,,,,GMR AIRPORTS LIMITED,106.5,107.42,105.7,107.2,107.2,106.59,,107.34,,,7114277,760168024.84,33138,F1,1,,,,,
2026-08-07,2026-08-07,CM,NSE,STK,8529,INE0CU601026,GMRP&UI,EQ,,,,,GMR POW AND URBAN INFRA L,97.83,98.4,96.51,97.49,97.98,97.83,,97.47,,,546621,53237469.52,5390,F1,1,,,,,
2026-08-07,2026-08-07,CM,NSE,STK,18571,INE934S01014,GNA,EQ,,,,,GNA AXLES LIMITED,529.0,544.4,518.05,527.2,525.5,530.25,,527.23,,,480323,254006854.25,13952,F1,1,,,,,
2026-08-07,2026-08-07,CM,NSE,STK,757862,INE18JU01028,EBGNG,EQ,,,,,GNG ELECTRONICS LIMITED,523.0,530.0,510.4,525.65,525.0,523.9,,525.66,,,413130,215827236.65,14822,F1,1,,,,,
2026-08-07,2026-08-07,CM,NSE,STK,23799,INE03JT01014,GODIGIT,EQ,,,,,GO DIGIT GENERAL INS LTD,270.1,273.75,266.35,272.25,272.0,270.1,,272.18,,,355396,96074502.5,11416,F1,1,,,,,
2026-08-07,2026-08-07,CM,NSE,STK,6964,INE0BJS01011,GOCOLORS,EQ,,,,,GO FASHION INDIA LTD,327.95,331.0,320.15,322.05,322.0,327.95,,322.03,,,160380,52071451.8,3363,F1,1,,,,,
2026-08-07,2026-08-07,CM,NSE,STK,14687,INE426D01013,GOACARBON,EQ,,,,,GOA CARBON LIMITED,380.0,388.0,375.0,383.5,381.3,380.0,,383.42,,,12763,4863171.9,717,F1,1,,,,,
2026-08-07,2026-08-07,CM,NSE,STK,3963,INE077F01035,GOCLCORP,EQ,,,,,GOCL CORPORATION LIMITED,410.0,449.65,410.0,438.25,435.0,410.55,,438.44,,,1950654,856647907.3,45251,F1,1,,,,,
2026-08-07,2026-08-07,CM,NSE,STK,25941,INE497S01012,GODAVARIB,EQ,,,,,GODAVARI BIOREFINERIES L,252.05,257.75,246.0,246.95,246.0,255.35,,246.98,,,122698,30721696.25,2818,F1,1,,,,,
2026-08-07,2026-08-07,CM,NSE,STK,13409,INE177H01039,GPIL,EQ,,,,,GODAWARI POW & ISP LTD,243.0,244.51,236.0,240.61,241.15,244.76,,240.62,,,1747484,419640270.03,24285,F1,1,,,,,
2026-08-07,2026-08-07,CM,NSE,STK,1181,INE260B01028,GODFRYPHLP,EQ,,,,,GODFREY PHILLIPS INDIA LT,2293.0,2307.0,2271.0,2286.0,2286.0,2290.0,,2285.9,,,232091,530731903.2,17397,F1,1,,,,,
2026-08-07,2026-08-07,CM,NSE,STK,144,INE850D01014,GODREJAGRO,EQ,,,,,GODREJ AGROVET LIMITED,548.25,548.8,541.4,542.85,542.5,545.55,,542.84,,,101213,55059722.7,6668,F1,1,,,,,
2026-08-07,2026-08-07,CM,NSE,STK,10099,INE102D01028,GODREJCP,EQ,,,,,GODREJ CONSUMER PRODUCTS,1077.0,1087.2,1032.3,1050.0,1050.0,1077.3,,1050.0,,,2659684,2804805946.1,77246,F1,1,,,,,
2026-08-07,2026-08-07,CM,NSE,STK,10925,INE233A01035,GODREJIND,EQ,,,,,GODREJ INDUSTRIES LTD,1300.2,1327.4,1291.0,1311.5,1306.2,1304.8,,1311.4,,,48600,63719867.2,6056,F1,1,,,,,
2026-08-07,2026-08-07,CM,NSE,STK,17875,INE484J01027,GODREJPROP,EQ,,,,,GODREJ PROPERTIES LTD,2081.0,2108.6,2062.3,2070.0,2070.0,2081.9,,2070.0,,,486095,1011939597.6,20972,F1,1,,,,,
2026-08-07,2026-08-07,CM,NSE,STK,27405,IN0020240167,664GS2027,GS,,,,,GOI LOAN   6.64% 2027,100.0,100.0,100.0,100.0,100.0,100.63,,100.0,,,100,10000.0,2,F1,1,,,,,
2026-08-07,2026-08-07,CM,NSE,STK,28530,IN0020240183,675GS2029,GS,,,,,GOI LOAN   6.75% 2029,101.47,101.47,101.47,101.47,101.47,100.0,,101.47,,,350,35514.5,1,F1,1,,,,,
2026-08-07,2026-08-07,CM,NSE,STK,24705,IN0020240100,697GR2034,GS,,,,,GOI LOAN   6.97% 2034,101.25,101.25,101.25,101.25,101.25,102.5,,101.25,,,2000,202500.0,2,F1,1,,,,,
2026-08-07,2026-08-07,CM,NSE,STK,27170,IN0020240142,709GS2074,GS,,,,,GOI LOAN   7.09% 2074,95.48,95.49,95.17,95.48,95.48,95.46,,95.48,,,42948,4100644.97,74,F1,1,,,,,
2026-08-07,2026-08-07,CM,NSE,STK,6695,IN0020210186,574GS2026,GS,,,,,GOI LOAN  5.74% 2026,100.57,101.45,100.57,101.45,101.45,100.99,,101.0,,,2,202.02,2,F1,1,,,,,
2026-08-07,2026-08-07,CM,NSE,STK,757983,IN0020250067,601GS2030,GS,,,,,GOI LOAN  6.01% 2030,101.8,101.8,101.8,101.8,101.8,101.87,,101.8,,,1,101.8,1,F1,1,,,,,
2026-08-07,2026-08-07,CM,NSE,STK,760622,IN0020250125,603GS2029,GS,,,,,GOI LOAN  6.03% 2029,100.36,100.36,100.36,100.36,100.36,100.36,,100.36,,,100,10036.0,3,F1,1,,,,,
2026-08-07,2026-08-07,CM,NSE,STK,5012,IN0020210095,610GS2031,GS,,,,,GOI LOAN  6.10% 2031,103.25,103.25,103.25,103.25,103.25,105.5,,103.25,,,1,103.25,1,F1,1,,,,,
2026-08-07,2026-08-07,CM,NSE,STK,759396,IN0020250091,648GS2035,GS,,,,,GOI LOAN  6.48% 2035,101.2,101.2,101.0,101.15,101.15,101.2,,101.15,,,2011,203118.15,4,F1,1,,,,,
2026-08-07,2026-08-07,CM,NSE,STK,7843,IN0020210244,654GS2032,GS,,,,,GOI LOAN  6.54% 2032,101.0,101.0,101.0,101.0,101.0,101.0,,101.0,,,3000,303000.0,1,F1,1,,,,,
2026-08-07,2026-08-07,CM,NSE,STK,5577,IN0020210152,667GS2035,GS,,,,,GOI LOAN  6.67% 2035,103.49,103.5,100.1,103.49,103.5,99.51,,103.49,,,2004,200613.98,5,F1,1,,,,,
2026-08-07,2026-08-07,CM,NSE,STK,956,IN0020200252,667GS2050,GS,,,,,GOI LOAN  6.67% 2050,93.69,93.69,92.8,92.8,92.8,92.5,,92.8,,,2001,185693.69,6,F1,1,,,,,
2026-08-07,2026-08-07,CM,NSE,STK,760623,IN0020250133,668GS2033,GS,,,,,GOI LOAN  6.68% 2033,99.0,99.0,98.7,98.85,98.7,98.7,,98.85,,,195,19276.5,2,F1,1,,,,,
2026-08-07,2026-08-07,CM,NSE,STK,757847,IN0020250042,668GS2040,GS,,,,,GOI LOAN  6.68% 2040,97.8,98.48,97.8,98.38,98.38,98.19,,98.38,,,44212,4347201.56,14,F1,1,,,,,
2026-08-07,2026-08-07,CM,NSE,STK,2317,IN0020200401,676GS2061,GS,,,,,GOI LOAN  6.76% 2061,90.38,93.7,90.38,93.37,93.38,92.7,,93.37,,,22693,2116003.86,20,F1,1,,,,,
2026-08-07,2026-08-07,CM,NSE,STK,22438,IN0020200187,68GS2060,GS,,,,,GOI LOAN  6.8% 2060,93.7,93.7,93.5,93.55,93.55,93.4,,93.55,,,1750,163716.5,15,F1,1,,,,,
2026-08-07,2026-08-07,CM,NSE,STK,756014,IN0020250018,690GS2065,GS,,,,,GOI LOAN  6.90% 2065,93.6,94.15,93.5,93.95,93.99,93.8,,93.96,,,58262,5457610.37,39,F1,1,,,,,
2026-08-07,2026-08-07,CM,NSE,STK,763340,IN0020260025,694GS2036,GS,,,,,GOI LOAN  6.94% 2036,102.5,102.5,102.5,102.5,102.5,101.5,,102.5,,,300,30750.0,1,F1,1,,,,,
2026-08-07,2026-08-07,CM,NSE,STK,6817,IN0020210202,695GS2061,GS,,,,,GOI LOAN  6.95% 2061,94.0,94.0,92.7,94.0,94.0,93.2,,94.0,,,3,280.7,3,F1,1,,,,,
2026-08-07,2026-08-07,CM,NSE,STK,6696,IN0020210194,699GS2051,GS,,,,,GOI LOAN  6.99% 2051,97.45,97.45,97.45,97.45,97.45,97.92,,97.45,,,6,584.7,1,F1,1,,,,,
2026-08-07,2026-08-07,CM,NSE,STK,23854,IN0020240043,702GS2027,GS,,,,,GOI LOAN  7.02% 2027,101.01,101.01,101.01,101.01,101.01,101.01,,101.01,,,100,10101.0,1,F1,1,,,,,
2026-08-07,2026-08-07,CM,NSE,STK,14970,IN0020230010,706GS2028,GS,,,,,GOI LOAN  7.06% 2028,103.2,103.2,103.05,103.05,103.05,103.0,,103.05,,,51741,5339372.55,11,F1,1,,,,,
2026-08-07,2026-08-07,CM,NSE,STK,764295,IN0020260041,706GS2041,GS,,,,,GOI LOAN  7.06% 2041,101.75,101.75,101.75,101.75,101.75,100.0,,101.75,,,520,52910.0,1,F1,1,,,,,
2026-08-07,2026-08-07,CM,NSE,STK,24949,IN0020240118,709GS2054,GS,,,,,GOI LOAN  7.09% 2054,97.0,97.0,96.0,96.5,96.5,96.99,,96.5,,,27179,2622702.25,37,F1,1,,,,,
2026-08-07,2026-08-07,CM,NSE,STK,18025,IN0020230085,718GS2033,GS,,,,,GOI LOAN  7.18% 2033,106.3,106.3,106.3,106.3,106.3,106.3,,106.3,,,1000,106300.0,1,F1,1,,,,,
2026-08-07,2026-08-07,CM,NSE,STK,17398,IN0020230077,718GS2037,GS,,,,,GOI LOAN  7.18% 2037,103.22,103.22,102.36,102.52,102.51,102.2,,102.52,,,19792,2029562.85,9,F1,1,,,,,
2026-08-07,2026-08-07,CM,NSE,STK,23518,IN0020240027,723GS2039,GS,,,,,GOI LOAN  7.23% 2039,104.6,104.6,104.6,104.6,104.6,104.5,,104.6,,,2000,209200.0,2,F1,1,,,,,
2026-08-07,2026-08-07,CM,NSE,STK,758674,IN0020250075,724GS2055,GS,,,,,GOI LOAN  7.24% 2055,101.24,101.45,101.2,101.35,101.25,101.24,,101.35,,,51725,5237909.05,19,F1,1,,,,,
2026-08-07,2026-08-07,CM,NSE,STK,16733,IN0020230044,725GS2063,GS,,,,,GOI LOAN  7.25% 2063,97.7,97.7,97.35,97.42,97.35,97.59,,97.42,,,1797173,175267304.58,880,F1,1,,,,,
2026-08-07,2026-08-07,CM,NSE,STK,10722,IN0020220060,726GS2032,GS,,,,,GOI LOAN  7.26% 2032,106.3,106.5,106.2,106.2,106.5,107.09,,106.2,,,9073,964142.6,7,F1,1,,,,,
2026-08-07,2026-08-07,CM,NSE,STK,14051,IN0020220151,726GS2033,GS,,,,,GOI LOAN  7.26% 2033,102.5,103.09,102.2,102.99,103.0,105.9,,102.99,,,184172,18927371.06,23,F1,1,,,,,
2026-08-07,2026-08-07,CM,NSE,STK,16865,IN0020230051,73GS2053,GS,,,,,GOI LOAN  7.3% 2053,99.58,99.58,99.45,99.46,99.48,99.5,,99.46,,,17686,1759557.18,8,F1,1,,,,,
2026-08-07,2026-08-07,CM,NSE,STK,19685,IN0020230119,733GS2026,GS,,,,,GOI LOAN  7.33% 2026,102.1,102.2,102.1,102.2,102.2,101.5,,102.2,,,980,100131.0,3,F1,1,,,,,
2026-08-07,2026-08-07,CM,NSE,STK,23558,IN0020240035,734GS2064,GS,,,,,GOI LOAN  7.34% 2064,99.3,99.49,99.2,99.4,99.4,99.15,,99.4,,,148792,14784230.22,53,F1,1,,,,,
2026-08-07,2026-08-07,CM,NSE,STK,19566,IN0020230101,737GS2028,GS,,,,,GOI LOAN  7.37% 2028,104.75,108.0,103.75,104.6,104.6,103.7,,104.6,,,10650,1136257.6,19,F1,1,,,,,
2026-08-07,2026-08-07,CM,NSE,STK,10981,IN0020220094,74GS2062,GS,,,,,GOI LOAN  7.4% 2062,100.5,101.95,100.5,101.25,101.25,101.74,,101.25,,,4951,501286.95,14,F1,1,,,,,
2026-08-07,2026-08-07,CM,NSE,STK,13194,IN0020220102,741GS2036,GS,,,,,GOI LOAN  7.41% 2036,104.8,105.55,104.8,105.5,105.5,104.65,,105.6,,,2800,294699.4,10,F1,1,,,,,
2026-08-07,2026-08-07,CM,NSE,STK,760649,IN0020250117,743GS2076,GS,,,,,GOI LOAN  7.43% 2076,99.5,100.45,99.5,99.5,99.5,100.0,,99.5,,,112094,11155693.11,120,F1,1,,,,,
2026-08-07,2026-08-07,CM,NSE,STK,19808,IN0020230127,746GS2073,GS,,,,,GOI LOAN  7.46% 2073,100.1,100.95,100.1,100.95,100.95,100.95,,100.73,,,3667,367163.65,9,F1,1,,,,,
2026-08-07,2026-08-07,CM,NSE,STK,763146,IN0020260017,750GS2056,GS,,,,,GOI LOAN  7.50% 2056,103.0,103.0,100.1,100.1,100.1,100.61,,100.1,,,120,12281.0,3,F1,1,,,,,
2026-08-07,2026-08-07,CM,NSE,STK,9585,IN0020220029,754GS2036,GS,,,,,GOI LOAN  7.54% 2036,106.5,106.67,106.43,106.64,106.65,106.5,,106.64,,,562227,59915013.31,211,F1,1,,,,,
2026-08-07,2026-08-07,CM,NSE,STK,763489,IN0020260033,771GS2066,GS,,,,,GOI LOAN  7.71% 2066,104.75,104.75,104.0,104.5,104.5,104.49,,104.5,,,2967,308802.0,4,F1,1,,,,,
2026-08-07,2026-08-07,CM,NSE,STK,6833,IN0020010081,1018GS2026,GS,,,,,GOI LOAN 10.18% 2026,104.53,104.53,104.53,104.53,104.53,104.01,,104.49,,,2,209.06,2,F1,1,,,,,
2026-08-07,2026-08-07,CM,NSE,STK,7193,IN0020160092,662GS2051,GS,,,,,GOI LOAN 6.62% 2051,90.46,92.77,90.46,92.77,92.77,90.7,,92.77,,,6753,611975.81,4,F1,1,,,,,
2026-08-07,2026-08-07,CM,NSE,STK,7184,IN0020160068,706GS2046,GS,,,,,GOI LOAN 7.06% 2046,103.0,103.0,103.0,103.0,103.0,107.0,,103.0,,,2,206.0,2,F1,1,,,,,
2026-08-07,2026-08-07,CM,NSE,STK,18561,IN0020200054,716GS2050,GS,,,,,GOI LOAN 7.16% 2050,102.25,102.25,102.25,102.25,102.25,100.01,,102.25,,,4070,416157.5,11,F1,1,,,,,
2026-08-07,2026-08-07,CM,NSE,STK,18474,IN0020200039,719GS2060,GS,,,,,GOI LOAN 7.19% 2060,101.9,101.9,101.9,101.9,101.9,101.9,,101.9,,,29,2955.1,1,F1,1,,,,,
2026-08-07,2026-08-07,CM,NSE,STK,9913,IN0020220037,738GS2027,GS,,,,,GOI LOAN 7.38% 2027,102.2,102.25,102.2,102.22,102.22,102.15,,102.16,,,73861,7550138.6,20,F1,1,,,,,
2026-08-07,2026-08-07,CM,NSE,STK,6884,IN0020060078,824GS2027,GS,,,,,GOI LOAN 8.24%2027,105.3,105.3,104.21,104.21,104.21,105.1,,103.91,,,1238,130350.5,2,F1,1,,,,,
2026-08-07,2026-08-07,CM,NSE,STK,6885,IN0020060086,828GS2032,GS,,,,,GOI LOAN 8.28%2032,111.6,111.6,109.8,110.0,110.0,109.94,,128.5,,,8101,890651.6,11,F1,1,,,,,
2026-08-07,2026-08-07,CM,NSE,STK,7034,IN0020120062,83GS2042,GS,,,,,GOI LOAN 8.30% 2042,105.1,105.1,105.1,105.1,105.1,105.1,,105.1,,,200,21020.0,1,F1,1,,,,,
2026-08-07,2026-08-07,CM,NSE,STK,7011,IN0020110055,897GS2030,GS,,,,,GOI LOAN 8.97% 2030,111.0,112.0,111.0,111.62,112.0,111.0,,111.15,,,480,53580.0,6,F1,1,,,,,
2026-08-07,2026-08-07,CM,NSE,STK,7039,IN0020130053,92GS2030,GS,,,,,GOI LOAN 9.20% 2030,114.0,114.0,112.8,113.84,113.85,114.0,,113.84,,,9559,1083930.36,21,F1,1,,,,,
2026-08-07,2026-08-07,CM,NSE,STK,762430,IN002026Y022,182D151026,TB,,,,,GOI TBILL 182D-15/10/26,98.5,98.5,98.5,98.5,98.5,98.93,,98.5,,,500,49250.0,1,F1,100,,,,,
2026-08-07,2026-08-07,CM,NSE,STK,763078,IN002026Y030,182D221026,TB,,,,,GOI TBILL 182D-22/10/26,98.2,98.2,98.2,98.2,98.2,98.2,,98.2,,,900,88380.0,1,F1,100,,,,,
2026-08-07,2026-08-07,CM,NSE,STK,764047,IN002026X149,91D081026,TB,,,,,GOI TBILL 91D-08/10/26,98.98,98.98,98.98,98.98,98.98,98.95,,98.98,,,100,9898.0,1,F1,100,,,,,
2026-08-07,2026-08-07,CM,NSE,STK,764252,IN002026X164,91D221026,TB,,,,,GOI TBILL 91D-22/10/26,98.45,98.45,98.45,98.45,98.45,98.69,,98.45,,,200,19690.0,1,F1,100,,,,,
2026-08-07,2026-08-07,CM,NSE,STK,764328,IN002026X172,91D291026,TB,,,,,GOI TBILL 91D-29/10/26,102.9,102.9,102.9,102.9,102.9,103.63,,102.9,,,100,10290.0,1,F1,100,,,,,
2026-08-07,2026-08-07,CM,NSE,STK,11778,INE887G01027,GOKEX,EQ,,,,,GOKALDAS EXPORTS LTD.,799.0,816.15,795.0,805.5,800.0,796.7,,805.5,,,175528,141810886.55,8228,F1,1,,,,,
2026-08-07,2026-08-07,CM,NSE,STK,14480,INE314T01033,GOKULAGRO,EQ,,,,,GOKUL AGRO RESOURCES LTD,224.0,232.09,223.54,228.8,229.01,224.53,,228.76,,,343324,78584465.89,6670,F1,1,,,,,
2026-08-07,2026-08-07,CM,NSE,STK,16705,INE020J01029,GOKUL,EQ,,,,,GOKUL REFOILS & SOLV LTD,40.46,40.59,39.52,39.68,39.87,40.04,,39.71,,,141552,5709470.34,709,F1,1,,,,,
2026-08-07,2026-08-07,CM,NSE,STK,11619,INE973A01010,GOLDENTOBC,BZ,,,,,GOLDEN TOBACCO LIMITED,24.01,25.21,24.01,24.59,25.04,24.01,,24.85,,,2509,62439.79,30,F1,1,,,,,
2026-08-07,2026-08-07,CM,NSE,STK,11971,INE025B01025,GOLDIAM,EQ,,,,,GOLDIAM INTERNATIONAL LTD,379.9,398.0,359.65,372.9,373.6,376.15,,372.89,,,7430942,2848921873.1,128720,F1,1,,,,,
2026-08-07,2026-08-07,CM,NSE,STK,1,INE405Y01021,GOLDSTAR,SM,,,,,GOLDSTAR POWER LIMITED,6.8,6.8,6.8,6.8,6.8,6.8,,6.8,,,22500,153000.0,2,F1,11250,,,,,
2026-08-07,2026-08-07,CM,NSE,STK,6125,INE127I01024,GOODLUCK,EQ,,,,,GOODLUCK INDIA LIMITED,1551.0,1595.0,1495.0,1508.8,1508.0,1534.1,,1508.81,,,517632,801869653.8,42227,F1,1,,,,,
2026-08-07,2026-08-07,CM,NSE,STK,1205,INE533A01012,GOODYEAR,EQ,,,,,GOODYEAR INDIA LIMITED,800.0,814.0,800.0,802.9,801.0,814.95,,802.94,,,11852,9507672.35,713,F1,1,,,,,
2026-08-07,2026-08-07,CM,NSE,STK,23066,INE0L9R01028,GOPAL,EQ,,,,,GOPAL SNACKS LIMITED,273.9,281.5,273.9,277.9,277.0,273.9,,277.91,,,394866,109930963.55,9890,F1,1,,,,,
2026-08-07,2026-08-07,CM,NSE,STK,11787,INE705X01026,GOYALALUM,EQ,,,,,GOYAL ALUMINIUMS LIMITED,6.49,6.58,6.4,6.43,6.44,6.49,,6.43,,,54572,352863.75,322,F1,1,,,,,
2026-08-07,2026-08-07,CM,NSE,STK,19356,INE0QFE01017,GOYALSALT,SM,,,,,GOYAL SALT LIMITED,113.1,113.1,112.0,112.0,112.0,114.25,,112.0,,,3000,337920.0,5,F1,600,,,,,
2026-08-07,2026-08-07,CM,NSE,STK,24113,INE0S7E01015,GPECO,ST,,,,,GP ECO SOLUTIONS INDIA L,406.0,413.1,398.9,402.35,398.9,413.4,,402.35,,,20000,8091130.0,55,F1,200,,,,,
2026-08-07,2026-08-07,CM,NSE,STK,11584,INE586G01017,GULFPETRO,BE,,,,,GP PETROLEUMS LIMITED,56.0,57.25,54.0,56.73,57.2,54.68,,56.69,,,311905,17500559.54,1000,F1,1,,,,,
2026-08-07,2026-08-07,CM,NSE,STK,22846,INE486R01017,GPTHEALTH,EQ,,,,,GPT HEALTHCARE LIMITED,165.7,165.7,157.47,159.44,159.95,165.03,,159.34,,,179779,29003556.04,2525,F1,1,,,,,
2026-08-07,2026-08-07,CM,NSE,STK,17685,INE390G01014,GPTINFRA,EQ,,,,,GPT INFRAPROJECTS LTD,117.62,117.99,115.3,115.79,116.0,117.99,,115.78,,,64231,7468509.24,1337,F1,1,,,,,
2026-08-07,2026-08-07,CM,NSE,STK,763301,INE361K01017,GRADIENTE,BE,,,,,GRADIENTE INFOTAINMENT L,2.7,2.7,2.55,2.59,2.6,2.68,,2.59,,,715352,1876489.28,214,F1,1,,,,,
2026-08-07,2026-08-07,CM,NSE,STK,30289,INE12E301017,GCHOTELS,ST,,,,,GRAND CONTINENT HOTELS L,104.55,108.95,101.0,108.95,108.95,105.0,,108.95,,,60600,6284940.0,77,F1,600,,,,,
2026-08-07,2026-08-07,CM,NSE,STK,762695,INE926B01016,GRANDOAK,EQ,,,,,GRAND OAK CANYONS DIST L,43.78,43.78,41.05,41.1,41.13,41.75,,41.1,,,7116,297798.35,103,F1,1,,,,,
2026-08-07,2026-08-07,CM,NSE,STK,11872,INE101D01020,GRANULES,EQ,,,,,GRANULES INDIA LIMITED,840.1,883.0,839.4,873.85,871.0,838.65,,873.83,,,1146571,994533043.25,31530,F1,1,,,,,
2026-08-07,2026-08-07,CM,NSE,STK,20454,INE0POU01017,GRAPHISAD,SM,,,,,GRAPHISADS LIMITED,28.5,28.5,28.5,28.5,28.5,28.75,,28.5,,,1200,34200.0,1,F1,1200,,,,,
2026-08-07,2026-08-07,CM,NSE,STK,592,INE371A01025,GRAPHITE,EQ,,,,,GRAPHITE INDIA LTD,721.9,729.5,707.4,709.95,710.0,722.05,,709.95,,,583486,418224484.65,17008,F1,1,,,,,
2026-08-07,2026-08-07,CM,NSE,STK,1232,INE047A01021,GRASIM,EQ,,,,,GRASIM INDUSTRIES LTD,3220.0,3349.6,3183.0,3323.0,3323.0,3220.0,,3323.05,,,1071215,3511555037.3,53731,F1,1,,,,,
2026-08-07,2026-08-07,CM,NSE,STK,5200,INE266D01021,GRAUWEIL,EQ,,,,,GRAUER & WEIL IND LTD,69.2,70.39,69.2,69.97,70.2,69.24,,69.96,,,172581,12066407.93,1843,F1,1,,,,,
2026-08-07,2026-08-07,CM,NSE,STK,762700,INE214F01026,GRAVISSHO,EQ,,,,,GRAVISS HOSPITALITY LTD.,29.26,31.2,29.26,31.08,30.0,29.26,,31.08,,,1839,56877.75,32,F1,1,,,,,
2026-08-07,2026-08-07,CM,NSE,STK,20534,INE024L01027,GRAVITA,EQ,,,,,GRAVITA INDIA LIMITED,1710.0,1739.5,1706.0,1732.1,1732.0,1719.1,,1732.07,,,127988,220791514.5,13432,F1,1,,,,,
2026-08-07,2026-08-07,CM,NSE,STK,1235,INE224A01026,GREAVESCOT,EQ,,,,,GREAVES COTTON LTD.,202.0,203.3,197.57,198.85,199.4,201.55,,198.84,,,1191734,238226843.77,15372,F1,1,,,,,
2026-08-07,2026-08-07,CM,NSE,STK,6848,INE544R01021,GREENLAM,EQ,,,,,GREENLAM INDUSTRIES LTD.,272.25,277.35,265.5,273.7,274.0,273.15,,273.69,,,175082,47644624.2,4002,F1,1,,,,,
2026-08-07,2026-08-07,CM,NSE,STK,759427,INE0PLX01017,GREENLEAF,ST,,,,,GREENLEAF ENVIROTECH LTD,109.0,116.95,109.0,113.0,113.0,112.35,,113.0,,,14000,1594400.0,10,F1,1000,,,,,
2026-08-07,2026-08-07,CM,NSE,STK,13810,INE08ZM01014,GREENPANEL,EQ,,,,,GREENPANEL INDUSTRIES LTD,203.2,203.2,190.0,192.25,192.9,202.27,,192.31,,,206889,40367169.67,8484,F1,1,,,,,
2026-08-07,2026-08-07,CM,NSE,STK,3987,INE461C01038,GREENPLY,EQ,,,,,GREENPLY INDUSTRIES LTD,286.85,290.95,284.0,286.35,284.0,286.85,,286.27,,,58298,16755102.4,3038,F1,1,,,,,
2026-08-07,2026-08-07,CM,NSE,STK,758986,INE199P01028,GCSL,EQ,,,,,GRETEX CORPORATE SERVICES,527.9,527.9,516.9,523.95,521.4,529.65,,523.95,,,363706,190525490.2,4583,F1,1,,,,,
2026-08-07,2026-08-07,CM,NSE,STK,13560,INE536A01023,GRINDWELL,EQ,,,,,GRINDWELL NORTON LIMITED,2114.0,2152.1,2091.1,2133.8,2115.0,2107.6,,2133.69,,,44725,95352483.4,10312,F1,1,,,,,
2026-08-07,2026-08-07,CM,NSE,STK,10871,INE192H01020,GRMOVER,EQ,,,,,GRM OVERSEAS LIMITED,90.79,91.2,89.1,90.33,89.8,90.09,,90.33,,,1015546,91787180.43,3676,F1,1,,,,,
2026-08-07,2026-08-07,CM,NSE,STK,760971,INE1TY801010,GJL,ST,,,,,GROVER JEWELLS LIMITED,188.0,188.0,188.0,188.0,188.0,180.0,,188.0,,,1600,300800.0,1,F1,800,,,,,
2026-08-07,2026-08-07,CM,NSE,STK,764285,INF666M01PH7,CEMNTGROWW,EQ,,,,,GROWWAMC - CEMNTGROWW,15.73,15.73,15.35,15.5,15.59,15.51,,15.5,,,90996,1402460.45,456,F1,1,,,,,
2026-08-07,2026-08-07,CM,NSE,STK,760051,INF666M01MM4,GROWWCAPM,EQ,,,,,GROWWAMC - GROWWCAPM,11.04,11.19,10.93,10.97,11.04,11.04,,10.97,,,653289,7183519.49,1410,F1,1,,,,,
2026-08-07,2026-08-07,CM,NSE,STK,760673,INF666M01NP5,GROWWCHEM,EQ,,,,,GROWWAMC - GROWWCHEM,31.74,31.74,30.6,30.75,30.6,30.97,,30.75,,,81918,2521668.01,351,F1,1,,,,,
2026-08-07,2026-08-07,CM,NSE,STK,25758,INF666M01IO8,GROWWDEFNC,EQ,,,,,GROWWAMC - GROWWDEFNC,97.63,97.67,95.7,97.22,97.43,96.73,,97.22,,,234655,22713193.26,2659,F1,1,,,,,
2026-08-07,2026-08-07,CM,NSE,STK,24798,INF666M01IH2,GROWWEV,EQ,,,,,GROWWAMC - GROWWEV,33.6,34.22,33.37,34.05,33.92,33.6,,34.05,,,600071,20357043.65,2450,F1,1,,,,,
2026-08-07,2026-08-07,CM,NSE,STK,25872,INF666M01OE7,GROWWGOLD,EQ,,,,,GROWWAMC - GROWWGOLD,14.46,14.6,14.41,14.57,14.59,14.46,,14.57,,,1511915,21928747.77,2976,F1,1,,,,,
2026-08-07,2026-08-07,CM,NSE,STK,760874,INF666M01OD9,GROWWHOSPI,EQ,,,,,GROWWAMC - GROWWHOSPI,53.99,55.0,53.78,54.57,55.0,53.99,,54.55,,,612380,33212665.14,1728,F1,1,,,,,
2026-08-07,2026-08-07,CM,NSE,STK,25447,INF666M01IP5,GROWWLIQID,EQ,,,,,GROWWAMC - GROWWLIQID,110.27,110.27,110.26,110.26,110.27,110.22,,110.26,,,171937,18959055.02,220,F1,1,,,,,
2026-08-07,2026-08-07,CM,NSE,STK,758300,INF666M01LB9,GROWWLOVOL,EQ,,,,,GROWWAMC - GROWWLOVOL,10.9,10.9,10.62,10.71,10.63,10.64,,10.71,,,12721,136042.48,128,F1,1,,,,,
2026-08-07,2026-08-07,CM,NSE,STK,759719,INF666M01MV5,GROWWMC150,EQ,,,,,GROWWAMC - GROWWMC150,232.9,237.95,229.01,229.9,237.95,232.9,,229.9,,,537,125447.49,31,F1,1,,,,,
2026-08-07,2026-08-07,CM,NSE,STK,760438,INF666M01NI0,GROWWMETAL,EQ,,,,,GROWWAMC - GROWWMETAL,12.9,12.9,12.42,12.5,12.48,12.59,,12.5,,,422914,5296409.61,1447,F1,1,,,,,
2026-08-07,2026-08-07,CM,NSE,STK,756086,INF666M01KJ4,GROWWMOM50,EQ,,,,,GROWWAMC - GROWWMOM50,11.19,11.19,10.63,10.85,10.85,10.85,,10.85,,,122670,1334160.4,428,F1,1,,,,,
2026-08-07,2026-08-07,CM,NSE,STK,29872,INF666M01JV1,GROWWN200,EQ,,,,,GROWWAMC - GROWWN200,11.51,11.8,11.5,11.57,11.5,11.54,,11.57,,,84542,978311.72,245,F1,1,,,,,
2026-08-07,2026-08-07,CM,NSE,STK,757814,INF666M01LI4,GROWWNET,EQ,,,,,GROWWAMC - GROWWNET,10.45,10.45,10.13,10.28,10.3,10.32,,10.28,,,388086,3988312.95,1211,F1,1,,,,,
2026-08-07,2026-08-07,CM,NSE,STK,758697,INF666M01LL8,GROWWNIFTY,EQ,,,,,GROWWAMC - GROWWNIFTY,10.22,10.22,9.9,9.92,9.93,9.98,,9.92,,,625713,6224448.24,5411,F1,1,,,,,
2026-08-07,2026-08-07,CM,NSE,STK,759458,INF666M01LZ8,GROWWNXT50,EQ,,,,,GROWWAMC - GROWWNXT50,75.88,75.88,74.7,74.9,74.7,75.18,,74.9,,,5009,375800.65,125,F1,1,,,,,
2026-08-07,2026-08-07,CM,NSE,STK,758165,INF666M01LM6,GROWWPOWER,EQ,,,,,GROWWAMC - GROWWPOWER,11.48,11.6,11.47,11.54,11.59,11.47,,11.54,,,1363636,15749582.97,2236,F1,1,,,,,
2026-08-07,2026-08-07,CM,NSE,STK,760976,INF666M01NQ3,GROWWPSE,EQ,,,,,GROWWAMC - GROWWPSE,98.04,101.08,98.04,99.69,99.9,100.04,,99.69,,,3292,328012.3,40,F1,1,,,,,
2026-08-07,2026-08-07,CM,NSE,STK,761514,INF666M01OG2,GROWWPSUBK,EQ,,,,,GROWWAMC - GROWWPSUBK,87.01,88.89,86.66,88.41,87.74,87.81,,88.41,,,12561,1106422.83,125,F1,1,,,,,
2026-08-07,2026-08-07,CM,NSE,STK,29527,INF666M01JJ6,GROWWRAIL,EQ,,,,,GROWWAMC - GROWWRAIL,29.55,29.71,29.38,29.52,29.6,29.5,,29.52,,,741734,21902263.22,2674,F1,1,,,,,
2026-08-07,2026-08-07,CM,NSE,STK,759428,INF666M01MN2,GROWWRLTY,EQ,,,,,GROWWAMC - GROWWRLTY,9.97,10.07,9.92,9.93,9.98,9.97,,9.93,,,613374,6122635.24,562,F1,1,,,,,
2026-08-07,2026-08-07,CM,NSE,STK,759522,INF666M01MO0,GROWWSC250,EQ,,,,,GROWWAMC - GROWWSC250,10.75,10.75,10.52,10.69,10.75,10.64,,10.69,,,301504,3206453.42,633,F1,1,,,,,
2026-08-07,2026-08-07,CM,NSE,STK,756827,INF666M01OF4,GROWWSLVR,EQ,,,,,GROWWAMC - GROWWSLVR,22.02,22.63,19.23,22.21,22.25,21.98,,22.21,,,2980493,66431541.74,3496,F1,1,,,,,
2026-08-07,2026-08-07,CM,NSE,STK,763572,INF666M01OT5,PVTBKGROWW,EQ,,,,,GROWWAMC - PVTBKGROWW,27.99,28.19,27.11,27.49,27.63,27.9,,27.49,,,20571,566696.37,176,F1,1,,,,,
2026-08-07,2026-08-07,CM,NSE,STK,751745,INF666M01PG9,SMALLGROWW,EQ,,,,,GROWWAMC - SMALLGROWW,48.79,49.8,47.59,49.04,48.83,48.3,,49.04,,,8881,431863.13,121,F1,1,,,,,
2026-08-07,2026-08-07,CM,NSE,STK,6543,INE137I01015,GRPLTD,EQ,,,,,GRP LIMITED,2042.0,2049.6,1995.0,2003.5,2007.5,2042.2,,2003.53,,,711,1429573.0,215,F1,1,,,,,
2026-08-07,2026-08-07,CM,NSE,STK,23888,INE0SQY01018,GSMFOILS,SM,,,,,GSM FOILS LIMITED,126.1,126.1,126.1,126.1,126.1,132.7,,126.1,,,26500,3341650.0,36,F1,500,,,,,
2026-08-07,2026-08-07,CM,NSE,STK,762239,INE713R01022,GSPCROP,EQ,,,,,GSP CROP SCIENCE LIMITED,597.25,599.7,589.65,597.5,594.0,592.35,,597.5,,,215734,128544216.65,3120,F1,1,,,,,
2026-08-07,2026-08-07,CM,NSE,STK,15347,INE871H01011,GSS,EQ,,,,,GSS INFOTECH LIMITED,13.41,14.29,13.4,14.01,13.7,13.54,,14.01,,,58577,816921.98,225,F1,1,,,,,
2026-08-07,2026-08-07,CM,NSE,STK,13745,INE221H01019,GTLINFRA,EQ,,,,,GTL INFRA.LTD,1.23,1.3,1.23,1.24,1.25,1.23,,1.24,,,47199448,59341927.84,12999,F1,1,,,,,
2026-08-07,2026-08-07,CM,NSE,STK,1162,INE043A01012,GTL,EQ,,,,,GTL LTD,7.5,8.2,7.45,7.82,7.81,7.38,,7.82,,,1141058,8968619.8,2270,F1,1,,,,,
2026-08-07,2026-08-07,CM,NSE,STK,21195,INE869I01013,GTPL,EQ,,,,,GTPL HATHWAY LIMITED,60.98,60.98,59.5,59.79,59.96,59.86,,59.79,,,11627,698829.03,292,F1,1,,,,,
2026-08-07,2026-08-07,CM,NSE,STK,11606,INE742B01025,GUFICBIO,EQ,,,,,GUFIC BIOSCIENCES LTD.,404.65,423.25,404.65,421.4,417.2,404.35,,421.48,,,266330,111019970.15,8310,F1,1,,,,,
2026-08-07,2026-08-07,CM,NSE,STK,1145,INE162A01010,GIPCL,EQ,,,,,GUJ IND POW CO. LTD,159.0,159.95,157.55,157.93,157.75,159.21,,157.93,,,233908,36985612.73,2846,F1,1,,,,,
2026-08-07,2026-08-07,CM,NSE,STK,1174,INE113A01013,GNFC,EQ,,,,,GUJ NAR VAL FER & CHEM L,541.5,546.95,534.0,535.5,535.5,542.95,,535.5,,,261632,141231865.65,9317,F1,1,,,,,
2026-08-07,2026-08-07,CM,NSE,STK,1247,INE026A01025,GSFC,EQ,,,,,GUJ STATE FERT & CHEM LTD,162.71,162.71,160.2,161.22,160.28,162.43,,161.22,,,255534,41275748.25,4158,F1,1,,,,,
2026-08-07,2026-08-07,CM,NSE,STK,14677,INE826C01016,GUJAPOLLO,EQ,,,,,GUJ. APOLLO IND. LTD.,368.45,374.4,363.5,367.75,367.5,367.6,,367.84,,,6392,2347626.85,407,F1,1,,,,,
2026-08-07,2026-08-07,CM,NSE,STK,1267,INE186A01019,GUJALKALI,EQ,,,,,GUJARAT ALKALIES & CHEM,694.15,700.9,670.0,674.0,671.0,680.8,,674.03,,,128249,87810318.25,7550,F1,1,,,,,
2026-08-07,2026-08-07,CM,NSE,STK,8828,INE036B01030,GAEL,EQ,,,,,GUJARAT AMBUJA EXPORTS LT,176.9,176.9,167.15,169.22,168.0,177.72,,169.22,,,1955074,334502914.22,33695,F1,1,,,,,
2026-08-07,2026-08-07,CM,NSE,STK,10599,INE844O01030,GUJENERGY,EQ,,,,,GUJARAT ENERGY LIMITED,274.8,276.55,263.9,265.3,266.15,275.6,,265.41,,,972767,261183338.15,31076,F1,1,,,,,
2026-08-07,2026-08-07,CM,NSE,STK,13750,INE09N301011,FLUOROCHEM,EQ,,,,,GUJARAT FLUOROCHEM LTD,4547.9,4634.8,4460.4,4518.1,4546.0,4548.0,,4518.09,,,133639,608016202.1,25169,F1,1,,,,,
2026-08-07,2026-08-07,CM,NSE,STK,761197,INE0V0W01025,GKSL,EQ,,,,,GUJARAT KIDNEY N SUP SP L,133.95,135.27,132.5,134.38,133.52,133.95,,134.38,,,121300,16267082.74,1408,F1,1,,,,,
2026-08-07,2026-08-07,CM,NSE,STK,8412,INE540A01017,GLFL,BE,,,,,GUJARAT LEASE FINANCING L,5.38,5.4,5.13,5.2,5.2,5.4,,5.2,,,6227,32875.17,24,F1,1,,,,,
2026-08-07,2026-08-07,CM,NSE,STK,5204,INE131A01031,GMDCLTD,EQ,,,,,GUJARAT MINERAL DEV CORP,594.0,594.0,580.3,582.8,583.8,596.75,,582.78,,,980159,573035485.75,21718,F1,1,,,,,
2026-08-07,2026-08-07,CM,NSE,STK,762690,INE207H01018,GNRL,EQ,,,,,GUJARAT NATURAL RES L,95.05,95.08,93.05,93.92,93.9,95.25,,93.92,,,66941,6297226.12,735,F1,1,,,,,
2026-08-07,2026-08-07,CM,NSE,STK,19731,INE517F01014,GPPL,EQ,,,,,GUJARAT PIPAVAV PORT LTD,150.96,152.12,150.26,151.63,151.8,151.26,,151.62,,,689006,104233122.52,7860,F1,1,,,,,
2026-08-07,2026-08-07,CM,NSE,STK,4548,INE610B01024,GUJRAFFIA,EQ,,,,,GUJARAT RAFFIA INDUST LTD,40.1,41.0,40.1,40.28,40.25,39.93,,40.28,,,3583,145957.84,37,F1,1,,,,,
2026-08-07,2026-08-07,CM,NSE,STK,29731,INE942C01045,GUJTHEM,EQ,,,,,GUJARAT THEMIS BIOSYN LTD,364.8,382.2,341.65,355.95,359.0,361.9,,355.98,,,677948,249267723.4,15587,F1,1,,,,,
2026-08-07,2026-08-07,CM,NSE,STK,4391,INE635Q01029,GULFOILLUB,EQ,,,,,GULF OIL LUB. IND. LTD.,1204.5,1220.0,1185.3,1189.5,1195.0,1204.5,,1189.42,,,77703,93260384.8,5812,F1,1,,,,,
2026-08-07,2026-08-07,CM,NSE,STK,6286,INE255D01024,GULPOLY,EQ,,,,,GULSHAN POLYOLS LIMITED,215.0,227.63,203.0,204.87,205.0,207.21,,204.87,,,4706083,1006332818.48,69552,F1,1,,,,,
2026-08-07,2026-08-07,CM,NSE,STK,759264,INE1CCX01012,GURUNANAK,ST,,,,,GURUNANAK AGRICULTUR IN L,38.05,40.0,38.05,40.0,40.0,40.0,,40.0,,,3200,124880.0,2,F1,1600,,,,,
2026-08-07,2026-08-07,CM,NSE,STK,13229,INE251H01024,GVKPIL,BE,,,,,GVK POW. & INFRA LTD.,2.4,2.42,2.36,2.37,2.38,2.4,,2.38,,,865498,2054420.81,940,F1,1,,,,,
2026-08-07,2026-08-07,CM,NSE,STK,10865,INE382T01030,GVPTECH,EQ,,,,,GVP INFOTECH LIMITED,6.9,7.05,6.85,6.94,6.96,6.9,,6.94,,,25705,178370.94,156,F1,1,,,,,
2026-08-07,2026-08-07,CM,NSE,STK,764050,INE724A01017,GYFTR,EQ,,,,,GYFTR LIMITED,159.99,170.0,156.48,164.3,165.18,159.4,,164.26,,,39793,6447188.53,297,F1,1,,,,,
2026-08-07,2026-08-07,CM,NSE,STK,762712,INE640B01021,HBESD,EQ,,,,,H B ESTATE DEVELOPERS L,74.51,78.94,74.51,78.52,78.5,75.28,,78.52,,,6295,484366.4,23,F1,1,,,,,
2026-08-07,2026-08-07,CM,NSE,STK,1672,INE926X01010,HGINFRA,EQ,,,,,H.G.INFRA ENGINEERING LTD,550.0,551.95,547.0,549.15,549.0,552.3,,549.18,,,24516,13474459.7,1936,F1,1,,,,,
2026-08-07,2026-08-07,CM,NSE,STK,760715,INE115S01010,HALDER,EQ,,,,,HALDER VENTURE LIMITED,259.1,267.0,256.12,261.44,261.9,260.77,,260.29,,,25535,6680963.63,219,F1,1,,,,,
2026-08-07,2026-08-07,CM,NSE,STK,762708,INE506D01020,HALDYNGL,BE,,,,,HALDYN GLASS LTD.,136.8,136.8,129.0,130.58,130.5,132.79,,130.74,,,39715,5206305.88,282,F1,1,,,,,
2026-08-07,2026-08-07,CM,NSE,STK,21551,INE320X01016,HALEOSLABS,EQ,,,,,HALEOS LABS LIMITED,1431.6,1469.6,1431.6,1457.4,1464.0,1438.7,,1455.89,,,391,570537.5,51,F1,1,,,,,
2026-08-07,2026-08-07,CM,NSE,STK,13592,INE596H01014,HGM,EQ,,,,,HANDSON GBL MNGMNT LTD,49.99,49.99,47.25,48.22,48.0,49.1,,48.2,,,4486,217340.01,90,F1,1,,,,,
2026-08-07,2026-08-07,CM,NSE,STK,48,INE419U01012,HAPPSTMNDS,EQ,,,,,HAPPIEST MINDS TECHNO LTD,409.95,415.6,403.05,407.7,406.55,406.15,,407.7,,,959591,392014902.5,23349,F1,1,,,,,
2026-08-07,2026-08-07,CM,NSE,STK,20854,INE330T01021,HAPPYFORGE,EQ,,,,,HAPPY FORGINGS LIMITED,1889.9,1934.1,1858.1,1906.2,1895.0,1870.0,,1905.79,,,125748,238923486.4,13738,F1,1,,,,,
2026-08-07,2026-08-07,CM,NSE,STK,757665,INE0TLP01015,WHITEFORCE,SM,,,,,HAPPY SQUARE OUTSOURC S L,37.4,39.0,37.4,39.0,39.0,39.0,,39.0,,,59200,2306240.0,3,F1,1600,,,,,
2026-08-07,2026-08-07,CM,NSE,STK,764131,INE1GFG01011,HAPPY,SM,,,,,HAPPY STEELS LIMITED,61.75,66.0,61.75,65.6,66.0,61.75,,65.6,,,132000,8575700.0,59,F1,2000,,,,,
2026-08-07,2026-08-07,CM,NSE,STK,8962,INE626Z01029,HARDWYN,EQ,,,,,HARDWYN INDIA LIMITED,11.3,11.5,11.23,11.26,11.24,11.27,,11.26,,,987070,11126875.61,943,F1,1,,,,,
2026-08-07,2026-08-07,CM,NSE,STK,8968,INE00EV01017,HARIOMPIPE,EQ,,,,,HARIOM PIPE INDUSTRIES L,394.8,406.85,394.8,398.9,398.45,396.7,,398.96,,,105549,42228822.75,3518,F1,1,,,,,
2026-08-07,2026-08-07,CM,NSE,STK,1313,INE544A01019,HARRMALAYA,EQ,,,,,HARRISON MALAYALAM LTD,225.9,225.9,220.1,222.53,223.0,222.27,,222.54,,,14735,3286296.57,510,F1,1,,,,,
2026-08-07,2026-08-07,CM,NSE,STK,11162,INE0JUS01029,HARSHA,EQ,,,,,HARSHA ENGINEERS INT LTD,424.95,434.5,420.0,426.4,428.4,425.0,,426.43,,,208520,89759033.2,6374,F1,1,,,,,
2026-08-07,2026-08-07,CM,NSE,STK,18154,INE982F01036,HATHWAY,EQ,,,,,HATHWAY CABLE & DATACOM,10.8,10.94,10.78,10.91,10.91,10.83,,10.91,,,997495,10857172.24,1690,F1,1,,,,,
2026-08-07,2026-08-07,CM,NSE,STK,3892,INE473B01035,HATSUN,EQ,,,,,HATSUN AGRO PRODUCT LTD.,927.15,948.0,912.0,941.1,940.0,927.25,,941.1,,,50521,47476887.35,3010,F1,1,,,,,
2026-08-07,2026-08-07,CM,NSE,STK,9819,INE176B01034,HAVELLS,EQ,,,,,HAVELLS INDIA LIMITED,1276.2,1293.6,1276.2,1288.0,1288.0,1285.5,,1288.0,,,1506943,1938750068.3,21191,F1,1,,,,,
2026-08-07,2026-08-07,CM,NSE,STK,4444,INE979B01015,HAWKINCOOK,EQ,,,,,HAWKINS COOKERS LTD,8494.5,8500.0,8315.0,8398.5,8450.0,8465.0,,8380.74,,,967,8130786.0,520,F1,1,,,,,
2026-08-07,2026-08-07,CM,NSE,STK,4116,INE550B01022,HBSL,EQ,,,,,HB STOCKHOLDINGS LIMITED,57.92,58.99,53.51,56.54,57.99,58.11,,56.83,,,6878,390276.13,92,F1,1,,,,,
2026-08-07,2026-08-07,CM,NSE,STK,13966,INE292B01021,HBLENGINE,EQ,,,,,HBL ENGINEERING LTD,734.0,743.8,720.1,727.1,720.2,736.15,,727.06,,,548362,401418592.95,19527,F1,1,,,,,
2026-08-07,2026-08-07,CM,NSE,STK,1327,INE236A01020,HCL-INSYS,EQ,,,,,HCL INFOSYSTEMS LTD,11.52,11.68,11.35,11.48,11.5,11.6,,11.47,,,112816,1298452.39,642,F1,1,,,,,
2026-08-07,2026-08-07,CM,NSE,STK,7229,INE860A01027,HCLTECH,EQ,,,,,HCL TECHNOLOGIES LTD,1329.0,1369.0,1328.0,1356.6,1356.6,1335.0,,1356.53,,,1725616,2336388494.3,60471,F1,1,,,,,
2026-08-07,2026-08-07,CM,NSE,STK,757772,INE756I01012,HDBFS,EQ,,,,,HDB FINANCIAL SERVICES L,672.9,676.95,663.5,665.65,665.5,674.9,,665.66,,,707215,470953889.35,21600,F1,1,,,,,
2026-08-07,2026-08-07,CM,NSE,STK,4244,INE127D01025,HDFCAMC,EQ,,,,,HDFC AMC LIMITED,2534.0,2552.4,2521.2,2545.0,2545.0,2538.1,,2544.89,,,310098,787943601.6,22190,F1,1,,,,,
2026-08-07,2026-08-07,CM,NSE,STK,1333,INE040A01034,HDFCBANK,EQ,,,,,HDFC BANK LTD,733.0,736.0,728.2,731.0,731.0,734.3,,731.02,,,19382042,14192225193.55,314352,F1,1,,,,,
2026-08-07,2026-08-07,CM,NSE,STK,19543,INF179KC1981,HDFCGOLD,EQ,,,,,HDFC GOLD ETF,126.98,127.65,125.18,127.45,127.52,126.44,,127.45,,,1948121,247228383.95,9099,F1,1,,,,,
2026-08-07,2026-08-07,CM,NSE,STK,467,INE795G01014,HDFCLIFE,EQ,,,,,HDFC LIFE INS CO LTD,542.5,544.95,537.5,540.0,540.0,542.5,,539.98,,,1413369,764852536.8,39877,F1,1,,,,,
2026-08-07,2026-08-07,CM,NSE,STK,14230,INF179KC1EZ4,HDFCBSE500,EQ,,,,,HDFCAMC - HDFCBSE500,38.27,38.38,37.7,38.1,37.7,38.27,,38.1,,,924926,35346822.6,350,F1,1,,,,,
2026-08-07,2026-08-07,CM,NSE,STK,11241,INF179KC1DJ0,HDFCGROWTH,EQ,,,,,HDFCAMC - HDFCGROWTH,123.5,123.95,122.6,123.36,122.6,122.4,,123.39,,,18085,2236942.17,226,F1,1,,,,,
2026-08-07,2026-08-07,CM,NSE,STK,18279,INF179KC1JG3,HDFCLIQUID,EQ,,,,,HDFCAMC - HDFCLIQUID,1072.89,1072.91,1072.89,1072.9,1072.9,1072.48,,1072.9,,,70103,75213892.99,54,F1,1,,,,,
2026-08-07,2026-08-07,CM,NSE,STK,11547,INF179KC1HU8,HDFCLOWVOL,EQ,,,,,HDFCAMC - HDFCLOWVOL,21.28,21.34,21.21,21.3,21.33,21.18,,21.29,,,6233,132531.07,83,F1,1,,,,,
2026-08-07,2026-08-07,CM,NSE,STK,14236,INF179KC1HT0,HDFCMID150,EQ,,,,,HDFCAMC - HDFCMID150,23.92,23.92,23.6,23.69,23.67,23.66,,23.69,,,514229,12178543.08,1302,F1,1,,,,,
2026-08-07,2026-08-07,CM,NSE,STK,11538,INF179KC1HV6,HDFCMOMENT,EQ,,,,,HDFCAMC - HDFCMOMENT,31.19,31.35,31.15,31.24,31.16,31.03,,31.22,,,122141,3815855.86,470,F1,1,,,,,
2026-08-07,2026-08-07,CM,NSE,STK,10619,INF179KC1HS2,HDFCNEXT50,EQ,,,,,HDFCAMC - HDFCNEXT50,75.98,76.42,75.63,75.99,76.21,75.89,,75.99,,,649415,49523725.94,883,F1,1,,,,,
2026-08-07,2026-08-07,CM,NSE,STK,10633,INF179KC1HR4,HDFCNIF100,EQ,,,,,HDFCAMC - HDFCNIF100,25.88,27.21,25.88,26.56,26.58,26.55,,26.56,,,38154,1015546.67,267,F1,1,,,,,
2026-08-07,2026-08-07,CM,NSE,STK,22433,INF179KC1HY0,HDFCNIFBAN,EQ,,,,,HDFCAMC - HDFCNIFBAN,60.06,60.09,59.44,59.5,59.46,59.63,,59.5,,,87433,5205343.09,445,F1,1,,,,,
2026-08-07,2026-08-07,CM,NSE,STK,12101,INF179KC1IA8,HDFCNIFIT,EQ,,,,,HDFCAMC - HDFCNIFIT,33.24,33.95,33.24,33.66,33.4,33.25,,33.66,,,194686,6557102.14,330,F1,1,,,,,
2026-08-07,2026-08-07,CM,NSE,STK,11591,INF179KC1965,HDFCNIFTY,EQ,,,,,HDFCAMC - HDFCNIFTY,283.57,289.24,276.39,277.35,276.6,276.66,,277.32,,,22894,6346439.52,812,F1,1,,,,,
2026-08-07,2026-08-07,CM,NSE,STK,764336,INF179KC1KT4,HDFCNIMEG,EQ,,,,,HDFCAMC - HDFCNIMEG,131.11,132.2,130.8,131.8,132.2,132.02,,131.8,,,353045,46532020.36,236,F1,1,,,,,
2026-08-07,2026-08-07,CM,NSE,STK,12108,INF179KC1HZ7,HDFCPVTBAN,EQ,,,,,HDFCAMC - HDFCPVTBAN,28.34,28.36,27.7,27.92,28.1,28.25,,27.92,,,505375,14165654.28,971,F1,1,,,,,
2026-08-07,2026-08-07,CM,NSE,STK,11255,INF179KC1DL6,HDFCQUAL,EQ,,,,,HDFCAMC - HDFCQUAL,59.99,60.32,59.5,59.8,59.5,59.38,,59.88,,,30353,1824772.35,218,F1,1,,,,,
2026-08-07,2026-08-07,CM,NSE,STK,11593,INF179KC1HX2,HDFCSENSEX,EQ,,,,,HDFCAMC - HDFCSENSEX,89.4,89.48,88.61,88.98,89.19,89.26,,88.99,,,23827,2124841.57,617,F1,1,,,,,
2026-08-07,2026-08-07,CM,NSE,STK,10876,INF179KC1DI2,HDFCSILVER,EQ,,,,,HDFCAMC - HDFCSILVER,214.75,221.2,214.75,220.43,219.78,214.75,,220.44,,,4361051,954423561.9,17171,F1,1,,,,,
2026-08-07,2026-08-07,CM,NSE,STK,14233,INF179KC1FB2,HDFCSML250,EQ,,,,,HDFCAMC - HDFCSML250,186.3,186.9,183.85,184.89,185.14,185.47,,184.91,,,957074,177006092.36,9456,F1,1,,,,,
2026-08-07,2026-08-07,CM,NSE,STK,11260,INF179KC1DK8,HDFCVALUE,EQ,,,,,HDFCAMC - HDFCVALUE,128.75,128.92,128.2,128.25,128.73,128.52,,128.25,,,6457,828706.91,66,F1,1,,,,,
2026-08-07,2026-08-07,CM,NSE,STK,22595,INF179KC1HW4,HDFCPSUBK,EQ,,,,,HDFCAMC HDFCPSUBK,86.5,89.74,86.1,88.63,88.0,87.69,,88.63,,,741133,65766868.07,599,F1,1,,,,,
2026-08-07,2026-08-07,CM,NSE,STK,19205,INE759V01019,HEADSUP,EQ,,,,,HEADS UP VENTURES LIMITED,7.46,7.46,6.77,6.99,7.0,7.02,,6.98,,,20909,145126.5,148,F1,1,,,,,
2026-08-07,2026-08-07,CM,NSE,STK,20063,INE019J01013,HEALTHX,EQ,,,,,HEALTH X PLATFORM LIMITED,317.9,318.0,303.9,306.65,304.25,308.9,,306.65,,,4046,1240648.85,127,F1,1,,,,,
2026-08-07,2026-08-07,CM,NSE,STK,15555,INE075I01017,HCG,EQ,,,,,HEALTHCARE GLOB. ENT. LTD,670.1,679.5,656.15,675.85,670.0,678.5,,675.85,,,337700,226276310.55,23790,F1,1,,,,,
2026-08-07,2026-08-07,CM,NSE,STK,7425,INE558R01013,HECPROJECT,EQ,,,,,HEC INFRA PROJECTS LTD,130.01,134.5,130.01,132.75,134.5,131.74,,132.75,,,5447,719242.12,162,F1,1,,,,,
2026-08-07,2026-08-07,CM,NSE,STK,1336,INE545A01024,HEG,EQ,,,,,HEG LTD,684.0,689.9,670.05,674.0,670.05,685.1,,673.99,,,597260,406373868.5,13735,F1,1,,,,,
2026-08-07,2026-08-07,CM,NSE,STK,2316,INE578A01017,HEIDELBERG,EQ,,,,,HEIDELBERGCEMENT (I) LTD,156.5,157.69,156.0,156.27,156.01,157.17,,156.3,,,49078,7677607.85,1050,F1,1,,,,,
2026-08-07,2026-08-07,CM,NSE,STK,701,INE0AJG01018,HEMIPROP,EQ,,,,,HEMISPHERE PROP IND LTD,137.5,138.79,137.5,138.04,138.15,137.93,,138.03,,,119657,16514886.38,1314,F1,1,,,,,
2026-08-07,2026-08-07,CM,NSE,STK,2614,INE694N01015,HERANBA,EQ,,,,,HERANBA INDUSTRIES LTD,181.0,181.99,176.04,178.78,179.4,179.05,,178.78,,,26957,4837263.39,1029,F1,1,,,,,
2026-08-07,2026-08-07,CM,NSE,STK,4598,INE978A01027,HERITGFOOD,EQ,,,,,HERITAGE FOODS LTD,358.55,368.0,354.7,361.8,364.0,358.55,,361.79,,,617938,223485320.15,11566,F1,1,,,,,
2026-08-07,2026-08-07,CM,NSE,STK,1348,INE158A01026,HEROMOTOCO,EQ,,,,,HERO MOTOCORP LIMITED,5541.0,5800.0,5541.0,5725.0,5725.0,5550.5,,5725.02,,,1914675,10930205030.0,128038,F1,1,,,,,
2026-08-07,2026-08-07,CM,NSE,STK,7048,INE782E01017,HESTERBIO,EQ,,,,,HESTER BIOSCIENCES LTD,2484.7,2500.8,2401.0,2417.9,2410.2,2458.5,,2417.92,,,5928,14503400.7,1199,F1,1,,,,,
2026-08-07,2026-08-07,CM,NSE,STK,27008,INE750M01017,HEXATRADEX,EQ,,,,,HEXA TRADEX LIMITED,164.5,164.98,161.3,163.32,163.99,164.01,,163.32,,,1008,165059.06,41,F1,1,,,,,
2026-08-07,2026-08-07,CM,NSE,STK,750116,INE0JUI01012,HEXAGON,BE,,,,,HEXAGON NUTRITION LIMITED,64.1,65.29,64.0,64.15,64.5,65.16,,64.25,,,129510,8322247.78,658,F1,1,,,,,
2026-08-07,2026-08-07,CM,NSE,STK,29666,INE093A01041,HEXT,EQ,,,,,HEXAWARE TECHNOLOGIES LTD,557.9,566.55,552.5,564.6,565.25,556.0,,564.53,,,319559,179340978.35,13474,F1,1,,,,,
2026-08-07,2026-08-07,CM,NSE,STK,21951,INE548A01028,HFCL,EQ,,,,,HFCL LIMITED,203.98,211.52,201.0,207.98,207.8,203.67,,207.99,,,19489977,4024911847.5,88505,F1,1,,,,,
2026-08-07,2026-08-07,CM,NSE,STK,18794,INE0PIC01017,HIGREEN,SM,,,,,HI GREEN CARBON LIMITED,137.05,139.3,137.05,138.95,139.0,138.95,,138.95,,,25600,3545240.0,32,F1,800,,,,,
2026-08-07,2026-08-07,CM,NSE,STK,2868,INE106T01025,HITECH,EQ,,,,,HI-TECH PIPES LIMITED,84.7,85.48,83.53,83.92,83.99,84.99,,83.92,,,733214,61748535.3,3719,F1,1,,,,,
2026-08-07,2026-08-07,CM,NSE,STK,759103,INE00RL01028,HILINFRA,EQ,,,,,HIGHWAY INFRASTRUCTURE L,45.05,46.29,44.92,45.01,45.0,45.53,,45.01,,,64272,2918486.84,1391,F1,1,,,,,
2026-08-07,2026-08-07,CM,NSE,STK,9668,INE475B01022,HIKAL,EQ,,,,,HIKAL LIMITED,216.99,230.0,216.02,227.14,226.0,221.43,,227.13,,,812011,180951147.56,15053,F1,1,,,,,
2026-08-07,2026-08-07,CM,NSE,STK,14631,INE788H01017,HILTON,BE,,,,,HILTON METAL FORGING LTD,21.45,21.45,20.81,21.41,21.35,21.05,,21.41,,,40270,857704.74,130,F1,1,,,,,
2026-08-07,2026-08-07,CM,NSE,STK,14334,INE019C01026,HSCL,EQ,,,,,HIMADRI SPECIALITY CHEM L,761.4,771.95,751.0,752.65,751.95,761.0,,752.65,,,4327549,3294716890.15,51208,F1,1,,,,,
2026-08-07,2026-08-07,CM,NSE,STK,1360,INE049A01027,HIMATSEIDE,EQ,,,,,HIMATSINGKA SEIDE LTD,79.42,81.6,79.24,80.69,80.8,79.53,,80.68,,,578999,46669760.8,3313,F1,1,,,,,
2026-08-07,2026-08-07,CM,NSE,STK,13890,INE835D01023,HIRECT,EQ,,,,,HIND RECTIFIER LIMITED,1303.9,1328.0,1294.0,1310.2,1315.3,1297.2,,1310.57,,,54460,71361149.1,4671,F1,1,,,,,
2026-08-07,2026-08-07,CM,NSE,STK,1363,INE038A01020,HINDALCO,EQ,,,,,HINDALCO  INDUSTRIES  LTD,1017.0,1059.6,1017.0,1059.6,1059.6,1027.0,,1059.58,,,9284747,9657934161.15,142788,F1,1,,,,,
2026-08-07,2026-08-07,CM,NSE,STK,4920,INE642Y01029,HINDCON,EQ,,,,,HINDCON CHEMICALS LIMITED,22.41,23.0,22.41,22.5,22.5,22.85,,22.5,,,7162,161385.36,119,F1,1,,,,,
2026-08-07,2026-08-07,CM,NSE,STK,11796,INE05X901010,HPIL,EQ,,,,,HINDPRAKASH INDUSTRY LTD,130.0,131.25,127.0,129.45,130.88,128.85,,129.46,,,2501,325685.04,48,F1,1,,,,,
2026-08-07,2026-08-07,CM,NSE,STK,14712,INE170I01016,HGS,EQ,,,,,HINDUJA GLOBAL SOLS. LTD.,423.05,440.9,420.35,428.4,429.0,423.05,,428.5,,,52313,22434298.9,1710,F1,1,,,,,
2026-08-07,2026-08-07,CM,NSE,STK,2303,INE066F01020,HAL,EQ,,,,,HINDUSTAN AERONAUTICS LTD,4925.0,4975.0,4876.0,4910.0,4910.0,4920.0,,4910.0,,,1083102,5325116817.7,67822,F1,1,,,,,
2026-08-07,2026-08-07,CM,NSE,STK,1372,INE310C01029,HINDCOMPOS,EQ,,,,,HINDUSTAN COMPOSITES LTD.,425.5,429.9,418.25,424.0,427.65,419.9,,424.44,,,2794,1184322.35,259,F1,1,,,,,
2026-08-07,2026-08-07,CM,NSE,STK,1375,INE549A01026,HCC,EQ,,,,,HINDUSTAN CONSTRUCTION CO,21.0,21.49,20.38,20.52,20.53,21.55,,20.52,,,40417420,843808121.76,44637,F1,1,,,,,
2026-08-07,2026-08-07,CM,NSE,STK,17939,INE531E01026,HINDCOPPER,EQ,,,,,HINDUSTAN COPPER LTD,543.75,548.0,532.1,536.1,536.0,545.95,,536.09,,,9431736,5090431154.45,114660,F1,1,,,,,
2026-08-07,2026-08-07,CM,NSE,STK,12173,INE254N01026,HNDFDS,EQ,,,,,HINDUSTAN FOODS LIMITED,570.5,581.7,570.5,576.2,576.5,575.0,,576.06,,,30987,17866083.5,2939,F1,1,,,,,
2026-08-07,2026-08-07,CM,NSE,STK,19215,INE871K01015,HMVL,BE,,,,,HINDUSTAN MEDIA VENT LTD,103.96,103.96,98.62,98.67,98.62,103.81,,98.65,,,14148,1412122.23,182,F1,1,,,,,
2026-08-07,2026-08-07,CM,NSE,STK,1403,INE345A01011,HINDOILEXP,EQ,,,,,HINDUSTAN OIL EXPLORATION,158.0,159.01,155.2,155.74,155.6,157.41,,155.74,,,230643,36184788.22,2126,F1,1,,,,,
2026-08-07,2026-08-07,CM,NSE,STK,1406,INE094A01015,HINDPETRO,EQ,,,,,HINDUSTAN PETROLEUM CORP,392.95,395.45,392.0,393.05,393.05,395.0,,393.05,,,5095295,2004783678.6,37958,F1,1,,,,,
2026-08-07,2026-08-07,CM,NSE,STK,1394,INE030A01027,HINDUNILVR,EQ,,,,,HINDUSTAN UNILEVER LTD.,2083.1,2099.4,2077.2,2096.0,2096.0,2079.5,,2095.31,,,1054665,2208631206.0,70125,F1,1,,,,,
2026-08-07,2026-08-07,CM,NSE,STK,1424,INE267A01025,HINDZINC,EQ,,,,,HINDUSTAN ZINC LIMITED,593.0,605.85,590.05,603.0,603.0,590.0,,602.94,,,6362181,3815503774.3,73465,F1,1,,,,,
2026-08-07,2026-08-07,CM,NSE,STK,15883,INE05AN01011,HINDWAREAP,EQ,,,,,HINDWARE HME INOVATON LTD,216.64,227.0,216.64,221.04,222.47,218.59,,221.11,,,46887,10392510.59,1458,F1,1,,,,,
2026-08-07,2026-08-07,CM,NSE,STK,19322,INE598C01011,HISARMETAL,EQ,,,,,HISAR METAL IND. LIMITED,152.16,154.5,151.99,152.02,152.01,148.25,,152.13,,,4513,687836.44,121,F1,1,,,,,
2026-08-07,2026-08-07,CM,NSE,STK,18457,INE07Y701011,POWERINDIA,EQ,,,,,HITACHI ENERGY INDIA LTD,31945.0,32680.0,31945.0,32600.0,32600.0,31900.0,,32597.92,,,91167,2959637850.0,25156,F1,1,,,,,
2026-08-07,2026-08-07,CM,NSE,STK,15165,INE120D01012,HITECHCORP,BE,,,,,HITECH CORPORATION LTD,323.9,323.9,319.5,322.3,322.05,320.1,,322.3,,,4477,1437871.15,62,F1,1,,,,,
2026-08-07,2026-08-07,CM,NSE,STK,2289,INE461D01028,HLEGLAS,EQ,,,,,HLE GLASCOAT LIMITED,454.45,485.0,454.4,467.05,465.7,454.4,,467.03,,,1276168,605422535.3,35378,F1,1,,,,,
2026-08-07,2026-08-07,CM,NSE,STK,1448,INE102A01024,HLVLTD,EQ,,,,,HLV LIMITED,7.34,7.34,7.13,7.24,7.27,7.25,,7.24,,,141611,1025291.25,534,F1,1,,,,,
2026-08-07,2026-08-07,CM,NSE,STK,17053,INE0ECP01024,HMAAGRO,EQ,,,,,HMA AGRO INDUSTRIES LTD,20.85,22.54,20.8,22.23,21.99,20.92,,22.23,,,2059506,44641859.73,3857,F1,1,,,,,
2026-08-07,2026-08-07,CM,NSE,STK,761833,INE2T2Q07097,87HMDA32,N0,,,,,HMDA 8.7% 2032 STRPP C,103654.79,103654.79,103654.79,103654.79,103654.79,103713.29,,103654.79,,,11,1140202.69,1,F1,1,,,,,
2026-08-07,2026-08-07,CM,NSE,STK,19698,INE262A01018,HMT,BZ,,,,,HMT LTD -,60.11,61.49,60.0,60.31,61.0,61.16,,60.31,,,10293,625295.54,92,F1,1,,,,,
2026-08-07,2026-08-07,CM,NSE,STK,23826,INE0S6S01017,HOACFOODS,ST,,,,,HOAC FOODS INDIA LIMITED,715.0,729.95,715.0,729.95,729.95,720.05,,729.95,,,1500,1081481.25,4,F1,375,,,,,
2026-08-07,2026-08-07,CM,NSE,STK,2056,INE481N01025,HOMEFIRST,EQ,,,,,HOME FIRST FIN CO IND LTD,1190.0,1196.2,1182.7,1193.8,1193.0,1191.1,,1193.76,,,174676,207524822.0,8273,F1,1,,,,,
2026-08-07,2026-08-07,CM,NSE,STK,19813,INE0J5401028,HONASA,EQ,,,,,HONASA CONSUMER LIMITED,467.8,480.0,465.45,477.6,475.3,465.65,,477.61,,,982060,466380749.45,29705,F1,1,,,,,
2026-08-07,2026-08-07,CM,NSE,STK,3138,INE634A01018,HONDAPOWER,EQ,,,,,HONDA I POWER PRODUCT LTD,2101.0,2112.9,2085.0,2093.4,2100.0,2090.5,,2093.52,,,2781,5833011.8,443,F1,1,,,,,
2026-08-07,2026-08-07,CM,NSE,STK,3417,INE671A01010,HONAUT,EQ,,,,,HONEYWELL AUTOMATION IND,38120.0,38335.0,37755.0,37900.0,37830.0,38315.0,,37900.0,,,2131,80958830.0,1301,F1,1,,,,,
2026-08-07,2026-08-07,CM,NSE,STK,17920,INE191I01012,HDIL,BZ,,,,,HOUSING DEV & INFRA LTD,1.6,1.61,1.57,1.57,1.59,1.6,,1.57,,,311487,491290.93,269,F1,1,,,,,
2026-08-07,2026-08-07,CM,NSE,STK,7376,INE0GSL01024,HPAL,EQ,,,,,HP ADHESIVES LIMITED,35.64,35.64,33.66,34.16,34.6,35.15,,34.14,,,53779,1842918.55,821,F1,1,,,,,
2026-08-07,2026-08-07,CM,NSE,STK,29875,INE0VA601019,HPTL,SM,,,,,HP TELECOM INDIA LIMITED,281.3,310.85,281.3,310.85,310.85,296.05,,310.85,,,6600,1985640.0,10,F1,600,,,,,
2026-08-07,2026-08-07,CM,NSE,STK,18679,INE495S01016,HPL,EQ,,,,,HPL ELECTRIC & POWER LTD,343.8,347.8,340.1,342.1,345.5,344.4,,342.18,,,98454,33715311.9,2908,F1,1,,,,,
2026-08-07,2026-08-07,CM,NSE,STK,21107,INE0R3501012,HRHNEXT,SM,,,,,HRH NEXT SERVICES LIMITED,26.5,26.5,25.65,25.65,25.65,27.0,,25.65,,,34500,887550.0,16,F1,1500,,,,,
2026-08-07,2026-08-07,CM,NSE,STK,761506,INF336L01RX2,HSBCGOLD,EQ,,,,,HSBCAMC - HSBCGOLD,128.59,130.71,128.15,130.48,129.85,128.59,,130.48,,,14500,1862075.95,133,F1,1,,,,,
2026-08-07,2026-08-07,CM,NSE,STK,20825,INE031A01017,HUDCO,EQ,,,,,HSG & URBAN DEV CORPN LTD,201.9,202.69,200.0,201.04,201.01,202.11,,201.04,,,1224833,246622816.07,15649,F1,1,,,,,
2026-08-07,2026-08-07,CM,NSE,STK,11979,INE501G01024,HTMEDIA,EQ,,,,,HT MEDIA LIMITED,27.37,28.4,26.5,27.74,28.0,26.91,,27.74,,,331196,9060339.46,1361,F1,1,,,,,
2026-08-07,2026-08-07,CM,NSE,STK,14203,INE703H01016,HUBTOWN,EQ,,,,,HUBTOWN LIMITED,179.7,182.0,174.5,175.11,175.75,179.7,,175.11,,,674676,119689100.34,6843,F1,1,,,,,
2026-08-07,2026-08-07,CM,NSE,STK,2562,INE275B01026,HUHTAMAKI,EQ,,,,,HUHTAMAKI INDIA LIMITED,287.85,289.4,271.35,274.95,275.4,289.95,,274.93,,,323508,90222365.75,5949,F1,1,,,,,
2026-08-07,2026-08-07,CM,NSE,STK,12814,INE965B01022,HYBRIDFIN,BE,,,,,HYBRID FINANCIAL SERVICE,17.96,17.96,17.16,17.73,17.73,17.5,,17.77,,,4465,78304.09,59,F1,1,,,,,
2026-08-07,2026-08-07,CM,NSE,STK,25844,INE0V6F01027,HYUNDAI,EQ,,,,,HYUNDAI MOTOR INDIA LTD,2209.1,2215.2,2196.0,2200.5,2200.5,2212.0,,2200.44,,,279115,615674666.1,18958,F1,1,,,,,
2026-08-07,2026-08-07,CM,NSE,STK,14086,INE204A01010,IGPL,EQ,,,,,I G PETROCHEMICALS LTD,505.0,511.3,488.25,492.9,490.0,503.0,,492.97,,,77030,38392984.3,2789,F1,1,,,,,
2026-08-07,2026-08-07,CM,NSE,STK,21348,INE0O7401018,IBLFL,SM,,,,,IBL FINANCE LIMITED,61.0,61.0,61.0,61.0,61.0,61.0,,61.0,,,2000,122000.0,1,F1,2000,,,,,
2026-08-07,2026-08-07,CM,NSE,STK,764064,INE0XE501015,ICELCO,SM,,,,,IC ELECTRICALS COMPANY L,149.0,149.0,145.5,146.45,145.5,147.2,,146.45,,,21600,3183000.0,18,F1,1200,,,,,
2026-08-07,2026-08-07,CM,NSE,STK,6977,INE613B01010,ICDSLTD,EQ,,,,,ICDS LTD,43.8,43.8,42.0,42.02,42.0,40.72,,41.8,,,535,22834.16,32,F1,1,,,,,
2026-08-07,2026-08-07,CM,NSE,STK,489,INE520Y01019,ICEMAKE,EQ,,,,,ICE MAKE REFRIGERAT LTD,820.0,834.0,817.0,820.2,817.2,828.1,,820.2,,,12377,10210904.45,1326,F1,1,,,,,
2026-08-07,2026-08-07,CM,NSE,STK,4963,INE090A01021,ICICIBANK,EQ,,,,,ICICI BANK LTD.,1451.0,1455.0,1418.2,1421.0,1421.0,1457.5,,1421.01,,,14395789,20631553752.1,155386,F1,1,,,,,
2026-08-07,2026-08-07,CM,NSE,STK,21770,INE765G01017,ICICIGI,EQ,,,,,ICICI LOMBARD GIC LIMITED,1646.1,1658.7,1631.4,1639.0,1639.0,1658.0,,1639.0,,,395441,649859154.9,23112,F1,1,,,,,
2026-08-07,2026-08-07,CM,NSE,STK,21254,INF109KC19U5,LOWVOLIETF,EQ,,,,,ICICI PR NIF LW VL 30 ETF,23.28,23.28,22.6,22.76,22.75,22.82,,22.76,,,1904851,43477852.33,1156,F1,1,,,,,
2026-08-07,2026-08-07,CM,NSE,STK,18652,INE726G01019,ICICIPRULI,EQ,,,,,ICICI PRU LIFE INS CO LTD,509.6,509.6,501.05,501.05,501.05,507.0,,501.05,,,974283,491060352.9,17887,F1,1,,,,,
2026-08-07,2026-08-07,CM,NSE,STK,17702,INF109KC10W0,MIDSELIETF,EQ,,,,,ICICI PRUD MIDCAP SEL ETF,20.15,20.15,19.72,19.79,19.83,19.75,,19.79,,,244677,4840502.13,637,F1,1,,,,,
2026-08-07,2026-08-07,CM,NSE,STK,30392,INF109KC16V9,NIF100IETF,EQ,,,,,ICICI PRUD NIFTY 100 ETF,28.71,28.78,28.64,28.72,28.7,28.71,,28.72,,,50493,1449424.15,1567,F1,1,,,,,
2026-08-07,2026-08-07,CM,NSE,STK,29553,INF109K012R6,NIFTYIETF,EQ,,,,,ICICI PRUD NIFTY ETF,283.0,283.0,278.01,278.25,278.1,279.06,,278.25,,,336699,93743703.65,11564,F1,1,,,,,
2026-08-07,2026-08-07,CM,NSE,STK,4378,INF346A01034,SENSEXIETF,EQ,,,,,ICICI PRUD SENSEX ETF,900.03,907.85,900.03,904.29,902.35,908.01,,904.32,,,7702,6960598.74,582,F1,1,,,,,
2026-08-07,2026-08-07,CM,NSE,STK,760407,INE346A01027,ICICIAMC,EQ,,,,,ICICI PRUDENTIAL AMC LTD,3080.4,3098.0,3055.2,3072.8,3073.0,3080.4,,3072.8,,,139482,429072948.0,12184,F1,1,,,,,
2026-08-07,2026-08-07,CM,NSE,STK,19679,INF109KC1NT3,GOLDIETF,EQ,,,,,ICICI PRUDENTIAL GOLD ETF,128.0,128.1,126.26,127.88,128.0,127.05,,127.89,,,3553151,452288891.18,28068,F1,1,,,,,
2026-08-07,2026-08-07,CM,NSE,STK,17475,INF109KC11V0,NV20IETF,EQ,,,,,ICICI PRUDENTIAL NV20 ETF,13.97,13.97,13.83,13.91,13.96,13.84,,13.91,,,331768,4617266.42,1873,F1,1,,,,,
2026-08-07,2026-08-07,CM,NSE,STK,522,INF109KB15Y7,ICICIB22,EQ,,,,,ICICIPRAMC - BHARATIWIN,116.97,117.98,115.1,116.62,116.91,117.42,,116.64,,,322958,37829593.19,2725,F1,1,,,,,
2026-08-07,2026-08-07,CM,NSE,STK,30139,INF109K1A021,CASHIETF,EQ,,,,,ICICIPRAMC - CASHIETF,1074.47,1074.49,1074.47,1074.48,1074.48,1074.03,,1074.48,,,238934,256729644.39,114,F1,1,,,,,
2026-08-07,2026-08-07,CM,NSE,STK,755881,INF109K1A153,EVIETF,EQ,,,,,ICICIPRAMC - EVIETF,33.75,34.46,33.68,34.23,34.45,33.68,,34.23,,,380734,12997987.2,851,F1,1,,,,,
2026-08-07,2026-08-07,CM,NSE,STK,13143,INF109KC18O0,GSEC10IETF,EQ,,,,,ICICIPRAMC - ICICI10GS,265.0,265.0,265.0,265.0,265.0,265.0,,265.0,,,1701,450765.0,4,F1,1,,,,,
2026-08-07,2026-08-07,CM,NSE,STK,3001,INF109KC1V59,BSE500IETF,EQ,,,,,ICICIPRAMC - ICICI500,40.0,40.18,40.0,40.06,40.06,40.18,,40.07,,,53196,2133584.53,1353,F1,1,,,,,
2026-08-07,2026-08-07,CM,NSE,STK,8342,INF109KC14A8,GSEC5IETF,EQ,,,,,ICICIPRAMC - ICICI5GSEC,66.58,67.24,66.0,66.5,66.5,66.51,,66.5,,,100011,6664507.4,47,F1,1,,,,,
2026-08-07,2026-08-07,CM,NSE,STK,22344,INF109KC17V7,ALPL30IETF,EQ,,,,,ICICIPRAMC - ICICIALPLV,29.17,29.17,28.41,28.56,28.55,28.47,,28.56,,,145101,4145114.41,828,F1,1,,,,,
2026-08-07,2026-08-07,CM,NSE,STK,7844,INF109KC10V2,AUTOIETF,EQ,,,,,ICICIPRAMC - ICICIAUTO,30.26,30.75,30.16,30.7,30.75,30.16,,30.7,,,2138012,65446304.82,2264,F1,1,,,,,
2026-08-07,2026-08-07,CM,NSE,STK,11386,INF109KC18U7,PVTBANIETF,EQ,,,,,ICICIPRAMC - ICICIBANKP,28.06,28.06,27.72,27.77,27.85,28.03,,27.77,,,3291470,91611624.76,2196,F1,1,,,,,
2026-08-07,2026-08-07,CM,NSE,STK,13198,INF109KC19O8,COMMOIETF,EQ,,,,,ICICIPRAMC - ICICICOMMO,101.27,101.85,100.98,101.67,101.85,101.32,,101.68,,,41767,4235869.9,1015,F1,1,,,,,
2026-08-07,2026-08-07,CM,NSE,STK,6446,INF109KC1V42,CONSUMIETF,EQ,,,,,ICICIPRAMC - ICICICONSU,125.98,126.7,125.2,126.13,125.2,125.77,,126.13,,,12283,1551671.76,145,F1,1,,,,,
2026-08-07,2026-08-07,CM,NSE,STK,5306,INF109KC19V3,FMCGIETF,EQ,,,,,ICICIPRAMC - ICICIFMCG,53.85,53.85,52.88,52.99,53.03,53.04,,52.99,,,2963447,156975160.4,2963,F1,1,,,,,
2026-08-07,2026-08-07,CM,NSE,STK,10723,INF109KC16E5,INFRAIETF,EQ,,,,,ICICIPRAMC - ICICIINFRA,97.31,97.97,96.7,97.67,97.96,97.35,,97.67,,,67860,6623554.53,3458,F1,1,,,,,
2026-08-07,2026-08-07,CM,NSE,STK,4838,INF109KC1KT9,LIQUIDIETF,EQ,,,,,ICICIPRAMC - ICICILIQ,1000.0,1000.01,999.99,999.99,1000.0,999.99,,999.99,,,902366,902365836.3,351,F1,1,,,,,
2026-08-07,2026-08-07,CM,NSE,STK,17152,INF109KC11W8,MIDCAPIETF,EQ,,,,,ICICIPRAMC - ICICIM150,24.17,24.27,24.11,24.15,24.25,24.17,,24.15,,,926677,22400965.84,2478,F1,1,,,,,
2026-08-07,2026-08-07,CM,NSE,STK,10585,INF109KC17C7,MOM30IETF,EQ,,,,,ICICIPRAMC - ICICIMOM30,31.46,31.88,31.22,31.49,31.4,31.46,,31.5,,,630317,19863126.4,1497,F1,1,,,,,
2026-08-07,2026-08-07,CM,NSE,STK,4529,INF109KC1NS5,NEXT50IETF,EQ,,,,,ICICIPRAMC - ICICINXT50,78.29,78.98,78.29,78.67,78.78,78.51,,78.67,,,1062346,83676492.27,4690,F1,1,,,,,
2026-08-07,2026-08-07,CM,NSE,STK,3626,INF109KC1Q72,HEALTHIETF,EQ,,,,,ICICIPRAMC - ICICIPHARM,171.5,171.9,169.9,171.26,171.75,171.24,,171.27,,,96796,16560494.92,1526,F1,1,,,,,
2026-08-07,2026-08-07,CM,NSE,STK,17808,INF109KC18V5,QUAL30IETF,EQ,,,,,ICICIPRAMC - ICICIQTY30,21.65,21.87,21.52,21.75,21.77,21.65,,21.75,,,98523,2145065.13,747,F1,1,,,,,
2026-08-07,2026-08-07,CM,NSE,STK,7942,INF109KC1Y56,SILVERIETF,EQ,,,,,ICICIPRAMC - ICICISILVE,225.99,230.59,223.95,229.95,229.55,223.8,,229.95,,,4676113,1065075848.54,21653,F1,1,,,,,
2026-08-07,2026-08-07,CM,NSE,STK,22365,INF109KC16I6,ITIETF,EQ,,,,,ICICIPRAMC - ICICITECH,34.61,35.33,34.39,34.88,35.1,34.54,,34.89,,,576920,20212091.55,1574,F1,1,,,,,
2026-08-07,2026-08-07,CM,NSE,STK,764364,INF109K1A567,INSUREIETF,EQ,,,,,ICICIPRAMC - INSUREIETF,15.85,15.85,15.47,15.52,15.47,15.6,,15.52,,,3292526,51161616.73,331,F1,1,,,,,
2026-08-07,2026-08-07,CM,NSE,STK,11037,INF109KC15I8,BANKIETF,EQ,,,,,ICICIPRAMC - IPRU5008,59.49,59.58,59.24,59.44,59.41,59.49,,59.44,,,276076,16397179.14,1598,F1,1,,,,,
2026-08-07,2026-08-07,CM,NSE,STK,24861,INF109KC19W1,METALIETF,EQ,,,,,ICICIPRAMC - METALIETF,13.39,13.39,13.14,13.27,13.31,13.23,,13.27,,,6878032,90862722.38,9147,F1,1,,,,,
2026-08-07,2026-08-07,CM,NSE,STK,24533,INF109KC18W3,OILIETF,EQ,,,,,ICICIPRAMC - OILIETF,11.5,11.55,11.42,11.47,11.5,11.5,,11.47,,,2604698,29886272.61,2291,F1,1,,,,,
2026-08-07,2026-08-07,CM,NSE,STK,14584,INF109KC10S8,PSUBNKIETF,EQ,,,,,ICICIPRAMC - PSUBANKICI,89.28,89.88,87.95,88.76,88.1,88.27,,88.77,,,691678,61618980.67,1402,F1,1,,,,,
2026-08-07,2026-08-07,CM,NSE,STK,754612,INF109K1A476,SMALLIETF,EQ,,,,,ICICIPRAMC - SMALLIETF,18.59,18.59,18.35,18.36,18.44,18.41,,18.36,,,72449,1332021.5,106,F1,1,,,,,
2026-08-07,2026-08-07,CM,NSE,STK,757781,INF109K1A344,TOP15IETF,EQ,,,,,ICICIPRAMC - TOP15IETF,10.13,10.16,10.04,10.12,10.12,10.13,,10.12,,,140597,1424599.21,222,F1,1,,,,,
2026-08-07,2026-08-07,CM,NSE,STK,25851,INF109KC16X5,VAL30IETF,EQ,,,,,ICICIPRAMC - VAL30IETF,15.55,15.66,15.5,15.63,15.6,15.55,,15.63,,,224460,3500198.09,547,F1,1,,,,,
2026-08-07,2026-08-07,CM,NSE,STK,12578,INF109KC17L8,FINIETF,EQ,,,,,ICICIPRAMC-ICICIFIN,34.56,34.56,33.15,33.26,33.37,33.72,,33.26,,,928327,30918299.41,3054,F1,1,,,,,
2026-08-07,2026-08-07,CM,NSE,STK,14523,INE725G01011,ICRA,EQ,,,,,ICRA LIMITED,5161.0,5205.0,4975.0,5092.4,5005.0,5175.4,,5086.87,,,52578,270901451.3,10515,F1,1,,,,,
2026-08-07,2026-08-07,CM,NSE,STK,1476,INE008A01015,IDBI,EQ,,,,,IDBI BANK LIMITED,84.55,84.79,84.0,84.22,84.1,84.54,,84.22,,,2347275,197902058.85,12820,F1,1,,,,,
2026-08-07,2026-08-07,CM,NSE,STK,17142,INE349Y01013,IDEAFORGE,BE,,,,,IDEAFORGE TECHNO LTD,937.0,946.95,898.0,911.65,919.0,916.0,,911.47,,,251014,229948948.55,6073,F1,1,,,,,
2026-08-07,2026-08-07,CM,NSE,STK,24950,INE0T9I01011,IDEALTECHO,SM,,,,,IDEAL TECHNOPLAST IND LTD,204.0,204.0,181.5,181.5,181.5,170.5,,181.5,,,6500,1225175.0,12,F1,500,,,,,
2026-08-07,2026-08-07,CM,NSE,STK,28574,INE0TD101011,IDENTICAL,SM,,,,,IDENTICAL BRAINS STUDIO L,22.8,22.8,17.55,18.35,19.15,19.55,,18.35,,,38000,785900.0,17,F1,2000,,,,,
2026-08-07,2026-08-07,CM,NSE,STK,11184,INE092T01019,IDFCFIRSTB,EQ,,,,,IDFC FIRST BANK LIMITED,85.0,85.14,84.35,84.62,84.62,85.35,,84.62,,,9539702,809106674.74,45972,F1,1,,,,,
2026-08-07,2026-08-07,CM,NSE,STK,9300,INE076C01018,IFBAGRO,BE,,,,,IFB AGRO INDUSTRIES LTD,968.25,990.0,961.0,973.75,978.05,968.25,,973.75,,,3891,3790704.9,155,F1,1,,,,,
2026-08-07,2026-08-07,CM,NSE,STK,1485,INE559A01017,IFBIND,EQ,,,,,IFB INDUSTRIES LTD,1440.0,1476.1,1383.9,1404.4,1408.0,1440.9,,1404.36,,,191002,272967895.8,21440,F1,1,,,,,
2026-08-07,2026-08-07,CM,NSE,STK,1491,INE039A01010,IFCI,EQ,,,,,IFCI LTD,74.69,75.2,73.73,73.98,74.15,74.91,,73.98,,,5929569,440646394.71,21037,F1,1,,,,,
2026-08-07,2026-08-07,CM,NSE,STK,436,INE133Y01011,IFGLEXPOR,EQ,,,,,IFGL REFRACTORIES LIMITED,225.54,229.79,222.06,227.1,225.81,225.45,,227.12,,,66656,15134072.26,2309,F1,1,,,,,
2026-08-07,2026-08-07,CM,NSE,STK,760656,INE01XO07025,1225IFL28,N0,,,,,IFL 12.25% 2028,7570.0,7570.0,7500.0,7500.0,7500.0,7575.0,,7500.0,,,11,82854.98,4,F1,1,,,,,
2026-08-07,2026-08-07,CM,NSE,STK,634,INE188B01013,IGARASHI,EQ,,,,,IGARASHI MOTORS INDIA LTD,491.0,502.0,461.4,465.15,465.7,493.8,,465.19,,,688069,329532505.6,17766,F1,1,,,,,
2026-08-07,2026-08-07,CM,NSE,STK,761116,INE530B07658,837IIFL28,Y4,,,,,IIFL 8.37% TR I SR I,981.2,990.8,981.2,990.8,990.8,981.2,,990.0,,,90,88788.0,3,F1,1,,,,,
2026-08-07,2026-08-07,CM,NSE,STK,761118,INE530B07633,865IIFL31,Y6,,,,,IIFL 8.65% TR I SR III,998.99,998.99,998.99,998.99,998.99,990.0,,998.99,,,150,149848.5,1,F1,1,,,,,
2026-08-07,2026-08-07,CM,NSE,STK,761119,INE530B07617,870IIFL28,Y7,,,,,IIFL 8.70% TR I SR IV,1011.6,1012.5,1011.6,1012.5,1012.5,1029.91,,1012.5,,,22,22265.1,2,F1,1,,,,,
2026-08-07,2026-08-07,CM,NSE,STK,756153,INE530B07484,960IIFL30,Y2,,,,,IIFL 9.60% TR I SR VIII,1040.0,1040.0,990.11,990.11,990.11,1040.0,,990.11,,,205,209851.75,5,F1,1,,,,,
2026-08-07,2026-08-07,CM,NSE,STK,13072,INE489L01022,IIFLCAPS,EQ,,,,,IIFL CAPITAL SERVICES LTD,335.45,336.8,333.3,334.15,334.1,335.45,,334.14,,,741210,247829583.75,10042,F1,1,,,,,
2026-08-07,2026-08-07,CM,NSE,STK,11809,INE530B01024,IIFL,EQ,,,,,IIFL FINANCE LIMITED,607.8,620.0,603.7,611.75,618.8,609.35,,611.81,,,1048214,638455682.3,21781,F1,1,,,,,
2026-08-07,2026-08-07,CM,NSE,STK,761124,INE530B07641,IIFL06326,YC,,,,,IIFL TR I SR IX,980.0,980.0,970.0,980.0,980.0,980.0,,980.0,,,32,31310.0,3,F1,1,,,,,
2026-08-07,2026-08-07,CM,NSE,STK,761122,INE530B07583,IIFL060326,YA,,,,,IIFL TR I SR VII,1002.0,1029.0,1001.0,1005.96,1005.0,1025.0,,1005.96,,,36,36193.0,5,F1,1,,,,,
2026-08-07,2026-08-07,CM,NSE,STK,16822,INE0LOJ01019,IKIO,EQ,,,,,IKIO TECHNOLOGIES LIMITED,201.65,205.24,198.0,204.05,204.0,201.65,,204.07,,,224589,45254504.96,3397,F1,1,,,,,
2026-08-07,2026-08-07,CM,NSE,STK,9380,INE369I01014,IL&FSENGG,BZ,,,,,IL&FS ENG AND CONS CO LTD,35.52,37.05,35.0,36.86,36.5,35.52,,36.86,,,42406,1557546.72,71,F1,1,,,,,
2026-08-07,2026-08-07,CM,NSE,STK,6711,INE050B01023,IVC,EQ,,,,,IL&FS INVESTMENT MANAGERS,8.09,8.24,8.09,8.19,8.2,8.09,,8.19,,,147478,1204042.37,599,F1,1,,,,,
2026-08-07,2026-08-07,CM,NSE,STK,9381,INE975G01012,IL&FSTRANS,BZ,,,,,IL&FS TRANS NET LTD,2.13,2.13,2.06,2.06,2.06,2.09,,2.02,,,14630,30473.99,44,F1,1,,,,,
2026-08-07,2026-08-07,CM,NSE,STK,7672,INE172N01012,IMAGICAA,EQ,,,,,IMAGICAAWORLD ENT LTD,51.99,52.97,49.69,52.14,51.9,51.1,,52.17,,,1999498,103460423.36,5337,F1,1,,,,,
2026-08-07,2026-08-07,CM,NSE,STK,25881,INE691G01015,IMPEXFERRO,BZ,,,,,IMPEX FERRO TECH LIMITED,3.17,3.17,3.17,3.17,3.17,3.02,,3.22,,,20509,65013.53,19,F1,1,,,,,
2026-08-07,2026-08-07,CM,NSE,STK,17507,INE452L01012,INCREDIBLE,EQ,,,,,INCREDIBLE INDUSTRIES LTD,33.36,33.8,32.23,32.51,33.0,33.04,,32.53,,,1532,50309.82,36,F1,1,,,,,
2026-08-07,2026-08-07,CM,NSE,STK,12009,INE547E01014,IMPAL,EQ,,,,,IND MOTOR PART & ACC LTD,1094.5,1113.9,1084.1,1097.7,1108.0,1096.9,,1097.69,,,1306,1441040.6,258,F1,1,,,,,
2026-08-07,2026-08-07,CM,NSE,STK,4870,INE915B01019,INDSWFTLAB,EQ,,,,,IND SWIFT LABORATORIES LT,225.7,233.2,225.0,228.41,228.3,226.48,,228.41,,,277067,63496218.46,4746,F1,1,,,,,
2026-08-07,2026-08-07,CM,NSE,STK,21957,INE611L01021,INDTERRAIN,EQ,,,,,IND TERRAIN FASHIONS LTD,32.5,32.5,31.52,31.7,31.56,32.32,,31.7,,,33494,1060659.31,234,F1,1,,,,,
2026-08-07,2026-08-07,CM,NSE,STK,16933,INE841B01017,INDBANK,EQ,,,,,INDBANK MERCH BANK,32.6,33.75,32.52,32.96,33.25,32.26,,32.94,,,67064,2219851.08,520,F1,1,,,,,
2026-08-07,2026-08-07,CM,NSE,STK,29678,INE0O9T01021,BAJAJINDEF,EQ,,,,,INDEF MANUFACTURING LTD,238.0,238.0,231.25,232.57,231.25,236.77,,232.55,,,16338,3829856.04,386,F1,1,,,,,
2026-08-07,2026-08-07,CM,NSE,STK,23693,INE065X01017,INDGN,EQ,,,,,INDEGENE LIMITED,557.5,561.9,546.1,554.45,552.0,550.2,,554.43,,,963198,534390124.7,24797,F1,1,,,,,
2026-08-07,2026-08-07,CM,NSE,STK,1521,INE560A01023,INDIAGLYCO,EQ,,,,,INDIA GLYCOLS LTD,1148.0,1160.9,1140.0,1143.6,1145.0,1151.0,,1143.63,,,59290,68204589.1,4537,F1,1,,,,,
2026-08-07,2026-08-07,CM,NSE,STK,4747,INE092B01025,INDNIPPON,EQ,,,,,INDIA NIPPON ELECT  LTD,1159.4,1190.0,1135.0,1166.0,1135.0,1152.5,,1166.86,,,34499,40409415.6,3685,F1,1,,,,,
2026-08-07,2026-08-07,CM,NSE,STK,4934,INE0D6701023,IPL,EQ,,,,,INDIA PESTICIDES LIMITED,145.0,145.98,144.8,145.29,145.85,145.61,,145.28,,,68426,9946463.07,1560,F1,1,,,,,
2026-08-07,2026-08-07,CM,NSE,STK,20556,INE922K01024,INDIASHLTR,EQ,,,,,INDIA SHELTER FIN CORP L,715.1,717.95,684.25,691.9,692.0,734.85,,691.87,,,324945,226903261.7,16742,F1,1,,,,,
2026-08-07,2026-08-07,CM,NSE,STK,19299,INE353K01014,ITDC,EQ,,,,,INDIA TOUR. DEV. CO. LTD.,707.0,716.25,700.0,701.75,701.85,708.2,,701.66,,,91054,64258501.55,5082,F1,1,,,,,
2026-08-07,2026-08-07,CM,NSE,STK,25003,INE126M01010,IBULLSLTD,BE,,,,,INDIABULLS LIMITED,31.4,31.9,28.98,29.43,29.52,30.5,,29.42,,,9269855,278504677.82,9611,F1,1,,,,,
2026-08-07,2026-08-07,CM,NSE,STK,10726,INE933S01016,INDIAMART,EQ,,,,,INDIAMART INTERMESH LTD,1763.8,1768.5,1748.0,1755.0,1754.0,1763.5,,1754.99,,,129819,228158046.8,42633,F1,1,,,,,
2026-08-07,2026-08-07,CM,NSE,STK,14309,INE562A01011,INDIANB,EQ,,,,,INDIAN BANK,879.35,899.0,878.1,889.5,889.5,877.9,,889.99,,,4024185,3579603932.85,94213,F1,1,,,,,
2026-08-07,2026-08-07,CM,NSE,STK,4422,INE061A01014,INDIANCARD,EQ,,,,,INDIAN CARD CLOTHING CO.,220.64,227.98,219.85,219.99,219.85,220.15,,220.0,,,1201,266580.96,73,F1,1,,,,,
2026-08-07,2026-08-07,CM,NSE,STK,23789,INE0RRU01016,IEML,SM,,,,,INDIAN EMULSIFIERS LTD,43.45,45.5,43.0,43.95,44.0,41.95,,43.95,,,51000,2256750.0,88,F1,500,,,,,
2026-08-07,2026-08-07,CM,NSE,STK,220,INE022Q01020,IEX,EQ,,,,,INDIAN ENERGY EXC LTD,128.26,128.67,126.52,127.1,127.1,128.83,,127.1,,,2475559,315343577.71,25968,F1,1,,,,,
2026-08-07,2026-08-07,CM,NSE,STK,1530,INE323C01030,INDIANHUME,EQ,,,,,INDIAN HUME PIPE CO. LTD.,390.1,393.0,385.3,392.1,392.0,387.8,,392.1,,,19965,7779179.45,1003,F1,1,,,,,
2026-08-07,2026-08-07,CM,NSE,STK,19235,INE919H01018,IMFA,EQ,,,,,INDIAN METALS & FERRO,1507.0,1511.1,1453.8,1472.2,1474.0,1510.1,,1472.15,,,207743,307651577.0,16996,F1,1,,,,,
2026-08-07,2026-08-07,CM,NSE,STK,1624,INE242A01010,IOC,EQ,,,,,INDIAN OIL CORP LTD,141.99,143.4,141.81,143.38,143.38,142.66,,143.37,,,5173696,738081687.96,27883,F1,1,,,,,
2026-08-07,2026-08-07,CM,NSE,STK,9348,INE565A01014,IOB,EQ,,,,,INDIAN OVERSEAS BANK,34.8,34.8,34.15,34.26,34.3,34.8,,34.26,,,2285872,78664150.61,10205,F1,1,,,,,
2026-08-07,2026-08-07,CM,NSE,STK,25033,INE0DHF01018,IPHL,SM,,,,,INDIAN PHOSPHATE LIMITED,68.5,71.0,68.5,70.25,70.25,70.15,,70.25,,,8400,588480.0,7,F1,1200,,,,,
2026-08-07,2026-08-07,CM,NSE,STK,13611,INE335Y01020,IRCTC,EQ,,,,,INDIAN RAIL TOUR CORP LTD,520.45,521.8,514.2,519.95,520.0,520.45,,519.94,,,994282,516325818.4,25447,F1,1,,,,,
2026-08-07,2026-08-07,CM,NSE,STK,2029,INE053F01010,IRFC,EQ,,,,,INDIAN RAILWAY FIN CORP L,89.29,89.47,88.57,88.75,88.75,89.29,,88.74,,,5732015,509946709.62,36060,F1,1,,,,,
2026-08-07,2026-08-07,CM,NSE,STK,20261,INE202E01016,IREDA,EQ,,,,,INDIAN RENEWABLE ENERGY,120.5,121.9,119.55,119.8,119.8,121.02,,119.82,,,4969707,598245018.5,27453,F1,1,,,,,
2026-08-07,2026-08-07,CM,NSE,STK,762727,INE586E01020,IWP,EQ,,,,,INDIAN WOOD PRODUCTS CO L,34.27,34.98,33.0,33.44,34.15,33.6,,33.45,,,5128,171994.79,44,F1,1,,,,,
2026-08-07,2026-08-07,CM,NSE,STK,2048,INE09VQ01012,INDIGOPNTS,EQ,,,,,INDIGO PAINTS LIMITED,1128.6,1128.6,1109.1,1120.5,1122.4,1128.6,,1120.49,,,32642,36506904.8,5326,F1,1,,,,,
2026-08-07,2026-08-07,CM,NSE,STK,20988,INE219X23014,INDIGRID,IV,,,,,INDIGRID INFRASTRUCT TRST,178.25,178.25,178.1,178.23,178.24,178.49,,178.23,,,670175,119450886.56,3547,F1,1,,,,,
2026-08-07,2026-08-07,CM,NSE,STK,757845,INE06ST01018,INDIQUBE,EQ,,,,,INDIQUBE SPACES LIMITED,182.0,183.25,178.8,182.6,182.0,181.75,,182.49,,,29924,5425333.78,658,F1,1,,,,,
2026-08-07,2026-08-07,CM,NSE,STK,9120,INE760F01028,INDOAMIN,BE,,,,,INDO AMINES LIMITED,132.4,136.0,129.0,130.72,134.35,132.11,,130.74,,,95395,12607337.05,531,F1,1,,,,,
2026-08-07,2026-08-07,CM,NSE,STK,8614,INE803D01021,INDOBORAX,EQ,,,,,INDO BORAX & CHEMICAL LTD,410.25,414.35,391.55,400.4,400.0,410.25,,400.42,,,131535,53094151.4,4064,F1,1,,,,,
2026-08-07,2026-08-07,CM,NSE,STK,11987,INE483B01026,ICIL,EQ,,,,,INDO COUNT INDUSTRIES LTD,421.05,431.95,419.15,426.6,425.4,421.55,,426.58,,,293591,125274345.3,12811,F1,1,,,,,
2026-08-07,2026-08-07,CM,NSE,STK,29025,INE622H01018,INDOFARM,EQ,,,,,INDO FARM EQUIPMENT LTD,161.15,163.89,157.88,158.97,159.0,163.97,,159.02,,,171066,27547825.12,3189,F1,1,,,,,
2026-08-07,2026-08-07,CM,NSE,STK,10993,INE156A01020,INDORAMA,EQ,,,,,INDO RAMA SYNTHETICS LTD,60.0,62.04,59.1,59.45,59.25,60.37,,59.43,,,124739,7517250.3,1511,F1,1,,,,,
2026-08-07,2026-08-07,CM,NSE,STK,13278,INE332H01014,INDOTECH,BE,,,,,INDO TECH TRANSFORM LTD.,3976.8,3976.8,3738.0,3792.6,3775.0,3787.5,,3792.28,,,39280,152776260.2,2041,F1,1,,,,,
2026-08-07,2026-08-07,CM,NSE,STK,25608,INE337M01021,INDOTHAI,EQ,,,,,INDO THAI SEC LTD,99.59,99.59,99.59,99.59,99.59,110.65,,99.46,,,204974,20413360.66,1438,F1,1,,,,,
2026-08-07,2026-08-07,CM,NSE,STK,25503,INE250Z01010,INDOUS,EQ,,,,,INDO US BIOTECH LTD,84.0,84.0,80.75,81.65,81.73,80.35,,81.65,,,18518,1513319.35,209,F1,1,,,,,
2026-08-07,2026-08-07,CM,NSE,STK,764301,INE084101034,INDOMIM,EQ,,,,,INDO-MIM LIMITED,898.2,908.0,850.65,867.35,865.0,878.75,,867.34,,,4341220,3791336978.15,135288,F1,1,,,,,
2026-08-07,2026-08-07,CM,NSE,STK,6782,INE567A01028,NIPPOBATRY,EQ,,,,,INDO-NATIONAL LIMITED,333.45,335.0,325.0,327.1,325.0,333.45,,326.25,,,1737,572251.3,146,F1,1,,,,,
2026-08-07,2026-08-07,CM,NSE,STK,11677,INE873D01024,INDOCO,EQ,,,,,INDOCO REMEDIES LTD.,223.78,224.4,221.04,221.73,221.4,221.83,,221.7,,,34169,7601891.01,891,F1,1,,,,,
2026-08-07,2026-08-07,CM,NSE,STK,757801,INE05J901018,IGCL,EQ,,,,,INDOGULF CROPSCIENCES LTD,73.92,75.88,73.0,73.19,73.0,74.72,,73.19,,,70230,5190777.73,854,F1,1,,,,,
2026-08-07,2026-08-07,CM,NSE,STK,19955,INE866K01023,WAAREEINDO,EQ,,,,,INDOSOLAR LIMITED,333.95,334.2,327.6,327.6,327.6,344.8,,327.68,,,55604,18331633.0,913,F1,1,,,,,
2026-08-07,2026-08-07,CM,NSE,STK,3088,INE896L01010,INDOSTAR,EQ,,,,,INDOSTAR CAPITAL FIN LTD,231.6,234.45,225.65,229.5,225.65,233.4,,229.5,,,86020,19921566.65,1320,F1,1,,,,,
2026-08-07,2026-08-07,CM,NSE,STK,14956,INE227G01018,INDOWIND,BE,,,,,INDOWIND ENERGY LTD,9.08,9.16,8.76,8.98,8.98,9.08,,8.98,,,100481,902236.02,374,F1,1,,,,,
2026-08-07,2026-08-07,CM,NSE,STK,11262,INE203G01027,IGL,EQ,,,,,INDRAPRASTHA GAS LTD,155.0,155.5,151.8,151.94,151.9,154.33,,151.94,,,758514,116236118.23,18127,F1,1,,,,,
2026-08-07,2026-08-07,CM,NSE,STK,4751,INE681B01017,INDRAMEDCO,EQ,,,,,INDRAPRASTHA MEDICAL CORP,375.0,405.9,375.0,380.65,382.15,361.85,,380.66,,,8474274,3315217958.95,137366,F1,1,,,,,
2026-08-07,2026-08-07,CM,NSE,STK,23036,INE0NHL23019,INDUSINVIT,IV,,,,,INDUS INFRA TRUST,136.06,137.95,133.4,136.98,136.9,136.06,,136.98,,,362767,49658512.64,4282,F1,1,,,,,
2026-08-07,2026-08-07,CM,NSE,STK,29135,INE121J01017,INDUSTOWER,EQ,,,,,INDUS TOWERS LIMITED,385.0,386.8,383.1,386.0,386.0,383.3,,386.0,,,3442481,1325229267.95,38122,F1,1,,,,,
2026-08-07,2026-08-07,CM,NSE,STK,5258,INE095A01012,INDUSINDBK,EQ,,,,,INDUSIND BANK LIMITED,1010.3,1024.9,1004.4,1022.0,1022.0,1016.2,,1022.0,,,1727371,1751607103.8,30202,F1,1,,,,,
2026-08-07,2026-08-07,CM,NSE,STK,762717,INE620D01011,INDPRUD,EQ,,,,,INDUSTRIAL & PRU INV CO L,6459.0,6459.0,6227.0,6350.0,6350.0,6472.5,,6350.0,,,193,1227418.5,72,F1,1,,,,,
2026-08-07,2026-08-07,CM,NSE,STK,19525,INE886A01014,IITL,EQ,,,,,INDUSTRIAL INV TRUST LTD,141.1,149.63,141.0,144.86,145.0,141.83,,144.86,,,150934,21829628.08,1973,F1,1,,,,,
2026-08-07,2026-08-07,CM,NSE,STK,15036,INE0MRE01011,INFINIUM,SM,,,,,INFINIUM PHARMACHEM LTD,212.0,220.0,212.0,219.5,219.5,209.95,,219.5,,,7000,1525575.0,14,F1,500,,,,,
2026-08-07,2026-08-07,CM,NSE,STK,757602,INE0MYZ01012,INFLUX,SM,,,,,INFLUX HEALTHTECH LIMITED,290.05,290.05,281.2,283.6,285.0,291.75,,283.6,,,13200,3760410.0,18,F1,600,,,,,
2026-08-07,2026-08-07,CM,NSE,STK,13751,INE663F01032,NAUKRI,EQ,,,,,INFO EDGE (I) LTD,1236.9,1244.0,1222.6,1225.3,1225.3,1240.0,,1225.3,,,747939,920676613.4,55428,F1,1,,,,,
2026-08-07,2026-08-07,CM,NSE,STK,11027,INE344S01016,INFOBEAN,EQ,,,,,INFOBEANS TECHNO. LTD.,166.2,171.35,166.2,167.84,169.32,167.77,,167.83,,,200763,33935191.4,3358,F1,1,,,,,
2026-08-07,2026-08-07,CM,NSE,STK,16588,INE0NNZ01013,INFOLLION,SM,,,,,INFOLLION RESEARCH SER L,153.1,161.4,153.1,161.15,161.0,157.75,,161.15,,,14400,2289760.0,30,F1,400,,,,,
2026-08-07,2026-08-07,CM,NSE,STK,13693,INE669A01022,INFOMEDIA,EQ,,,,,INFOMEDIA PRESS LIMITED,5.43,5.65,5.29,5.31,5.31,5.4,,5.29,,,1952,10482.73,96,F1,1,,,,,
2026-08-07,2026-08-07,CM,NSE,STK,1594,INE009A01021,INFY,EQ,,,,,INFOSYS LIMITED,1160.0,1183.0,1155.6,1175.1,1175.1,1165.0,,1175.08,,,7581410,8909896939.8,176650,F1,1,,,,,
2026-08-07,2026-08-07,CM,NSE,STK,1597,INE177A01018,INGERRAND,EQ,,,,,INGERSOLL-RAND INDIA LTD,4337.0,4375.0,4308.0,4322.4,4322.0,4337.9,,4322.94,,,2755,11967313.7,850,F1,1,,,,,
2026-08-07,2026-08-07,CM,NSE,STK,25323,INE0S1D01010,INNOMET,ST,,,,,INNOMET ADVANCED MATERI L,190.5,190.5,190.5,190.5,190.5,186.8,,190.5,,,44400,8458200.0,36,F1,600,,,,,
2026-08-07,2026-08-07,CM,NSE,STK,21062,INE0DUT01020,INNOVACAP,EQ,,,,,INNOVA CAPTAB LIMITED,959.7,959.7,937.5,944.5,940.7,954.05,,944.55,,,20527,19442455.25,2225,F1,1,,,,,
2026-08-07,2026-08-07,CM,NSE,STK,27754,INE403Y01018,INNOVANA,EQ,,,,,INNOVANA THINKLABS LTD,330.2,330.6,328.5,330.0,330.0,331.8,,330.0,,,922,303877.25,32,F1,1,,,,,
2026-08-07,2026-08-07,CM,NSE,STK,761528,INE0ADB01012,INNOVISION,EQ,,,,,INNOVISION LIMITED,284.6,289.0,282.6,284.8,285.8,285.1,,284.8,,,8814,2507024.35,527,F1,1,,,,,
2026-08-07,2026-08-07,CM,NSE,STK,12193,INE510W01014,INOXGREEN,BE,,,,,INOX GREEN ENERGY SER LTD,172.3,180.5,172.0,179.43,179.5,175.96,,179.43,,,409460,72498616.11,1645,F1,1,,,,,
2026-08-07,2026-08-07,CM,NSE,STK,20607,INE616N01034,INOXINDIA,EQ,,,,,INOX INDIA LIMITED,1947.9,1991.9,1947.4,1954.7,1956.0,1954.4,,1954.72,,,125150,245544588.1,14870,F1,1,,,,,
2026-08-07,2026-08-07,CM,NSE,STK,7852,INE066P01011,INOXWIND,EQ,,,,,INOX WIND LIMITED,78.3,78.7,76.85,78.0,78.0,78.2,,77.99,,,9963031,774537273.24,30279,F1,1,,,,,
2026-08-07,2026-08-07,CM,NSE,STK,14657,INE070I01018,INSECTICID,EQ,,,,,INSECTICIDES (I) LTD,648.15,650.0,641.1,647.7,643.25,650.65,,647.7,,,7455,4814334.2,740,F1,1,,,,,
2026-08-07,2026-08-07,CM,NSE,STK,761099,INE0LGX01024,INA,EQ,,,,,INSOLATION ENERGY LIMITED,112.5,112.5,109.25,110.56,111.4,112.44,,110.56,,,326797,36184869.93,3070,F1,1,,,,,
2026-08-07,2026-08-07,CM,NSE,STK,13734,INE020G01017,INSPIRISYS,BE,,,,,INSPIRISYS SOLUTIONS LTD,98.9,101.98,97.95,100.04,100.0,97.6,,99.85,,,4483,447321.22,51,F1,1,,,,,
2026-08-07,2026-08-07,CM,NSE,STK,30327,INE418N01035,ESSENTIA,BE,,,,,INTEGRA ESSENTIA LIMITED,1.24,1.25,1.22,1.24,1.24,1.23,,1.24,,,790202,980740.79,538,F1,1,,,,,
2026-08-07,2026-08-07,CM,NSE,STK,5926,INE306R01017,INTELLECT,EQ,,,,,INTELLECT DESIGN ARENA,721.95,729.0,715.0,721.35,720.0,721.65,,721.34,,,265077,191437539.25,13817,F1,1,,,,,
2026-08-07,2026-08-07,CM,NSE,STK,20071,INE781A01025,INTENTECH,EQ,,,,,INTENSE TECHNOLOGIES LTD,84.25,88.0,81.0,83.39,82.56,82.99,,83.41,,,57326,4784837.25,834,F1,1,,,,,
2026-08-07,2026-08-07,CM,NSE,STK,24909,INE00M901018,INTERARCH,EQ,,,,,INTERARCH BLDNG SOLTN LTD,1820.0,1820.0,1716.5,1772.8,1781.0,1860.4,,1772.6,,,189487,334634317.1,16100,F1,1,,,,,
2026-08-07,2026-08-07,CM,NSE,STK,11195,INE646L01027,INDIGO,EQ,,,,,INTERGLOBE AVIATION LTD,5284.0,5367.5,5281.0,5333.0,5333.0,5318.5,,5333.06,,,432283,2306031972.0,30283,F1,1,,,,,
2026-08-07,2026-08-07,CM,NSE,STK,22770,INE0OPC01015,INM,SM,,,,,INTERIORS & MORE LIMITED,166.0,166.0,166.0,166.0,166.0,166.0,,166.0,,,600,99600.0,1,F1,600,,,,,
2026-08-07,2026-08-07,CM,NSE,STK,5606,INE575C01027,INTLCONV,EQ,,,,,INTL CONVEYORS LIMITED,74.82,75.94,74.6,74.84,75.0,75.14,,74.83,,,31341,2351551.85,458,F1,1,,,,,
2026-08-07,2026-08-07,CM,NSE,STK,28378,INE0Q9301021,IGIL,EQ,,,,,INTL GEMOLOGICAL INST LTD,358.5,362.95,354.0,355.8,356.1,360.35,,355.79,,,589264,211233896.15,21077,F1,1,,,,,
2026-08-07,2026-08-07,CM,NSE,STK,18479,INE566K01011,ISFT,EQ,,,,,INTRASOFT TECH. LTD,78.65,81.0,76.5,77.9,78.0,78.65,,77.9,,,3861,301641.9,238,F1,1,,,,,
2026-08-07,2026-08-07,CM,NSE,STK,24870,INE878H01024,INVENTURE,EQ,,,,,INVENTURE GRO & SEC LTD,0.93,0.93,0.89,0.9,0.91,0.92,,0.9,,,1803788,1636307.09,396,F1,1,,,,,
2026-08-07,2026-08-07,CM,NSE,STK,28125,INE115Q01022,IKS,EQ,,,,,INVENTURUS KNOWLEDGE SO L,1755.0,1769.7,1686.4,1737.7,1738.0,1763.1,,1737.66,,,307437,530833173.6,23135,F1,1,,,,,
2026-08-07,2026-08-07,CM,NSE,STK,18292,INF205KA1BP1,IVZINGOLD,EQ,,,,,INVESCO INDIA GOLD ETF,128.95,130.4,128.15,129.6,129.5,128.7,,129.65,,,173326,22446117.6,361,F1,1,,,,,
2026-08-07,2026-08-07,CM,NSE,STK,24217,INF205KA1CC7,IVZINNIFTY,EQ,,,,,INVESCO INDIA NIFTY ETF,276.22,283.18,276.22,282.78,282.87,283.31,,282.78,,,1456,411686.58,56,F1,1,,,,,
2026-08-07,2026-08-07,CM,NSE,STK,762725,INE155E01016,INVPRECQ,BE,,,,,INVESTMENT & PREC CAST L,1136.5,1150.0,1100.0,1133.4,1140.0,1136.5,,1134.89,,,1553,1749759.2,119,F1,1,,,,,
2026-08-07,2026-08-07,CM,NSE,STK,760139,INE0XJ501010,INVICTA,SM,,,,,INVICTA DIAGNOSTIC LTD,77.5,77.5,76.25,76.9,76.25,79.0,,76.9,,,4800,369200.0,3,F1,1600,,,,,
2026-08-07,2026-08-07,CM,NSE,STK,20413,INE485C01029,IOLCP,EQ,,,,,IOL CHEM AND PHARMA LTD,164.65,171.0,163.35,167.85,167.5,163.18,,167.85,,,4529409,761432794.75,44129,F1,1,,,,,
2026-08-07,2026-08-07,CM,NSE,STK,1630,INE570A01022,IONEXCHANG,EQ,,,,,ION EXCHANGE (INDIA) LTD,386.95,386.95,368.5,371.6,375.0,386.4,,371.6,,,856556,321732138.8,22456,F1,1,,,,,
2026-08-07,2026-08-07,CM,NSE,STK,1633,INE571A01038,IPCALAB,EQ,,,,,IPCA LABORATORIES LTD,1725.0,1745.0,1711.7,1735.8,1734.3,1734.2,,1735.82,,,79829,138180549.3,11393,F1,1,,,,,
2026-08-07,2026-08-07,CM,NSE,STK,15313,INE821I01022,IRB,EQ,,,,,IRB INFRA DEV LTD.,19.95,19.96,19.59,19.68,19.68,19.93,,19.68,,,7172175,141608297.36,16486,F1,1,,,,,
2026-08-07,2026-08-07,CM,NSE,STK,20817,INE183W23014,IRBINVIT,IV,,,,,IRB INVIT FUND,64.0,64.25,63.85,64.2,64.23,63.87,,64.2,,,818765,52478249.2,4745,F1,1,,,,,
2026-08-07,2026-08-07,CM,NSE,STK,4986,INE962Y01021,IRCON,EQ,,,,,IRCON INTERNATIONAL LTD,131.4,133.19,131.0,131.25,131.35,132.11,,131.25,,,942876,124087195.2,11711,F1,1,,,,,
2026-08-07,2026-08-07,CM,NSE,STK,1391,INE202E07138,880IREDA29,N5,,,,,IREDA 8.80NCDTR I SR II B,1117.0,1122.0,1117.0,1118.0,1118.0,1114.0,,1118.18,,,110,123200.96,8,F1,1,,,,,
2026-08-07,2026-08-07,CM,NSE,STK,2275,INE01GN01025,IRISDOREME,EQ,,,,,IRIS CLOTHINGS LIMITED,54.0,54.8,53.6,54.52,54.75,54.02,,54.52,,,697721,37803281.92,1343,F1,1,,,,,
2026-08-07,2026-08-07,CM,NSE,STK,6489,INE864K01010,IRIS,EQ,,,,,IRIS REGTECH SOLUTION LTD,262.17,269.0,252.03,257.45,256.2,261.54,,257.49,,,14561,3806464.62,395,F1,1,,,,,
2026-08-07,2026-08-07,CM,NSE,STK,19597,INE07U701015,IRMENERGY,EQ,,,,,IRM ENERGY LIMITED,305.85,315.0,288.8,294.25,292.0,293.0,,294.22,,,1269452,386051451.1,26198,F1,1,,,,,
2026-08-07,2026-08-07,CM,NSE,STK,760901,INE413U07459,920ISF28B,N0,,,,,ISF 9.20% 2028 SR A,9866.53,9866.53,9866.53,9866.53,9866.53,10000.0,,9866.53,,,1,9866.53,1,F1,1,,,,,
2026-08-07,2026-08-07,CM,NSE,STK,757708,INE413U07426,950ISF27C,N0,,,,,ISF 9.50% 2027,10004.99,10004.99,10004.99,10004.99,10004.99,10005.01,,10004.99,,,3,30014.97,2,F1,1,,,,,
2026-08-07,2026-08-07,CM,NSE,STK,757890,INE413U07418,975ISF28,N0,,,,,ISF 9.75% NCD 2028,99975.0,99975.0,97011.35,99900.0,99900.0,100700.0,,99900.0,,,13,1287445.4,6,F1,1,,,,,
2026-08-07,2026-08-07,CM,NSE,STK,3329,INE858B01029,ISGEC,EQ,,,,,ISGEC HEAVY ENG LTD,818.0,823.85,811.6,814.7,813.0,820.35,,814.75,,,20296,16582252.1,1975,F1,1,,,,,
2026-08-07,2026-08-07,CM,NSE,STK,30249,INE561M01018,ISHANCH,EQ,,,,,ISHAN DYES N CHEMICALS L,49.0,52.0,48.63,49.54,49.48,49.0,,49.55,,,190733,9606762.75,1182,F1,1,,,,,
2026-08-07,2026-08-07,CM,NSE,STK,10995,INE0LCW01025,ISHAN,SM,,,,,ISHAN INTERNATIONAL LTD,0.45,0.45,0.45,0.45,0.45,0.5,,0.45,,,240000,108000.0,5,F1,48000,,,,,
2026-08-07,2026-08-07,CM,NSE,STK,22645,INE0R7R01018,ITALIANE,SM,,,,,ITALIAN EDIBLES LIMITED,29.75,31.75,29.75,31.75,31.75,31.1,,31.75,,,4000,123000.0,2,F1,2000,,,,,
2026-08-07,2026-08-07,CM,NSE,STK,29251,INE379A01028,ITCHOTELS,EQ,,,,,ITC HOTELS LIMITED,171.0,172.21,168.9,170.65,171.3,171.08,,170.67,,,2944172,501958946.12,30747,F1,1,,,,,
2026-08-07,2026-08-07,CM,NSE,STK,1660,INE154A01025,ITC,EQ,,,,,ITC LTD,285.0,286.1,284.4,286.1,286.1,285.9,,286.1,,,6128841,1747290114.65,66455,F1,1,,,,,
2026-08-07,2026-08-07,CM,NSE,STK,1675,INE248A01017,ITI,EQ,,,,,ITI LTD,286.05,288.95,281.2,282.4,282.0,287.25,,282.44,,,218021,62177497.45,6506,F1,1,,,,,
2026-08-07,2026-08-07,CM,NSE,STK,759041,INE056801025,IVALUE,EQ,,,,,IVALUE INFOSOLUTIONS LTD,276.0,278.0,270.3,273.95,272.0,274.4,,273.88,,,237290,65219404.4,3819,F1,1,,,,,
2026-08-07,2026-08-07,CM,NSE,STK,8857,INE043C01018,IVP,BE,,,,,IVP LIMITED,168.71,168.71,168.71,168.71,168.71,160.68,,168.71,,,9561,1613036.31,51,F1,1,,,,,
2026-08-07,2026-08-07,CM,NSE,STK,757644,INE1AII01014,IWARE,ST,,,,,IWARE SUPPLYCHAIN SER LTD,470.2,472.5,450.0,471.0,471.0,463.0,,471.0,,,16800,7805460.0,28,F1,600,,,,,
2026-08-07,2026-08-07,CM,NSE,STK,14174,INE848A01014,IZMO,EQ,,,,,IZMO LIMITED,1025.0,1028.2,975.0,984.25,987.0,1023.0,,984.27,,,125225,123690875.6,8745,F1,1,,,,,
2026-08-07,2026-08-07,CM,NSE,STK,5633,INE168A01041,J&KBANK,EQ,,,,,J & K BANK LTD.,160.0,161.4,158.3,159.24,159.46,160.08,,159.24,,,2238919,357861252.85,23515,F1,1,,,,,
2026-08-07,2026-08-07,CM,NSE,STK,23056,INE0MB501011,JGCHEM,EQ,,,,,J.G.CHEMICALS LIMITED,539.0,556.0,534.55,552.8,553.75,539.5,,552.79,,,349535,191685238.8,11292,F1,1,,,,,
2026-08-07,2026-08-07,CM,NSE,STK,13211,INE199G01027,JAGRAN,EQ,,,,,JAGRAN PRAKASHAN LIMITED,62.6,63.59,62.56,63.46,63.15,62.78,,63.45,,,210764,13310218.85,1842,F1,1,,,,,
2026-08-07,2026-08-07,CM,NSE,STK,4410,INE048B01035,JAGSNPHARM,EQ,,,,,JAGSONPAL PHARMACEUTICALS,239.68,239.68,229.0,231.21,229.35,238.05,,231.25,,,70632,16587251.73,2135,F1,1,,,,,
2026-08-07,2026-08-07,CM,NSE,STK,14076,INE091G01026,JAIBALAJI,BE,,,,,JAI BALAJI INDUSTRIES LTD,63.95,66.04,62.2,65.61,65.99,62.93,,65.61,,,559390,36225054.89,1340,F1,1,,,,,
2026-08-07,2026-08-07,CM,NSE,STK,5143,INE070D01027,JAICORPLTD,EQ,,,,,JAI CORP LIMITED,105.0,105.8,103.25,103.74,104.0,103.95,,103.74,,,292490,30432109.62,2335,F1,1,,,,,
2026-08-07,2026-08-07,CM,NSE,STK,25684,IN9175A01010,JISLDVREQS,EQ,,,,,JAIN DVR EQUITY SHARES,23.12,23.85,23.0,23.47,23.85,23.15,,23.47,,,16520,382401.68,75,F1,1,,,,,
2026-08-07,2026-08-07,CM,NSE,STK,10397,INE175A01038,JISLJALEQS,EQ,,,,,JAIN IRRIGATION SYSTEMS,31.22,31.64,30.12,30.91,30.88,31.44,,30.91,,,2711809,83616604.15,8256,F1,1,,,,,
2026-08-07,2026-08-07,CM,NSE,STK,759244,INE0YD401026,JAINREC,EQ,,,,,JAIN RESOURCE RECYCLING L,314.95,316.75,307.35,308.4,308.0,315.35,,308.41,,,1550493,481873424.65,26741,F1,1,,,,,
2026-08-07,2026-08-07,CM,NSE,STK,6012,INE02KC01010,JAINAM,SM,,,,,JAINAM FER ALLOYS (I) LTD,235.0,235.0,235.0,235.0,235.0,239.0,,235.0,,,500,117500.0,1,F1,500,,,,,
2026-08-07,2026-08-07,CM,NSE,STK,758303,INE0XIL01012,JAINIK,SM,,,,,JAINIK POWER CABLES LTD,187.45,191.0,187.45,191.0,191.0,187.45,,191.0,,,9600,1819200.0,8,F1,1200,,,,,
2026-08-07,2026-08-07,CM,NSE,STK,11763,INE351F01018,JPPOWER,EQ,,,,,JAIPRAKASH POWER VEN. LTD,18.07,18.21,17.88,17.94,18.0,18.1,,17.94,,,40457176,728338386.32,28549,F1,1,,,,,
2026-08-07,2026-08-07,CM,NSE,STK,20930,INE349X01015,JALAN,ST,,,,,JALAN TRANSOLU. INDIA LTD,1.7,1.7,1.6,1.7,1.7,1.65,,1.7,,,624000,1000800.0,9,F1,3000,,,,,
2026-08-07,2026-08-07,CM,NSE,STK,20778,INE039C01032,JAMNAAUTO,EQ,,,,,JAMNA AUTO IND LTD,144.57,148.9,142.67,144.7,144.36,143.97,,144.7,,,6565721,961457523.55,59628,F1,1,,,,,
2026-08-07,2026-08-07,CM,NSE,STK,22663,INE953L01027,JSFB,EQ,,,,,JANA SMALL FIN BANK LTD,560.95,572.0,543.2,549.4,545.05,560.95,,549.45,,,287311,161019064.6,10083,F1,1,,,,,
2026-08-07,2026-08-07,CM,NSE,STK,759951,INE00YJ01010,JARO,EQ,,,,,JARO INS OF TEC MG N RE L,452.0,460.25,452.0,458.2,456.65,453.65,,458.18,,,93617,42783748.9,2262,F1,1,,,,,
2026-08-07,2026-08-07,CM,NSE,STK,13982,INE039O01029,JASH,EQ,,,,,JASH ENGINEERING LIMITED,498.35,501.95,490.1,498.1,499.05,493.0,,498.09,,,60745,30162330.6,3403,F1,1,,,,,
2026-08-07,2026-08-07,CM,NSE,STK,25037,INE0SMY01017,JAYBEE,SM,,,,,JAY BEE LAMINATIONS LTD,86.5,88.4,84.0,85.95,86.3,86.75,,85.95,,,19500,1670925.0,36,F1,500,,,,,
2026-08-07,2026-08-07,CM,NSE,STK,1708,INE571B01036,JAYBARMARU,EQ,,,,,JAY BHARAT MARUTI LTD,143.15,144.0,139.32,139.32,139.32,146.65,,139.32,,,1358471,190973300.12,3313,F1,1,,,,,
2026-08-07,2026-08-07,CM,NSE,STK,10889,INE0J6801010,KORE,SM,,,,,JAY JALARAM TECHNO LTD,177.5,177.5,170.5,170.5,170.5,177.5,,170.5,,,500,87000.0,2,F1,250,,,,,
2026-08-07,2026-08-07,CM,NSE,STK,4041,INE785A01026,JAYAGROGN,EQ,,,,,JAYANT AGRO ORGANICS LTD,220.0,224.88,218.3,220.7,222.5,224.47,,220.7,,,4470,987167.91,191,F1,1,,,,,
2026-08-07,2026-08-07,CM,NSE,STK,2331,INE854B01010,JAYNECOIND,EQ,,,,,JAYASWAL NECO INDUSTR LTD,92.7,93.24,91.07,92.37,92.3,92.57,,92.37,,,3678095,338989797.0,20424,F1,1,,,,,
2026-08-07,2026-08-07,CM,NSE,STK,759159,INE1AE401014,JAYESH,SM,,,,,JAYESH LOGISTICS LIMITED,145.95,145.95,131.5,140.85,140.9,138.5,,140.85,,,66000,9268300.0,23,F1,1000,,,,,
2026-08-07,2026-08-07,CM,NSE,STK,760073,INE903A01025,JAYKAY,EQ,,,,,JAYKAY ENTERPRISES LTD,156.0,156.87,146.52,148.85,150.0,156.42,,148.79,,,444544,66636536.81,6619,F1,1,,,,,
2026-08-07,2026-08-07,CM,NSE,STK,1720,INE364A01020,JAYSREETEA,EQ,,,,,JAYSHREE TEA & INDUSTRIES,89.45,89.86,86.02,87.02,86.9,89.69,,87.03,,,47586,4163322.13,774,F1,1,,,,,
2026-08-07,2026-08-07,CM,NSE,STK,11655,INE927D01051,JBMA,EQ,,,,,JBM AUTO LIMITED,653.0,660.0,647.0,648.65,648.0,657.55,,648.64,,,161028,105100507.6,7940,F1,1,,,,,
2026-08-07,2026-08-07,CM,NSE,STK,758115,INE0J5801029,JSLL,EQ,,,,,JEENA SIKHO LIFECARE LTD,607.25,612.35,591.3,598.1,601.0,604.25,,598.05,,,531096,318572148.85,20337,F1,1,,,,,
2026-08-07,2026-08-07,CM,NSE,STK,7211,INE982V01025,JETFREIGHT,EQ,,,,,JET FREIGHT LOGISTICS LTD,22.94,23.5,22.94,23.05,22.94,22.94,,23.05,,,59986,1388961.59,331,F1,1,,,,,
2026-08-07,2026-08-07,CM,NSE,STK,18700,INE564T01017,JETKNIT,ST,,,,,JET KNITWEARS LTD.,59.35,59.35,59.35,59.35,59.35,62.45,,59.35,,,750,44512.5,1,F1,750,,,,,
2026-08-07,2026-08-07,CM,NSE,STK,25150,INE0RXB01022,JEYYAM,ST,,,,,JEYYAM GLOBAL FOODS LTD,23.8,24.8,23.8,24.8,24.8,23.75,,24.8,,,204000,4988900.0,36,F1,2000,,,,,
2026-08-07,2026-08-07,CM,NSE,STK,10885,INE0LA901015,JFLLIFE,SM,,,,,JFL LIFE SCIENCES LIMITED,13.6,13.7,13.6,13.65,13.7,13.1,,13.65,,,24000,327300.0,4,F1,6000,,,,,
2026-08-07,2026-08-07,CM,NSE,STK,13720,INE544H01014,JHS,EQ,,,,,JHS SVEND. LAB. LTD,7.8,8.09,7.73,7.83,7.91,7.8,,7.84,,,60823,480181.04,139,F1,1,,,,,
2026-08-07,2026-08-07,CM,NSE,STK,24145,INE03DD01011,RETAIL,EQ,,,,,JHS SVENDGAARD RETAIL V L,17.25,17.89,15.9,16.27,16.49,17.25,,16.28,,,13457,222593.71,182,F1,1,,,,,
2026-08-07,2026-08-07,CM,NSE,STK,31507,INE147P01019,JPOLYINVST,EQ,,,,,JIND POL INV & FIN CO LTD,1070.0,1083.0,1059.4,1066.2,1066.0,1065.8,,1066.2,,,48664,51889872.2,472,F1,1,,,,,
2026-08-07,2026-08-07,CM,NSE,STK,13875,INE742C01031,JINDRILL,EQ,,,,,JINDAL DRILLING IND. LTD,616.8,642.4,609.05,636.05,638.0,615.85,,636.04,,,352870,221925065.5,9904,F1,1,,,,,
2026-08-07,2026-08-07,CM,NSE,STK,11743,INE796G01012,JINDALPHOT,EQ,,,,,JINDAL PHOTO LIMITED,1075.5,1080.0,1060.0,1063.0,1060.1,1063.6,,1063.0,,,2160,2299148.4,273,F1,1,,,,,
2026-08-07,2026-08-07,CM,NSE,STK,1756,INE197D01010,JINDALPOLY,EQ,,,,,JINDAL POLY FILMS LIMITED,637.0,637.0,617.6,620.0,625.4,632.75,,620.01,,,12538,7848996.3,857,F1,1,,,,,
2026-08-07,2026-08-07,CM,NSE,STK,3024,INE324A01032,JINDALSAW,EQ,,,,,JINDAL SAW LIMITED,263.0,273.55,263.0,271.4,270.15,265.25,,271.41,,,1613077,437121270.5,31919,F1,1,,,,,
2026-08-07,2026-08-07,CM,NSE,STK,11236,INE220G01021,JSL,EQ,,,,,JINDAL STAINLESS LIMITED,732.5,738.5,731.3,734.65,734.85,732.5,,734.65,,,139854,102739869.35,12422,F1,1,,,,,
2026-08-07,2026-08-07,CM,NSE,STK,6733,INE749A01030,JINDALSTEL,EQ,,,,,JINDAL STEEL LIMITED,1101.0,1105.7,1092.1,1103.0,1103.0,1101.0,,1103.0,,,392474,431098357.0,14057,F1,1,,,,,
2026-08-07,2026-08-07,CM,NSE,STK,20642,INE247D01039,JINDWORLD,EQ,,,,,JINDAL WORLDWIDE LTD,38.3,40.0,38.0,38.93,38.52,38.5,,38.93,,,10633658,415002991.66,24443,F1,1,,,,,
2026-08-07,2026-08-07,CM,NSE,STK,759206,INE1FF001016,JKIPL,BE,,,,,JINKUSHAL INDUSTRIES LTD,97.49,102.86,96.06,100.49,98.11,97.97,,100.55,,,19488,1947176.73,204,F1,1,,,,,
2026-08-07,2026-08-07,CM,NSE,STK,18143,INE758E01017,JIOFIN,EQ,,,,,JIO FIN SERVICES LTD,263.1,263.4,256.8,256.8,256.8,263.1,,256.81,,,10858220,2815726822.85,74580,F1,1,,,,,
2026-08-07,2026-08-07,CM,NSE,STK,19691,INE863T01013,JITFINFRA,EQ,,,,,JITF INFRALOGISTICS LTD,342.1,344.25,330.0,333.45,333.0,336.8,,333.29,,,13551,4547249.9,714,F1,1,,,,,
2026-08-07,2026-08-07,CM,NSE,STK,18558,INE0N5H01017,JIWANRAM,SM,,,,,JIWANRAM SHEODUTTRA IND L,4.85,4.95,4.85,4.95,4.95,4.95,,4.95,,,12000,58800.0,2,F1,6000,,,,,
2026-08-07,2026-08-07,CM,NSE,STK,13270,INE823G01014,JKCEMENT,EQ,,,,,JK CEMENT LIMITED,5400.5,5428.5,5361.0,5379.5,5375.0,5421.0,,5379.51,,,23148,124605215.0,4989,F1,1,,,,,
2026-08-07,2026-08-07,CM,NSE,STK,13491,INE786A01032,JKLAKSHMI,EQ,,,,,JK LAKSHMI CEMENT LTD,576.0,576.5,563.25,565.0,565.55,571.25,,565.0,,,334378,189466703.15,13572,F1,1,,,,,
2026-08-07,2026-08-07,CM,NSE,STK,11860,INE789E01012,JKPAPER,EQ,,,,,JK PAPER LIMITED,388.9,391.7,384.15,387.05,386.0,389.2,,387.05,,,213330,82530148.8,7306,F1,1,,,,,
2026-08-07,2026-08-07,CM,NSE,STK,14435,INE573A01042,JKTYRE,EQ,,,,,JK TYRE & INDUSTRIES LTD,411.0,414.8,384.15,394.9,396.5,413.25,,394.91,,,3062591,1212026095.35,58447,F1,1,,,,,
2026-08-07,2026-08-07,CM,NSE,STK,15266,INE576I01022,JKIL,EQ,,,,,JKUMAR INFR.LTD.,492.0,504.95,490.15,498.9,496.5,491.75,,498.82,,,249396,124027377.3,9669,F1,1,,,,,
2026-08-07,2026-08-07,CM,NSE,STK,13637,INE780C01023,JMFINANCIL,EQ,,,,,JM FINANCIAL LIMITED,129.9,129.9,124.8,127.46,128.0,129.78,,127.45,,,4242745,538060863.23,21390,F1,1,,,,,
2026-08-07,2026-08-07,CM,NSE,STK,23621,INE0OAF01028,JNKINDIA,EQ,,,,,JNK INDIA LIMITED,417.0,425.0,401.0,403.0,404.2,420.9,,403.0,,,235925,96486801.5,5895,F1,1,,,,,
2026-08-07,2026-08-07,CM,NSE,STK,16931,INE839G01010,JOCIL,BE,,,,,JOCIL LIMITED,150.05,154.0,147.0,147.0,147.0,149.55,,147.0,,,1685,251025.9,18,F1,1,,,,,
2026-08-07,2026-08-07,CM,NSE,STK,762623,INE515A01019,COCKERILL,EQ,,,,,JOHN COCKERILL INDIA LTD.,9499.0,10130.0,9499.0,9635.5,9616.0,9462.0,,9635.93,,,24931,246179536.0,7306,F1,1,,,,,
2026-08-07,2026-08-07,CM,NSE,STK,758460,INE718I01012,JSWCEMENT,EQ,,,,,JSW CEMENT LIMITED,132.4,136.4,132.4,134.29,134.5,132.62,,134.29,,,1543467,207728740.51,22097,F1,1,,,,,
2026-08-07,2026-08-07,CM,NSE,STK,1467,INE133A01011,JSWDULUX,EQ,,,,,JSW DULUX LIMITED,3088.6,3108.7,3000.0,3011.7,3002.0,3077.0,,3011.88,,,17154,52019492.3,5260,F1,1,,,,,
2026-08-07,2026-08-07,CM,NSE,STK,17869,INE121E01018,JSWENERGY,EQ,,,,,JSW ENERGY LIMITED,561.0,567.5,560.0,564.4,564.4,561.5,,564.43,,,1552610,875927374.5,28521,F1,1,,,,,
2026-08-07,2026-08-07,CM,NSE,STK,11880,INE824G01012,JSWHL,EQ,,,,,JSW HOLDINGS LIMITED,12150.0,12247.0,11854.0,12025.0,11949.0,12082.0,,12024.36,,,3996,47783044.0,1694,F1,1,,,,,
2026-08-07,2026-08-07,CM,NSE,STK,19020,INE880J01026,JSWINFRA,EQ,,,,,JSW INFRASTRUCTURE LTD,326.0,341.4,322.4,335.75,340.0,327.5,,335.75,,,2388341,792418028.95,30606,F1,1,,,,,
2026-08-07,2026-08-07,CM,NSE,STK,11723,INE019A01038,JSWSTEEL,EQ,,,,,JSW STEEL LIMITED,1303.8,1309.9,1288.5,1299.5,1299.5,1307.9,,1299.4,,,720726,935530622.7,44698,F1,1,,,,,
2026-08-07,2026-08-07,CM,NSE,STK,3237,INE643A01035,JTEKTINDIA,EQ,,,,,JTEKT INDIA LIMITED,141.16,143.79,138.5,139.8,139.3,141.16,,139.81,,,305619,42979099.67,3362,F1,1,,,,,
2026-08-07,2026-08-07,CM,NSE,STK,7287,INE391J01032,JTLIND,EQ,,,,,JTL INDUSTRIES LIMITED,76.95,77.72,75.7,77.31,77.33,76.81,,77.31,,,2763247,212504492.94,13537,F1,1,,,,,
2026-08-07,2026-08-07,CM,NSE,STK,29590,INE03CC01015,JUBLCPL,EQ,,,,,JUBILANT AGRI N CON PRO L,1919.5,1920.0,1845.0,1852.8,1846.0,1890.3,,1848.45,,,2704,5069147.9,488,F1,1,,,,,
2026-08-07,2026-08-07,CM,NSE,STK,18096,INE797F01020,JUBLFOOD,EQ,,,,,JUBILANT FOODWORKS LTD,470.0,488.0,469.4,486.5,486.5,473.0,,486.47,,,4147385,2006528291.35,60407,F1,1,,,,,
2026-08-07,2026-08-07,CM,NSE,STK,2783,INE0BY001018,JUBLINGREA,EQ,,,,,JUBILANT INGREVIA LIMITED,755.0,766.6,733.65,740.25,741.5,757.0,,740.23,,,550401,412015289.45,29510,F1,1,,,,,
2026-08-07,2026-08-07,CM,NSE,STK,3637,INE700A01033,JUBLPHARMA,EQ,,,,,JUBILANT PHARMOVA LTD,926.0,945.0,914.4,932.0,928.0,926.25,,931.99,,,168059,156415297.0,11575,F1,1,,,,,
2026-08-07,2026-08-07,CM,NSE,STK,7109,INE412C01023,JMA,EQ,,,,,JULLUNDUR MOT AGENCY LTD,89.29,89.29,87.0,88.41,87.99,87.29,,88.41,,,4315,381422.15,152,F1,1,,,,,
2026-08-07,2026-08-07,CM,NSE,STK,764408,INE05C901015,JNPR,EQ,,,,,JUNIPER GREEN ENERGY LTD,261.8,264.36,247.0,250.22,251.3,259.71,,250.2,,,7424740,1904142648.15,131175,F1,1,,,,,
2026-08-07,2026-08-07,CM,NSE,STK,22824,INE696F01016,JUNIPER,EQ,,,,,JUNIPER HOTELS LIMITED,196.0,197.47,193.73,194.85,194.9,198.05,,194.85,,,216566,42237595.14,2392,F1,1,,,,,
2026-08-07,2026-08-07,CM,NSE,STK,18553,INE682M01020,JLHL,EQ,,,,,JUPITER LIFE LINE HOSP L,320.8,324.5,316.55,320.2,324.5,319.25,,320.21,,,257379,82379449.4,7262,F1,1,,,,,
2026-08-07,2026-08-07,CM,NSE,STK,20224,INE209L01016,JWL,EQ,,,,,JUPITER WAGONS LIMITED,261.05,261.75,258.8,260.0,259.7,262.1,,260.0,,,433724,112908872.6,8662,F1,1,,,,,
2026-08-07,2026-08-07,CM,NSE,STK,29962,INE599M01018,JUSTDIAL,EQ,,,,,JUSTDIAL LTD.,682.0,700.0,678.0,683.3,683.0,681.55,,683.27,,,237119,163447063.2,8391,F1,1,,,,,
2026-08-07,2026-08-07,CM,NSE,STK,15146,INE668F01031,JYOTHYLAB,EQ,,,,,JYOTHY LABS LIMITED,205.5,208.1,203.94,206.47,206.0,205.87,,206.47,,,428075,88278000.13,10866,F1,1,,,,,
2026-08-07,2026-08-07,CM,NSE,STK,21334,INE980O01024,JYOTICNC,EQ,,,,,JYOTI CNC AUTOMATION LTD,863.35,873.0,738.9,784.3,779.0,865.05,,784.3,,,6950507,5432840412.9,208927,F1,1,,,,,
2026-08-07,2026-08-07,CM,NSE,STK,758221,INE1M3T01017,JYOTIGLOBL,SM,,,,,JYOTI GLOBAL PLAST LTD,39.0,40.1,39.0,40.1,40.1,38.35,,40.1,,,10000,396000.0,5,F1,2000,,,,,
2026-08-07,2026-08-07,CM,NSE,STK,1802,INE197A01024,JYOTISTRUC,EQ,,,,,JYOTI STRUCTURES LTD,11.68,11.82,11.41,11.44,11.48,11.71,,11.44,,,4660535,53854876.64,5089,F1,1,,,,,
2026-08-07,2026-08-07,CM,NSE,STK,14667,INE157H01023,KMSUGAR,EQ,,,,,K M SUGAR MILLS LTD,28.55,29.0,28.0,28.14,28.01,28.37,,28.14,,,57863,1640664.96,473,F1,1,,,,,
2026-08-07,2026-08-07,CM,NSE,STK,27079,INE127T01021,KPEL,EQ,,,,,K.P. ENERGY LIMITED,304.0,308.0,300.4,302.5,304.0,304.2,,302.51,,,166612,50452091.0,3905,F1,1,,,,,
2026-08-07,2026-08-07,CM,NSE,STK,23462,INE0DEZ01013,K2INFRA,ST,,,,,K2 INFRAGEN LIMITED,52.8,53.75,52.35,53.75,53.75,53.95,,53.75,,,2400,127590.0,4,F1,600,,,,,
2026-08-07,2026-08-07,CM,NSE,STK,1805,INE900B01029,KABRAEXTRU,EQ,,,,,KABRA EXTRUSION TECHNIK L,472.0,482.8,439.5,448.6,452.0,477.6,,448.62,,,810718,372383422.25,20484,F1,1,,,,,
2026-08-07,2026-08-07,CM,NSE,STK,29192,INE0XOW01017,KKJEWELS,SM,,,,,KABRA JEWELS LIMITED,101.0,101.0,101.0,101.0,101.0,100.35,,101.0,,,1000,101000.0,1,F1,1000,,,,,
2026-08-07,2026-08-07,CM,NSE,STK,1808,INE217B01036,KAJARIACER,EQ,,,,,KAJARIA CERAMICS LTD,1175.0,1179.0,1158.4,1167.3,1163.9,1175.4,,1167.25,,,204282,238368674.8,11733,F1,1,,,,,
2026-08-07,2026-08-07,CM,NSE,STK,8945,INE437B01014,KAKATCEM,BE,,,,,KAKATIYA CEM SUGAR &IND L,116.5,118.49,116.1,118.45,118.45,116.55,,118.45,,,1092,127269.27,30,F1,1,,,,,
2026-08-07,2026-08-07,CM,NSE,STK,25443,INE0T0L01014,KALANA,SM,,,,,KALANA ISPAT LIMITED,18.5,19.2,18.5,19.15,19.15,18.7,,19.15,,,10000,190400.0,5,F1,2000,,,,,
2026-08-07,2026-08-07,CM,NSE,STK,758558,INE227J01012,KALPATARU,EQ,,,,,KALPATARU LIMITED,281.65,289.4,281.6,287.1,286.3,283.0,,287.09,,,40445,11571311.0,1174,F1,1,,,,,
2026-08-07,2026-08-07,CM,NSE,STK,1814,INE220B01022,KPIL,EQ,,,,,KALPATARU PROJECT INT LTD,1288.1,1323.9,1284.1,1317.2,1316.7,1294.1,,1317.13,,,120583,157579128.2,12924,F1,1,,,,,
2026-08-07,2026-08-07,CM,NSE,STK,2955,INE303R01014,KALYANKJIL,EQ,,,,,KALYAN JEWELLERS IND LTD,607.0,630.0,601.15,606.3,606.3,598.0,,606.72,,,33255299,20526263263.2,276292,F1,1,,,,,
2026-08-07,2026-08-07,CM,NSE,STK,15156,INE314G01014,KALYANIFRG,EQ,,,,,KALYANI FORGE LIMITED,611.3,640.0,604.4,635.4,638.8,606.35,,635.56,,,4031,2524946.4,231,F1,1,,,,,
2026-08-07,2026-08-07,CM,NSE,STK,21119,INE029L01018,KICL,EQ,,,,,KALYANI INVEST CO LTD,5551.0,5698.5,5548.0,5646.5,5630.0,5528.0,,5646.5,,,1262,7095067.5,295,F1,1,,,,,
2026-08-07,2026-08-07,CM,NSE,STK,18889,INE907A01026,KSL,EQ,,,,,KALYANI STEELS LIMITED,882.25,893.95,830.0,848.4,850.0,882.25,,848.41,,,123506,106390226.3,6762,F1,1,,,,,
2026-08-07,2026-08-07,CM,NSE,STK,762732,INE411F01010,KAMAHOLD,EQ,,,,,KAMA HOLDINGS LTD.,2510.6,2525.0,2490.0,2506.7,2520.1,2510.4,,2505.74,,,2062,5180891.0,326,F1,1,,,,,
2026-08-07,2026-08-07,CM,NSE,STK,1826,INE967C01018,KAMATHOTEL,EQ,,,,,KAMAT HOTELS (I) LTD,170.4,174.58,168.62,170.8,169.2,172.06,,170.8,,,21552,3689162.67,748,F1,1,,,,,
2026-08-07,2026-08-07,CM,NSE,STK,13461,INE390H01020,KAMDHENU,BE,,,,,KAMDHENU LIMITED,35.5,35.9,34.9,35.18,35.5,35.05,,35.19,,,337671,11994787.56,760,F1,1,,,,,
2026-08-07,2026-08-07,CM,NSE,STK,13814,INE0BTI01037,KAMOPAINTS,EQ,,,,,KAMDHENU VENTURES LIMITED,4.52,4.62,4.52,4.59,4.6,4.56,,4.59,,,140824,644475.18,397,F1,1,,,,,
2026-08-07,2026-08-07,CM,NSE,STK,25786,INE879E01037,KANANIIND,EQ,,,,,KANANI INDUSTRIES LTD,1.51,1.53,1.5,1.51,1.52,1.51,,1.51,,,62425,94685.94,303,F1,1,,,,,
2026-08-07,2026-08-07,CM,NSE,STK,762740,INE081G01019,KANCHI,BE,,,,,KANCHI KARPOORAM LTD.,360.1,368.0,360.0,367.95,368.0,361.9,,367.95,,,1073,394234.85,23,F1,1,,,,,
2026-08-07,2026-08-07,CM,NSE,STK,11208,INE0MOT01016,KANDARP,SM,,,,,KANDARP DG SMART BPO LTD,93.0,103.0,93.0,102.75,102.75,98.5,,102.75,,,19000,1906650.0,18,F1,1000,,,,,
2026-08-07,2026-08-07,CM,NSE,STK,9805,INE138C01024,KANORICHEM,BE,,,,,KANORIACHEMICALS-,152.8,156.9,148.5,149.69,151.4,151.07,,150.05,,,16325,2488837.04,150,F1,1,,,,,
2026-08-07,2026-08-07,CM,NSE,STK,1782,INE694E01014,KANPRPLA,EQ,,,,,KANPUR PLASTIPACK LIMITED,207.03,211.3,206.97,209.09,208.2,207.03,,209.1,,,8703,1822463.21,464,F1,1,,,,,
2026-08-07,2026-08-07,CM,NSE,STK,1196,INE531A01024,KANSAINER,EQ,,,,,KANSAI NEROLAC PAINTS LTD,211.24,215.72,208.85,212.35,211.71,211.12,,212.39,,,497032,105237222.39,8351,F1,1,,,,,
2026-08-07,2026-08-07,CM,NSE,STK,18967,INE542Z01028,KAPSTON,EQ,,,,,KAPSTON SERVICES LIMITED,525.0,530.0,509.0,525.9,529.0,515.5,,525.9,,,37556,19524664.8,1507,F1,1,,,,,
2026-08-07,2026-08-07,CM,NSE,STK,24385,INE725L01011,KARMAENG,EQ,,,,,KARMA ENERGY LIMITED,39.53,44.95,38.22,41.21,41.1,39.03,,41.21,,,45791,1955692.48,740,F1,1,,,,,
2026-08-07,2026-08-07,CM,NSE,STK,8054,INE614B01018,KTKBANK,EQ,,,,,KARNATAKA BANK LIMITED,306.7,313.95,305.6,310.0,311.0,306.8,,310.0,,,5176455,1604302494.5,39605,F1,1,,,,,
2026-08-07,2026-08-07,CM,NSE,STK,19465,INE0MGA01012,KARNIKA,SM,,,,,KARNIKA INDUSTRIES LTD,119.0,119.0,114.05,117.0,117.0,116.5,,117.0,,,31000,3648500.0,23,F1,1000,,,,,
2026-08-07,2026-08-07,CM,NSE,STK,1838,INE036D01028,KARURVYSYA,EQ,,,,,KARUR VYSYA BANK LTD,336.0,339.2,334.05,335.55,335.5,337.5,,335.55,,,816142,274817265.05,21535,F1,1,,,,,
2026-08-07,2026-08-07,CM,NSE,STK,24528,INE0SVY01018,KATARIA,SM,,,,,KATARIA INDUSTRIES LTD,97.0,97.1,97.0,97.1,97.1,97.75,,97.1,,,1200,116460.0,2,F1,600,,,,,
2026-08-07,2026-08-07,CM,NSE,STK,15140,INE234I01028,KAUSHALYA,BE,,,,,KAUSHALYA INFRA DEV LTD.,950.0,950.0,916.1,943.7,935.1,951.05,,944.5,,,140,130388.6,24,F1,1,,,,,
2026-08-07,2026-08-07,CM,NSE,STK,21186,INE0Q2V01012,KLL,SM,,,,,KAUSHALYA LOGISTICS LTD,22.5,23.0,22.2,22.9,22.9,22.6,,22.9,,,11200,253880.0,13,F1,800,,,,,
2026-08-07,2026-08-07,CM,NSE,STK,14972,INE455I01029,KSCL,EQ,,,,,KAVERI SEED CO. LTD.,771.9,776.85,762.0,764.45,766.4,770.85,,764.45,,,56736,43633368.45,4209,F1,1,,,,,
2026-08-07,2026-08-07,CM,NSE,STK,15244,INE641C01019,KAVDEFENCE,EQ,,,,,KAVVERI DFS & WIR TEC LTD,57.01,58.18,56.65,56.9,57.24,57.16,,56.91,,,93917,5371543.02,1268,F1,1,,,,,
2026-08-07,2026-08-07,CM,NSE,STK,21173,INE0RCG01017,KCEIL,SM,,,,,KAY CEE ENERGY & INFRA L,83.95,89.0,82.25,85.65,85.7,83.95,,85.65,,,19000,1628650.0,31,F1,500,,,,,
2026-08-07,2026-08-07,CM,NSE,STK,10276,INE587G01015,KAYA,EQ,,,,,KAYA LIMITED,276.9,276.9,268.65,271.0,272.95,273.7,,271.02,,,5168,1408204.6,131,F1,1,,,,,
2026-08-07,2026-08-07,CM,NSE,STK,12092,INE918Z01012,KAYNES,EQ,,,,,KAYNES TECHNOLOGY IND LTD,3830.0,3899.0,3806.0,3856.3,3856.3,3830.0,,3856.02,,,806763,3102746348.7,48616,F1,1,,,,,
2026-08-07,2026-08-07,CM,NSE,STK,758868,INE13ZD01013,KAYTEX,SM,,,,,KAYTEX FABRICS LIMITED,56.25,59.1,56.25,59.1,59.1,58.65,,59.1,,,10400,608800.0,8,F1,800,,,,,
2026-08-07,2026-08-07,CM,NSE,STK,10293,INE0J1E01027,KCK,SM,,,,,KCK INDUSTRIES LTD,16.5,16.55,15.75,16.45,16.5,16.55,,16.45,,,402500,6451375.0,86,F1,2500,,,,,
2026-08-07,2026-08-07,CM,NSE,STK,1841,INE805C01028,KCP,EQ,,,,,KCP LTD,151.1,156.5,150.0,154.96,155.05,151.35,,154.86,,,173300,26500483.97,2802,F1,1,,,,,
2026-08-07,2026-08-07,CM,NSE,STK,4809,INE790B01024,KCPSUGIND,EQ,,,,,KCP SUGAR IND CORP LTD.,30.5,31.03,29.51,29.96,30.02,30.73,,29.95,,,269107,8133336.21,1009,F1,1,,,,,
2026-08-07,2026-08-07,CM,NSE,STK,14908,INE291D01011,KDDL,EQ,,,,,KDDL LIMITED,3699.8,3863.6,3688.8,3843.9,3810.0,3706.1,,3843.91,,,53669,204718859.6,8117,F1,1,,,,,
2026-08-07,2026-08-07,CM,NSE,STK,13260,INE389H01022,KEC,EQ,,,,,KEC INTL. LIMITED,475.0,480.45,472.1,478.85,477.6,477.7,,478.88,,,585339,279167771.35,18298,F1,1,,,,,
2026-08-07,2026-08-07,CM,NSE,STK,13310,INE878B01027,KEI,EQ,,,,,KEI INDUSTRIES LTD.,5569.0,5629.0,5542.3,5600.0,5600.0,5595.0,,5601.7,,,273169,1529106654.5,28248,F1,1,,,,,
2026-08-07,2026-08-07,CM,NSE,STK,13430,INE164B01030,KELLTONTEC,EQ,,,,,KELLTON TECH SOL LTD,14.15,14.26,14.05,14.12,14.14,14.19,,14.12,,,761475,10759349.32,2391,F1,1,,,,,
2026-08-07,2026-08-07,CM,NSE,STK,29547,INE15DO01012,KEN,SM,,,,,KEN ENTERPRISES LIMITED,38.05,40.25,38.05,39.1,39.1,38.05,,39.1,,,21600,846480.0,17,F1,1200,,,,,
2026-08-07,2026-08-07,CM,NSE,STK,11841,INE717A01029,KENNAMET,EQ,,,,,KENNAMETAL INDIA LIMITED,3138.1,3343.0,3094.1,3309.9,3315.0,3123.7,,3309.79,,,37533,123229329.3,7898,F1,1,,,,,
2026-08-07,2026-08-07,CM,NSE,STK,13121,INE202H01019,KERNEX,EQ,,,,,KERNEX MICROSYS(I) LTD,2432.5,2513.4,2400.0,2451.8,2470.0,2432.5,,2451.68,,,140532,344346636.5,11293,F1,1,,,,,
2026-08-07,2026-08-07,CM,NSE,STK,4981,INE087A01019,KESORAMIND,BE,,,,,KESORAM INDUSTRIES LTD,12.74,12.74,12.74,12.74,12.74,13.0,,12.8,,,788460,10044980.4,422,F1,1,,,,,
2026-08-07,2026-08-07,CM,NSE,STK,13381,INE401H01017,KKCL,EQ,,,,,KEWAL KIRAN CLOTHING LTD,525.0,533.95,510.6,513.5,512.25,522.5,,513.51,,,88328,45725610.75,3064,F1,1,,,,,
2026-08-07,2026-08-07,CM,NSE,STK,4157,INE681C01015,KEYFINSERV,EQ,,,,,KEYNOTE FIN SERV LTD.,245.3,254.0,245.3,248.6,248.55,252.45,,248.46,,,1126,280280.75,50,F1,1,,,,,
2026-08-07,2026-08-07,CM,NSE,STK,12219,INE263M01029,RUSTOMJEE,EQ,,,,,KEYSTONE REALTORS LIMITED,384.9,387.65,375.9,380.0,378.8,383.9,,380.01,,,88069,33500346.9,2376,F1,1,,,,,
2026-08-07,2026-08-07,CM,NSE,STK,13359,INE138Y01010,KFINTECH,EQ,,,,,KFIN TECHNOLOGIES LIMITED,931.95,937.0,925.0,936.0,936.0,930.0,,936.0,,,295773,275693902.35,11585,F1,1,,,,,
2026-08-07,2026-08-07,CM,NSE,STK,433,INE834I01025,KHADIM,BE,,,,,KHADIM INDIA LIMITED,98.39,98.39,96.0,96.65,97.96,97.04,,96.73,,,16407,1588393.26,174,F1,1,,,,,
2026-08-07,2026-08-07,CM,NSE,STK,3912,INE731C01018,KHAITANLTD,EQ,,,,,KHAITAN (INDIA)LTD.,157.9,160.0,153.05,156.24,157.79,157.13,,156.9,,,9048,1404177.19,584,F1,1,,,,,
2026-08-07,2026-08-07,CM,NSE,STK,896,INE745B01028,KHAICHEM,EQ,,,,,KHAITAN CHEM & FERT LTD,53.56,54.0,51.54,52.0,52.48,53.56,,52.03,,,151748,7965096.34,1000,F1,1,,,,,
2026-08-07,2026-08-07,CM,NSE,STK,9641,INE060B01014,KHANDSE,EQ,,,,,KHANDWALA SECURITIES LTD,17.28,17.44,17.0,17.4,17.42,17.05,,17.4,,,180,3094.81,15,F1,1,,,,,
2026-08-07,2026-08-07,CM,NSE,STK,9570,INE00UG01014,KHFM,SM,,,,,KHFM HOS FAC MANA SER LTD,44.55,49.4,44.5,49.4,49.4,49.7,,49.4,,,12400,565672.5,8,F1,1550,,,,,
2026-08-07,2026-08-07,CM,NSE,STK,762747,INE338F01015,KLBRENG-B,EQ,,,,,KILBURN ENGINEERING LTD.,404.0,404.0,385.3,388.9,391.8,399.05,,388.91,,,79688,31268829.95,4871,F1,1,,,,,
2026-08-07,2026-08-07,CM,NSE,STK,19941,INE729D01010,KILITCH,BE,,,,,KILITCH DRUGS INDIA LTD,190.0,194.95,187.0,193.52,190.5,192.23,,193.52,,,30466,5804338.12,195,F1,1,,,,,
2026-08-07,2026-08-07,CM,NSE,STK,18944,INE473D01015,KINGFA,EQ,,,,,KINGFA SCI & TEC IND LTD.,5344.0,5600.0,5305.0,5549.5,5526.0,5344.0,,5549.74,,,46554,257355129.5,9333,F1,1,,,,,
2026-08-07,2026-08-07,CM,NSE,STK,19126,INE880L01014,KIOCL,EQ,,,,,KIOCL LIMITED,392.0,397.3,389.05,391.75,392.05,394.45,,391.66,,,61702,24220895.85,2783,F1,1,,,,,
2026-08-07,2026-08-07,CM,NSE,STK,762742,INE555P01013,KIRANVYPAR,EQ,,,,,KIRAN VYAPAR LTD.,198.5,202.9,198.0,198.36,198.0,197.57,,198.43,,,573,114008.6,29,F1,1,,,,,
2026-08-07,2026-08-07,CM,NSE,STK,16639,INE415I01015,KIRIINDUS,EQ,,,,,KIRI INDUSTRIES LIMITED,436.0,441.0,426.05,427.9,427.1,436.55,,427.92,,,178655,77401318.75,6575,F1,1,,,,,
2026-08-07,2026-08-07,CM,NSE,STK,18581,INE732A01036,KIRLOSBROS,EQ,,,,,KIRLOSKAR BROTHERS LTD,1958.0,1958.0,1882.5,1901.7,1902.3,1959.4,,1901.71,,,56825,109136030.9,6210,F1,1,,,,,
2026-08-07,2026-08-07,CM,NSE,STK,18220,INE134B01017,KECL,EQ,,,,,KIRLOSKAR ELECTRIC CO LTD,150.8,150.8,142.37,143.51,143.9,148.39,,143.5,,,324299,47109585.98,6000,F1,1,,,,,
2026-08-07,2026-08-07,CM,NSE,STK,14466,INE884B01025,KIRLFER,EQ,,,,,KIRLOSKAR FERROUS IND LTD,452.6,452.8,443.4,445.1,444.25,444.35,,445.09,,,34049,15181299.9,1782,F1,1,,,,,
2026-08-07,2026-08-07,CM,NSE,STK,19025,INE250A01039,KIRLOSIND,EQ,,,,,KIRLOSKAR INDUSTRIES LTD,3750.0,3844.9,3736.0,3759.6,3758.0,3767.2,,3759.7,,,4090,15432574.0,1248,F1,1,,,,,
2026-08-07,2026-08-07,CM,NSE,STK,20936,INE146L01010,KIRLOSENG,EQ,,,,,KIRLOSKAR OIL ENG LTD,2028.1,2214.0,1999.0,2161.7,2161.5,2248.9,,2161.88,,,1420885,3068339005.0,124055,F1,1,,,,,
2026-08-07,2026-08-07,CM,NSE,STK,15180,INE811A01020,KIRLPNU,EQ,,,,,KIRLOSKAR PNEUMATIC COM L,1458.0,1464.9,1431.2,1439.9,1440.0,1455.2,,1439.93,,,72023,103772871.0,9312,F1,1,,,,,
2026-08-07,2026-08-07,CM,NSE,STK,28899,INE602G01020,KITEX,EQ,,,,,KITEX GARMENTS LTD,144.68,147.79,144.0,144.85,144.84,144.74,,144.86,,,420665,61432494.82,4577,F1,1,,,,,
2026-08-07,2026-08-07,CM,NSE,STK,760923,INE0KNW01016,KNAGRI,EQ,,,,,KN AGRI RESOURCES LIMITED,211.65,211.65,203.1,205.47,204.55,211.65,,205.47,,,6846,1415657.56,290,F1,1,,,,,
2026-08-07,2026-08-07,CM,NSE,STK,763839,INE17QZ01016,KNACK,EQ,,,,,KNACK PACKAGING LIMITED,207.5,211.58,202.76,208.34,207.4,207.71,,208.32,,,1222765,253450863.8,16675,F1,1,,,,,
2026-08-07,2026-08-07,CM,NSE,STK,27084,INE0CJD01029,KMEW,EQ,,,,,KNOWLEDGE MARINE & EN W L,2513.0,2545.0,2490.0,2528.4,2505.5,2519.2,,2528.25,,,35788,90026861.8,6925,F1,1,,,,,
2026-08-07,2026-08-07,CM,NSE,STK,758431,INE1JAR25012,KRT,RR,,,,,KNOWLEDGE REALTY TRUST,117.6,117.98,117.1,117.32,117.14,117.1,,117.33,,,600473,70451883.01,2973,F1,1,,,,,
2026-08-07,2026-08-07,CM,NSE,STK,15283,INE634I01029,KNRCON,EQ,,,,,KNR CONSTRU LTD.,140.0,142.0,138.0,139.99,142.0,140.35,,139.99,,,1538765,214608583.26,14658,F1,1,,,,,
2026-08-07,2026-08-07,CM,NSE,STK,18751,INE0Q7P01013,KODYTECH,SM,,,,,KODY TECHNOLAB LIMITED,1360.0,1370.0,1325.0,1359.3,1370.0,1371.45,,1359.3,,,8600,11585970.0,61,F1,100,,,,,
2026-08-07,2026-08-07,CM,NSE,STK,3009,INE080B01012,KOHINOOR,EQ,,,,,KOHINOOR FOODS LIMITED,23.0,23.45,22.65,23.05,22.83,23.14,,23.04,,,29887,690467.09,1193,F1,1,,,,,
2026-08-07,2026-08-07,CM,NSE,STK,16827,INE760A01029,KOKUYOCMLN,EQ,,,,,KOKUYO CAMLIN LIMITED,89.1,89.1,84.4,85.01,85.0,89.95,,85.03,,,152853,13066294.68,1919,F1,1,,,,,
2026-08-07,2026-08-07,CM,NSE,STK,15124,INE094I01018,KOLTEPATIL,EQ,,,,,KOLTE PATIL DEV. LTD.,430.9,450.0,426.25,445.1,446.0,429.3,,445.09,,,369103,160915979.5,11695,F1,1,,,,,
2026-08-07,2026-08-07,CM,NSE,STK,22475,INE0QEI01011,KONSTELEC,ST,,,,,KONSTELEC ENGINEERS LTD,62.15,64.85,62.15,62.6,62.6,65.0,,62.6,,,9000,566850.0,9,F1,1000,,,,,
2026-08-07,2026-08-07,CM,NSE,STK,4951,INE082A01010,KOPRAN,BE,,,,,KOPRAN LTD,190.66,190.66,181.13,181.22,181.13,190.66,,181.27,,,282150,51659184.56,1769,F1,1,,,,,
2026-08-07,2026-08-07,CM,NSE,STK,16758,INE0O4R01018,KDL,SM,,,,,KORE DIGITAL LIMITED,102.2,105.0,101.0,102.65,104.3,102.9,,102.65,,,28050,2853277.5,103,F1,150,,,,,
2026-08-07,2026-08-07,CM,NSE,STK,14858,INF174KA1HJ8,GOLD1,EQ,,,,,KOTAK GOLD ETF,123.49,125.0,122.63,124.73,124.89,123.49,,124.74,,,6021851,746825942.42,7826,F1,1,,,,,
2026-08-07,2026-08-07,CM,NSE,STK,1922,INE237A01036,KOTAKBANK,EQ,,,,,KOTAK MAHINDRA BANK LTD,393.0,394.85,387.75,390.75,390.75,394.0,,390.75,,,7315232,2854394732.9,110230,F1,1,,,,,
2026-08-07,2026-08-07,CM,NSE,STK,18102,INF174K014P6,NIFTY1,EQ,,,,,KOTAK NIFTY ETF,281.01,281.01,270.14,271.82,271.0,272.83,,271.85,,,40114,10932458.25,1261,F1,1,,,,,
2026-08-07,2026-08-07,CM,NSE,STK,15061,INF174KA1A86,PSUBANK,EQ,,,,,KOTAK PSU BANK,87.4,88.76,86.91,87.44,87.0,86.96,,87.47,,,197035,17310058.71,838,F1,1,,,,,
2026-08-07,2026-08-07,CM,NSE,STK,759885,INF174KA1XV0,CHEMICAL,EQ,,,,,KOTAKMAMC - CHEMICAL,31.18,31.18,30.6,30.69,30.83,30.9,,30.69,,,775746,23873643.44,1342,F1,1,,,,,
2026-08-07,2026-08-07,CM,NSE,STK,7412,INF174KA1IA5,ALPHA,EQ,,,,,KOTAKMAMC - KOTAKALPHA,52.7,53.7,52.7,53.48,53.2,53.51,,53.49,,,641420,34336413.77,2294,F1,1,,,,,
2026-08-07,2026-08-07,CM,NSE,STK,10512,INF174KA1ZF8,CONS,EQ,,,,,KOTAKMAMC - KOTAKCONS,12.86,12.86,12.53,12.68,12.68,12.55,,12.68,,,24226,304410.16,109,F1,1,,,,,
2026-08-07,2026-08-07,CM,NSE,STK,2627,INF174KA1GC5,IT,EQ,,,,,KOTAKMAMC - KOTAKIT,35.3,35.3,34.28,34.87,34.7,34.44,,34.87,,,484051,16949544.65,1044,F1,1,,,,,
2026-08-07,2026-08-07,CM,NSE,STK,13950,INF174KA1LV5,LIQUID1,EQ,,,,,KOTAKMAMC - KOTAKLIQ,1116.87,1117.34,1116.87,1117.32,1117.32,1116.87,,1117.32,,,633760,708118843.42,798,F1,1,,,,,
2026-08-07,2026-08-07,CM,NSE,STK,8632,INF174KA1IY5,LOWVOL1,EQ,,,,,KOTAKMAMC - KOTAKLOVOL,21.78,21.89,21.6,21.74,21.87,21.78,,21.74,,,358321,7838382.56,126,F1,1,,,,,
2026-08-07,2026-08-07,CM,NSE,STK,8077,INF174KA1ZC5,MIDCAP,EQ,,,,,KOTAKMAMC - KOTAKMID50,19.0,19.0,18.5,18.57,18.61,18.54,,18.57,,,410733,7637716.13,777,F1,1,,,,,
2026-08-07,2026-08-07,CM,NSE,STK,10676,INF174KA1JF2,MNC,EQ,,,,,KOTAKMAMC - KOTAKMNC,34.4,34.82,34.4,34.76,34.82,34.4,,34.76,,,101461,3518689.85,413,F1,1,,,,,
2026-08-07,2026-08-07,CM,NSE,STK,13082,INF174KA1ZD3,SILVER1,EQ,,,,,KOTAKMAMC - KOTAKSILVE,21.8,22.51,21.6,22.38,22.32,21.77,,22.38,,,31926569,708999811.52,7007,F1,1,,,,,
2026-08-07,2026-08-07,CM,NSE,STK,11457,INF174KA1ZE1,NV20,EQ,,,,,KOTAKMAMC - KTKNV20ETF,14.22,14.33,13.9,14.24,14.27,14.22,,14.24,,,95746,1365455.39,184,F1,1,,,,,
2026-08-07,2026-08-07,CM,NSE,STK,30469,INF174KA1VW2,MID150,EQ,,,,,KOTAKMAMC - MID150,23.76,23.82,23.68,23.76,23.79,23.75,,23.76,,,22583,536090.55,149,F1,1,,,,,
2026-08-07,2026-08-07,CM,NSE,STK,759488,INF174KA1XS6,MOMENTUM30,EQ,,,,,KOTAKMAMC - MOMENTUM30,30.9,31.08,30.44,30.76,31.07,30.88,,30.76,,,20879,647185.08,75,F1,1,,,,,
2026-08-07,2026-08-07,CM,NSE,STK,29758,INF174KA1VD2,MSCIINDIA,EQ,,,,,KOTAKMAMC - MSCIINDIA,30.49,30.53,30.37,30.48,30.53,30.5,,30.48,,,18919,576809.74,99,F1,1,,,,,
2026-08-07,2026-08-07,CM,NSE,STK,760709,INF174KA1YO3,NEXT50ETF,EQ,,,,,KOTAKMAMC - NEXT50ETF,75.54,75.54,74.4,74.97,75.29,75.17,,74.97,,,7235,544482.07,102,F1,1,,,,,
2026-08-07,2026-08-07,CM,NSE,STK,29944,INF174KA1UW4,NIFTY100EW,EQ,,,,,KOTAKMAMC - NIFTY100EW,36.05,36.15,35.9,36.04,36.04,36.05,,36.04,,,57505,2071805.19,202,F1,1,,,,,
2026-08-07,2026-08-07,CM,NSE,STK,764195,INF174KA1A94,PVTBANK,EQ,,,,,KOTAKMAMC - PVTBANK,27.84,27.84,27.43,27.66,27.7,27.84,,27.66,,,17269,477161.83,52,F1,1,,,,,
2026-08-07,2026-08-07,CM,NSE,STK,757946,INF174KA1WT6,QUALITY30,EQ,,,,,KOTAKMAMC - QUALITY30,21.4,21.5,21.31,21.46,21.5,21.22,,21.46,,,13446,287947.45,46,F1,1,,,,,
2026-08-07,2026-08-07,CM,NSE,STK,5851,INF174KA1ZB7,BANKNIFTY1,EQ,,,,,KOTAKMAMC-KOTAKBKETF,60.63,60.63,59.91,60.12,59.94,60.35,,60.12,,,595099,35693795.19,821,F1,1,,,,,
2026-08-07,2026-08-07,CM,NSE,STK,762752,INE972A01020,KOTIC,EQ,,,,,KOTHARI INDUSTRIAL CORP L,153.55,156.01,152.1,152.9,152.65,154.73,,152.8,,,10099,1548487.13,342,F1,1,,,,,
2026-08-07,2026-08-07,CM,NSE,STK,4594,INE720A01015,KOTHARIPET,EQ,,,,,KOTHARI PETROCHEM LTD,151.0,155.47,148.0,149.52,148.21,149.53,,149.52,,,214333,32514503.41,3211,F1,1,,,,,
2026-08-07,2026-08-07,CM,NSE,STK,5528,INE823A01017,KOTHARIPRO,EQ,,,,,KOTHARI PRODUCTS LTD,68.55,71.49,68.14,69.63,69.5,68.0,,69.66,,,17450,1215592.79,164,F1,1,,,,,
2026-08-07,2026-08-07,CM,NSE,STK,11647,INE419A01022,KOTARISUG,EQ,,,,,KOTHARI SUG & CHEM LTD.,25.36,26.88,25.36,26.43,26.57,26.07,,26.43,,,48769,1292068.68,301,F1,1,,,,,
2026-08-07,2026-08-07,CM,NSE,STK,761337,INE0J0B01017,KOTYARK,BE,,,,,KOTYARK INDUSTRIES LTD,42.39,42.39,38.47,40.68,40.89,40.38,,40.67,,,543504,22128984.69,2171,F1,1,,,,,
2026-08-07,2026-08-07,CM,NSE,STK,5192,INE177F01017,KOVAI,EQ,,,,,KOVAI MEDICAL CENTER & HO,5894.0,5930.5,5825.0,5843.5,5832.0,5893.5,,5844.0,,,1574,9219143.5,525,F1,1,,,,,
2026-08-07,2026-08-07,CM,NSE,STK,5108,INE542W01025,KPIGREEN,EQ,,,,,KPI GREEN ENERGY LIMITED,374.05,375.6,370.0,370.7,371.0,375.35,,370.7,,,648865,240953140.3,18772,F1,1,,,,,
2026-08-07,2026-08-07,CM,NSE,STK,9683,INE04I401011,KPITTECH,EQ,,,,,KPIT TECHNOLOGIES LIMITED,623.0,637.25,620.55,629.9,629.9,623.0,,629.81,,,2544167,1603338214.15,40665,F1,1,,,,,
2026-08-07,2026-08-07,CM,NSE,STK,14912,INE930H01031,KPRMILL,EQ,,,,,KPR MILL LTD.,1085.3,1089.2,1071.0,1076.7,1073.7,1086.0,,1076.71,,,146720,158062305.1,17245,F1,1,,,,,
2026-08-07,2026-08-07,CM,NSE,STK,10577,INE001B01026,KRBL,EQ,,,,,KRBL LIMITED,373.85,381.5,371.6,378.65,378.0,374.05,,378.66,,,227353,85682073.65,5723,F1,1,,,,,
2026-08-07,2026-08-07,CM,NSE,STK,1937,INE268B01013,KREBSBIO,EQ,,,,,KREBS BIOCHEMICALS & IND,55.67,57.9,54.2,55.04,55.0,54.51,,55.04,,,8472,475691.32,122,F1,1,,,,,
2026-08-07,2026-08-07,CM,NSE,STK,11488,INE524L01026,KRIDHANINF,BE,,,,,KRIDHAN INFRA LIMITED,2.27,2.34,2.27,2.29,2.3,2.28,,2.33,,,25118,57692.73,41,F1,1,,,,,
2026-08-07,2026-08-07,CM,NSE,STK,12847,INE506W01020,KRISHANA,EQ,,,,,KRISHANA PHOSCHEM LIMITED,179.41,182.0,177.56,178.67,178.86,179.41,,178.67,,,291541,52178035.6,4826,F1,1,,,,,
2026-08-07,2026-08-07,CM,NSE,STK,16133,INE0NR701018,KRISHCA,SM,,,,,KRISHCA STRAPPING SLTN L,165.0,165.5,163.8,165.0,165.0,161.55,,165.0,,,4500,742350.0,8,F1,500,,,,,
2026-08-07,2026-08-07,CM,NSE,STK,756782,INE0GGO01015,KRISHIVAL,EQ,,,,,KRISHIVAL FOODS LIMITED,392.05,394.8,384.0,389.2,391.2,390.1,,389.11,,,3943,1538181.1,238,F1,1,,,,,
2026-08-07,2026-08-07,CM,NSE,STK,761192,INE0J5601015,KRISHNADEF,EQ,,,,,KRISHNA DEF AND ALD IND L,1185.0,1199.4,1170.0,1181.4,1178.0,1176.9,,1181.4,,,59735,70932194.4,5782,F1,1,,,,,
2026-08-07,2026-08-07,CM,NSE,STK,4847,INE967H01025,KIMS,EQ,,,,,KRISHNA INST OF MED SCI L,803.1,826.8,803.1,811.1,814.9,808.6,,811.06,,,1802315,1463573588.1,30896,F1,1,,,,,
2026-08-07,2026-08-07,CM,NSE,STK,6420,INE479D01038,KRITI,BE,,,,,KRITI INDUSTRIES IND LTD,71.9,72.0,70.0,70.49,70.45,69.31,,70.49,,,13004,928058.02,57,F1,1,,,,,
2026-08-07,2026-08-07,CM,NSE,STK,11432,INE798K01010,KRITINUT,EQ,,,,,KRITI NUTRIENTS LIMITED,93.14,93.14,89.39,90.06,90.97,94.09,,90.06,,,43305,3930597.02,855,F1,1,,,,,
2026-08-07,2026-08-07,CM,NSE,STK,9288,INE00Z501029,KRITIKA,EQ,,,,,KRITIKA WIRES LIMITED,5.65,5.85,5.6,5.79,5.8,5.74,,5.79,,,125671,723831.56,345,F1,1,,,,,
2026-08-07,2026-08-07,CM,NSE,STK,760627,INE1MTV01019,KRMAYURVED,ST,,,,,KRM AYURVEDA LIMITED,302.0,305.0,300.05,302.0,301.6,298.7,,302.0,,,56000,17042950.0,27,F1,1000,,,,,
2026-08-07,2026-08-07,CM,NSE,STK,25645,INE0Q3J01015,KRN,BE,,,,,KRN HEAT EXCHANGE N REF L,1215.1,1224.0,1198.0,1208.4,1218.5,1214.7,,1208.48,,,45622,55314748.5,2891,F1,1,,,,,
2026-08-07,2026-08-07,CM,NSE,STK,24025,INE0ATZ01017,KRONOX,EQ,,,,,KRONOX LAB SCIENCES LTD,167.69,167.69,162.36,163.55,163.0,166.78,,163.51,,,71506,11717639.51,1820,F1,1,,,,,
2026-08-07,2026-08-07,CM,NSE,STK,25252,INE0O6601022,KROSS,EQ,,,,,KROSS LIMITED,200.1,204.69,199.51,202.75,204.62,200.09,,202.75,,,181542,36605416.82,4289,F1,1,,,,,
2026-08-07,2026-08-07,CM,NSE,STK,5359,INE08LI01020,KRSNAA,EQ,,,,,KRSNAA DIAGNOSTICS LTD,561.65,566.0,555.05,560.85,555.55,559.9,,561.04,,,42687,23858909.9,3769,F1,1,,,,,
2026-08-07,2026-08-07,CM,NSE,STK,23175,INE0QN801017,KRYSTAL,EQ,,,,,KRYSTAL INTEGRATED SER L,604.85,604.85,600.0,600.25,600.0,600.05,,600.25,,,5359,3217125.55,119,F1,1,,,,,
2026-08-07,2026-08-07,CM,NSE,STK,1949,INE999A01023,KSB,EQ,,,,,KSB LIMITED,791.95,798.05,780.0,784.25,784.0,788.05,,784.65,,,202263,159348507.25,11493,F1,1,,,,,
2026-08-07,2026-08-07,CM,NSE,STK,760433,INE987S01020,KSHINTL,EQ,,,,,KSH INTERNATIONAL LIMITED,905.7,909.8,889.9,899.9,899.95,899.35,,899.92,,,296637,268159996.7,13458,F1,1,,,,,
2026-08-07,2026-08-07,CM,NSE,STK,10412,INE013801027,KSHITIJPOL,BE,,,,,KSHITIJ POLYLINE LIMITED,2.85,2.92,2.74,2.81,2.83,2.86,,2.81,,,708348,1989895.93,988,F1,1,,,,,
2026-08-07,2026-08-07,CM,NSE,STK,11060,INE0D6I01023,KSOLVES,EQ,,,,,KSOLVES INDIA LIMITED,279.05,282.2,277.85,280.05,280.5,283.0,,280.09,,,43831,12258490.85,1641,F1,1,,,,,
2026-08-07,2026-08-07,CM,NSE,STK,759987,INE1SPP01016,KSR,EQ,,,,,KSR FOOTWEAR LIMITED,29.05,30.0,28.63,29.18,29.0,29.05,,29.18,,,4763,138782.01,72,F1,1,,,,,
2026-08-07,2026-08-07,CM,NSE,STK,13870,INE529I01021,KUANTUM,EQ,,,,,KUANTUM PAPERS LIMITED,80.2,86.9,80.16,86.04,86.0,80.61,,86.04,,,506234,42802869.66,4481,F1,1,,,,,
2026-08-07,2026-08-07,CM,NSE,STK,764116,INE0ISX01025,KUSUMGAR,EQ,,,,,KUSUMGAR LIMITED,653.5,656.75,636.5,640.55,640.0,650.5,,640.53,,,447727,289278772.2,12690,F1,1,,,,,
2026-08-07,2026-08-07,CM,NSE,STK,762757,INE552U01010,KPL,EQ,,,,,KWALITY PHARMACEUTICALS L,2664.9,2709.0,2490.4,2611.8,2592.5,2652.1,,2611.22,,,62669,164820164.6,7418,F1,1,,,,,
2026-08-07,2026-08-07,CM,NSE,STK,760946,INE2KCE01013,KWIL,EQ,,,,,KWALITY WALL'S (INDIA) L,35.0,35.39,33.85,34.86,34.8,34.82,,34.86,,,14794987,514663268.76,38338,F1,1,,,,,
2026-08-07,2026-08-07,CM,NSE,STK,24948,INE498L01015,LTF,EQ,,,,,L&T FINANCE LIMITED,316.65,316.9,305.6,308.0,308.0,316.65,,308.47,,,4814207,1487505954.75,42038,F1,1,,,,,
2026-08-07,2026-08-07,CM,NSE,STK,18564,INE010V01017,LTTS,EQ,,,,,L&T TECHNOLOGY SER. LTD.,3555.4,3655.9,3551.3,3598.7,3598.9,3555.4,,3598.52,,,79998,288509639.8,13089,F1,1,,,,,
2026-08-07,2026-08-07,CM,NSE,STK,14423,INE059D01020,LAOPALA,EQ,,,,,LA OPALA RG LIMITED,193.0,193.53,189.0,189.96,190.54,193.79,,189.97,,,238665,45634843.56,5005,F1,1,,,,,
2026-08-07,2026-08-07,CM,NSE,STK,5865,INE548Z01017,LAGNAM,EQ,,,,,LAGNAM SPINTEX LIMITED,85.1,85.1,82.0,83.34,83.22,84.54,,83.34,,,9215,770571.16,151,F1,1,,,,,
2026-08-07,2026-08-07,CM,NSE,STK,762762,INE515C01023,LAHOTIOV,EQ,,,,,LAHOTI OVERSEAS LTD.,41.98,43.39,41.0,42.74,43.39,41.26,,42.66,,,3829,163072.07,35,F1,1,,,,,
2026-08-07,2026-08-07,CM,NSE,STK,7902,INE850E01012,LFIC,EQ,,,,,LAKSHMI FIN IND CORP LTD,139.51,141.8,139.1,139.52,139.52,139.33,,139.52,,,383,53441.17,13,F1,1,,,,,
2026-08-07,2026-08-07,CM,NSE,STK,25860,INE0VZS01015,LAKSHYA,SM,,,,,LAKSHYA POWERTECH LIMITED,87.65,88.45,87.0,88.45,88.45,90.0,,88.45,,,8800,768520.0,11,F1,800,,,,,
2026-08-07,2026-08-07,CM,NSE,STK,6407,INE112F01022,LAMBODHARA,EQ,,,,,LAMBODHARA TEXTILES LTD.,114.0,119.45,111.02,115.12,114.16,114.27,,115.13,,,32623,3795105.38,676,F1,1,,,,,
2026-08-07,2026-08-07,CM,NSE,STK,27225,INE0R0201012,LAMOSAIC,ST,,,,,LAMOSAIC INDIA LIMITED,52.9,55.45,52.8,55.05,55.25,54.2,,55.05,,,34800,1897080.0,36,F1,600,,,,,
2026-08-07,2026-08-07,CM,NSE,STK,23027,INE572G01025,LANCORHOL,EQ,,,,,LANCOR HOLDINGS LIMITED,25.01,28.0,25.01,25.76,25.7,25.51,,25.84,,,408095,10772788.34,2732,F1,1,,,,,
2026-08-07,2026-08-07,CM,NSE,STK,13276,INE559R01029,LANDMARK,EQ,,,,,LANDMARK CARS LIMITED,544.75,548.0,528.05,535.05,535.85,546.9,,535.02,,,170451,91791304.0,6679,F1,1,,,,,
2026-08-07,2026-08-07,CM,NSE,STK,16863,INE197J01017,LPDC,EQ,,,,,LANDMARK PR.DEV.CO.LTD,6.49,6.59,6.26,6.39,6.4,6.42,,6.4,,,48110,307712.72,182,F1,1,,,,,
2026-08-07,2026-08-07,CM,NSE,STK,17376,INE688J01023,LANDSMILL,EQ,,,,,LANDSMILL GREEN LIMITED,0.8,0.81,0.78,0.8,0.81,0.8,,0.8,,,2267779,1800372.74,984,F1,1,,,,,
2026-08-07,2026-08-07,CM,NSE,STK,11483,INE018A01030,LT,EQ,,,,,LARSEN & TOUBRO LTD.,4040.1,4062.0,4030.0,4056.0,4056.0,4061.8,,4055.95,,,901290,3646260796.6,63017,F1,1,,,,,
2026-08-07,2026-08-07,CM,NSE,STK,21713,INE670X01014,LASA,EQ,,,,,LASA SUPERGENERICS LTD,8.17,8.17,7.85,7.99,7.96,7.85,,7.99,,,18259,146003.31,96,F1,1,,,,,
2026-08-07,2026-08-07,CM,NSE,STK,764126,INE17IR01028,LASERPOWER,EQ,,,,,LASER POWER & INFRA LTD,293.0,297.7,290.9,295.1,296.5,292.0,,295.03,,,999456,294204346.0,12063,F1,1,,,,,
2026-08-07,2026-08-07,CM,NSE,STK,6818,INE0I7C01011,LATENTVIEW,EQ,,,,,LATENT VIEW ANALYTICS LTD,295.5,302.8,295.5,297.2,296.2,297.8,,297.2,,,386047,115445710.55,9412,F1,1,,,,,
2026-08-07,2026-08-07,CM,NSE,STK,15848,INE262Z01023,LATTEYS,BE,,,,,LATTEYS INDUSTRIES LTD,20.8,20.8,20.15,20.44,20.6,20.41,,20.44,,,10871,221203.13,106,F1,1,,,,,
2026-08-07,2026-08-07,CM,NSE,STK,19234,INE947Q01028,LAURUSLABS,EQ,,,,,LAURUS LABS LIMITED,1838.0,1856.0,1833.2,1844.3,1844.3,1830.0,,1844.97,,,1553067,2868800245.3,46628,F1,1,,,,,
2026-08-07,2026-08-07,CM,NSE,STK,6568,INE801V01019,LAXMICOT,EQ,,,,,LAXMI COTSPIN LIMITED,14.99,15.04,14.39,14.79,14.89,14.78,,14.79,,,12119,178553.37,75,F1,1,,,,,
2026-08-07,2026-08-07,CM,NSE,STK,29171,INE0WO601020,LAXMIDENTL,EQ,,,,,LAXMI DENTAL LIMITED,215.6,219.18,214.41,216.08,215.0,218.58,,216.11,,,85127,18414224.42,2990,F1,1,,,,,
2026-08-07,2026-08-07,CM,NSE,STK,19876,INE258Y01016,LGHL,EQ,,,,,LAXMI GOLDORNA HOUSE LTD,195.1,204.48,195.1,202.82,203.88,201.83,,202.82,,,18249,3674807.44,281,F1,1,,,,,
2026-08-07,2026-08-07,CM,NSE,STK,758865,INE06WU01026,LAXMIINDIA,BE,,,,,LAXMI INDIA FINANCE LTD,133.95,138.0,133.0,134.06,135.65,133.26,,134.05,,,241682,32822055.1,777,F1,1,,,,,
2026-08-07,2026-08-07,CM,NSE,STK,2841,INE576O01020,LXCHEM,EQ,,,,,LAXMI ORGANIC INDUS LTD,178.9,181.84,175.01,175.64,176.0,179.67,,175.65,,,913167,162585467.9,11343,F1,1,,,,,
2026-08-07,2026-08-07,CM,NSE,STK,7529,INE938A01021,LCCINFOTEC,EQ,,,,,LCC INFOTECH LTD,3.9,4.0,3.7,3.78,3.8,3.88,,3.78,,,86987,335603.26,201,F1,1,,,,,
2026-08-07,2026-08-07,CM,NSE,STK,760300,INE0G1L01025,LEMERITE,EQ,,,,,LE MERITE EXPORTS LIMITED,23.79,24.25,23.02,23.41,23.75,23.79,,23.41,,,282350,6699071.65,729,F1,1,,,,,
2026-08-07,2026-08-07,CM,NSE,STK,24067,INE0HV901016,IXIGO,EQ,,,,,LE TRAVENUES TECHNOLOGY L,196.0,199.73,171.48,176.25,176.5,202.67,,176.22,,,8410058,1520792646.53,95927,F1,1,,,,,
2026-08-07,2026-08-07,CM,NSE,STK,14204,INE0H4B01011,LRRPL,SM,,,,,LEAD REC AND RUB PROD LTD,84.6,87.0,84.6,84.6,84.6,89.0,,84.6,,,7500,638100.0,5,F1,1500,,,,,
2026-08-07,2026-08-07,CM,NSE,STK,757014,INE0AQ201015,THELEELA,EQ,,,,,LEELA PALACES HOTEL LTD,513.0,527.0,509.1,518.0,519.5,511.0,,517.95,,,495564,257071964.95,19050,F1,1,,,,,
2026-08-07,2026-08-07,CM,NSE,STK,2606,INE970X01018,LEMONTREE,EQ,,,,,LEMON TREE HOTELS LTD,112.3,112.4,110.55,111.01,110.96,112.79,,111.01,,,2864596,318569891.19,61076,F1,1,,,,,
2026-08-07,2026-08-07,CM,NSE,STK,759605,INE956O01016,LENSKART,EQ,,,,,LENSKART SOLUTIONS LTD,568.7,575.65,563.45,569.7,571.95,565.0,,569.7,,,3949084,2254441751.65,53356,F1,1,,,,,
2026-08-07,2026-08-07,CM,NSE,STK,14459,INE500X01013,LEXUS,EQ,,,,,LEXUS GRANITO (INDIA) LTD,14.79,15.24,14.58,15.09,15.19,14.79,,15.09,,,47673,712954.33,71,F1,1,,,,,
2026-08-07,2026-08-07,CM,NSE,STK,18321,INE337A01034,LGBBROSLTD,EQ,,,,,LG BALAKRISHNAN & BROS,1519.0,1535.2,1513.2,1523.5,1516.1,1520.4,,1523.6,,,18003,27452356.0,1628,F1,1,,,,,
2026-08-07,2026-08-07,CM,NSE,STK,760213,INE324D01010,LGEINDIA,EQ,,,,,LG ELECTRONICS INDIA LTD,1578.3,1592.0,1569.2,1586.5,1589.0,1578.3,,1586.43,,,138372,219479400.3,11770,F1,1,,,,,
2026-08-07,2026-08-07,CM,NSE,STK,11082,INE908V01012,LIBAS,EQ,,,,,LIBAS CONSU PRODUCTS LTD,10.1,10.1,9.69,9.78,9.85,9.71,,9.78,,,10527,102899.24,69,F1,1,,,,,
2026-08-07,2026-08-07,CM,NSE,STK,1994,INE557B01019,LIBERTSHOE,EQ,,,,,LIBERTY SHOES LTD,264.6,265.7,261.5,262.3,261.6,264.25,,262.36,,,14179,3739752.1,730,F1,1,,,,,
2026-08-07,2026-08-07,CM,NSE,STK,1997,INE115A01026,LICHSGFIN,EQ,,,,,LIC HOUSING FINANCE LTD,507.35,507.9,502.7,504.25,504.25,505.0,,504.25,,,1604722,810285678.65,32346,F1,1,,,,,
2026-08-07,2026-08-07,CM,NSE,STK,25640,INF767K01SM1,LICMFGOLD,EQ,,,,,LIC MF - LIC GOLD ETF,132.8,134.95,132.45,134.25,134.75,132.95,,134.25,,,54403,7265327.75,696,F1,1,,,,,
2026-08-07,2026-08-07,CM,NSE,STK,11319,INF767K01OS7,LICNETFN50,EQ,,,,,LICNAMC - LICNFENGP,276.77,276.96,274.95,275.05,275.05,275.59,,275.05,,,235,64837.82,23,F1,1,,,,,
2026-08-07,2026-08-07,CM,NSE,STK,11441,INF767K01OT5,LICNETFSEN,EQ,,,,,LICNAMC - LICNFESGP,892.39,892.39,889.0,890.59,889.98,893.0,,890.59,,,14,12469.84,11,F1,1,,,,,
2026-08-07,2026-08-07,CM,NSE,STK,15229,INF767K01PC8,LICNFNHGP,EQ,,,,,LICNAMC - LICNFNHGP,282.49,282.49,275.05,279.06,279.41,281.79,,279.08,,,1610,449490.49,53,F1,1,,,,,
2026-08-07,2026-08-07,CM,NSE,STK,6062,INF767K01MV5,LICNETFGSC,EQ,,,,,LICNAMC - LICNMFET,29.6,29.69,29.53,29.57,29.58,29.56,,29.57,,,15389,454954.9,75,F1,1,,,,,
2026-08-07,2026-08-07,CM,NSE,STK,22722,INF767K01RN1,LICNMID100,EQ,,,,,LICNAMC - LICNMID100,64.0,64.27,63.24,63.45,63.85,63.94,,63.45,,,7724,493586.07,73,F1,1,,,,,
2026-08-07,2026-08-07,CM,NSE,STK,9480,INE0J1Y01017,LICI,EQ,,,,,LIFE INSURA CORP OF INDIA,393.45,396.85,391.1,394.0,394.0,387.55,,393.97,,,36390176,14319716519.3,163306,F1,1,,,,,
2026-08-07,2026-08-07,CM,NSE,STK,578,INE060901027,LIKHITHA,EQ,,,,,LIKHITHA INFRASTRUC LTD,220.06,224.93,218.81,221.93,220.2,220.06,,221.94,,,50915,11260491.78,1237,F1,1,,,,,
2026-08-07,2026-08-07,CM,NSE,STK,6951,INE802B01027,LINC,EQ,,,,,LINC LIMITED,100.13,100.9,99.01,99.86,100.0,101.3,,99.85,,,35583,3552405.23,676,F1,1,,,,,
2026-08-07,2026-08-07,CM,NSE,STK,11596,INE405C01035,LINCOLN,EQ,,,,,LINCOLN PHARMA LTD,602.0,608.25,591.5,600.15,603.3,606.2,,600.42,,,22325,13382572.0,1156,F1,1,,,,,
2026-08-07,2026-08-07,CM,NSE,STK,1627,INE473A01011,LINDEINDIA,EQ,,,,,LINDE INDIA LIMITED,7150.0,7206.0,7057.0,7112.5,7057.0,7152.5,,7112.35,,,20724,147890603.0,4916,F1,1,,,,,
2026-08-07,2026-08-07,CM,NSE,STK,17801,INE093R01011,LLOYDSENGG,EQ,,,,,LLOYDS ENGG WORK LIMITED,91.0,97.6,90.75,96.88,97.2,88.46,,96.88,,,64356610,6146283294.25,207908,F1,1,,,,,
2026-08-07,2026-08-07,CM,NSE,STK,25807,INE080I01025,LLOYDSENT,EQ,,,,,LLOYDS ENTERPRISES LTD,80.1,83.9,80.1,83.5,83.25,79.48,,83.5,,,9148520,757623769.71,28440,F1,1,,,,,
2026-08-07,2026-08-07,CM,NSE,STK,11476,INE0DTQ01028,LLOYDS,ST,,,,,LLOYDS LUXURIES LIMITED,67.75,67.75,61.6,67.5,67.5,64.7,,67.5,,,6000,399600.0,6,F1,1000,,,,,
2026-08-07,2026-08-07,CM,NSE,STK,17313,INE281B01032,LLOYDSME,EQ,,,,,LLOYDS METALS N ENERGY L,2070.0,2109.9,2055.6,2101.2,2109.9,2059.0,,2101.14,,,609118,1273329941.5,29620,F1,1,,,,,
2026-08-07,2026-08-07,CM,NSE,STK,1979,INE269B01029,LMW,EQ,,,,,LMW LIMITED,16770.0,16770.0,16550.0,16629.0,16700.0,16635.0,,16627.46,,,1094,18193064.0,538,F1,1,,,,,
2026-08-07,2026-08-07,CM,NSE,STK,3220,INE670K01029,LODHA,EQ,,,,,LODHA DEVELOPERS LIMITED,1214.0,1225.0,1204.7,1218.7,1218.7,1214.0,,1218.63,,,890480,1080959143.4,25695,F1,1,,,,,
2026-08-07,2026-08-07,CM,NSE,STK,764296,INE0QJW01029,LCL,EQ,,,,,LOHIA CORP LIMITED,533.9,555.6,521.1,530.3,523.0,531.45,,530.22,,,1320324,713197059.8,47624,F1,1,,,,,
2026-08-07,2026-08-07,CM,NSE,STK,13439,INE397H01017,LOKESHMACH,BE,,,,,LOKESH MACHINES LTD,344.85,344.85,338.0,344.4,344.4,344.85,,349.4,,,19283,6617657.35,95,F1,1,,,,,
2026-08-07,2026-08-07,CM,NSE,STK,18232,INE846D01012,LORDSCHLO,EQ,,,,,LORDS CHLORO ALKALI LTD,146.03,149.0,142.05,144.13,145.9,144.63,,144.12,,,16675,2428793.43,920,F1,1,,,,,
2026-08-07,2026-08-07,CM,NSE,STK,14924,INE740X01023,LAL,EQ,,,,,LORENZINI APPARELS LTD,8.8,9.98,8.64,8.78,8.7,8.8,,8.78,,,213814,1864074.77,373,F1,1,,,,,
2026-08-07,2026-08-07,CM,NSE,STK,16807,INE947I01017,LOTUSEYE,EQ,,,,,LOTUS EYE HOSP & INST L,117.24,119.0,115.86,118.82,117.52,117.24,,118.81,,,13169,1551818.64,302,F1,1,,,,,
2026-08-07,2026-08-07,CM,NSE,STK,22415,INE597L01014,LOVABLE,EQ,,,,,LOVABLE LINGERIE LTD,74.5,74.5,72.02,72.55,72.02,74.08,,72.55,,,9775,712186.69,155,F1,1,,,,,
2026-08-07,2026-08-07,CM,NSE,STK,10590,INE970D01010,LOYALTEX,EQ,,,,,LOYAL TEXTILE MILLS LTD,214.0,215.0,214.0,215.0,215.0,214.53,,215.0,,,462,99036.65,16,F1,1,,,,,
2026-08-07,2026-08-07,CM,NSE,STK,13816,INE818H01020,LTFOODS,EQ,,,,,LT FOODS LIMITED,418.9,432.15,415.5,427.55,432.0,419.4,,427.6,,,643817,273408072.15,20089,F1,1,,,,,
2026-08-07,2026-08-07,CM,NSE,STK,17818,INE214T01019,LTM,EQ,,,,,LTM LIMITED,4542.0,4688.0,4542.0,4658.1,4658.1,4528.0,,4658.15,,,643855,2987376687.1,55509,F1,1,,,,,
2026-08-07,2026-08-07,CM,NSE,STK,14014,INE872H01027,LUMAXTECH,EQ,,,,,LUMAX AUTO TECH LTD,1698.0,1755.0,1690.5,1722.4,1725.0,1698.3,,1722.38,,,165034,285237638.9,19140,F1,1,,,,,
2026-08-07,2026-08-07,CM,NSE,STK,2018,INE162B01018,LUMAXIND,EQ,,,,,LUMAX INDUSTRIES LTD,5850.0,5850.0,5703.0,5791.5,5800.0,5799.5,,5791.2,,,21031,121815723.0,6287,F1,1,,,,,
2026-08-07,2026-08-07,CM,NSE,STK,10440,INE326A01037,LUPIN,EQ,,,,,LUPIN LIMITED,2410.0,2410.0,2346.0,2363.5,2363.5,2385.0,,2363.48,,,2046981,4879228652.0,89995,F1,1,,,,,
2026-08-07,2026-08-07,CM,NSE,STK,11301,INE150G01020,LUXIND,EQ,,,,,LUX INDUSTRIES LIMITED,1269.6,1303.6,1265.1,1269.4,1273.9,1266.4,,1269.39,,,31888,40806592.4,2865,F1,1,,,,,
2026-08-07,2026-08-07,CM,NSE,STK,7248,INE933A01014,LYKALABS,BE,,,,,LYKA LABS LTD.,68.1,68.1,66.74,66.74,66.74,68.1,,67.18,,,6036,403245.66,47,F1,1,,,,,
2026-08-07,2026-08-07,CM,NSE,STK,758150,INE08N601015,MBEL,EQ,,,,,M AND B ENGINEERING LTD,287.0,306.95,287.0,298.5,300.0,288.25,,298.5,,,385682,115713027.75,13111,F1,1,,,,,
2026-08-07,2026-08-07,CM,NSE,STK,16736,INE964W01021,MKPL,EQ,,,,,M K PROTEINS LIMITED,4.19,4.22,4.14,4.21,4.22,4.14,,4.21,,,79831,334420.61,253,F1,1,,,,,
2026-08-07,2026-08-07,CM,NSE,STK,22360,INE813V01022,MCL,EQ,,,,,M TEK COPPER LIMITED,57.57,60.46,57.0,58.31,58.7,57.57,,58.31,,,75778,4458697.71,1312,F1,1,,,,,
2026-08-07,2026-08-07,CM,NSE,STK,13285,INE774D01024,M&MFIN,EQ,,,,,M&M FIN. SERVICES LTD,388.8,409.7,386.85,408.45,408.1,388.8,,408.45,,,4874880,1959969470.6,76947,F1,1,,,,,
2026-08-07,2026-08-07,CM,NSE,STK,22976,INE0SGC01015,MVKAGRO,SM,,,,,M.V.K. AGRO FOOD PROD LTD,242.1,242.1,242.1,242.1,242.1,254.8,,242.1,,,15300,3704130.0,24,F1,300,,,,,
2026-08-07,2026-08-07,CM,NSE,STK,15017,INE215I01027,MAANALU,EQ,,,,,MAAN ALUMINIUM LIMITED,129.5,129.5,124.0,124.43,124.0,128.76,,124.43,,,53406,6728207.54,1107,F1,1,,,,,
2026-08-07,2026-08-07,CM,NSE,STK,762782,INE435D01014,MCCHRLS-B,EQ,,,,,MAC CHARLES (INDIA) LTD.,704.0,704.0,675.0,679.85,675.0,675.9,,684.69,,,142,97277.9,21,F1,1,,,,,
2026-08-07,2026-08-07,CM,NSE,STK,24545,INE0R0J01010,MACOBSTECH,SM,,,,,MACOBS TECHNOLOGIES LTD,212.0,212.0,209.1,210.55,209.1,209.1,,210.55,,,1600,336880.0,2,F1,800,,,,,
2026-08-07,2026-08-07,CM,NSE,STK,22347,INE155Z01011,MACPOWER,EQ,,,,,MACPOWER CNC MACHINES LTD,1570.0,1708.0,1561.0,1681.1,1682.0,1581.0,,1681.1,,,148323,247994507.6,14120,F1,1,,,,,
2026-08-07,2026-08-07,CM,NSE,STK,762767,INE631R01026,MADHAVIPL,EQ,,,,,MADHAV INFRA PROJECTS L,7.95,7.95,7.65,7.78,7.75,7.78,,7.76,,,83126,646957.53,292,F1,1,,,,,
2026-08-07,2026-08-07,CM,NSE,STK,15151,INE925C01016,MADHAV,EQ,,,,,MADHAV MARBLE & GRANITE,34.85,36.36,34.0,34.34,34.05,35.74,,34.34,,,2597,89970.72,79,F1,1,,,,,
2026-08-07,2026-08-07,CM,NSE,STK,13668,INE378D01032,MADHUCON,BE,,,,,MADHUCON PROJECTS LTD.,5.48,5.48,5.23,5.29,5.33,5.25,,5.29,,,11655,62332.1,15,F1,1,,,,,
2026-08-07,2026-08-07,CM,NSE,STK,18738,INE0P6701019,MADHUSUDAN,ST,,,,,MADHUSUDAN MASALA LIMITED,223.7,230.8,223.7,225.3,225.3,223.7,,225.3,,,7000,1596700.0,7,F1,1000,,,,,
2026-08-07,2026-08-07,CM,NSE,STK,12686,INE900L01028,MBAPL,EQ,,,,,MADHYA BHARAT AGRO P. LTD,161.0,161.99,157.05,158.09,157.5,160.39,,158.09,,,294462,46961178.87,4100,F1,1,,,,,
2026-08-07,2026-08-07,CM,NSE,STK,4911,INE414A01015,MADRASFERT,EQ,,,,,MADRAS FERTILISERS LTD,66.51,67.08,66.3,66.41,66.3,67.08,,66.45,,,21466,1429406.51,466,F1,1,,,,,
2026-08-07,2026-08-07,CM,NSE,STK,762772,INE270B01035,MAFATIND,EQ,,,,,MAFATLAL INDUSTRIES LTD.,133.5,138.6,131.05,132.13,133.07,133.05,,132.15,,,199525,26752851.23,2889,F1,1,,,,,
2026-08-07,2026-08-07,CM,NSE,STK,21392,INE347W01011,MAGADSUGAR,EQ,,,,,MAGADH SUGAR & ENERGY LTD,511.9,524.85,510.1,512.85,510.5,517.6,,512.85,,,15863,8180081.15,803,F1,1,,,,,
2026-08-07,2026-08-07,CM,NSE,STK,29482,INE613C01026,MCLOUD,EQ,,,,,MAGELLANIC CLOUD LIMITED,29.0,30.17,28.6,29.68,29.69,28.95,,29.68,,,3865854,114148376.08,8174,F1,1,,,,,
2026-08-07,2026-08-07,CM,NSE,STK,14957,INE387I01016,MAGNUM,EQ,,,,,MAGNUM VENTURES LTD.,19.89,20.0,19.32,19.32,19.32,19.51,,19.32,,,66049,1288159.9,136,F1,1,,,,,
2026-08-07,2026-08-07,CM,NSE,STK,17088,INE0O1S01012,MAGSON,SM,,,,,MAGSON RETAIL AND DIST L,180.0,180.0,180.0,180.0,180.0,180.0,,180.0,,,11000,1980000.0,4,F1,1000,,,,,
2026-08-07,2026-08-07,CM,NSE,STK,5239,INE843B01013,MAHAPEXLTD,EQ,,,,,MAHA RASHTRA APEX COPR. L,44.2,45.95,44.2,44.38,44.68,44.88,,44.37,,,4564,203391.74,67,F1,1,,,,,
2026-08-07,2026-08-07,CM,NSE,STK,24937,INE0US801024,MFML,EQ,,,,,MAHALAXMI FABRIC MILLS LT,19.0,19.99,18.46,19.55,19.63,19.44,,19.55,,,7234,138950.43,150,F1,1,,,,,
2026-08-07,2026-08-07,CM,NSE,STK,7886,INE112D01035,MHLXMIRU,EQ,,,,,MAHALAXMI RUBTECH LIMITED,155.19,155.79,150.49,151.19,150.49,156.34,,151.08,,,6669,1017812.39,239,F1,1,,,,,
2026-08-07,2026-08-07,CM,NSE,STK,17527,INE451L01014,MAHASTEEL,EQ,,,,,MAHAMAYA STEEL INDS LTD,1020.0,1049.4,991.6,1046.3,1035.0,1024.1,,1046.49,,,11772,12067768.7,1031,F1,1,,,,,
2026-08-07,2026-08-07,CM,NSE,STK,17534,INE002S01010,MGL,EQ,,,,,MAHANAGAR GAS LTD.,1128.0,1144.0,1116.0,1139.6,1143.8,1123.7,,1139.4,,,531620,603534281.9,15801,F1,1,,,,,
2026-08-07,2026-08-07,CM,NSE,STK,2294,INE153A01019,MTNL,EQ,,,,,MAHANAGAR TELEPHONE NIGAM,27.78,27.99,27.53,27.81,27.73,27.69,,27.81,,,359254,9942002.37,1695,F1,1,,,,,
2026-08-07,2026-08-07,CM,NSE,STK,2085,INE288A01013,MAHSCOOTER,EQ,,,,,MAHARASHTRA SCOOTERS LTD,13867.0,13903.0,13665.0,13818.0,13846.0,13817.0,,13817.16,,,2629,36334743.0,917,F1,1,,,,,
2026-08-07,2026-08-07,CM,NSE,STK,2088,INE271B01025,MAHSEAMLES,EQ,,,,,MAHARASHTRA SEAMLESS LTD,586.0,598.8,574.45,589.7,587.6,583.8,,589.71,,,137498,81230289.35,8835,F1,1,,,,,
2026-08-07,2026-08-07,CM,NSE,STK,758688,INE632Q01018,MRIL,ST,,,,,MAHENDRA REALTO & INFRA L,69.5,69.9,66.3,69.9,69.9,69.7,,69.9,,,8000,541280.0,5,F1,1600,,,,,
2026-08-07,2026-08-07,CM,NSE,STK,9577,INE263W01010,MAHESHWARI,BE,,,,,MAHESHWARI LOGISTICS LTD.,72.0,73.0,71.58,72.86,73.0,73.0,,72.86,,,17442,1266910.37,39,F1,1,,,,,
2026-08-07,2026-08-07,CM,NSE,STK,2031,INE101A01026,M&M,EQ,,,,,MAHINDRA & MAHINDRA LTD,3405.0,3504.9,3402.1,3502.0,3502.0,3406.0,,3502.0,,,3299237,11466530119.5,162070,F1,1,,,,,
2026-08-07,2026-08-07,CM,NSE,STK,17603,INE215D01010,MAHEPC,EQ,,,,,MAHINDRA EPC IRRIG LTD,109.0,110.0,107.21,108.22,108.04,107.7,,108.22,,,31900,3475694.62,628,F1,1,,,,,
2026-08-07,2026-08-07,CM,NSE,STK,17333,INE998I01010,MHRIL,EQ,,,,,MAHINDRA HOLIDAYS LTD,229.6,231.75,226.6,229.66,229.0,230.98,,229.65,,,69548,15904742.53,3416,F1,1,,,,,
2026-08-07,2026-08-07,CM,NSE,STK,8050,INE813A01018,MAHLIFE,EQ,,,,,MAHINDRA LIFESPACE DEVLTD,386.4,396.4,384.0,386.55,384.0,386.4,,386.53,,,104547,40705981.35,4885,F1,1,,,,,
2026-08-07,2026-08-07,CM,NSE,STK,385,INE766P01016,MAHLOG,EQ,,,,,MAHINDRA LOGISTIC LIMITED,410.0,418.4,400.5,402.7,400.5,413.9,,402.71,,,774852,316863301.25,15563,F1,1,,,,,
2026-08-07,2026-08-07,CM,NSE,STK,24538,INE683C01011,MAITHANALL,EQ,,,,,MAITHAN ALLOYS LTD,974.7,976.0,959.5,973.35,970.7,967.7,,973.11,,,34313,33282460.25,1937,F1,1,,,,,
2026-08-07,2026-08-07,CM,NSE,STK,762780,INE201B01022,MAJESAUT,BE,,,,,MAJESTIC AUTO LTD.,495.45,498.9,475.0,492.15,493.85,495.45,,491.73,,,42665,20908317.3,1247,F1,1,,,,,
2026-08-07,2026-08-07,CM,NSE,STK,11218,INE0CDK01019,MAKS,SM,,,,,MAKS ENERGY SOL INDIA LTD,17.2,17.2,17.2,17.2,17.2,17.2,,17.2,,,3000,51600.0,1,F1,1500,,,,,
2026-08-07,2026-08-07,CM,NSE,STK,7965,INE389C01015,MALLCOM,EQ,,,,,MALLCOM (INDIA) LIMITED,1010.0,1010.0,980.0,994.45,1000.0,1015.1,,994.32,,,1671,1662981.95,190,F1,1,,,,,
2026-08-07,2026-08-07,CM,NSE,STK,13352,INE383H01017,MALUPAPER,EQ,,,,,MALU PAPER MILLS LIMITED,33.75,33.75,32.41,32.68,32.42,33.75,,32.68,,,15348,502886.77,165,F1,1,,,,,
2026-08-07,2026-08-07,CM,NSE,STK,28687,INE0TO701015,MAMATA,EQ,,,,,MAMATA MACHINERY LIMITED,421.15,429.5,421.15,428.2,428.0,425.1,,428.19,,,95858,40904065.25,3158,F1,1,,,,,
2026-08-07,2026-08-07,CM,NSE,STK,7413,INE830Q01018,MANAKCOAT,EQ,,,,,MAN COAT METAL & IND LTD,113.0,117.99,113.0,114.51,114.0,113.87,,114.49,,,377545,43367929.98,3286,F1,1,,,,,
2026-08-07,2026-08-07,CM,NSE,STK,11884,INE993A01026,MANINDS,EQ,,,,,MAN INDUSTRIES (I) LTD.,551.3,564.9,548.0,555.05,555.0,552.2,,555.05,,,378805,211258009.55,11097,F1,1,,,,,
2026-08-07,2026-08-07,CM,NSE,STK,18226,INE949H01023,MANINFRA,EQ,,,,,MAN INFRA LTD,111.15,117.3,111.1,113.85,113.9,110.41,,113.82,,,4913160,563776827.99,19649,F1,1,,,,,
2026-08-07,2026-08-07,CM,NSE,STK,7420,INE859Q01017,MANAKALUCO,EQ,,,,,MANAK ALUMINIUM CO. LTD.,38.66,41.89,37.15,40.48,41.63,38.36,,40.47,,,392723,15285566.22,2144,F1,1,,,,,
2026-08-07,2026-08-07,CM,NSE,STK,15199,INE015D01022,MANAKSIA,EQ,,,,,MANAKSIA LTD.,57.02,57.5,56.02,56.97,57.49,57.26,,56.95,,,12223,696023.01,262,F1,1,,,,,
2026-08-07,2026-08-07,CM,NSE,STK,7463,INE824Q01011,MANAKSTEEL,EQ,,,,,MANAKSIA STEELS LTD,88.84,89.9,83.73,84.43,83.73,88.13,,84.4,,,175980,15289350.15,1523,F1,1,,,,,
2026-08-07,2026-08-07,CM,NSE,STK,13796,INE201A01024,MANALIPETC,EQ,,,,,MANALI PETROCHEMICALS LT,65.22,65.9,64.01,64.64,64.6,65.54,,64.66,,,233379,15184324.44,2491,F1,1,,,,,
2026-08-07,2026-08-07,CM,NSE,STK,19061,INE522D01027,MANAPPURAM,EQ,,,,,MANAPPURAM FINANCE LTD,364.55,368.5,358.5,366.75,366.75,364.0,,366.74,,,2588647,942784788.85,21485,F1,1,,,,,
2026-08-07,2026-08-07,CM,NSE,STK,759354,INE0U4H01011,MPEL,ST,,,,,MANAS POLYMER N ENERGIE L,36.75,36.75,36.75,36.75,36.75,36.7,,36.75,,,14400,529200.0,1,F1,1600,,,,,
2026-08-07,2026-08-07,CM,NSE,STK,21697,INE104Y01012,MANAV,SM,,,,,MANAV INFRA PROJECTS LTD,23.45,23.45,23.45,23.45,23.45,22.35,,23.45,,,4000,93800.0,1,F1,4000,,,,,
2026-08-07,2026-08-07,CM,NSE,STK,25597,INE939X01013,MANBA,EQ,,,,,MANBA FINANCE LIMITED,132.35,135.41,131.0,131.77,131.0,133.08,,131.76,,,68064,9009107.29,686,F1,1,,,,,
2026-08-07,2026-08-07,CM,NSE,STK,23779,INE0R3T01013,MANDEEP,SM,,,,,MANDEEP AUTO INDUSTRIES L,20.15,20.9,19.1,20.9,20.9,19.95,,20.9,,,16000,323700.0,8,F1,2000,,,,,
2026-08-07,2026-08-07,CM,NSE,STK,24823,INE545L01039,MANCREDIT,EQ,,,,,MANGAL CREDIT N FINCORP L,277.64,287.27,236.79,240.09,242.5,252.56,,240.08,,,1084531,284673124.69,20742,F1,1,,,,,
2026-08-07,2026-08-07,CM,NSE,STK,758748,INE0PKD01011,MEIL,EQ,,,,,MANGAL ELECTRICAL IND L,276.0,287.95,274.3,276.4,277.0,276.0,,276.43,,,31690,8907942.3,1388,F1,1,,,,,
2026-08-07,2026-08-07,CM,NSE,STK,19134,INE00C401011,MAL,SM,,,,,MANGALAM ALLOYS LIMITED,31.95,31.95,30.5,31.25,31.85,31.8,,31.25,,,30400,957920.0,16,F1,1600,,,,,
2026-08-07,2026-08-07,CM,NSE,STK,2106,INE347A01017,MANGLMCEM,EQ,,,,,MANGALAM CEMENT LTD,941.4,944.95,930.65,938.15,944.95,941.15,,938.2,,,34470,32239662.1,744,F1,1,,,,,
2026-08-07,2026-08-07,CM,NSE,STK,11817,INE584F01014,MANGALAM,EQ,,,,,MANGALAM DRUG & CHEM LTD,28.0,28.3,27.15,27.19,27.15,27.01,,27.13,,,23709,654057.37,203,F1,1,,,,,
2026-08-07,2026-08-07,CM,NSE,STK,1598,INE0APB01032,MGEL,BE,,,,,MANGALAM GLOBAL ENT LTD,14.81,15.29,14.5,14.57,14.68,15.02,,14.57,,,194801,2866027.0,297,F1,1,,,,,
2026-08-07,2026-08-07,CM,NSE,STK,6428,INE370D01013,MANORG,BE,,,,,MANGALAM ORGANICS LIMITED,464.95,469.5,452.9,457.9,458.0,459.5,,458.0,,,5309,2447160.0,138,F1,1,,,,,
2026-08-07,2026-08-07,CM,NSE,STK,759169,INE0JYY01029,MWL,EQ,,,,,MANGALAM WORLDWIDE LTD,43.5,43.94,42.25,42.3,42.25,43.04,,42.3,,,4283404,183578006.5,4729,F1,1,,,,,
2026-08-07,2026-08-07,CM,NSE,STK,24629,INE0R3101011,MIEL,SM,,,,,MANGLAM INFRA & ENG LTD,12.8,13.1,12.8,13.1,13.1,12.5,,13.1,,,4000,51800.0,2,F1,2000,,,,,
2026-08-07,2026-08-07,CM,NSE,STK,764357,INE459N01021,MANIPALHOS,EQ,,,,,MANIPAL HEALTH ENTERPRI L,651.35,691.8,650.0,677.95,674.0,650.5,,677.87,,,6241385,4218566363.65,121224,F1,1,,,,,
2026-08-07,2026-08-07,CM,NSE,STK,15380,INE634S01028,MANKIND,EQ,,,,,MANKIND PHARMA LIMITED,2430.0,2456.0,2415.6,2456.0,2456.0,2420.3,,2455.92,,,167663,408812908.8,10876,F1,1,,,,,
2026-08-07,2026-08-07,CM,NSE,STK,19015,INE0KNT01012,MVGJL,EQ,,,,,MANOJ VAIBHAV GEM N JEW L,168.29,174.6,165.13,169.95,170.25,165.82,,169.95,,,115202,19718194.36,3253,F1,1,,,,,
2026-08-07,2026-08-07,CM,NSE,STK,13753,INE784W01015,MANOMAY,EQ,,,,,MANOMAY TEX INDIA LTD,217.98,219.5,214.52,218.79,217.0,216.43,,218.81,,,127530,27793325.9,1640,F1,1,,,,,
2026-08-07,2026-08-07,CM,NSE,STK,10227,INE00VM01036,MANORAMA,EQ,,,,,MANORAMA INDUSTRIES LTD,1640.0,1706.9,1622.2,1636.2,1633.0,1623.9,,1635.77,,,450152,750406618.4,27619,F1,1,,,,,
2026-08-07,2026-08-07,CM,NSE,STK,13575,INE867A01022,MANUGRAPH,BE,,,,,MANUGRAPH INDIA LIMITED,15.9,16.5,15.5,16.14,16.15,16.22,,16.14,,,3103,49952.77,26,F1,1,,,,,
2026-08-07,2026-08-07,CM,NSE,STK,7040,INE882A01013,MARALOVER,BE,,,,,MARAL OVERSEAS LTD,53.86,55.14,51.17,54.51,54.47,53.86,,54.51,,,25256,1321626.41,110,F1,1,,,,,
2026-08-07,2026-08-07,CM,NSE,STK,18659,INE182D01020,MARATHON,EQ,,,,,MARATHON NXTGEN REALT LTD,386.15,392.0,382.5,386.1,385.0,385.8,,386.02,,,98796,38144673.45,1290,F1,1,,,,,
2026-08-07,2026-08-07,CM,NSE,STK,760453,INE0TD401015,MARC,SM,,,,,MARC TECHNOCRATS LIMITED,119.65,135.8,119.65,131.15,135.8,116.0,,131.15,,,48000,6097260.0,37,F1,1200,,,,,
2026-08-07,2026-08-07,CM,NSE,STK,18773,INE0QP001012,MARCO,SM,,,,,MARCO CABLE & CONDUCTOR L,31.0,33.5,31.0,33.5,33.5,31.0,,33.5,,,10500,335250.0,7,F1,1500,,,,,
2026-08-07,2026-08-07,CM,NSE,STK,4067,INE196A01026,MARICO,EQ,,,,,MARICO LIMITED,860.95,863.95,852.4,862.0,862.0,860.0,,862.07,,,1151946,988307999.6,38791,F1,1,,,,,
2026-08-07,2026-08-07,CM,NSE,STK,1328,INE01JE01028,MARINE,EQ,,,,,MARINE ELECTRICAL (I) LTD,322.0,344.95,321.3,336.9,338.9,321.85,,336.9,,,3869094,1304040022.85,74409,F1,1,,,,,
2026-08-07,2026-08-07,CM,NSE,STK,760204,INE0FW001016,MARKOLINES,EQ,,,,,MARKOLINES PAVEMENT TEC L,181.19,182.49,176.2,178.46,178.5,180.65,,178.46,,,163207,29487014.39,1455,F1,1,,,,,
2026-08-07,2026-08-07,CM,NSE,STK,10579,INE750C01026,MARKSANS,EQ,,,,,MARKSANS PHARMA LIMITED,267.25,275.4,267.25,273.85,273.5,268.9,,273.85,,,1012212,275572946.4,21029,F1,1,,,,,
2026-08-07,2026-08-07,CM,NSE,STK,761386,INE415B01044,MARSONS,EQ,,,,,MARSONS LIMITED,107.76,108.68,101.15,103.97,101.74,107.82,,103.97,,,2174787,230224226.97,11075,F1,1,,,,,
2026-08-07,2026-08-07,CM,NSE,STK,761042,INE0X7G01013,MARUSHIKA,SM,,,,,MARUSHIKA TECHNOLOGY LTD,103.0,103.7,102.95,103.0,103.0,103.0,,103.0,,,4800,495180.0,4,F1,1200,,,,,
2026-08-07,2026-08-07,CM,NSE,STK,10999,INE585B01010,MARUTI,EQ,,,,,MARUTI SUZUKI INDIA LTD.,13811.0,14038.0,13811.0,14037.0,14037.0,14080.0,,14037.03,,,324104,4527230169.0,41780,F1,1,,,,,
2026-08-07,2026-08-07,CM,NSE,STK,199,INE348L01012,MASFIN,EQ,,,,,MAS FINANCIAL SERV LTD,310.0,310.3,300.65,302.15,302.85,309.95,,302.16,,,131480,39984775.1,10259,F1,1,,,,,
2026-08-07,2026-08-07,CM,NSE,STK,18731,INE885F01015,MASKINVEST,BE,,,,,MASK INVESTMENTS LIMITED,144.4,159.5,144.4,157.0,157.0,152.0,,157.0,,,162,25458.8,7,F1,1,,,,,
2026-08-07,2026-08-07,CM,NSE,STK,24278,INE0SH001010,MASON,SM,,,,,MASON INFRATECH LIMITED,116.1,119.85,114.0,119.85,119.85,117.5,,119.85,,,9500,1105450.0,17,F1,500,,,,,
2026-08-07,2026-08-07,CM,NSE,STK,2124,INE759A01021,MASTEK,EQ,,,,,MASTEK LTD,1830.0,1884.8,1824.2,1832.0,1833.0,1823.0,,1831.97,,,83369,154826575.7,12616,F1,1,,,,,
2026-08-07,2026-08-07,CM,NSE,STK,19011,INE0OJM01017,MASTER,SM,,,,,MASTER COMPONENTS LIMITED,498.75,498.75,497.0,497.0,497.0,475.0,,497.0,,,1500,746375.0,3,F1,500,,,,,
2026-08-07,2026-08-07,CM,NSE,STK,27047,INE677D01037,MASTERTR,EQ,,,,,MASTER TRUST LIMITED,80.14,80.99,78.25,79.65,78.86,80.14,,79.65,,,120126,9605987.45,1127,F1,1,,,,,
2026-08-07,2026-08-07,CM,NSE,STK,21726,INE866R01028,MATRIMONY,EQ,,,,,MATRIMONY.COM LIMITED,448.05,490.0,448.05,480.8,477.6,447.9,,480.79,,,193716,91296968.95,4222,F1,1,,,,,
2026-08-07,2026-08-07,CM,NSE,STK,759945,INE132901013,MGSL,SM,,,,,MATRIX GEO SOLUTIONS LTD,76.95,76.95,75.75,75.75,75.75,75.75,,75.75,,,10800,819960.0,7,F1,1200,,,,,
2026-08-07,2026-08-07,CM,NSE,STK,17026,INE636A01039,MAWANASUG,BE,,,,,MAWANA SUGARS LIMITED,111.0,116.95,110.0,115.83,116.85,113.2,,115.81,,,69077,7888291.09,305,F1,1,,,,,
2026-08-07,2026-08-07,CM,NSE,STK,19646,INE03EI01018,MAXESTATES,EQ,,,,,MAX ESTATES LIMITED,410.45,410.7,396.0,397.1,396.0,409.4,,397.09,,,32038,12820073.1,1983,F1,1,,,,,
2026-08-07,2026-08-07,CM,NSE,STK,2142,INE180A01020,MFSL,EQ,,,,,MAX FINANCIAL SERV LTD,1510.0,1524.0,1497.4,1497.4,1497.4,1518.8,,1497.4,,,359409,543130386.1,17354,F1,1,,,,,
2026-08-07,2026-08-07,CM,NSE,STK,22377,INE027H01010,MAXHEALTH,EQ,,,,,MAX HEALTHCARE INS LTD,1070.0,1084.3,1067.0,1070.0,1070.0,1072.4,,1070.01,,,1189799,1275471540.9,23562,F1,1,,,,,
2026-08-07,2026-08-07,CM,NSE,STK,22428,INE0CG601016,MAXIND,EQ,,,,,MAX INDIA LIMITED,173.5,174.29,171.0,171.08,171.9,172.82,,171.1,,,50333,8671675.68,1430,F1,1,,,,,
2026-08-07,2026-08-07,CM,NSE,STK,21691,INE0ECC01022,MAXPOSURE,SM,,,,,MAXPOSURE LIMITED,34.35,34.35,34.35,34.35,34.35,33.0,,34.35,,,1000,34350.0,1,F1,1000,,,,,
2026-08-07,2026-08-07,CM,NSE,STK,29657,INE10A501018,MAXVOLT,ST,,,,,MAXVOLT ENERGY INDUS L,335.85,354.0,332.5,346.25,346.7,338.65,,346.25,,,26800,9264360.0,62,F1,400,,,,,
2026-08-07,2026-08-07,CM,NSE,STK,28906,INE040D01038,MAYURUNIQ,EQ,,,,,MAYUR UNIQUOTERS LTD,766.8,785.0,747.9,773.1,768.5,773.85,,773.11,,,157743,121114303.65,11342,F1,1,,,,,
2026-08-07,2026-08-07,CM,NSE,STK,509,INE249Z01020,MAZDOCK,EQ,,,,,MAZAGON DOCK SHIPBUIL LTD,2530.0,2558.0,2496.9,2514.9,2514.9,2530.0,,2513.34,,,1078657,2722122127.2,36655,F1,1,,,,,
2026-08-07,2026-08-07,CM,NSE,STK,18870,INE885E01042,MAZDA,BE,,,,,MAZDA LIMITED,228.35,233.7,228.35,231.23,231.0,228.35,,230.66,,,6089,1407563.35,141,F1,1,,,,,
2026-08-07,2026-08-07,CM,NSE,STK,18033,INE912H01013,MBLINFRA,BE,,,,,MBL INFRASTRUCTURE LTD,25.0,25.5,24.16,24.52,24.5,25.13,,24.55,,,21502,529717.48,113,F1,1,,,,,
2026-08-07,2026-08-07,CM,NSE,STK,11944,INE942G01012,MCLEODRUSS,BE,,,,,MCLEOD RUSSEL INDIA LTD.,46.55,49.04,45.1,49.04,49.04,46.71,,49.04,,,264508,12714798.8,414,F1,1,,,,,
2026-08-07,2026-08-07,CM,NSE,STK,14574,INE0O4M01019,MCON,SM,,,,,MCON RASAYAN INDIA LTD,42.5,42.5,42.45,42.5,42.5,41.0,,42.5,,,4000,169950.0,4,F1,1000,,,,,
2026-08-07,2026-08-07,CM,NSE,STK,21705,INE456Z01021,MEDIASSIST,EQ,,,,,MEDI ASSIST HEALTH SER L,369.2,370.15,364.35,364.95,365.0,367.15,,364.93,,,79223,28980178.3,2249,F1,1,,,,,
2026-08-07,2026-08-07,CM,NSE,STK,762805,INE200D01020,MMWL,BE,,,,,MEDIA MATRIX WORLDWIDE L,14.35,15.8,14.3,15.79,15.79,15.05,,15.79,,,217155,3402223.86,217,F1,1,,,,,
2026-08-07,2026-08-07,CM,NSE,STK,6278,INE646B01010,MEDICAMEQ,EQ,,,,,MEDICAMEN BIOTECH LIMITED,239.0,241.58,235.0,235.69,236.0,237.67,,235.69,,,7699,1827751.84,414,F1,1,,,,,
2026-08-07,2026-08-07,CM,NSE,STK,24239,INE0PE401018,MEDIORG,SM,,,,,MEDICAMEN ORGANICS LTD,25.65,25.65,25.65,25.65,25.65,27.0,,25.65,,,2000,51300.0,1,F1,2000,,,,,
2026-08-07,2026-08-07,CM,NSE,STK,9667,INE630Y01024,MEDICO,EQ,,,,,MEDICO REMEDIES LIMITED,48.4,48.4,46.0,46.98,46.3,47.72,,46.98,,,422822,19814267.59,1001,F1,1,,,,,
2026-08-07,2026-08-07,CM,NSE,STK,7254,INE804L01022,MEDPLUS,EQ,,,,,MEDPLUS HEALTH SERV LTD,690.2,704.95,681.0,700.25,700.1,690.2,,700.25,,,172872,120619126.85,13448,F1,1,,,,,
2026-08-07,2026-08-07,CM,NSE,STK,760229,INE0VDM01015,MEESHO,EQ,,,,,MEESHO LIMITED,185.2,191.96,185.1,191.35,191.2,186.17,,191.34,,,11848696,2241525111.11,78569,F1,1,,,,,
2026-08-07,2026-08-07,CM,NSE,STK,10971,INE0G1D01014,MEGAFLEX,SM,,,,,MEGA FLEX PLASTICS LTD,100.0,100.0,100.0,100.0,100.0,100.0,,100.0,,,1000,100000.0,1,F1,1000,,,,,
2026-08-07,2026-08-07,CM,NSE,STK,8153,INE00EM01016,MEGASTAR,EQ,,,,,MEGASTAR FOODS LIMITED,324.75,335.0,318.0,331.05,334.85,324.6,,331.11,,,2903,952608.65,300,F1,1,,,,,
2026-08-07,2026-08-07,CM,NSE,STK,22560,INE531R01010,MEGATHERM,SM,,,,,MEGATHERM INDUCTION LTD,206.0,211.45,206.0,208.2,208.2,208.0,,208.2,,,17600,3689760.0,29,F1,400,,,,,
2026-08-07,2026-08-07,CM,NSE,STK,5394,INE0CT101020,MOL,EQ,,,,,MEGHMANI ORGANICS LIMITED,52.19,53.0,51.88,52.62,53.0,52.28,,52.62,,,496641,26030313.03,3450,F1,1,,,,,
2026-08-07,2026-08-07,CM,NSE,STK,6971,INE071D01033,MENONBE,BE,,,,,MENON BEARINGS LIMITED,228.68,239.0,228.68,237.35,237.8,229.82,,237.36,,,55057,12888690.09,561,F1,1,,,,,
2026-08-07,2026-08-07,CM,NSE,STK,762787,INE650G01029,MENNPIS,EQ,,,,,MENON PISTONS LTD.,75.73,76.18,73.15,74.07,74.05,75.35,,74.08,,,49490,3709208.93,764,F1,1,,,,,
2026-08-07,2026-08-07,CM,NSE,STK,25882,INE776I01010,MEP,BZ,,,,,MEP INFRA. DEVELOPERS LTD,0.57,0.57,0.57,0.57,0.57,0.56,,0.58,,,4970,2832.9,12,F1,1,,,,,
2026-08-07,2026-08-07,CM,NSE,STK,762792,INE689O01013,MERCANTILE,EQ,,,,,MERCANTILE VENTURES LTD.,25.01,25.5,24.75,25.09,25.1,24.52,,25.08,,,870,21930.07,56,F1,1,,,,,
2026-08-07,2026-08-07,CM,NSE,STK,763663,INE763M01028,MERCURYEV,EQ,,,,,MERCURY EV-TECH LIMITED,35.3,36.73,34.5,34.95,35.6,35.73,,34.98,,,137391,4864700.38,1262,F1,1,,,,,
2026-08-07,2026-08-07,CM,NSE,STK,764278,INE1II801013,METALIC,ST,,,,,METALIC TECHNOFORGE LTD,115.0,115.0,110.35,110.35,110.35,116.15,,110.35,,,187200,20943120.0,105,F1,1600,,,,,
2026-08-07,2026-08-07,CM,NSE,STK,7242,INE317I01021,METROBRAND,EQ,,,,,METRO BRANDS LIMITED,981.1,988.8,969.2,972.5,973.0,981.1,,972.5,,,193668,188385234.8,5081,F1,1,,,,,
2026-08-07,2026-08-07,CM,NSE,STK,762797,INE085D01033,METROGLOBL,EQ,,,,,METROGLOBAL LTD.,135.02,138.0,133.02,134.49,136.0,135.02,,134.49,,,3203,434233.64,98,F1,1,,,,,
2026-08-07,2026-08-07,CM,NSE,STK,9581,INE112L01020,METROPOLIS,EQ,,,,,METROPOLIS HEALTHCARE LTD,560.0,572.6,559.25,563.2,562.3,564.6,,563.2,,,132288,74583019.9,11231,F1,1,,,,,
2026-08-07,2026-08-07,CM,NSE,STK,7165,INE287C01037,MICEL,BE,,,,,MIC ELECTRONICS LTD,37.49,37.49,36.8,37.08,37.2,37.3,,37.08,,,117400,4359124.97,905,F1,1,,,,,
2026-08-07,2026-08-07,CM,NSE,STK,759517,INE0XAD01024,MIDWESTLTD,EQ,,,,,MIDWEST LIMITED,1209.1,1218.9,1190.0,1197.0,1192.2,1203.7,,1196.99,,,5219,6253488.9,697,F1,1,,,,,
2026-08-07,2026-08-07,CM,NSE,STK,159,INE376Y01016,MILTON,SM,,,,,MILTON INDUSTRIES LIMITED,33.5,33.9,33.5,33.9,33.9,32.3,,33.9,,,4400,148280.0,2,F1,2200,,,,,
2026-08-07,2026-08-07,CM,NSE,STK,25897,INE842C01021,MINDACORP,EQ,,,,,MINDA CORPORATION LTD,716.0,729.9,700.7,721.65,716.2,716.9,,721.67,,,228207,163548331.65,14714,F1,1,,,,,
2026-08-07,2026-08-07,CM,NSE,STK,22308,INE0CCU25019,MINDSPACE,RR,,,,,MINDSPACE BUSINESS P REIT,490.98,497.4,490.98,495.12,495.05,494.98,,495.13,,,719116,356286038.51,4620,F1,1,,,,,
2026-08-07,2026-08-07,CM,NSE,STK,18049,INE110B01017,MINDTECK,EQ,,,,,MINDTECK (INDIA) LIMITED,195.04,198.5,190.35,192.05,191.5,196.51,,192.06,,,50561,9831823.64,1267,F1,1,,,,,
2026-08-07,2026-08-07,CM,NSE,STK,19640,INF769K01KU7,ALPHAETF,EQ,,,,,MIRAEAMC - ALPHAETF,26.35,26.6,26.35,26.5,26.57,26.45,,26.5,,,625998,16605497.13,699,F1,1,,,,,
2026-08-07,2026-08-07,CM,NSE,STK,17419,INF769K01KR3,BANKETF,EQ,,,,,MIRAEAMC - BANKETF,589.57,591.24,587.91,589.55,589.4,591.34,,589.55,,,2857,1683998.98,155,F1,1,,,,,
2026-08-07,2026-08-07,CM,NSE,STK,25725,INF769K01LZ4,BANKPSU,EQ,,,,,MIRAEAMC - BANKPSU,87.83,89.6,87.79,88.6,88.65,87.9,,88.59,,,20225,1788699.64,126,F1,1,,,,,
2026-08-07,2026-08-07,CM,NSE,STK,28969,INF769K01NS5,CONSUMER,EQ,,,,,MIRAEAMC - CONSUMER,12.16,12.4,12.13,12.22,12.17,12.19,,12.21,,,467958,5697291.27,373,F1,1,,,,,
2026-08-07,2026-08-07,CM,NSE,STK,761046,INF769K01QC2,DEFENCE,EQ,,,,,MIRAEAMC - DEFENCE,79.46,81.32,79.46,81.2,81.2,80.9,,81.2,,,128079,10374007.99,822,F1,1,,,,,
2026-08-07,2026-08-07,CM,NSE,STK,760412,INF769K01PY8,DIVIDEND,EQ,,,,,MIRAEAMC - DIVIDEND,37.13,37.13,36.4,36.52,36.54,36.4,,36.52,,,7617,278190.01,59,F1,1,,,,,
2026-08-07,2026-08-07,CM,NSE,STK,759780,INF769K01PR2,ENERGY,EQ,,,,,MIRAEAMC - ENERGY,39.29,39.29,38.81,38.89,38.89,38.85,,38.89,,,144419,5627357.93,943,F1,1,,,,,
2026-08-07,2026-08-07,CM,NSE,STK,30121,INF769K01OA1,EQUAL200,EQ,,,,,MIRAEAMC - EQUAL200,13.9,14.11,13.9,14.09,14.09,14.07,,14.09,,,15050,211931.04,45,F1,1,,,,,
2026-08-07,2026-08-07,CM,NSE,STK,757142,INF769K01OO2,EQUAL50,EQ,,,,,MIRAEAMC - EQUAL50,340.34,340.67,339.5,340.12,340.12,340.34,,340.47,,,40494,13782104.04,22,F1,1,,,,,
2026-08-07,2026-08-07,CM,NSE,STK,24461,INF769K01LQ3,EVINDIA,EQ,,,,,MIRAEAMC - EVINDIA,33.61,34.25,33.61,34.18,34.22,33.63,,34.18,,,484979,16521394.36,2257,F1,1,,,,,
2026-08-07,2026-08-07,CM,NSE,STK,760986,INF769K01QA6,HEALTHCARE,EQ,,,,,MIRAEAMC - HEALTHCARE,22.14,22.14,21.63,21.77,21.78,21.68,,21.77,,,35492,771277.95,171,F1,1,,,,,
2026-08-07,2026-08-07,CM,NSE,STK,764333,INF769K01RJ5,HYBRIDETF,EQ,,,,,MIRAEAMC - HYBRIDETF,10.24,10.24,10.11,10.12,10.13,10.14,,10.12,,,119799,1213704.29,71,F1,1,,,,,
2026-08-07,2026-08-07,CM,NSE,STK,761030,INF769K01QB4,INFRA,EQ,,,,,MIRAEAMC - INFRA,12.47,12.47,12.2,12.25,12.26,12.23,,12.25,,,56225,688225.86,150,F1,1,,,,,
2026-08-07,2026-08-07,CM,NSE,STK,758595,INF769K01PB6,INTERNET,EQ,,,,,MIRAEAMC - INTERNET,14.15,14.15,13.82,13.86,13.84,13.92,,13.86,,,207188,2876716.19,255,F1,1,,,,,
2026-08-07,2026-08-07,CM,NSE,STK,19633,INF769K01KV5,ITETF,EQ,,,,,MIRAEAMC - ITETF,33.17,33.69,33.12,33.42,33.42,32.98,,33.42,,,453602,15189350.82,771,F1,1,,,,,
2026-08-07,2026-08-07,CM,NSE,STK,17572,INF769K01KS1,LIQUID,EQ,,,,,MIRAEAMC - LIQUID,999.96,1000.0,999.96,999.99,1000.0,999.99,,1000.0,,,187585,187584509.94,328,F1,1,,,,,
2026-08-07,2026-08-07,CM,NSE,STK,27075,INF769K01MY5,LIQUIDPLUS,EQ,,,,,MIRAEAMC - LIQUIDPLUS,1098.05,1098.07,1098.05,1098.06,1098.05,1097.61,,1098.06,,,299917,329327991.98,460,F1,1,,,,,
2026-08-07,2026-08-07,CM,NSE,STK,1200,INF769K01GS9,ESG,EQ,,,,,MIRAEAMC - MAESGETF,42.46,42.51,42.22,42.37,42.38,42.5,,42.37,,,7122,301720.61,97,F1,1,,,,,
2026-08-07,2026-08-07,CM,NSE,STK,3507,INF769K01HF4,MAFANG,EQ,,,,,MIRAEAMC - MAFANG,206.3,206.3,205.91,206.29,206.3,205.91,,206.29,,,317269,65448744.03,6962,F1,1,,,,,
2026-08-07,2026-08-07,CM,NSE,STK,5220,INF769K01HI8,BFSI,EQ,,,,,MIRAEAMC - MAFSETF,27.3,28.13,27.3,27.61,27.71,27.95,,27.61,,,510634,14114555.33,1432,F1,1,,,,,
2026-08-07,2026-08-07,CM,NSE,STK,14286,INF769K01JP9,GOLDETF,EQ,,,,,MIRAEAMC - MAGOLDETF,143.77,145.24,143.1,145.03,144.87,143.77,,145.03,,,754491,109054607.25,5340,F1,1,,,,,
2026-08-07,2026-08-07,CM,NSE,STK,14938,INF769K01KF8,GSEC10YEAR,EQ,,,,,MIRAEAMC - MAGS813ETF,30.7,30.7,30.65,30.65,30.65,30.55,,30.65,,,67,2056.6,15,F1,1,,,,,
2026-08-07,2026-08-07,CM,NSE,STK,7074,INF769K01HS7,MAHKTECH,EQ,,,,,MIRAEAMC - MAHKTECH,24.1,24.1,23.65,23.83,23.75,23.91,,23.83,,,712385,17017087.8,4923,F1,1,,,,,
2026-08-07,2026-08-07,CM,NSE,STK,8413,INF769K01IC9,MIDCAPETF,EQ,,,,,MIRAEAMC - MAM150ETF,24.45,24.45,23.62,23.9,23.92,23.86,,23.88,,,2864632,68452866.99,4934,F1,1,,,,,
2026-08-07,2026-08-07,CM,NSE,STK,7979,INF769K01IB1,MAKEINDIA,EQ,,,,,MIRAEAMC - MAMFGETF,173.11,173.11,165.0,169.61,169.65,168.89,,169.61,,,89589,15173500.79,489,F1,1,,,,,
2026-08-07,2026-08-07,CM,NSE,STK,6353,INF769K01EG9,NIFTYETF,EQ,,,,,MIRAEAMC - MAN50ETF,268.47,268.47,267.0,267.49,267.37,268.33,,267.49,,,446356,119428499.66,1200,F1,1,,,,,
2026-08-07,2026-08-07,CM,NSE,STK,14786,INF769K01JU9,LOWVOL,EQ,,,,,MIRAEAMC - MANV30F,213.67,213.73,212.58,212.58,212.58,213.27,,212.58,,,348,74228.74,10,F1,1,,,,,
2026-08-07,2026-08-07,CM,NSE,STK,17181,INF769K01FN2,NEXT50,EQ,,,,,MIRAEAMC - MANXT50,769.92,772.5,768.88,770.55,772.29,769.91,,770.55,,,46458,35827700.94,1127,F1,1,,,,,
2026-08-07,2026-08-07,CM,NSE,STK,16777,INF769K01KG6,SILVERAG,EQ,,,,,MIRAEAMC - MASILVER,218.72,224.92,218.62,224.32,224.8,218.71,,224.32,,,196210,43707852.88,2602,F1,1,,,,,
2026-08-07,2026-08-07,CM,NSE,STK,5782,INF769K01HP3,MASPTOP50,EQ,,,,,MIRAEAMC - MASPTOP50,80.54,80.54,80.5,80.54,80.54,80.94,,80.54,,,444705,35816363.22,2625,F1,1,,,,,
2026-08-07,2026-08-07,CM,NSE,STK,25744,INF769K01LY7,METAL,EQ,,,,,MIRAEAMC - METAL,13.6,13.6,12.95,13.3,13.31,13.27,,13.3,,,1996186,26469912.05,4955,F1,1,,,,,
2026-08-07,2026-08-07,CM,NSE,STK,23855,INF769K01LJ8,MIDSMALL,EQ,,,,,MIRAEAMC - MIDSMALL,50.86,52.15,50.86,52.01,52.02,51.9,,52.01,,,328634,17082193.83,851,F1,1,,,,,
2026-08-07,2026-08-07,CM,NSE,STK,764198,INF769K01RC0,MOMMIDCAP,EQ,,,,,MIRAEAMC - MOMMIDCAP,12.85,12.94,12.85,12.9,12.91,12.89,,12.9,,,1069660,13804239.2,539,F1,1,,,,,
2026-08-07,2026-08-07,CM,NSE,STK,25080,INF769K01LX9,MULTICAP,EQ,,,,,MIRAEAMC - MULTICAP,16.63,17.03,16.54,16.99,17.0,16.97,,16.99,,,116072,1971773.1,476,F1,1,,,,,
2026-08-07,2026-08-07,CM,NSE,STK,30109,INF769K01ON4,SELECTIPO,EQ,,,,,MIRAEAMC - SELECTIPO,48.04,48.12,47.91,48.09,48.12,48.01,,48.09,,,39917,1918003.29,73,F1,1,,,,,
2026-08-07,2026-08-07,CM,NSE,STK,19224,INF769K01KT9,SENSEXETF,EQ,,,,,MIRAEAMC - SENSEXETF,81.13,81.38,81.01,81.09,81.09,81.43,,81.09,,,11563,938016.51,264,F1,1,,,,,
2026-08-07,2026-08-07,CM,NSE,STK,759814,INF769K01PQ4,SMALL250,EQ,,,,,MIRAEAMC - SMALL250,17.97,18.78,17.97,18.4,18.41,18.44,,18.4,,,341024,6278356.94,859,F1,1,,,,,
2026-08-07,2026-08-07,CM,NSE,STK,22832,INF769K01LC3,SMALLCAP,EQ,,,,,MIRAEAMC - SMALLCAP,47.52,48.45,47.03,47.94,48.12,48.25,,47.96,,,2339754,112680676.32,3229,F1,1,,,,,
2026-08-07,2026-08-07,CM,NSE,STK,760415,INF769K01PZ5,TOP20,EQ,,,,,MIRAEAMC - TOP20,9.36,9.36,9.1,9.11,9.11,9.14,,9.11,,,47333,431994.07,152,F1,1,,,,,
2026-08-07,2026-08-07,CM,NSE,STK,761511,INF769K01QV2,VALUE,EQ,,,,,MIRAEAMC - VALUE,16.24,16.57,16.24,16.48,16.53,16.44,,16.48,,,43821,721072.45,63,F1,1,,,,,
2026-08-07,2026-08-07,CM,NSE,STK,4394,INE771A01026,MIRZAINT,EQ,,,,,MIRZA INTERNATIONAL LIMIT,33.25,33.47,32.75,33.2,33.0,33.47,,33.18,,,167030,5541239.34,1502,F1,1,,,,,
2026-08-07,2026-08-07,CM,NSE,STK,2463,INE099Z01011,MIDHANI,EQ,,,,,MISHRA DHATU NIGAM LTD,433.0,440.4,432.0,435.15,434.95,434.25,,435.13,,,508711,221564042.7,15474,F1,1,,,,,
2026-08-07,2026-08-07,CM,NSE,STK,8475,INE828O01033,MITCON,BE,,,,,MITCON CON & ENG SER LTD,78.9,80.4,76.0,79.32,79.3,78.51,,79.32,,,2856,225802.35,31,F1,1,,,,,
2026-08-07,2026-08-07,CM,NSE,STK,18562,INE997Y01027,MITTAL,EQ,,,,,MITTAL LIFE STYLE LIMITED,0.9,0.92,0.9,0.9,0.91,0.91,,0.9,,,243904,221204.76,214,F1,1,,,,,
2026-08-07,2026-08-07,CM,NSE,STK,13844,INE227C01017,MMFL,EQ,,,,,MM FORGINGS LTD,604.0,644.7,599.95,629.1,620.05,603.55,,629.07,,,686456,432773176.9,25087,F1,1,,,,,
2026-08-07,2026-08-07,CM,NSE,STK,16395,INE511Y01018,MMP,EQ,,,,,MMP INDUSTRIES LIMITED,330.25,335.8,321.5,326.25,330.25,330.25,,326.25,,,65010,21283680.35,2323,F1,1,,,,,
2026-08-07,2026-08-07,CM,NSE,STK,17957,INE123F01029,MMTC,EQ,,,,,MMTC LIMITED,64.2,65.09,63.75,63.98,64.05,64.05,,63.98,,,1009089,64848504.34,6361,F1,1,,,,,
2026-08-07,2026-08-07,CM,NSE,STK,760199,INE1YNB01019,MOBILISE,ST,,,,,MOBILISE APP LAB LIMITED,115.9,115.9,115.9,115.9,115.9,115.9,,115.9,,,3200,370880.0,2,F1,1600,,,,,
2026-08-07,2026-08-07,CM,NSE,STK,2241,INE794W01014,MODTHREAD,EQ,,,,,MODERN THREADS INDIA LTD,48.25,48.25,48.24,48.24,48.24,48.24,,48.24,,,891,42984.23,9,F1,1,,,,,
2026-08-07,2026-08-07,CM,NSE,STK,760280,INE537F01012,MODINATUR,BE,,,,,MODI NATURALS LIMITED,387.0,403.0,387.0,391.35,391.2,391.35,,391.35,,,2006,794664.7,39,F1,1,,,,,
2026-08-07,2026-08-07,CM,NSE,STK,2229,INE832A01018,MODIRUBBER,EQ,,,,,MODI RUBBER LTD,130.0,131.0,125.1,126.08,126.75,121.11,,126.08,,,2163,276828.79,77,F1,1,,,,,
2026-08-07,2026-08-07,CM,NSE,STK,759752,INE0L0L01012,MODIS,EQ,,,,,MODIS NAVNIRMAN LTD,411.55,424.9,385.55,392.4,389.5,411.15,,392.4,,,174952,70608918.35,3776,F1,1,,,,,
2026-08-07,2026-08-07,CM,NSE,STK,3325,INE737D01021,MODISONLTD,BE,,,,,MODISON LIMITED,283.0,284.8,274.5,278.95,281.0,279.95,,279.31,,,40900,11339141.2,369,F1,1,,,,,
2026-08-07,2026-08-07,CM,NSE,STK,1426,INE450S01011,MHHL,SM,,,,,MOHINI HEALTH&HYGIENE LTD,35.15,35.15,35.15,35.15,35.15,37.0,,35.15,,,3000,105450.0,1,F1,1500,,,,,
2026-08-07,2026-08-07,CM,NSE,STK,29423,INE954E01012,MOHITIND,EQ,,,,,MOHIT INDUSTRIES LTD,25.25,28.1,23.51,27.3,28.0,25.51,,27.26,,,90993,2362270.82,455,F1,1,,,,,
2026-08-07,2026-08-07,CM,NSE,STK,20830,INE490G01020,MOIL,EQ,,,,,MOIL LIMITED,282.0,284.4,277.05,278.15,278.7,282.45,,278.18,,,503674,141436397.35,11160,F1,1,,,,,
2026-08-07,2026-08-07,CM,NSE,STK,3586,INE514Y01020,MOKSH,EQ,,,,,MOKSH ORNAMENTS LIMITED,11.31,11.31,10.77,11.05,11.2,11.14,,11.05,,,84652,927146.03,346,F1,1,,,,,
2026-08-07,2026-08-07,CM,NSE,STK,6713,INE893J01029,MOLDTKPAC,EQ,,,,,MOLD-TEK PACKAGING LTD,685.0,690.0,680.1,685.35,685.0,683.5,,685.37,,,33225,22796900.2,2088,F1,1,,,,,
2026-08-07,2026-08-07,CM,NSE,STK,17625,INE835B01035,MOLDTECH,EQ,,,,,MOLD-TEK TECHNOLOGIES LTD,201.7,204.4,188.35,191.41,188.35,198.6,,191.41,,,1238319,241833545.29,16771,F1,1,,,,,
2026-08-07,2026-08-07,CM,NSE,STK,7679,INE903D01011,MONARCH,EQ,,,,,MONARCH NETWORTH CAP LTD,394.75,394.75,386.5,390.65,388.0,388.6,,390.64,,,80487,31353708.35,2089,F1,1,,,,,
2026-08-07,2026-08-07,CM,NSE,STK,759381,INE296Q01012,MONEYBOXX,EQ,,,,,MONEYBOXX FINANCE LIMITED,63.85,63.85,61.0,61.05,61.0,62.68,,61.05,,,3185,195163.03,40,F1,1,,,,,
2026-08-07,2026-08-07,CM,NSE,STK,18392,INE0OIP01012,MONOPHARMA,SM,,,,,MONO PHARMACARE LIMITED,8.0,8.0,7.85,7.85,7.85,8.25,,7.85,,,56000,442100.0,25,F1,2000,,,,,
2026-08-07,2026-08-07,CM,NSE,STK,756958,INE1DV401010,MONOLITH,SM,,,,,MONOLITHISCH INDIA LTD,920.05,945.0,896.25,928.2,924.0,921.45,,928.2,,,33500,30650700.0,113,F1,250,,,,,
2026-08-07,2026-08-07,CM,NSE,STK,5938,INE950M01013,MONTECARLO,EQ,,,,,MONTE CARLO FASHIONS LTD.,499.0,502.5,494.95,499.7,500.0,498.95,,499.75,,,65640,32661312.5,2848,F1,1,,,,,
2026-08-07,2026-08-07,CM,NSE,STK,2259,INE083A01026,MOREPENLAB,EQ,,,,,MOREPEN LAB. LTD,80.3,82.89,78.92,80.25,80.0,79.42,,80.25,,,36485619,2952970779.21,88701,F1,1,,,,,
2026-08-07,2026-08-07,CM,NSE,STK,15057,INE0N7S01028,MOS,ST,,,,,MOS UTILITY LIMITED,10.45,10.55,10.1,10.2,10.1,10.05,,10.2,,,296000,3053000.0,37,F1,4000,,,,,
2026-08-07,2026-08-07,CM,NSE,STK,29459,INE935B01025,MOSCHIP,EQ,,,,,MOSCHIP TECHNOLOGIES LTD,209.0,210.73,205.54,206.77,206.8,209.21,,206.76,,,926028,192729910.92,12389,F1,1,,,,,
2026-08-07,2026-08-07,CM,NSE,STK,8596,INE0FS801015,MSUMI,EQ,,,,,MOTHERSON SUMI WRNG IND L,40.96,42.11,40.9,41.16,41.11,41.01,,41.16,,,13810912,573080094.74,34893,F1,1,,,,,
2026-08-07,2026-08-07,CM,NSE,STK,21423,INF247L01023,MOM100,EQ,,,,,MOTILAL OS MIDCAP100 ETF,68.41,68.7,67.61,68.02,68.33,68.41,,68.07,,,301295,20585122.75,2291,F1,1,,,,,
2026-08-07,2026-08-07,CM,NSE,STK,22739,INF247L01AP3,MON100,EQ,,,,,MOTILAL OS NASDAQ100 ETF,328.99,328.99,328.99,328.99,328.99,332.36,,328.99,,,126431,41594534.69,7233,F1,1,,,,,
2026-08-07,2026-08-07,CM,NSE,STK,14947,INE338I01027,MOTILALOFS,EQ,,,,,MOTILAL OSWAL FIN LTD,869.95,875.7,858.05,870.0,870.0,874.0,,870.0,,,891154,771474476.5,20397,F1,1,,,,,
2026-08-07,2026-08-07,CM,NSE,STK,19289,INF247L01536,MOM50,EQ,,,,,MOTILAL OSWAL M50 ETF,258.8,259.0,255.55,258.3,258.99,258.49,,258.24,,,3130,807680.23,122,F1,1,,,,,
2026-08-07,2026-08-07,CM,NSE,STK,1507,INF247L01AK4,MOGSEC,EQ,,,,,MOTILALAMC - G5,65.8,66.39,65.55,65.62,66.06,66.01,,65.62,,,2966,195720.18,70,F1,1,,,,,
2026-08-07,2026-08-07,CM,NSE,STK,757669,INF247L01FR8,MOALPHA50,EQ,,,,,MOTILALAMC - MOALPHA50,56.83,56.83,55.4,55.75,55.75,55.72,,55.75,,,964,53716.77,41,F1,1,,,,,
2026-08-07,2026-08-07,CM,NSE,STK,761693,INF247L01GV8,MOBANK10,EQ,,,,,MOTILALAMC - MOBANK10,17.3,17.3,16.95,17.08,17.25,17.12,,17.08,,,6035,103101.88,87,F1,1,,,,,
2026-08-07,2026-08-07,CM,NSE,STK,30065,INF247L01EV3,MOCAPITAL,EQ,,,,,MOTILALAMC - MOCAPITAL,52.55,53.85,52.27,52.43,52.55,52.61,,52.43,,,867273,45476285.11,3363,F1,1,,,,,
2026-08-07,2026-08-07,CM,NSE,STK,24944,INF247L01DJ0,MODEFENCE,EQ,,,,,MOTILALAMC - MODEFENCE,106.78,106.95,105.05,106.77,106.69,106.1,,106.77,,,1248307,132816035.33,7664,F1,1,,,,,
2026-08-07,2026-08-07,CM,NSE,STK,759374,INF247L01GH7,MOENERGY,EQ,,,,,MOTILALAMC - MOENERGY,39.0,39.09,38.65,38.84,38.95,38.71,,38.84,,,100308,3901091.75,668,F1,1,,,,,
2026-08-07,2026-08-07,CM,NSE,STK,757791,INF247L01FY4,MOGOLD,EQ,,,,,MOTILALAMC - MOGOLD,146.05,147.8,145.55,147.45,147.25,146.05,,147.44,,,17637,2589585.85,412,F1,1,,,,,
2026-08-07,2026-08-07,CM,NSE,STK,10508,INF247L01BB1,MOHEALTH,EQ,,,,,MOTILALAMC - MOHEALTH,51.9,52.41,51.76,52.1,52.17,51.9,,52.1,,,24695,1283525.06,438,F1,1,,,,,
2026-08-07,2026-08-07,CM,NSE,STK,757031,INF247L01FL1,MOINFRA,EQ,,,,,MOTILALAMC - MOINFRA,60.77,61.81,60.55,60.7,61.2,60.7,,60.7,,,3497,212436.71,58,F1,1,,,,,
2026-08-07,2026-08-07,CM,NSE,STK,759891,INF247L01GI5,MOIPO,EQ,,,,,MOTILALAMC - MOIPO,48.7,48.7,48.0,48.27,48.31,48.02,,48.27,,,3475,167416.29,42,F1,1,,,,,
2026-08-07,2026-08-07,CM,NSE,STK,8654,INF247L01BL0,MOLOWVOL,EQ,,,,,MOTILALAMC - MOLOWVOL,37.97,37.97,37.56,37.56,37.63,37.64,,37.56,,,1882,70820.56,38,F1,1,,,,,
2026-08-07,2026-08-07,CM,NSE,STK,25606,INF247L01DK8,MOMENTUM50,EQ,,,,,MOTILALAMC - MOMENTUM50,53.46,54.05,53.46,54.0,54.05,53.71,,54.0,,,782606,42178966.47,1403,F1,1,,,,,
2026-08-07,2026-08-07,CM,NSE,STK,764402,INF247L01HG7,MOMETAL,EQ,,,,,MOTILALAMC - MOMETAL,13.15,13.19,13.11,13.19,13.19,13.17,,13.19,,,3040,39894.15,22,F1,1,,,,,
2026-08-07,2026-08-07,CM,NSE,STK,757099,INF247L01FK3,MOMGF,EQ,,,,,MOTILALAMC - MOMGF,166.39,168.0,165.55,167.9,168.0,166.75,,167.9,,,1790,298019.11,37,F1,1,,,,,
2026-08-07,2026-08-07,CM,NSE,STK,757817,INF247L01FQ0,MOMIDMTM,EQ,,,,,MOTILALAMC - MOMIDMTM,65.86,65.86,64.5,64.81,64.81,64.57,,64.81,,,80524,5214379.05,240,F1,1,,,,,
2026-08-07,2026-08-07,CM,NSE,STK,760054,INF247L01GK1,MOMNC,EQ,,,,,MOTILALAMC - MOMNC,33.65,33.77,33.6,33.74,33.75,33.49,,33.74,,,22197,749123.38,29,F1,1,,,,,
2026-08-07,2026-08-07,CM,NSE,STK,8182,INF247L01BK2,MOMOMENTUM,EQ,,,,,MOTILALAMC - MOMOMENTUM,64.12,64.12,62.0,62.57,62.75,62.56,,62.58,,,59903,3755263.34,402,F1,1,,,,,
2026-08-07,2026-08-07,CM,NSE,STK,756900,INF247L01FC0,MON50EQUAL,EQ,,,,,MOTILALAMC - MON50EQUAL,34.09,35.2,34.09,34.21,34.5,34.44,,34.21,,,8682,296926.12,57,F1,1,,,,,
2026-08-07,2026-08-07,CM,NSE,STK,757167,INF247L01FD8,MONEXT50,EQ,,,,,MOTILALAMC - MONEXT50,74.98,74.98,74.51,74.87,74.98,74.12,,74.87,,,856,64016.18,46,F1,1,,,,,
2026-08-07,2026-08-07,CM,NSE,STK,759371,INF247L01GG9,MONIFTY100,EQ,,,,,MOTILALAMC - MONIFTY100,26.15,26.15,25.8,25.88,25.83,26.02,,25.88,,,71299,1842540.13,57,F1,1,,,,,
2026-08-07,2026-08-07,CM,NSE,STK,19237,INF247L01BU1,MONIFTY500,EQ,,,,,MOTILALAMC - MONIFTY500,24.3,24.38,24.15,24.28,24.3,24.3,,24.28,,,406016,9866716.68,1452,F1,1,,,,,
2026-08-07,2026-08-07,CM,NSE,STK,7422,INF247L01AU3,MONQ50,EQ,,,,,MOTILALAMC - MONQ50,144.28,144.28,144.28,144.28,144.28,146.88,,144.28,,,8569,1236335.32,117,F1,1,,,,,
2026-08-07,2026-08-07,CM,NSE,STK,764405,INF247L01HH5,MOOILGAS,EQ,,,,,MOTILALAMC - MOOILGAS,11.35,11.36,11.25,11.25,11.25,11.3,,11.25,,,2818,31926.53,35,F1,1,,,,,
2026-08-07,2026-08-07,CM,NSE,STK,757431,INF247L01FO5,MOPSE,EQ,,,,,MOTILALAMC - MOPSE,101.3,101.3,100.57,101.3,101.3,101.24,,101.3,,,2345,236565.39,18,F1,1,,,,,
2026-08-07,2026-08-07,CM,NSE,STK,10822,INF247L01BH8,MOQUALITY,EQ,,,,,MOTILALAMC - MOQUALITY,207.71,207.71,206.75,207.3,207.47,205.72,,207.17,,,714,148178.49,26,F1,1,,,,,
2026-08-07,2026-08-07,CM,NSE,STK,23184,INF247L01CI4,MOREALTY,EQ,,,,,MOTILALAMC - MOREALTY,89.77,89.77,88.81,89.03,89.08,89.18,,89.03,,,327737,29211180.95,2271,F1,1,,,,,
2026-08-07,2026-08-07,CM,NSE,STK,760001,INF247L01GJ3,MOSERVICE,EQ,,,,,MOTILALAMC - MOSERVICE,31.71,31.8,31.5,31.77,31.8,31.76,,31.77,,,13030,412873.42,53,F1,1,,,,,
2026-08-07,2026-08-07,CM,NSE,STK,758457,INF247L01FZ1,MOSILVER,EQ,,,,,MOTILALAMC - MOSILVER,222.37,228.87,221.21,227.17,226.68,221.84,,227.15,,,167324,37893195.57,1613,F1,1,,,,,
2026-08-07,2026-08-07,CM,NSE,STK,23181,INF247L01CH6,MOSMALL250,EQ,,,,,MOTILALAMC - MOSMALL250,18.92,18.92,18.4,18.47,18.47,18.46,,18.47,,,860214,15873627.32,2178,F1,1,,,,,
2026-08-07,2026-08-07,CM,NSE,STK,757443,INF247L01FP2,MOTOUR,EQ,,,,,MOTILALAMC - MOTOUR,81.08,81.1,80.33,80.98,81.1,80.45,,80.98,,,41549,3356031.98,193,F1,1,,,,,
2026-08-07,2026-08-07,CM,NSE,STK,10825,INF247L01BE5,MOVALUE,EQ,,,,,MOTILALAMC - MOVALUE,115.86,116.3,115.52,116.06,116.14,115.86,,116.01,,,50968,5916772.79,605,F1,1,,,,,
2026-08-07,2026-08-07,CM,NSE,STK,20788,INE0FRK01020,MOTISONS,EQ,,,,,MOTISONS JEWELLERS LTD,13.87,14.14,13.76,13.96,14.01,13.87,,13.96,,,24760361,346372225.14,9987,F1,1,,,,,
2026-08-07,2026-08-07,CM,NSE,STK,8793,INE861B01023,MOTOGENFIN,BE,,,,,MOTOR & GENERAL FINANCE L,26.17,26.17,25.81,25.81,25.81,25.92,,26.24,,,1534,39726.27,13,F1,1,,,,,
2026-08-07,2026-08-07,CM,NSE,STK,4503,INE356A01018,MPHASIS,EQ,,,,,MPHASIS LIMITED,2415.0,2498.0,2405.1,2475.0,2475.0,2421.9,,2475.0,,,608641,1506233327.8,34627,F1,1,,,,,
2026-08-07,2026-08-07,CM,NSE,STK,10578,INE943D01017,MPSLTD,EQ,,,,,MPS LIMITED,2761.4,2944.9,2761.4,2931.2,2934.1,2763.9,,2931.17,,,130151,378005385.0,12617,F1,1,,,,,
2026-08-07,2026-08-07,CM,NSE,STK,2277,INE883A01011,MRF,EQ,,,,,MRF LTD,133930.0,134500.0,133500.0,134190.0,134075.0,133930.0,,134189.02,,,2090,280249375.0,1579,F1,1,,,,,
2026-08-07,2026-08-07,CM,NSE,STK,2283,INE103A01014,MRPL,EQ,,,,,MRPL,167.9,168.88,165.4,167.01,167.15,167.78,,167.0,,,2184338,364604527.64,15748,F1,1,,,,,
2026-08-07,2026-08-07,CM,NSE,STK,1628,INE495P01020,BECTORFOOD,EQ,,,,,MRS BECTORS FOOD SPE LTD,211.0,226.99,210.3,224.4,226.0,210.48,,224.41,,,7460167,1643743119.09,82159,F1,1,,,,,
2026-08-07,2026-08-07,CM,NSE,STK,11919,INE752G01015,MSPL,EQ,,,,,MSP STEEL & POWER LTD.,36.95,36.95,35.51,36.01,35.85,37.55,,36.01,,,1272904,45899367.37,6084,F1,1,,,,,
2026-08-07,2026-08-07,CM,NSE,STK,9356,INE255X01014,MSTCLTD,EQ,,,,,MSTC LIMITED,605.2,608.5,590.0,591.25,590.0,605.2,,591.21,,,140967,83969189.35,5414,F1,1,,,,,
2026-08-07,2026-08-07,CM,NSE,STK,31413,INE472M01018,MTEDUCARE,BE,,,,,MT EDUCARE LTD,1.99,2.03,1.86,1.99,2.0,1.94,,1.94,,,42896,85063.0,85,F1,1,,,,,
2026-08-07,2026-08-07,CM,NSE,STK,2715,INE864I01014,MTARTECH,BE,,,,,MTAR TECHNOLOGIES LIMITED,6976.0,7100.0,6611.5,7085.5,7000.0,6959.0,,7085.11,,,321936,2208507075.5,43042,F1,1,,,,,
2026-08-07,2026-08-07,CM,NSE,STK,19783,INE08KJ01020,MUFIN,EQ,,,,,MUFIN GREEN FINANCE LTD,133.6,138.4,133.5,137.19,137.18,134.07,,137.22,,,2262111,309400917.25,8805,F1,1,,,,,
2026-08-07,2026-08-07,CM,NSE,STK,11325,INE304A01026,MUKANDLTD,EQ,,,,,MUKAND LTD.,141.7,145.67,138.8,143.22,142.37,143.29,,143.22,,,281992,40295755.04,4375,F1,1,,,,,
2026-08-07,2026-08-07,CM,NSE,STK,22980,INE0CG401037,MUKKA,EQ,,,,,MUKKA PROTEINS LIMITED,23.35,23.67,23.17,23.41,23.3,23.1,,23.41,,,166608,3890226.52,1017,F1,1,,,,,
2026-08-07,2026-08-07,CM,NSE,STK,8691,INE374B01019,MUKTAARTS,BE,,,,,MUKTA ARTS LIMITED,56.03,58.01,56.03,57.0,57.0,58.78,,57.0,,,656,37264.5,7,F1,1,,,,,
2026-08-07,2026-08-07,CM,NSE,STK,31181,INE745G01043,MCX,EQ,,,,,MULTI COMMODITY EXCHANGE,2633.2,2684.5,2621.0,2638.0,2638.0,2640.0,,2638.92,,,1444759,3846099570.1,70937,F1,1,,,,,
2026-08-07,2026-08-07,CM,NSE,STK,759419,INE1K8Y01018,MUNISH,ST,,,,,MUNISH FORGE LIMITED,82.0,84.0,81.05,81.05,81.05,80.0,,81.05,,,78000,6447060.0,22,F1,1200,,,,,
2026-08-07,2026-08-07,CM,NSE,STK,13511,INE672B01032,MUNJALAU,EQ,,,,,MUNJAL AUTO IND. LTD.,102.51,103.69,101.95,102.46,102.0,103.66,,102.36,,,137882,14160456.36,1533,F1,1,,,,,
2026-08-07,2026-08-07,CM,NSE,STK,2307,INE577A01027,MUNJALSHOW,EQ,,,,,MUNJAL SHOWA LTD,133.89,135.9,133.62,134.21,134.58,133.62,,134.22,,,24666,3317007.2,534,F1,1,,,,,
2026-08-07,2026-08-07,CM,NSE,STK,2313,INE692B01014,MURUDCERA,EQ,,,,,MURUDESHWAR CERAMICS LTD,30.95,31.33,30.94,31.1,31.06,30.95,,31.1,,,8391,261236.41,88,F1,1,,,,,
2026-08-07,2026-08-07,CM,NSE,STK,19877,INE919I01024,RADIOCITY,EQ,,,,,MUSIC BROADCAST LIMITED,7.0,7.0,6.81,6.85,6.9,6.87,,6.84,,,31416,217654.04,112,F1,1,,,,,
2026-08-07,2026-08-07,CM,NSE,STK,10415,INE296G01013,MUTHOOTCAP,EQ,,,,,MUTHOOT CAP SERV LTD,263.94,269.0,257.0,259.21,257.1,263.94,,259.07,,,25637,6712138.92,765,F1,1,,,,,
2026-08-07,2026-08-07,CM,NSE,STK,23650,INE414G01012,MUTHOOTFIN,EQ,,,,,MUTHOOT FINANCE LIMITED,2900.0,2914.0,2870.5,2890.0,2890.0,2894.2,,2890.0,,,813420,2351191052.3,74775,F1,1,,,,,
2026-08-07,2026-08-07,CM,NSE,STK,20831,INE046W01019,MUTHOOTMF,EQ,,,,,MUTHOOT MICROFIN LIMITED,235.0,244.6,212.06,214.02,213.11,221.94,,214.02,,,5655615,1280445273.73,69015,F1,1,,,,,
2026-08-07,2026-08-07,CM,NSE,STK,764397,INE0OWZ01020,MVELECTRO,EQ,,,,,MV ELECTROSYSTEMS LIMITED,665.5,686.5,593.05,611.7,594.95,624.0,,611.68,,,13751593,8996279538.7,299785,F1,1,,,,,
2026-08-07,2026-08-07,CM,NSE,STK,25208,INE0RVQ01016,MYMUDRA,SM,,,,,MY MUDRA FINCORP LIMITED,79.0,80.0,79.0,80.0,80.0,79.5,,80.0,,,8400,669000.0,4,F1,1200,,,,,
2026-08-07,2026-08-07,CM,NSE,STK,20314,INE740D01017,NRAIL,EQ,,,,,N R AGARWAL INDS LTD,524.25,549.0,516.1,544.55,545.0,521.65,,544.46,,,66673,35904411.8,2621,F1,1,,,,,
2026-08-07,2026-08-07,CM,NSE,STK,757492,INE104101014,NRVANDANA,ST,,,,,N R VANDANA TEX IND LTD,69.5,69.5,68.0,68.25,68.25,68.5,,68.25,,,99000,6783000.0,25,F1,3000,,,,,
2026-08-07,2026-08-07,CM,NSE,STK,19111,INE365I01020,NBIFIN,EQ,,,,,N.B.I. IND. FIN. CO. LTD,2172.3,2176.9,2101.1,2120.1,2117.0,2158.1,,2120.1,,,430,915110.8,150,F1,1,,,,,
2026-08-07,2026-08-07,CM,NSE,STK,20425,INE295D01020,NACLIND,EQ,,,,,NACL INDUSTRIES LIMITED,178.65,180.63,176.41,177.36,177.71,178.14,,177.36,,,308579,54992414.3,5641,F1,1,,,,,
2026-08-07,2026-08-07,CM,NSE,STK,18371,INE756C01015,NDGL,EQ,,,,,NAGA DHUNSERI GROUP LTD,2749.0,2800.0,2631.0,2652.3,2649.0,2750.0,,2652.3,,,209,560098.7,66,F1,1,,,,,
2026-08-07,2026-08-07,CM,NSE,STK,14942,INE245I01016,NAGREEKCAP,EQ,,,,,NAGREEKA CAP & INFR.LTD,22.21,22.9,22.21,22.46,22.83,22.62,,22.46,,,6510,147389.54,71,F1,1,,,,,
2026-08-07,2026-08-07,CM,NSE,STK,14702,INE123B01028,NAGREEKEXP,EQ,,,,,NAGREEKA EXPORTS LTD.,22.01,23.39,22.01,22.67,22.65,22.81,,22.41,,,15998,361174.24,172,F1,1,,,,,
2026-08-07,2026-08-07,CM,NSE,STK,15360,INE049I01012,NAHARCAP,EQ,,,,,NAHAR CAP & FIN.,279.0,279.0,265.31,266.64,266.01,273.78,,266.67,,,24677,6624241.47,329,F1,1,,,,,
2026-08-07,2026-08-07,CM,NSE,STK,13106,INE289A01011,NAHARINDUS,EQ,,,,,NAHAR INDS ENT LTD,121.08,128.98,120.4,127.72,128.5,121.08,,127.69,,,73322,9188676.77,1087,F1,1,,,,,
2026-08-07,2026-08-07,CM,NSE,STK,14445,INE308A01027,NAHARPOLY,EQ,,,,,NAHAR POLY FILMS LIMITED,245.5,249.0,235.1,237.0,237.65,240.25,,237.03,,,23643,5650507.75,798,F1,1,,,,,
2026-08-07,2026-08-07,CM,NSE,STK,14440,INE290A01027,NAHARSPING,EQ,,,,,NAHAR SPINNING MILLS LTD.,313.9,318.8,305.3,316.25,316.9,309.8,,316.24,,,66241,20836910.1,1695,F1,1,,,,,
2026-08-07,2026-08-07,CM,NSE,STK,5404,INE236Y01012,NGIL,BE,,,,,NAKODA GROUP OF IND. LTD,39.9,39.9,39.0,39.04,39.05,38.52,,39.05,,,2499,98434.95,18,F1,1,,,,,
2026-08-07,2026-08-07,CM,NSE,STK,11239,INE023A01030,NSIL,EQ,,,,,NALWA SONS INVESTMENT LTD,5700.0,5750.0,5617.5,5655.0,5636.0,5711.5,,5652.9,,,1892,10714790.0,336,F1,1,,,,,
2026-08-07,2026-08-07,CM,NSE,STK,23379,INE0RJM01010,NAMAN,SM,,,,,NAMAN INDUSTRE PRXIMA LTD,43.75,43.75,43.75,43.75,43.75,43.75,,43.75,,,1600,70000.0,2,F1,800,,,,,
2026-08-07,2026-08-07,CM,NSE,STK,25170,INE08NZ01012,NAMOEWASTE,ST,,,,,NAMO EWASTE MANAGEMENT L,275.05,275.2,274.05,275.1,275.1,275.4,,275.1,,,20800,5715960.0,23,F1,800,,,,,
2026-08-07,2026-08-07,CM,NSE,STK,31258,INE875G01048,NDL,EQ,,,,,NANDAN DENIM LIMITED,2.29,2.36,2.28,2.32,2.35,2.31,,2.32,,,550200,1274880.27,720,F1,1,,,,,
2026-08-07,2026-08-07,CM,NSE,STK,5516,INE696V01013,JAIPURKURT,EQ,,,,,NANDANI CREATION LIMITED,27.0,28.7,26.61,27.58,27.25,26.53,,27.58,,,34470,949066.7,194,F1,1,,,,,
2026-08-07,2026-08-07,CM,NSE,STK,11840,INE410P01011,NH,EQ,,,,,NARAYANA HRUDAYALAYA LTD.,1885.0,1900.0,1865.7,1885.1,1898.4,1885.0,,1885.05,,,233480,438563449.4,25959,F1,1,,,,,
2026-08-07,2026-08-07,CM,NSE,STK,11627,INE117Z01029,NARMADA,EQ,,,,,NARMADA AGROBASE LIMITED,13.85,14.03,13.52,13.89,13.71,13.85,,13.89,,,1619834,22343969.92,3844,F1,1,,,,,
2026-08-07,2026-08-07,CM,NSE,STK,3918,INE987B01026,NATCOPHARM,EQ,,,,,NATCO PHARMA LTD.,913.9,919.25,911.0,916.65,916.15,912.5,,916.67,,,168655,154302167.25,14212,F1,1,,,,,
2026-08-07,2026-08-07,CM,NSE,STK,11065,INE448G01010,NATHBIOGEN,EQ,,,,,NATH BIO-GENES (I) LTD,160.0,160.74,156.0,157.68,157.25,160.88,,157.73,,,56675,8953458.1,827,F1,1,,,,,
2026-08-07,2026-08-07,CM,NSE,STK,6364,INE139A01034,NATIONALUM,EQ,,,,,NATIONAL ALUMINIUM CO LTD,382.5,382.85,377.15,381.0,381.0,381.0,,381.05,,,4423953,1679591514.4,46779,F1,1,,,,,
2026-08-07,2026-08-07,CM,NSE,STK,13925,INE870D01012,NFL,EQ,,,,,NATIONAL FERT. LTD,72.2,72.57,71.71,71.91,71.9,72.5,,71.9,,,269948,19463317.03,2373,F1,1,,,,,
2026-08-07,2026-08-07,CM,NSE,STK,6531,INE0H7R23014,NHIT,IV,,,,,NATIONAL HIGHW INFRA TRUS,170.4,171.0,164.0,164.0,164.0,171.03,,164.0,,,1500000,255455000.0,5,F1,25000,,,,,
2026-08-07,2026-08-07,CM,NSE,STK,762807,INE166R01015,NATIONSTD,EQ,,,,,NATIONAL STAND (INDIA) L,191.85,191.85,191.85,191.85,191.85,201.94,,191.86,,,4431,850087.35,182,F1,1,,,,,
2026-08-07,2026-08-07,CM,NSE,STK,29583,INE936B01015,NATCAPSUQ,EQ,,,,,NATURAL CAPSULES LIMITED,151.4,157.97,150.98,155.04,157.0,149.91,,155.04,,,54713,8452194.52,538,F1,1,,,,,
2026-08-07,2026-08-07,CM,NSE,STK,4014,INE725A01030,NAVA,EQ,,,,,NAVA LIMITED,592.0,592.0,573.35,581.85,580.0,594.2,,581.86,,,209948,122656351.35,8498,F1,1,,,,,
2026-08-07,2026-08-07,CM,NSE,STK,14672,INE048G01026,NAVINFLUOR,EQ,,,,,NAVIN FLUORINE INT. LTD,8520.5,8650.0,8225.0,8271.0,8230.0,8650.0,,8271.03,,,590351,4953576745.5,84956,F1,1,,,,,
2026-08-07,2026-08-07,CM,NSE,STK,10557,INE278M01019,NAVKARCORP,EQ,,,,,NAVKAR CORPORATION LTD.,100.5,101.71,99.25,99.62,99.95,100.9,,99.62,,,356967,35701430.13,2655,F1,1,,,,,
2026-08-07,2026-08-07,CM,NSE,STK,29149,INE268H01044,NAVKARURB,BE,,,,,NAVKAR URBANSTRUCTURE LTD,1.03,1.03,1.0,1.0,1.02,1.01,,1.0,,,146915,148666.65,186,F1,1,,,,,
2026-08-07,2026-08-07,CM,NSE,STK,2385,INE060A01024,NAVNETEDUL,EQ,,,,,NAVNEET EDUCATION LTD,127.0,135.29,126.9,133.87,134.16,127.93,,133.86,,,830813,109769000.71,9521,F1,1,,,,,
2026-08-07,2026-08-07,CM,NSE,STK,2987,INE418L01047,NAZARA,EQ,,,,,NAZARA TECHNOLOGIES LTD,352.85,356.65,344.5,352.35,351.4,352.85,,352.35,,,2205799,773399702.1,21100,F1,1,,,,,
2026-08-07,2026-08-07,CM,NSE,STK,31415,INE095N01031,NBCC,EQ,,,,,NBCC (INDIA) LIMITED,96.01,96.44,94.78,95.33,95.33,96.25,,95.32,,,4742088,452617705.23,21431,F1,1,,,,,
2026-08-07,2026-08-07,CM,NSE,STK,2319,INE868B01028,NCC,EQ,,,,,NCC LIMITED,146.8,149.45,144.69,145.59,145.49,143.73,,145.59,,,6602913,966782920.59,41576,F1,1,,,,,
2026-08-07,2026-08-07,CM,NSE,STK,14490,INE732C01016,NCLIND,EQ,,,,,NCL INDUSTRIES LIMITED,178.89,182.6,172.82,179.74,177.5,177.69,,179.79,,,81841,14555324.51,3241,F1,1,,,,,
2026-08-07,2026-08-07,CM,NSE,STK,14547,INE353A01023,NDLVENTURE,EQ,,,,,NDL VENTURES LIMITED,129.06,129.99,125.42,129.79,129.75,128.37,,129.79,,,10398,1330950.27,148,F1,1,,,,,
2026-08-07,2026-08-07,CM,NSE,STK,22255,INE07OG01012,NDRAUTO,EQ,,,,,NDR AUTO COMPONENTS LTD,811.55,836.0,811.55,828.9,826.0,814.15,,828.91,,,21287,17615978.2,1474,F1,1,,,,,
2026-08-07,2026-08-07,CM,NSE,STK,11427,INE155G01029,NDTV,EQ,,,,,NDTV LTD,76.8,77.46,75.75,76.87,77.11,77.38,,76.86,,,85096,6527836.72,1164,F1,1,,,,,
2026-08-07,2026-08-07,CM,NSE,STK,11930,INE023H01027,NECLIFE,BE,,,,,NECTAR LIFESCIENCES LTD.,10.74,10.74,10.5,10.58,10.58,10.5,,10.58,,,94259,999242.7,164,F1,1,,,,,
2026-08-07,2026-08-07,CM,NSE,STK,27123,INE0N1401016,NEELAM,SM,,,,,NEELAM LINENS & GAR (I) L,8.5,8.5,8.5,8.5,8.5,8.85,,8.5,,,12000,102000.0,2,F1,6000,,,,,
2026-08-07,2026-08-07,CM,NSE,STK,762812,INE605D01012,NEAGI,EQ,,,,,NEELAMALAI AGRO INDS. L,3300.0,3300.0,3110.0,3111.9,3110.0,3150.0,,3111.9,,,83,259469.0,15,F1,1,,,,,
2026-08-07,2026-08-07,CM,NSE,STK,14761,INE189I01024,NELCAST,EQ,,,,,NELCAST LIMITED,123.5,126.0,121.61,125.61,126.0,124.6,,125.61,,,47575,5937430.04,3703,F1,1,,,,,
2026-08-07,2026-08-07,CM,NSE,STK,2388,INE045B01015,NELCO,EQ,,,,,NELCO LTD,989.4,1025.9,955.0,958.9,964.0,983.8,,958.91,,,512118,506457200.1,19774,F1,1,,,,,
2026-08-07,2026-08-07,CM,NSE,STK,760931,INE21UM01018,NEOCHEM,ST,,,,,NEOCHEM BIO SOLUTIONS LTD,94.0,94.0,91.0,91.0,91.0,93.85,,91.0,,,9600,887940.0,7,F1,1200,,,,,
2026-08-07,2026-08-07,CM,NSE,STK,9917,INE136S01016,NEOGEN,EQ,,,,,NEOGEN CHEMICALS LIMITED,2046.0,2059.0,2004.2,2031.9,2028.0,2031.5,,2031.16,,,52244,106230405.6,11144,F1,1,,,,,
2026-08-07,2026-08-07,CM,NSE,STK,24353,INE0SUN01013,NEPHROCARE,ST,,,,,NEPHRO CARE INDIA LIMITED,75.6,75.8,75.6,75.8,75.8,72.2,,75.8,,,25200,1909140.0,48,F1,400,,,,,
2026-08-07,2026-08-07,CM,NSE,STK,760346,INE428V01029,NEPHROPLUS,EQ,,,,,NEPHROCARE HEALTH SERV L,691.65,696.6,682.05,694.15,694.0,691.65,,694.15,,,57938,40013339.65,6363,F1,1,,,,,
2026-08-07,2026-08-07,CM,NSE,STK,757493,INE156901014,NEPTUNE,SM,,,,,NEPTUNE PETROCHEMICALS L,186.0,186.0,186.0,186.0,186.0,185.4,,186.0,,,1000,186000.0,1,F1,500,,,,,
2026-08-07,2026-08-07,CM,NSE,STK,15409,INE317F01035,NESCO,EQ,,,,,NESCO LTD.,1048.0,1054.9,1040.0,1047.1,1042.0,1049.2,,1047.2,,,12430,13015041.9,1665,F1,1,,,,,
2026-08-07,2026-08-07,CM,NSE,STK,17963,INE239A01024,NESTLEIND,EQ,,,,,NESTLE INDIA LIMITED,1523.0,1553.0,1520.0,1540.0,1540.0,1535.0,,1540.0,,,1520661,2346847268.7,37175,F1,1,,,,,
2026-08-07,2026-08-07,CM,NSE,STK,20409,INE518X01015,CBAZAAR,ST,,,,,NET AVENUE TECHNOLOGIES L,5.5,5.5,5.5,5.5,5.5,5.75,,5.5,,,8000,44000.0,1,F1,8000,,,,,
2026-08-07,2026-08-07,CM,NSE,STK,17433,INE0NT901020,NETWEB,EQ,,,,,NETWEB TECH INDIA LTD,4790.0,4968.0,4780.0,4939.2,4933.0,4816.0,,4939.25,,,1296942,6347613471.4,88354,F1,1,,,,,
2026-08-07,2026-08-07,CM,NSE,STK,756324,INE0FFK01017,NPST,EQ,,,,,NETWORK PEOPLE SRV TECH L,1518.6,1525.0,1492.0,1505.4,1509.0,1511.0,,1505.37,,,14118,21353149.4,1419,F1,1,,,,,
2026-08-07,2026-08-07,CM,NSE,STK,14111,INE870H01013,NETWORK18,EQ,,,,,NETWORK18 MEDIA & INV LTD,29.76,29.79,29.45,29.56,29.53,29.91,,29.56,,,1240544,36716555.26,4349,F1,1,,,,,
2026-08-07,2026-08-07,CM,NSE,STK,2406,INE794A01010,NEULANDLAB,EQ,,,,,NEULAND LAB LTD.,21611.0,23500.0,21601.0,22855.0,22915.0,21543.0,,22854.3,,,313887,7004445783.0,89425,F1,1,,,,,
2026-08-07,2026-08-07,CM,NSE,STK,1164,INE619B01017,NEWGEN,EQ,,,,,NEWGEN SOFTWARE TECH LTD,542.45,560.0,540.0,551.0,549.1,542.4,,551.02,,,1070093,591652769.5,28854,F1,1,,,,,
2026-08-07,2026-08-07,CM,NSE,STK,19161,INE0PW501021,NEWJAISA,ST,,,,,NEWJAISA TECHNOLOGIES LTD,16.35,16.4,16.2,16.2,16.2,16.4,,16.2,,,15000,243825.0,9,F1,1500,,,,,
2026-08-07,2026-08-07,CM,NSE,STK,9867,INE747B01016,NEXTMEDIA,EQ,,,,,NEXT MEDIAWORKS LIMITED,3.99,3.99,3.83,3.95,3.97,3.95,,3.95,,,3121,12337.93,34,F1,1,,,,,
2026-08-07,2026-08-07,CM,NSE,STK,15815,INE0NDH25011,NXST,RR,,,,,NEXUS SELECT TRUST,165.92,168.3,165.9,168.11,167.8,165.92,,168.12,,,198169,33214438.91,2344,F1,1,,,,,
2026-08-07,2026-08-07,CM,NSE,STK,763536,INE0T1501010,NFPSAMPOOR,SM,,,,,NFP SAMPOORNA FOODS LTD,23.1,23.3,22.6,23.05,23.05,23.1,,23.05,,,32000,734000.0,13,F1,2000,,,,,
2026-08-07,2026-08-07,CM,NSE,STK,10277,INE887E01022,NGLFINE,EQ,,,,,NGL FINE CHEM LIMITED,3420.0,3441.0,3271.0,3403.6,3400.0,3428.5,,3405.43,,,4621,15710601.2,1396,F1,1,,,,,
2026-08-07,2026-08-07,CM,NSE,STK,17400,INE848E01016,NHPC,EQ,,,,,NHPC LTD,77.5,77.69,76.81,76.92,76.92,77.5,,76.92,,,7065480,544701497.49,26195,F1,1,,,,,
2026-08-07,2026-08-07,CM,NSE,STK,29487,INE149O01018,NIBE,EQ,,,,,NIBE LIMITED,1424.9,1449.0,1405.8,1419.0,1428.0,1420.9,,1418.72,,,35331,50256996.2,3053,F1,1,,,,,
2026-08-07,2026-08-07,CM,NSE,STK,6592,INE0J6L01013,NIDAN,SM,,,,,NIDAN LABS AND HEALTH LTD,13.45,13.45,13.45,13.45,13.45,13.25,,13.45,,,2000,26900.0,2,F1,1000,,,,,
2026-08-07,2026-08-07,CM,NSE,STK,17747,INE342G01023,NIITMTS,EQ,,,,,NIIT LEARNING SYSTEMS LTD,243.55,246.78,239.59,242.79,243.67,243.55,,242.78,,,177288,43041256.47,4987,F1,1,,,,,
2026-08-07,2026-08-07,CM,NSE,STK,11522,INE161A01038,NIITLTD,EQ,,,,,NIIT LIMITED,97.36,99.5,94.0,95.07,95.49,98.09,,95.07,,,458217,44078707.26,3575,F1,1,,,,,
2026-08-07,2026-08-07,CM,NSE,STK,758178,INE0FLF01015,NIKITA,SM,,,,,NIKITA GRENTEC RECYCL LTD,73.05,73.05,73.05,73.05,73.05,74.0,,73.05,,,1200,87660.0,1,F1,1200,,,,,
2026-08-07,2026-08-07,CM,NSE,STK,9253,INE937C01029,NILAINFRA,EQ,,,,,NILA INFRASTRUCTURES LTD,7.49,7.65,7.42,7.47,7.48,7.63,,7.47,,,184200,1380367.01,524,F1,1,,,,,
2026-08-07,2026-08-07,CM,NSE,STK,7411,INE00S901012,NILASPACES,EQ,,,,,NILA SPACES LIMITED,12.1,12.45,12.03,12.27,12.4,12.17,,12.26,,,154212,1880195.83,444,F1,1,,,,,
2026-08-07,2026-08-07,CM,NSE,STK,762817,INE445D01013,NILE,EQ,,,,,NILE LTD.,1594.1,1611.9,1540.0,1547.8,1540.0,1595.0,,1548.52,,,8448,13205014.7,1117,F1,1,,,,,
2026-08-07,2026-08-07,CM,NSE,STK,2421,INE310A01015,NILKAMAL,EQ,,,,,NILKAMAL LIMITED,1765.7,1798.0,1721.0,1746.3,1730.3,1776.7,,1746.43,,,42098,74245024.3,5861,F1,1,,,,,
2026-08-07,2026-08-07,CM,NSE,STK,761723,INE875B01015,NIMBSPROJ,BE,,,,,NIMBUS PROJECTS LIMITED,182.0,186.0,178.0,182.0,182.0,181.0,,182.8,,,1123,203547.9,25,F1,1,,,,,
2026-08-07,2026-08-07,CM,NSE,STK,14197,INE395U01014,NINSYS,BE,,,,,NINTEC SYSTEMS LIMITED,730.0,746.9,730.0,739.1,730.1,734.9,,738.81,,,1873,1385131.75,130,F1,1,,,,,
2026-08-07,2026-08-07,CM,NSE,STK,11439,INF204KB15I9,BANKBEES,EQ,,,,,NIP IND ETF BANK BEES,599.86,600.43,596.49,598.78,598.99,600.16,,598.79,,,416499,249417276.16,6045,F1,1,,,,,
2026-08-07,2026-08-07,CM,NSE,STK,2435,INF204KA1LD7,CONSUMBEES,EQ,,,,,NIP IND ETF CONSUMPTION,135.6,136.78,133.43,135.45,136.0,135.47,,135.45,,,141101,19171319.33,1147,F1,1,,,,,
2026-08-07,2026-08-07,CM,NSE,STK,2636,INF204KA1MS3,DIVOPPBEES,EQ,,,,,NIP IND ETF DIV OPP,79.85,80.09,78.16,79.88,79.9,79.48,,79.88,,,74692,5966215.58,675,F1,1,,,,,
2026-08-07,2026-08-07,CM,NSE,STK,9847,INF204KB18I3,NV20BEES,EQ,,,,,NIP IND ETF ETF NV20,141.79,142.99,141.79,142.88,142.99,142.48,,142.88,,,38453,5487160.59,169,F1,1,,,,,
2026-08-07,2026-08-07,CM,NSE,STK,14428,INF204KB17I5,GOLDBEES,EQ,,,,,NIP IND ETF GOLD BEES,122.24,123.61,121.67,123.4,123.38,122.48,,123.4,,,27143156,3333735864.39,83529,F1,1,,,,,
2026-08-07,2026-08-07,CM,NSE,STK,18284,INF204KB19I1,HNGSNGBEES,EQ,,,,,NIP IND ETF HANGSENG BEES,490.0,492.0,484.8,486.54,487.17,486.98,,486.49,,,121573,59254404.81,4509,F1,1,,,,,
2026-08-07,2026-08-07,CM,NSE,STK,20072,INF732E01268,INFRABEES,EQ,,,,,NIP IND ETF INFRA BEES,977.36,983.36,975.55,982.84,983.0,977.36,,982.77,,,13520,13258300.09,595,F1,1,,,,,
2026-08-07,2026-08-07,CM,NSE,STK,19084,INF204KB15V2,ITBEES,EQ,,,,,NIP IND ETF IT,35.25,35.31,34.11,34.98,34.76,34.56,,34.98,,,14372943,503935306.13,16412,F1,1,,,,,
2026-08-07,2026-08-07,CM,NSE,STK,10939,INF732E01045,JUNIORBEES,EQ,,,,,NIP IND ETF JUNIOR BEES,812.3,812.3,803.11,807.63,807.9,807.25,,807.63,,,361061,291758884.3,8941,F1,1,,,,,
2026-08-07,2026-08-07,CM,NSE,STK,11006,INF732E01037,LIQUIDBEES,EQ,,,,,NIP IND ETF LIQUID BEES,999.99,1000.01,999.99,1000.0,1000.01,999.99,,1000.0,,,3015559,3015569379.31,5954,F1,1,,,,,
2026-08-07,2026-08-07,CM,NSE,STK,17700,INF204KB1882,LTGILTBEES,EQ,,,,,NIP IND ETF LONGTERM GILT,30.48,30.48,29.99,30.07,30.08,30.05,,30.07,,,652768,19628218.83,522,F1,1,,,,,
2026-08-07,2026-08-07,CM,NSE,STK,8506,INF204KB1V68,MID150BEES,EQ,,,,,NIP IND ETF MIDCAP 150,242.99,242.99,238.01,241.58,241.6,241.55,,241.58,,,518793,125366966.91,6976,F1,1,,,,,
2026-08-07,2026-08-07,CM,NSE,STK,29577,INF204K014N5,NIF100BEES,EQ,,,,,NIP IND ETF NIFTY 100,272.82,275.7,272.3,274.78,275.7,272.82,,274.72,,,82559,22575299.03,580,F1,1,,,,,
2026-08-07,2026-08-07,CM,NSE,STK,10576,INF204KB14I2,NIFTYBEES,EQ,,,,,NIP IND ETF NIFTY BEES,280.59,280.59,279.1,279.83,279.7,280.59,,279.74,,,5585234,1562992369.21,40806,F1,1,,,,,
2026-08-07,2026-08-07,CM,NSE,STK,15032,INF204KB16I7,PSUBNKBEES,EQ,,,,,NIP IND ETF PSU BANK BEES,97.0,98.99,96.01,98.03,98.05,97.35,,98.03,,,5474133,537937108.2,9766,F1,1,,,,,
2026-08-07,2026-08-07,CM,NSE,STK,17044,INF732E01128,SHARIABEES,EQ,,,,,NIP IND ETF SHARIAH BEES,475.02,477.5,473.55,475.8,476.6,473.9,,475.8,,,7233,3443397.02,506,F1,1,,,,,
2026-08-07,2026-08-07,CM,NSE,STK,357,INE298J01013,NAM-INDIA,EQ,,,,,NIPPON L I A M LTD,1193.3,1193.3,1163.1,1176.0,1176.0,1200.0,,1177.06,,,688856,809842900.5,33027,F1,1,,,,,
2026-08-07,2026-08-07,CM,NSE,STK,757725,INF204KC1FU1,LIQGRWBEES,EQ,,,,,NIPPONAMC - LIQGRWBEES,1050.9,1050.92,1050.89,1050.9,1050.9,1050.52,,1050.9,,,51098,53698929.51,183,F1,1,,,,,
2026-08-07,2026-08-07,CM,NSE,STK,758667,INF204KC1GH6,MANUFGBEES,EQ,,,,,NIPPONAMC - MANUFGBEES,168.46,168.46,163.83,164.52,165.52,166.8,,164.65,,,4669,779459.91,86,F1,1,,,,,
2026-08-07,2026-08-07,CM,NSE,STK,7880,INF204KC1337,AUTOBEES,EQ,,,,,NIPPONAMC - NETFAUTO,302.23,309.8,299.66,307.43,309.5,301.21,,307.43,,,397236,121249167.17,4518,F1,1,,,,,
2026-08-07,2026-08-07,CM,NSE,STK,4973,INF204KC1089,PHARMABEES,EQ,,,,,NIPPONAMC - NETFPHARMA,27.5,27.5,27.18,27.32,27.36,27.29,,27.32,,,3005719,82034715.23,8570,F1,1,,,,,
2026-08-07,2026-08-07,CM,NSE,STK,8080,INF204KC1402,SILVERBEES,EQ,,,,,NIPPONAMC - NETFSILVER,215.01,221.2,214.69,220.47,220.21,214.53,,220.47,,,44303975,9685898968.87,98336,F1,1,,,,,
2026-08-07,2026-08-07,CM,NSE,STK,757455,INF204KC1EZ3,SNXT30BEES,EQ,,,,,NIPPONAMC - SNXT30BEES,43.8,44.15,43.36,43.99,44.15,43.8,,43.99,,,4880,214284.3,75,F1,1,,,,,
2026-08-07,2026-08-07,CM,NSE,STK,261,INE368I01016,NIRAJ,BE,,,,,NIRAJ CEMENT STRUC LTD,29.49,29.9,29.0,29.32,29.42,29.49,,29.33,,,35094,1030323.17,47,F1,1,,,,,
2026-08-07,2026-08-07,CM,NSE,STK,18840,INE326T01011,NIRAJISPAT,EQ,,,,,NIRAJ ISPAT IND LTD,216.0,216.0,216.0,216.0,216.0,216.0,,216.0,,,111,23976.0,4,F1,1,,,,,
2026-08-07,2026-08-07,CM,NSE,STK,2433,INE910A01012,NIRLON,EQ,,,,,NIRLON LTD,620.95,624.25,620.0,620.0,620.0,620.95,,620.0,,,2512,1558246.85,176,F1,1,,,,,
2026-08-07,2026-08-07,CM,NSE,STK,14722,INE0OK701014,NIRMAN,SM,,,,,NIRMAN AGRI GENTICS LTD,36.55,39.75,33.6,34.0,34.0,36.55,,34.0,,,26700,951495.0,74,F1,300,,,,,
2026-08-07,2026-08-07,CM,NSE,STK,13300,INE858F01012,NITCO,EQ,,,,,NITCO LIMITED,101.4,102.59,97.15,99.28,97.9,101.96,,99.27,,,908408,90935027.68,6658,F1,1,,,,,
2026-08-07,2026-08-07,CM,NSE,STK,13175,INE229H01012,NITINSPIN,EQ,,,,,NITIN SPINNERS LIMITED,572.35,580.05,569.8,577.4,579.75,572.35,,577.29,,,69102,39775213.4,3546,F1,1,,,,,
2026-08-07,2026-08-07,CM,NSE,STK,3247,INE439T01012,NITIRAJ,EQ,,,,,NITIRAJ ENGINEERS LTD,211.29,212.96,208.01,208.68,208.01,211.29,,208.68,,,881,184750.97,37,F1,1,,,,,
2026-08-07,2026-08-07,CM,NSE,STK,762824,INE265B01019,NITTAGELA,EQ,,,,,NITTA GELATIN INDIA LTD.,1710.9,1764.8,1702.0,1722.9,1717.0,1695.5,,1722.33,,,8103,14045435.7,1301,F1,1,,,,,
2026-08-07,2026-08-07,CM,NSE,STK,27097,INE995S01015,NIVABUPA,EQ,,,,,NIVA BUPA HEALTH INS CO L,86.8,87.8,85.49,86.19,86.01,87.18,,86.18,,,881200,76310732.31,11999,F1,1,,,,,
2026-08-07,2026-08-07,CM,NSE,STK,2439,INE542C01019,NKIND,EQ,,,,,NK INDUSTRIES LTD,63.0,63.0,60.0,60.95,60.95,63.0,,60.95,,,850,51957.26,32,F1,1,,,,,
2026-08-07,2026-08-07,CM,NSE,STK,8585,INE589A01014,NLCINDIA,EQ,,,,,NLC INDIA LIMITED,305.2,307.7,301.0,304.4,303.0,304.0,,304.39,,,1530784,466078590.05,23643,F1,1,,,,,
2026-08-07,2026-08-07,CM,NSE,STK,761076,INE579F24065,805NMC30,N2,,,,,NMC 8.05% 2030 SR STRPP B,129.0,129.0,129.0,129.0,129.0,129.0,,129.0,,,1,129.0,1,F1,1,,,,,
2026-08-07,2026-08-07,CM,NSE,STK,15332,INE584A01023,NMDC,EQ,,,,,NMDC LTD.,85.9,86.0,84.9,84.92,84.92,86.2,,84.92,,,9354641,796549016.45,42358,F1,1,,,,,
2026-08-07,2026-08-07,CM,NSE,STK,14180,INE0NNS01018,NSLNISP,EQ,,,,,NMDC STEEL LIMITED,44.51,44.91,43.59,43.84,43.81,44.81,,43.84,,,3801144,167139997.71,15180,F1,1,,,,,
2026-08-07,2026-08-07,CM,NSE,STK,2442,INE163A01018,NOCIL,EQ,,,,,NOCIL LIMITED,171.3,171.8,168.0,168.65,168.85,170.71,,168.66,,,288352,48992984.5,4353,F1,1,,,,,
2026-08-07,2026-08-07,CM,NSE,STK,11214,INE781B01015,NOIDATOLL,BE,,,,,NOIDA TOLL BRIDGE CO LTD,4.47,4.47,4.2,4.36,4.4,4.38,,4.36,,,131547,573187.41,271,F1,1,,,,,
2026-08-07,2026-08-07,CM,NSE,STK,4160,INE369C01017,NORBTEAEXP,EQ,,,,,NORBEN TEA & EXPORTS LTD,62.51,67.97,62.51,64.23,64.98,65.52,,64.23,,,2017,131941.91,58,F1,1,,,,,
2026-08-07,2026-08-07,CM,NSE,STK,13533,INE553C01016,NECCLTD,BE,,,,,NORTH EAST CARRY CORP LTD,15.14,15.32,15.0,15.23,15.32,15.14,,15.23,,,16389,247675.18,80,F1,1,,,,,
2026-08-07,2026-08-07,CM,NSE,STK,25426,INE850M01015,NORTHARC,EQ,,,,,NORTHERN ARC CAPITAL LTD,280.4,282.1,273.15,276.25,276.0,280.4,,276.24,,,473790,131764393.35,7483,F1,1,,,,,
2026-08-07,2026-08-07,CM,NSE,STK,22478,INE02H701025,NOVAAGRI,BE,,,,,NOVA AGRITECH LIMITED,23.0,23.43,22.95,23.18,23.39,23.06,,23.18,,,42363,979524.03,207,F1,1,,,,,
2026-08-07,2026-08-07,CM,NSE,STK,9007,INE234A01025,NOVARTIND,EQ,,,,,NOVARTIS INDIA LIMITED,1589.7,1634.9,1589.7,1609.6,1610.3,1609.7,,1609.6,,,12030,19346384.9,1800,F1,1,,,,,
2026-08-07,2026-08-07,CM,NSE,STK,7553,INE349A01021,NRBBEARING,EQ,,,,,NRB BEARING LIMITED,444.85,465.25,441.1,461.5,462.8,445.6,,461.54,,,662113,301803907.9,15657,F1,1,,,,,
2026-08-07,2026-08-07,CM,NSE,STK,29733,INE047O01014,NIBL,EQ,,,,,NRB INDUS. BEARINGS LTD.,34.04,35.07,34.04,34.72,34.84,34.04,,34.72,,,15018,522488.14,240,F1,1,,,,,
2026-08-07,2026-08-07,CM,NSE,STK,27176,INE0ONG01011,NTPCGREEN,EQ,,,,,NTPC GREEN ENERGY LIMITED,91.34,91.93,90.9,91.5,91.5,91.33,,91.5,,,1941963,177652446.18,15491,F1,1,,,,,
2026-08-07,2026-08-07,CM,NSE,STK,11630,INE733E01010,NTPC,EQ,,,,,NTPC LTD,345.0,347.0,342.5,342.5,342.5,345.0,,342.5,,,7012048,2415382659.65,71979,F1,1,,,,,
2026-08-07,2026-08-07,CM,NSE,STK,10791,INE096B01018,NUCLEUS,EQ,,,,,NUCLEUS SOFTWARE EXPORTS,698.55,702.0,695.0,698.25,700.0,698.55,,697.63,,,10949,7649978.7,889,F1,1,,,,,
2026-08-07,2026-08-07,CM,NSE,STK,13680,INE0JM501013,NRL,BE,,,,,NUPUR RECYCLERS LIMITED,117.66,117.66,115.99,116.9,116.9,115.36,,116.9,,,139921,16395920.93,278,F1,1,,,,,
2026-08-07,2026-08-07,CM,NSE,STK,2350,INE0DSF01015,NURECA,EQ,,,,,NURECA LIMITED,334.4,348.0,332.55,342.6,340.0,338.65,,342.64,,,24122,8237307.2,1614,F1,1,,,,,
2026-08-07,2026-08-07,CM,NSE,STK,18721,INE531F01023,NUVAMA,EQ,,,,,NUVAMA WEALTH MANAGE LTD,1658.9,1675.0,1635.5,1642.7,1647.9,1658.3,,1642.7,,,208483,344537393.5,18008,F1,1,,,,,
2026-08-07,2026-08-07,CM,NSE,STK,5426,INE118D01016,NUVOCO,EQ,,,,,NUVOCO VISTAS CORP LTD,352.85,355.6,345.0,345.8,346.7,352.85,,345.8,,,352219,122898080.6,14576,F1,1,,,,,
2026-08-07,2026-08-07,CM,NSE,STK,8797,INE426Z01016,OBCL,EQ,,,,,OBCL LIMITED,53.95,55.0,52.2,53.5,53.5,53.5,,53.5,,,2416,130064.93,84,F1,1,,,,,
2026-08-07,2026-08-07,CM,NSE,STK,20242,INE093I01010,OBEROIRLTY,EQ,,,,,OBEROI REALTY LIMITED,1780.0,1792.2,1770.5,1775.0,1775.0,1777.0,,1775.0,,,171271,304990848.9,23899,F1,1,,,,,
2026-08-07,2026-08-07,CM,NSE,STK,25923,INE0YHV01011,OBSCP,SM,,,,,OBSC PERFECTION LIMITED,743.95,809.55,720.1,749.0,742.0,731.0,,749.0,,,202400,154469080.0,447,F1,400,,,,,
2026-08-07,2026-08-07,CM,NSE,STK,25920,INE0PK601023,OCCLLTD,BE,,,,,OCCL LIMITED,154.66,163.4,154.66,157.09,159.6,162.8,,157.23,,,152754,23954664.27,703,F1,1,,,,,
2026-08-07,2026-08-07,CM,NSE,STK,27575,INE054301028,ODIGMA,BE,,,,,ODIGMA CONSULTANCY SOL L,22.86,23.4,22.86,23.13,23.2,23.14,,23.1,,,9236,213922.7,189,F1,1,,,,,
2026-08-07,2026-08-07,CM,NSE,STK,2475,INE213A01029,ONGC,EQ,,,,,OIL AND NATURAL GAS CORP.,238.5,241.69,237.05,238.85,238.85,237.8,,238.8,,,10078070,2410062796.34,114960,F1,1,,,,,
2026-08-07,2026-08-07,CM,NSE,STK,8109,INE591A01010,OILCOUNTUB,BE,,,,,OIL COUNTRY TUBULAR LTD.,61.79,62.9,60.0,60.73,60.1,60.01,,60.73,,,76042,4680145.44,235,F1,1,,,,,
2026-08-07,2026-08-07,CM,NSE,STK,17438,INE274J01014,OIL,EQ,,,,,OIL INDIA LTD,445.25,451.85,437.1,442.8,442.8,444.0,,442.76,,,4232298,1881382710.25,41349,F1,1,,,,,
2026-08-07,2026-08-07,CM,NSE,STK,24777,INE0LXG01040,OLAELEC,EQ,,,,,OLA ELECTRIC MOBILITY LTD,41.44,41.74,40.76,41.07,41.03,41.44,,41.07,,,26892667,1107757288.02,47560,F1,1,,,,,
2026-08-07,2026-08-07,CM,NSE,STK,10637,INE260D01016,OLECTRA,EQ,,,,,OLECTRA GREENTECH LIMITED,1387.0,1394.0,1377.6,1385.0,1383.7,1399.4,,1385.0,,,174516,241840328.0,12002,F1,1,,,,,
2026-08-07,2026-08-07,CM,NSE,STK,759412,INE1BZC01019,OMFREIGHT,BE,,,,,OM FREIGHT FORWARDERS LTD,89.29,89.73,86.25,88.28,88.26,89.29,,88.2,,,5698,501147.95,100,F1,1,,,,,
2026-08-07,2026-08-07,CM,NSE,STK,24231,INE239D01028,OMINFRAL,EQ,,,,,OM INFRA LIMITED,89.67,89.78,86.27,87.35,87.45,89.67,,87.35,,,162849,14279272.53,2365,F1,1,,,,,
2026-08-07,2026-08-07,CM,NSE,STK,762432,INE25E901019,OMPOWER,EQ,,,,,OM POWER TRANSMISSION LTD,173.0,173.56,169.22,171.03,169.5,172.57,,170.97,,,44674,7661517.04,948,F1,1,,,,,
2026-08-07,2026-08-07,CM,NSE,STK,14125,INE090B01011,OMAXAUTO,BE,,,,,OMAX AUTOS LTD,190.0,192.55,182.97,183.12,183.9,192.6,,183.12,,,74872,13898106.64,576,F1,1,,,,,
2026-08-07,2026-08-07,CM,NSE,STK,14853,INE800H01010,OMAXE,EQ,,,,,OMAXE LIMITED,87.35,91.77,86.0,86.45,86.14,87.35,,86.45,,,513579,45781342.24,5294,F1,1,,,,,
2026-08-07,2026-08-07,CM,NSE,STK,120,INE338Y01016,OMFURN,ST,,,,,OMFURN INDIA LIMITED,61.0,61.0,59.95,59.95,59.95,63.1,,59.95,,,18000,1081200.0,11,F1,1200,,,,,
2026-08-07,2026-08-07,CM,NSE,STK,760865,INE0UH301010,OMNI,EQ,,,,,OMNITECH ENGINEERING LTD,627.0,627.0,553.3,578.35,575.0,627.05,,578.35,,,5739514,3297913532.25,169646,F1,1,,,,,
2026-08-07,2026-08-07,CM,NSE,STK,19692,INE00ER01015,ONDOOR,SM,,,,,ON DOOR CONCEPTS LIMITED,266.8,266.8,252.0,252.0,252.0,249.95,,252.0,,,600,155640.0,2,F1,300,,,,,
2026-08-07,2026-08-07,CM,NSE,STK,6705,INE982J01020,PAYTM,EQ,,,,,ONE 97 COMMUNICATIONS LTD,1425.3,1459.5,1425.3,1441.6,1441.6,1442.0,,1441.57,,,3055929,4429380337.9,68273,F1,1,,,,,
2026-08-07,2026-08-07,CM,NSE,STK,28046,INE0HLU01028,MOBIKWIK,EQ,,,,,ONE MOBIKWIK SYSTEMS LTD,203.85,204.99,199.79,200.3,200.78,204.43,,200.31,,,917685,185096732.42,9802,F1,1,,,,,
2026-08-07,2026-08-07,CM,NSE,STK,9939,INE840Y01029,ONEPOINT,EQ,,,,,ONE POINT ONE SOL LTD,58.5,61.25,57.5,60.33,60.25,57.1,,60.34,,,6282291,377016212.48,13691,F1,1,,,,,
2026-08-07,2026-08-07,CM,NSE,STK,19433,INE0OPS01011,OLIL,ST,,,,,ONECLICK LOGISTICS IND L,425.0,425.0,410.0,413.2,414.0,417.0,,413.2,,,18000,7527200.0,14,F1,400,,,,,
2026-08-07,2026-08-07,CM,NSE,STK,25496,INE912L01015,ONELIFECAP,BE,,,,,ONELIFE CAP ADVISORS LTD,33.5,33.8,32.1,32.89,33.4,33.78,,32.89,,,81102,2636088.34,284,F1,1,,,,,
2026-08-07,2026-08-07,CM,NSE,STK,763294,INE12F801023,KISSHT,EQ,,,,,ONEMI TECHNOLOGY SOL LTD,302.5,304.3,292.35,299.95,299.5,304.35,,299.95,,,1921997,574581645.75,36032,F1,1,,,,,
2026-08-07,2026-08-07,CM,NSE,STK,29224,INE013P01021,ONESOURCE,EQ,,,,,ONESOURCE SPECL PHARMA L,1548.0,1586.0,1545.0,1576.0,1565.0,1557.1,,1576.1,,,151582,236601254.1,19788,F1,1,,,,,
2026-08-07,2026-08-07,CM,NSE,STK,6853,INE831A01028,ONIDA,BE,,,,,ONIDA ELECTRONICS LIMITED,37.5,38.44,36.84,38.38,38.2,36.98,,38.37,,,361438,13545216.56,540,F1,1,,,,,
2026-08-07,2026-08-07,CM,NSE,STK,15282,INE809I01019,ONMOBILE,BE,,,,,ONMOBILE GLOBAL LTD.,69.67,69.7,69.67,69.7,69.7,71.09,,69.8,,,34825,2426826.4,189,F1,1,,,,,
2026-08-07,2026-08-07,CM,NSE,STK,2481,INE229A01017,ONWARDTEC,EQ,,,,,ONWARD TECHNOLOGIES LTD,278.6,292.0,278.6,290.7,290.05,278.6,,290.71,,,72813,20916201.9,2711,F1,1,,,,,
2026-08-07,2026-08-07,CM,NSE,STK,27143,INE0WVU01018,ONYX,ST,,,,,ONYX BIOTEC LIMITED,46.2,46.2,43.95,45.4,45.4,46.25,,45.4,,,14000,628700.0,7,F1,2000,,,,,
2026-08-07,2026-08-07,CM,NSE,STK,21469,INE350C01017,OPTIEMUS,EQ,,,,,OPTIEMUS INFRACOM LTD,576.0,590.0,554.25,562.1,561.5,581.2,,562.07,,,214057,121809985.0,10657,F1,1,,,,,
2026-08-07,2026-08-07,CM,NSE,STK,758903,INE15B101011,OPTIVALUE,ST,,,,,OPTIVALUE TEK CONSULT LTD,156.75,160.0,151.5,155.5,155.5,157.55,,155.5,,,136000,21128160.0,46,F1,1600,,,,,
2026-08-07,2026-08-07,CM,NSE,STK,10738,INE881D01027,OFSS,EQ,,,,,ORACLE FIN SERV SOFT LTD.,11650.0,11857.0,11572.0,11805.0,11805.0,11735.0,,11803.02,,,186998,2190587582.0,26868,F1,1,,,,,
2026-08-07,2026-08-07,CM,NSE,STK,31479,INE231G01010,ORBTEXP,BE,,,,,ORBIT EXPORTS LIMITED,249.94,255.0,242.01,252.72,250.99,249.94,,252.73,,,115783,29264039.44,328,F1,1,,,,,
2026-08-07,2026-08-07,CM,NSE,STK,29492,INE215B01022,ORCHASP,EQ,,,,,ORCHASP LIMITED,1.59,1.62,1.43,1.56,1.58,1.59,,1.58,,,263817,406786.59,432,F1,1,,,,,
2026-08-07,2026-08-07,CM,NSE,STK,926,INE191A01027,ORCHPHARMA,EQ,,,,,ORCHID PHARMA LIMITED,1003.1,1010.0,989.15,1001.85,1010.0,997.55,,1001.98,,,26620,26610622.2,3042,F1,1,,,,,
2026-08-07,2026-08-07,CM,NSE,STK,17882,INE0OUT01019,ORIANA,SM,,,,,ORIANA POWER LIMITED,1480.0,1510.0,1440.0,1448.8,1440.0,1468.15,,1448.8,,,61725,91646343.75,580,F1,75,,,,,
2026-08-07,2026-08-07,CM,NSE,STK,10159,INE730A01022,ORICONENT,EQ,,,,,ORICON ENTERPRISES LTD,54.9,55.0,53.11,54.12,54.0,54.27,,54.12,,,12355,668800.01,621,F1,1,,,,,
2026-08-07,2026-08-07,CM,NSE,STK,14278,INE607D01018,ORIENTBELL,EQ,,,,,ORIENT BELL LIMITED,314.35,317.0,311.25,314.0,317.0,315.55,,314.0,,,7318,2296629.6,253,F1,1,,,,,
2026-08-07,2026-08-07,CM,NSE,STK,30089,INE876N01018,ORIENTCEM,EQ,,,,,ORIENT CEMENT LTD.,137.75,138.0,136.0,136.73,136.6,138.17,,136.73,,,138487,19001969.32,1530,F1,1,,,,,
2026-08-07,2026-08-07,CM,NSE,STK,13111,INE569C01020,ORIENTCER,EQ,,,,,ORIENT CERATECH LIMITED,43.5,44.4,42.22,42.58,42.94,41.43,,42.57,,,119383,5137460.6,1212,F1,1,,,,,
2026-08-07,2026-08-07,CM,NSE,STK,2972,INE142Z01019,ORIENTELEC,EQ,,,,,ORIENT ELECTRIC LIMITED,181.7,191.0,179.66,189.18,189.95,178.23,,189.17,,,3629172,680471996.8,39308,F1,1,,,,,
2026-08-07,2026-08-07,CM,NSE,STK,20110,INE999K01014,GREENPOWER,EQ,,,,,ORIENT GREEN POWER CO LTD,9.9,9.99,9.55,9.82,9.9,9.93,,9.82,,,1926583,19039125.4,3509,F1,1,,,,,
2026-08-07,2026-08-07,CM,NSE,STK,2493,INE750A01020,ORIENTHOT,EQ,,,,,ORIENT HOTELS LTD,128.5,129.85,126.77,127.89,127.5,128.77,,127.89,,,234426,29978850.64,2287,F1,1,,,,,
2026-08-07,2026-08-07,CM,NSE,STK,2496,INE592A01026,ORIENTPPR,EQ,,,,,ORIENT PAPER AND INDS LTD,18.95,19.1,18.01,18.51,18.15,18.83,,18.51,,,369304,6919636.06,842,F1,1,,,,,
2026-08-07,2026-08-07,CM,NSE,STK,18211,INE609C01024,ORIENTLTD,BE,,,,,ORIENT PRESS LIMITED,78.5,78.9,76.79,77.2,77.2,78.5,,77.2,,,777,59997.95,15,F1,1,,,,,
2026-08-07,2026-08-07,CM,NSE,STK,24961,INE0PPK01015,ORIENTTECH,EQ,,,,,ORIENT TECHNOLOGIES LTD,259.05,260.9,258.0,258.75,258.2,259.6,,258.8,,,81943,21252638.15,2401,F1,1,,,,,
2026-08-07,2026-08-07,CM,NSE,STK,10768,INE959C01023,OAL,EQ,,,,,ORIENTAL AROMATICS LTD,377.55,380.1,373.15,378.5,378.0,380.95,,378.65,,,14430,5448206.55,498,F1,1,,,,,
2026-08-07,2026-08-07,CM,NSE,STK,14346,INE998H01012,ORIENTALTL,EQ,,,,,ORIENTAL TRIMEX LTD,5.29,5.29,5.12,5.16,5.15,5.15,,5.16,,,55514,287270.04,165,F1,1,,,,,
2026-08-07,2026-08-07,CM,NSE,STK,19931,INE725E01024,ORISSAMINE,EQ,,,,,ORISSA MIN DEV CO LTD,4290.3,4450.0,4290.3,4405.2,4360.0,4320.2,,4405.2,,,10411,45728388.0,2290,F1,1,,,,,
2026-08-07,2026-08-07,CM,NSE,STK,759569,INE16NZ01023,ORKLAINDIA,EQ,,,,,ORKLA INDIA LIMITED,562.95,571.0,557.0,566.85,569.0,559.35,,566.82,,,193947,109086542.8,15149,F1,1,,,,,
2026-08-07,2026-08-07,CM,NSE,STK,13321,INE849L01019,ORTEL,BZ,,,,,ORTEL COMMUNICATIONS LTD,2.23,2.23,2.03,2.22,2.22,2.13,,2.22,,,24548,54693.46,65,F1,1,,,,,
2026-08-07,2026-08-07,CM,NSE,STK,2980,INE749B01020,ORTINGLOBE,BE,,,,,ORTIN GLOBAL LIMITED,15.95,15.95,14.47,15.15,15.15,15.2,,15.15,,,19989,299210.27,33,F1,1,,,,,
2026-08-07,2026-08-07,CM,NSE,STK,25386,INE0RMF01018,OSELDEVICE,SM,,,,,OSEL DEVICES LIMITED,410.25,410.3,396.0,400.1,398.0,408.25,,400.1,,,15400,6190060.0,64,F1,200,,,,,
2026-08-07,2026-08-07,CM,NSE,STK,12643,INE06IR01021,OSIAHYPER,BE,,,,,OSIA HYPER RETAIL LIMITED,2.74,2.84,2.67,2.77,2.81,2.75,,2.77,,,552004,1534031.53,412,F1,1,,,,,
2026-08-07,2026-08-07,CM,NSE,STK,2514,INE142A01012,OSWALAGRO,EQ,,,,,OSWAL AGRO MILLS LTD,42.0,42.79,39.9,40.16,40.0,42.57,,40.16,,,115630,4720235.22,516,F1,1,,,,,
2026-08-07,2026-08-07,CM,NSE,STK,471,INE143A01010,OSWALGREEN,EQ,,,,,OSWAL GREENTECH LIMITED,21.93,22.85,21.51,22.04,22.21,22.07,,22.04,,,120769,2661350.74,728,F1,1,,,,,
2026-08-07,2026-08-07,CM,NSE,STK,756802,INE0BYP01024,OSWALPUMPS,EQ,,,,,OSWAL PUMPS LIMITED,322.0,328.25,322.0,326.1,326.15,322.95,,326.1,,,558289,181633447.35,11025,F1,1,,,,,
2026-08-07,2026-08-07,CM,NSE,STK,22914,INE0R8M01017,OWAIS,ST,,,,,OWAIS METAL & MINERAL,91.9,93.4,91.5,91.85,91.9,91.65,,91.85,,,13800,1271140.0,67,F1,100,,,,,
2026-08-07,2026-08-07,CM,NSE,STK,25312,INE953R01016,PNGJL,EQ,,,,,P N GADGIL JEWELLERS LTD,630.25,653.95,630.25,642.85,642.5,635.2,,642.89,,,698612,452482465.5,30583,F1,1,,,,,
2026-08-07,2026-08-07,CM,NSE,STK,29665,INE0XUS01020,PSRAJ,ST,,,,,P S RAJ STEELS LIMITED,77.0,78.95,77.0,77.75,78.95,77.15,,77.75,,,12500,968125.0,5,F1,2500,,,,,
2026-08-07,2026-08-07,CM,NSE,STK,2535,INE179A01014,PGHH,EQ,,,,,P&G HYGIENE & HEALTH CARE,8541.0,8550.0,8476.0,8497.0,8500.0,8484.0,,8497.52,,,8475,72069057.0,2170,F1,1,,,,,
2026-08-07,2026-08-07,CM,NSE,STK,8735,INE0KN801013,PROPEQUITY,SM,,,,,P. E. ANALYTICS LIMITED,239.9,239.9,225.0,225.0,225.0,204.0,,225.0,,,1800,413940.0,3,F1,600,,,,,
2026-08-07,2026-08-07,CM,NSE,STK,759342,INE0S3G01027,PACEDIGITK,EQ,,,,,PACE DIGITEK LIMITED,188.21,188.59,179.43,181.95,182.0,186.92,,181.95,,,2560644,468733710.41,21067,F1,1,,,,,
2026-08-07,2026-08-07,CM,NSE,STK,14413,INE761H01022,PAGEIND,EQ,,,,,PAGE INDUSTRIES LTD,39890.0,40240.0,39735.0,39900.0,39900.0,40050.0,,39900.0,,,10770,431039950.0,4942,F1,1,,,,,
2026-08-07,2026-08-07,CM,NSE,STK,25468,INE420C01059,PAISALO,EQ,,,,,PAISALO DIGITAL LIMITED,69.0,69.89,68.5,68.68,68.7,68.98,,68.68,,,11426042,787885427.75,16456,F1,1,,,,,
2026-08-07,2026-08-07,CM,NSE,STK,17197,INE551D01018,PAKKA,EQ,,,,,PAKKA LIMITED,72.18,72.75,71.01,72.17,71.65,72.15,,72.15,,,33247,2390879.15,582,F1,1,,,,,
2026-08-07,2026-08-07,CM,NSE,STK,21383,INE471W01019,PALASHSECU,EQ,,,,,PALASH SECURITIES LTD,87.1,94.79,87.0,92.01,94.0,87.1,,92.01,,,1785,161193.46,26,F1,1,,,,,
2026-08-07,2026-08-07,CM,NSE,STK,17059,INE218G01033,PALREDTEC,BE,,,,,PALRED TECHNOLOGIES LTD,47.66,50.04,46.0,48.9,48.9,47.66,,48.9,,,3982,196420.6,41,F1,1,,,,,
2026-08-07,2026-08-07,CM,NSE,STK,4055,INE922B01023,PANACEABIO,EQ,,,,,PANACEA BIOTEC LTD,419.9,423.95,410.35,413.0,414.15,418.65,,413.01,,,145361,60178275.35,4076,F1,1,,,,,
2026-08-07,2026-08-07,CM,NSE,STK,16355,INE895W01019,PANACHE,BE,,,,,PANACHE DIGILIFE LIMITED,442.85,463.0,431.0,458.55,461.0,442.85,,458.55,,,20918,9445477.4,188,F1,1,,,,,
2026-08-07,2026-08-07,CM,NSE,STK,25392,INE305C01029,PANAMAPET,EQ,,,,,PANAMA PETROCHEM LTD,496.35,510.0,483.55,504.8,503.0,494.95,,504.78,,,359650,179605514.25,13275,F1,1,,,,,
2026-08-07,2026-08-07,CM,NSE,STK,6141,INE697V01011,PANSARI,EQ,,,,,PANSARI DEVELOPERS LTD,314.4,330.95,314.4,322.75,319.0,329.25,,322.75,,,2534,817329.2,148,F1,1,,,,,
2026-08-07,2026-08-07,CM,NSE,STK,5631,INE04LG01015,PAR,EQ,,,,,PAR DRUGS AND CHEM LTD,100.89,101.88,97.8,98.4,99.15,100.92,,98.4,,,4769,473959.09,155,F1,1,,,,,
2026-08-07,2026-08-07,CM,NSE,STK,9741,INE088F01024,PARADEEP,EQ,,,,,PARADEEP PHOSPHATES LTD,148.13,152.3,146.81,149.45,149.6,148.13,,149.44,,,6178811,927613798.67,42943,F1,1,,,,,
2026-08-07,2026-08-07,CM,NSE,STK,17130,INE883N01014,PARAGMILK,EQ,,,,,PARAG MILK FOODS LTD.,219.6,228.64,217.28,223.22,223.0,225.99,,223.22,,,802192,179504300.16,14889,F1,1,,,,,
2026-08-07,2026-08-07,CM,NSE,STK,19779,INE0N4G01012,PARAGON,SM,,,,,PARAGON FINE S.C. LTD.,49.9,49.9,49.9,49.9,49.9,49.0,,49.9,,,4800,239520.0,2,F1,1200,,,,,
2026-08-07,2026-08-07,CM,NSE,STK,13951,INE074B01023,PARACABLES,EQ,,,,,PARAMOUNT COMM LTD,66.05,69.25,65.46,68.92,68.7,66.05,,68.91,,,3037304,207080706.58,18264,F1,1,,,,,
2026-08-07,2026-08-07,CM,NSE,STK,25431,INE0Q6001012,PSFL,SM,,,,,PARAMOUNT SPECIALI FORG L,31.45,31.45,31.45,31.45,31.45,31.0,,31.45,,,2000,62900.0,1,F1,2000,,,,,
2026-08-07,2026-08-07,CM,NSE,STK,5911,INE045601023,PARAS,EQ,,,,,PARAS DEF AND SPCE TECH L,1316.0,1330.9,1235.3,1277.1,1274.9,1316.7,,1277.01,,,1254142,1615650416.9,50075,F1,1,,,,,
2026-08-07,2026-08-07,CM,NSE,STK,3972,INE162C01024,PARASPETRO,EQ,,,,,PARAS PETROFILS LTD.,2.75,2.75,2.59,2.59,2.59,2.72,,2.59,,,278625,730632.98,362,F1,1,,,,,
2026-08-07,2026-08-07,CM,NSE,STK,5460,INE00U801010,PARIN,SM,,,,,PARIN ENTERPRISES LIMITED,691.05,704.0,685.0,698.4,702.0,706.0,,698.4,,,1750,1221762.5,6,F1,250,,,,,
2026-08-07,2026-08-07,CM,NSE,STK,760351,INE119201023,PARKHOSPS,EQ,,,,,PARK MEDI WORLD LIMITED,291.0,295.5,286.7,292.25,291.2,292.25,,292.25,,,629488,183301972.2,9203,F1,1,,,,,
2026-08-07,2026-08-07,CM,NSE,STK,22649,INE988S01028,PARKHOTELS,EQ,,,,,PARKHOTELS,120.35,122.4,118.2,119.92,119.5,120.93,,119.95,,,201372,24240398.63,3496,F1,1,,,,,
2026-08-07,2026-08-07,CM,NSE,STK,13795,INE561H01026,PARSVNATH,BE,,,,,PARSVNATH DEVELOPER LTD,1.65,1.65,1.65,1.65,1.65,1.68,,1.64,,,110188,181810.2,157,F1,1,,,,,
2026-08-07,2026-08-07,CM,NSE,STK,758217,INE1H7V01011,PARTH,SM,,,,,PARTH ELEC & ENG LTD,503.0,521.95,500.1,506.15,500.1,517.25,,506.15,,,7600,3844800.0,15,F1,400,,,,,
2026-08-07,2026-08-07,CM,NSE,STK,2599,INE06ZX01015,PARTYCRUS,SM,,,,,PARTY CRUISERS LIMITED,85.75,85.75,85.75,85.75,85.75,88.8,,85.75,,,1000,85750.0,1,F1,1000,,,,,
2026-08-07,2026-08-07,CM,NSE,STK,757955,INE124Y01028,PASHUPATI,EQ,,,,,PASHUPATI COTSPIN LIMITED,84.99,85.99,83.2,83.97,84.3,85.07,,83.99,,,490258,41443390.92,3632,F1,1,,,,,
2026-08-07,2026-08-07,CM,NSE,STK,6048,INE818B01023,PASUPTAC,BE,,,,,PASUPATI ACRYLON LIMITED,60.0,62.65,60.0,62.38,62.65,59.67,,62.39,,,96185,5948223.51,370,F1,1,,,,,
2026-08-07,2026-08-07,CM,NSE,STK,17029,INE619A01035,PATANJALI,EQ,,,,,PATANJALI FOODS LIMITED,352.95,357.5,351.1,357.5,357.5,355.0,,357.44,,,2796734,990445901.0,19867,F1,1,,,,,
2026-08-07,2026-08-07,CM,NSE,STK,758732,INE244B07243,1025PATE28,N0,,,,,PATE 10.25% 2028,99850.0,99850.0,99850.0,99850.0,99850.0,100100.0,,99850.0,,,2,199700.0,2,F1,1,,,,,
2026-08-07,2026-08-07,CM,NSE,STK,11699,INE244B01030,PATELENG,EQ,,,,,PATEL ENGINEERING LTD.,28.6,28.99,28.4,28.59,28.56,28.79,,28.59,,,3128274,89666526.34,8986,F1,1,,,,,
2026-08-07,2026-08-07,CM,NSE,STK,15223,INE529D01014,PATINTLOG,BE,,,,,PATEL INT. LOG. LTD,14.7,14.9,14.39,14.43,14.5,14.79,,14.43,,,22171,323254.04,161,F1,1,,,,,
2026-08-07,2026-08-07,CM,NSE,STK,759439,INE0R8B01010,PATELRMART,EQ,,,,,PATEL RETAIL LIMITED,221.0,222.8,218.5,220.35,222.8,221.02,,220.58,,,24662,5421552.5,861,F1,1,,,,,
2026-08-07,2026-08-07,CM,NSE,STK,756966,INE17GV01016,PATILAUTOM,ST,,,,,PATIL AUTOMATION LIMITED,208.4,210.75,204.0,210.75,210.75,200.75,,210.75,,,77400,16181820.0,100,F1,600,,,,,
2026-08-07,2026-08-07,CM,NSE,STK,762834,INE291E01019,PML,EQ,,,,,PAUL MERCHANTS LTD.,505.0,511.35,486.55,500.45,490.0,506.25,,500.45,,,846,425227.65,68,F1,1,,,,,
2026-08-07,2026-08-07,CM,NSE,STK,759969,INE111F01024,PAUSHAKLTD,EQ,,,,,PAUSHAK LIMITED,700.0,714.3,681.8,706.65,705.1,691.7,,706.57,,,32708,22806460.05,2303,F1,1,,,,,
2026-08-07,2026-08-07,CM,NSE,STK,16192,INE07S101038,PAVNAIND,EQ,,,,,PAVNA INDUSTRIES LIMITED,18.71,19.7,18.01,18.31,18.48,19.09,,18.31,,,94789,1767067.96,827,F1,1,,,,,
2026-08-07,2026-08-07,CM,NSE,STK,6656,INE417T01026,POLICYBZR,EQ,,,,,PB FINTECH LIMITED,1593.9,1613.4,1583.1,1604.5,1604.5,1599.0,,1604.52,,,733424,1173541584.7,27765,F1,1,,,,,
2026-08-07,2026-08-07,CM,NSE,STK,29124,INE785M01021,PCJEWELLER,EQ,,,,,PC JEWELLER LTD,9.71,9.91,9.69,9.77,9.73,9.68,,9.77,,,136039488,1329986368.97,35938,F1,1,,,,,
2026-08-07,2026-08-07,CM,NSE,STK,2649,INE602A01031,PCBL,EQ,,,,,PCBL CHEMICAL LIMITED,324.9,325.9,320.5,321.9,321.95,324.8,,321.88,,,555082,179272748.8,12509,F1,1,,,,,
2026-08-07,2026-08-07,CM,NSE,STK,5264,INE111Q01021,PDSL,EQ,,,,,PDS LIMITED,357.4,370.0,355.25,361.85,359.95,358.05,,361.85,,,216413,78819527.65,7341,F1,1,,,,,
2026-08-07,2026-08-07,CM,NSE,STK,14260,INE940H01022,PGIL,EQ,,,,,PEARL GLOBAL IND LIMITED,2235.0,2539.6,2231.0,2464.1,2452.0,2221.5,,2463.95,,,2215967,5452880094.3,171878,F1,1,,,,,
2026-08-07,2026-08-07,CM,NSE,STK,8188,INE844A01013,PEARLPOLY,BE,,,,,PEARL POLYMERS LTD,16.95,16.95,16.5,16.89,16.9,16.35,,16.89,,,9751,163452.94,49,F1,1,,,,,
2026-08-07,2026-08-07,CM,NSE,STK,25408,INE0VG601013,PELATRO,SM,,,,,PELATRO LIMITED,293.0,293.0,285.0,285.0,285.0,281.8,,285.0,,,1200,344400.0,4,F1,300,,,,,
2026-08-07,2026-08-07,CM,NSE,STK,5358,INE138A01028,PENINLAND,BE,,,,,PENINSULA LAND LIMITED,16.32,16.35,16.12,16.12,16.12,16.44,,16.2,,,43151,703204.01,71,F1,1,,,,,
2026-08-07,2026-08-07,CM,NSE,STK,20621,INE932A01024,PENIND,EQ,,,,,PENNAR INDUSTRIES LTD,161.6,164.0,158.71,159.86,160.8,162.66,,159.86,,,457240,73472029.65,4576,F1,1,,,,,
2026-08-07,2026-08-07,CM,NSE,STK,17132,INE0ORS01017,PENTAGON,SM,,,,,PENTAGON RUBBER LIMITED,52.05,52.05,50.0,50.7,50.7,54.95,,50.7,,,10000,505200.0,9,F1,1000,,,,,
2026-08-07,2026-08-07,CM,NSE,STK,758121,INE925S01012,PERFECT,SZ,,,,,PERFECT INFRAENGINEER LTD,2.6,2.6,2.55,2.55,2.55,2.65,,2.55,,,6000,15450.0,2,F1,3000,,,,,
2026-08-07,2026-08-07,CM,NSE,STK,18365,INE262H01021,PERSISTENT,EQ,,,,,PERSISTENT SYSTEMS LTD,5470.0,5594.0,5448.5,5475.0,5475.0,5459.5,,5475.0,,,507690,2797220564.0,36377,F1,1,,,,,
2026-08-07,2026-08-07,CM,NSE,STK,24290,INE998U01015,PCCL,SM,,,,,PETRO CARBON AND CHEMI L,293.0,301.9,287.5,297.4,299.85,296.0,,297.4,,,20400,6090020.0,31,F1,400,,,,,
2026-08-07,2026-08-07,CM,NSE,STK,11351,INE347G01014,PETRONET,EQ,,,,,PETRONET LNG LIMITED,275.4,280.6,275.4,280.6,280.6,276.95,,280.59,,,833605,232153611.85,26964,F1,1,,,,,
2026-08-07,2026-08-07,CM,NSE,STK,760824,INE134E07DJ3,PFCL41A,NE,,,,,PFCL 0% 2041 SR V,954.0,954.0,954.0,954.0,954.0,954.0,,954.0,,,36,34344.0,1,F1,1,,,,,
2026-08-07,2026-08-07,CM,NSE,STK,760801,INE134E07DP0,7PFCL31,N3,,,,,PFCL 7.00% 2031 SR I,1000.01,1000.01,1000.01,1000.01,1000.01,1000.01,,1000.01,,,60,60000.6,2,F1,1,,,,,
2026-08-07,2026-08-07,CM,NSE,STK,760804,INE134E07DO3,720PFCL36,N6,,,,,PFCL 7.20% 2036 SR II,1021.0,1021.0,1020.95,1020.95,1020.95,1015.0,,1020.95,,,10,10209.75,2,F1,1,,,,,
2026-08-07,2026-08-07,CM,NSE,STK,760810,INE134E07DU0,730PFCL41,NC,,,,,PFCL 7.30% 2041 SR IV,1000.0,1002.0,990.0,1002.0,1002.0,986.01,,1002.0,,,75,74870.0,7,F1,1,,,,,
2026-08-07,2026-08-07,CM,NSE,STK,2643,INE182A01018,PFIZER,EQ,,,,,PFIZER LTD,4925.0,4925.0,4850.0,4880.6,4886.1,4900.0,,4878.25,,,5857,28634031.7,1838,F1,1,,,,,
2026-08-07,2026-08-07,CM,NSE,STK,25358,INE457L01029,PGEL,EQ,,,,,PG ELECTROPLAST LTD,614.3,643.95,602.45,630.65,630.65,609.75,,630.65,,,11060038,6937741062.1,143620,F1,1,,,,,
2026-08-07,2026-08-07,CM,NSE,STK,11612,INE0MLZ01019,PHANTOMFX,SM,,,,,PHANTOM DIGITAL EFF LTD,163.05,167.0,154.0,155.15,155.0,165.0,,155.15,,,62100,9793095.0,145,F1,300,,,,,
2026-08-07,2026-08-07,CM,NSE,STK,759723,INE0LP301011,PWL,EQ,,,,,PHYSICSWALLAH LIMITED,125.49,133.5,125.08,131.59,131.0,125.49,,131.59,,,12678121,1660301135.22,71068,F1,1,,,,,
2026-08-07,2026-08-07,CM,NSE,STK,24184,INE603J01030,PIIND,EQ,,,,,PI INDUSTRIES LTD,2778.4,2796.6,2751.2,2774.6,2774.6,2796.0,,2774.56,,,85234,236012642.7,7552,F1,1,,,,,
2026-08-07,2026-08-07,CM,NSE,STK,757754,INE546C01010,PICCADIL,EQ,,,,,PICCADILY AGRO INDUSTRI L,749.95,760.9,736.95,743.15,740.85,746.2,,743.15,,,145966,109370092.6,8268,F1,1,,,,,
2026-08-07,2026-08-07,CM,NSE,STK,24785,INE0YAL01017,PPSL,SM,,,,,PICTUREPOST STUDIOS LTD,2.9,2.9,2.9,2.9,2.9,2.8,,2.9,,,33000,95700.0,9,F1,3000,,,,,
2026-08-07,2026-08-07,CM,NSE,STK,2664,INE318A01026,PIDILITIND,EQ,,,,,PIDILITE INDUSTRIES LTD,1675.0,1675.0,1648.1,1660.0,1660.0,1686.0,,1660.0,,,917427,1523522937.2,60510,F1,1,,,,,
2026-08-07,2026-08-07,CM,NSE,STK,30838,INE600A01035,PILITA,BE,,,,,PIL ITALICA LIFESTYLE LTD,8.73,8.73,8.21,8.61,8.69,8.51,,8.61,,,80746,693931.76,129,F1,1,,,,,
2026-08-07,2026-08-07,CM,NSE,STK,11445,INE417C01014,PILANIINVS,EQ,,,,,PILANI INV & IND COR LTD,4314.2,4410.0,4314.2,4370.7,4399.5,4315.0,,4373.5,,,1798,7844826.6,214,F1,1,,,,,
2026-08-07,2026-08-07,CM,NSE,STK,759820,INE15B701018,PINELABS,EQ,,,,,PINE LABS LIMITED,156.0,157.74,154.0,154.44,154.4,156.04,,154.42,,,12806006,1993752240.86,62698,F1,1,,,,,
2026-08-07,2026-08-07,CM,NSE,STK,13463,INE156C01018,PIONEEREMB,EQ,,,,,PIONEER EMBROIDERIES LTD,24.9,24.9,23.5,23.93,24.18,24.3,,23.93,,,8515,203450.53,107,F1,1,,,,,
2026-08-07,2026-08-07,CM,NSE,STK,762832,INE746D01014,PIONRINV,BE,,,,,PIONEER INVESTCORP LTD.,83.63,83.65,83.63,83.65,83.65,84.05,,88.4,,,76,6356.14,4,F1,1,,,,,
2026-08-07,2026-08-07,CM,NSE,STK,759551,INE202B01038,PIRAMALFIN,EQ,,,,,PIRAMAL FINANCE LIMITED,2112.0,2124.9,2089.1,2109.7,2104.0,2109.7,,2109.7,,,168834,356214516.2,9668,F1,1,,,,,
2026-08-07,2026-08-07,CM,NSE,STK,11571,INE0DK501011,PPLPHARMA,EQ,,,,,PIRAMAL PHARMA LIMITED,207.0,212.24,205.51,209.55,209.1,208.24,,209.54,,,4611692,966075444.95,36912,F1,1,,,,,
2026-08-07,2026-08-07,CM,NSE,STK,14134,INE450D01021,PITTIENG,EQ,,,,,PITTI ENGINEERING LIMITED,945.0,948.0,933.0,939.95,933.0,940.8,,939.91,,,10944,10309862.2,1142,F1,1,,,,,
2026-08-07,2026-08-07,CM,NSE,STK,9087,INE751B01018,PIXTRANS,EQ,,,,,PIX TRANSMISSIONS LIMITED,1693.0,1725.0,1672.7,1717.2,1725.0,1698.6,,1717.2,,,12293,20887743.0,1564,F1,1,,,,,
2026-08-07,2026-08-07,CM,NSE,STK,13920,INE083C01022,PLASTIBLEN,EQ,,,,,PLASTIBLENDS INDIA LTD,198.61,200.0,196.49,197.69,196.49,197.49,,197.69,,,40091,7966431.65,906,F1,1,,,,,
2026-08-07,2026-08-07,CM,NSE,STK,22930,INE0PT501018,PLATIND,EQ,,,,,PLATINUM INDUSTRIES LTD,227.27,228.0,223.0,224.75,223.1,226.14,,224.69,,,32047,7215442.26,1339,F1,1,,,,,
2026-08-07,2026-08-07,CM,NSE,STK,19461,INE0INJ01017,PLAZACABLE,BE,,,,,PLAZA WIRES LIMITED,47.43,48.0,45.6,47.8,48.0,47.43,,47.8,,,26260,1239000.53,149,F1,1,,,,,
2026-08-07,2026-08-07,CM,NSE,STK,8736,INE859A01011,PNBGILTS,EQ,,,,,PNB GILTS LIMITED,82.0,82.89,80.0,80.7,80.76,82.0,,80.71,,,462573,37523521.24,4097,F1,1,,,,,
2026-08-07,2026-08-07,CM,NSE,STK,18908,INE572E01012,PNBHOUSING,EQ,,,,,PNB HOUSING FIN LTD.,1150.0,1151.8,1119.5,1143.0,1143.0,1150.0,,1142.93,,,1476731,1676338771.2,42542,F1,1,,,,,
2026-08-07,2026-08-07,CM,NSE,STK,9385,INE195J01029,PNCINFRA,EQ,,,,,PNC INFRATECH LTD.,238.0,238.5,222.0,224.38,223.97,239.76,,224.38,,,1413509,321539941.66,33224,F1,1,,,,,
2026-08-07,2026-08-07,CM,NSE,STK,760242,INE1RDG01013,PNGSREVA,EQ,,,,,PNGS REVA DIAMOND JEWEL L,496.0,518.95,492.6,511.2,515.0,499.3,,511.3,,,253363,128634096.8,11391,F1,1,,,,,
2026-08-07,2026-08-07,CM,NSE,STK,19036,INE371C01013,PODDARMENT,EQ,,,,,PODDAR PIGMENTS LIMITED,260.0,260.0,253.1,257.45,257.05,256.9,,257.45,,,2350,605415.2,84,F1,1,,,,,
2026-08-07,2026-08-07,CM,NSE,STK,17651,INE637C01025,POKARNA,EQ,,,,,POKARNA LIMITED,969.0,1020.0,967.0,986.6,992.0,967.15,,986.57,,,153323,152451875.45,8789,F1,1,,,,,
2026-08-07,2026-08-07,CM,NSE,STK,25718,INE205C01021,POLYMED,EQ,,,,,POLY MEDICURE LIMITED,1714.9,1745.0,1651.2,1693.8,1695.2,1709.3,,1693.76,,,225240,382912863.1,24647,F1,1,,,,,
2026-08-07,2026-08-07,CM,NSE,STK,9590,INE455K01017,POLYCAB,EQ,,,,,POLYCAB INDIA LIMITED,9315.0,9315.0,9182.0,9218.0,9218.0,9315.0,,9219.68,,,197996,1829743967.5,25272,F1,1,,,,,
2026-08-07,2026-08-07,CM,NSE,STK,2687,INE633B01018,POLYPLEX,EQ,,,,,POLYPLEX CORPORATION LTD,1115.1,1134.0,1110.0,1115.9,1112.2,1115.1,,1115.92,,,46724,52422134.3,2611,F1,1,,,,,
2026-08-07,2026-08-07,CM,NSE,STK,22711,INE517M01028,POLYSIL,SM,,,,,POLYSIL IRRIGATION SYST L,75.0,75.0,75.0,75.0,75.0,78.9,,75.0,,,18000,1350000.0,25,F1,500,,,,,
2026-08-07,2026-08-07,CM,NSE,STK,14385,INE063E01061,POCL,EQ,,,,,PONDY OXIDES & CHEM LTD,486.95,496.65,480.0,481.7,482.0,487.65,,481.72,,,594467,289627699.85,17667,F1,1,,,,,
2026-08-07,2026-08-07,CM,NSE,STK,10661,INE838E01017,PONNIERODE,EQ,,,,,PONNIE SUGARS (ERODE) LTD,320.2,323.95,320.0,320.75,321.0,322.9,,320.64,,,6297,2022862.45,222,F1,1,,,,,
2026-08-07,2026-08-07,CM,NSE,STK,11403,INE511C01022,POONAWALLA,EQ,,,,,POONAWALLA FINCORP LTD,492.9,493.0,469.0,480.05,480.05,490.85,,480.05,,,1895576,905588239.45,52100,F1,1,,,,,
2026-08-07,2026-08-07,CM,NSE,STK,23142,INE772T01024,PVSL,EQ,,,,,POPULAR VEHICLES N SER L,109.19,111.97,107.73,108.11,108.0,109.39,,108.11,,,19518,2125557.61,599,F1,1,,,,,
2026-08-07,2026-08-07,CM,NSE,STK,24864,INE0S3H01017,POSITRON,SM,,,,,POSITRON ENERGY LIMITED,172.9,174.5,171.05,171.4,171.05,172.9,,171.4,,,3300,569340.0,11,F1,300,,,,,
2026-08-07,2026-08-07,CM,NSE,STK,14299,INE134E01011,PFC,EQ,,,,,POWER FIN CORP LTD.,417.0,421.15,414.5,420.0,420.0,418.0,,420.0,,,4422078,1852440482.55,62383,F1,1,,,,,
2026-08-07,2026-08-07,CM,NSE,STK,14977,INE752E01010,POWERGRID,EQ,,,,,POWER GRID CORP. LTD.,268.65,272.85,268.35,271.6,271.6,270.75,,271.6,,,7795199,2112143081.2,63625,F1,1,,,,,
2026-08-07,2026-08-07,CM,NSE,STK,15716,INE557Z01018,PIGL,EQ,,,,,POWER INSTRUMENT (G) LTD,106.77,113.8,104.71,112.26,112.58,105.71,,112.25,,,237433,26114460.14,2383,F1,1,,,,,
2026-08-07,2026-08-07,CM,NSE,STK,10473,INE211R01019,POWERMECH,EQ,,,,,POWER MECH PROJECTS LTD.,2610.4,2643.1,2592.0,2616.7,2600.4,2617.0,,2616.52,,,49411,129074906.4,7345,F1,1,,,,,
2026-08-07,2026-08-07,CM,NSE,STK,3494,INE0GGX23010,PGINVIT,IV,,,,,POWERGRID INFRA. INVITS,99.59,100.2,99.4,99.78,99.78,99.69,,99.78,,,1997880,199140125.55,9064,F1,1,,,,,
2026-08-07,2026-08-07,CM,NSE,STK,761680,INE921L01032,POWERICA,EQ,,,,,POWERICA LIMITED,524.7,544.45,510.0,533.2,529.9,522.75,,533.03,,,186038,97387376.65,7641,F1,1,,,,,
2026-08-07,2026-08-07,CM,NSE,STK,15213,INE095I01015,PPAP,BE,,,,,PPAP AUTOMOTIVE LIMITED,319.95,327.3,301.0,321.35,321.75,311.85,,321.4,,,47793,15123603.85,759,F1,1,,,,,
2026-08-07,2026-08-07,CM,NSE,STK,30134,INE0I0M01023,PRABHA,EQ,,,,,PRABHA ENERGY LIMITED,156.44,158.75,153.1,154.61,154.96,156.44,,154.61,,,45510,7106839.74,700,F1,1,,,,,
2026-08-07,2026-08-07,CM,NSE,STK,762842,INE770A01010,PRADPME,BE,,,,,PRADEEP METALS LTD.,519.0,525.9,512.2,515.2,515.0,513.6,,515.53,,,7973,4141022.85,306,F1,1,,,,,
2026-08-07,2026-08-07,CM,NSE,STK,2705,INE074A01025,PRAJIND,EQ,,,,,PRAJ INDUSTRIES LTD,325.05,329.95,322.0,325.05,323.8,319.65,,325.06,,,1341676,437478953.55,25322,F1,1,,,,,
2026-08-07,2026-08-07,CM,NSE,STK,13941,INE505C01016,PRAENG,EQ,,,,,PRAJAY ENG. SYN. LTD.,20.49,20.9,19.36,19.9,19.8,20.49,,19.9,,,124261,2485676.46,432,F1,1,,,,,
2026-08-07,2026-08-07,CM,NSE,STK,2708,INE603A01013,PRAKASH,EQ,,,,,PRAKASH INDUSTRIES LTD,129.0,130.39,128.1,128.73,128.22,128.72,,128.73,,,235356,30434734.77,3089,F1,1,,,,,
2026-08-07,2026-08-07,CM,NSE,STK,10299,INE050001010,PPL,BE,,,,,PRAKASH PIPES LIMITED,257.1,271.0,255.1,260.4,264.75,262.45,,260.58,,,32093,8401764.0,416,F1,1,,,,,
2026-08-07,2026-08-07,CM,NSE,STK,19599,INE696K01024,PRAKASHSTL,EQ,,,,,PRAKASH STEELAGE LTD,4.05,4.05,3.96,3.98,3.99,3.97,,3.98,,,58130,231657.14,242,F1,1,,,,,
2026-08-07,2026-08-07,CM,NSE,STK,18514,INE0O7A01017,PRAMARA,SM,,,,,PRAMARA PROMOTIONS LTD,123.75,123.75,119.0,119.35,120.9,120.6,,119.35,,,8000,957525.0,14,F1,500,,,,,
2026-08-07,2026-08-07,CM,NSE,STK,21840,INE393P01035,DIAMONDYD,EQ,,,,,PRATAAP SNACKS LIMITED,1170.0,1239.0,1150.1,1227.4,1219.0,1166.2,,1227.6,,,445495,530571737.7,9843,F1,1,,,,,
2026-08-07,2026-08-07,CM,NSE,STK,23113,INE0QA601016,PRATHAM,SM,,,,,PRATHAM EPC PROJECTS LTD,120.0,120.0,120.0,120.0,120.0,120.0,,120.0,,,1200,144000.0,3,F1,400,,,,,
2026-08-07,2026-08-07,CM,NSE,STK,762844,INE722B01019,PRAVEG,EQ,,,,,PRAVEG LTD.,287.25,291.0,272.1,275.4,272.1,287.25,,275.43,,,90072,25164631.5,3044,F1,1,,,,,
2026-08-07,2026-08-07,CM,NSE,STK,1204,INE546Y01022,PRAXIS,EQ,,,,,PRAXIS HOME RETAIL LTD,7.23,7.4,6.81,6.91,6.99,7.23,,6.92,,,58492,409548.0,214,F1,1,,,,,
2026-08-07,2026-08-07,CM,NSE,STK,12603,INE484I01029,PRECAM,EQ,,,,,PRECISION CAMSHAFTS LTD.,143.87,145.27,143.0,143.29,143.2,144.48,,143.28,,,62856,9040205.55,1643,F1,1,,,,,
2026-08-07,2026-08-07,CM,NSE,STK,7963,INE0HKW01018,PRECISION,ST,,,,,PRECISION METALIKS LTD,8.5,8.5,8.45,8.5,8.5,8.1,,8.5,,,14000,118800.0,6,F1,2000,,,,,
2026-08-07,2026-08-07,CM,NSE,STK,2717,INE372C01037,PRECWIRE,EQ,,,,,PRECISION WIRES INDIA LTD,417.7,417.7,401.1,413.8,413.0,418.95,,413.78,,,391595,160238582.3,16313,F1,1,,,,,
2026-08-07,2026-08-07,CM,NSE,STK,2711,INE283A01014,PRECOT,EQ,,,,,PRECOT LIMITED,870.0,870.0,802.0,813.25,807.05,852.65,,813.25,,,11322,9367995.15,854,F1,1,,,,,
2026-08-07,2026-08-07,CM,NSE,STK,762849,INE001E01012,PREMCO,EQ,,,,,PREMCO GLOBAL LTD.,375.1,388.8,375.1,380.3,380.05,385.0,,380.3,,,1810,692096.75,93,F1,1,,,,,
2026-08-07,2026-08-07,CM,NSE,STK,25049,INE0BS701011,PREMIERENE,EQ,,,,,PREMIER ENERGIES LIMITED,1050.9,1063.0,1022.0,1047.2,1047.2,1041.7,,1047.01,,,2579738,2698053245.6,65593,F1,1,,,,,
2026-08-07,2026-08-07,CM,NSE,STK,17397,INE863B01029,PREMEXPLN,EQ,,,,,PREMIER EXPLOSIVES LTD,665.0,666.95,636.4,641.2,646.45,664.65,,641.15,,,1329878,863865870.8,8900,F1,1,,,,,
2026-08-07,2026-08-07,CM,NSE,STK,6248,INE342A01018,PREMIER,BE,,,,,PREMIER LIMITED,3.0,3.0,2.75,2.84,2.84,2.87,,2.85,,,3685,10400.15,25,F1,1,,,,,
2026-08-07,2026-08-07,CM,NSE,STK,3908,INE309M01020,PREMIERPOL,EQ,,,,,PREMIER POLYFILM LTD,72.52,72.61,71.01,71.66,71.55,72.24,,71.66,,,91735,6598502.75,1261,F1,1,,,,,
2026-08-07,2026-08-07,CM,NSE,STK,23764,INE0CFG01012,PRLIND,SM,,,,,PREMIER ROADLINES LIMITED,43.75,44.95,43.75,43.95,43.9,43.95,,43.95,,,65000,2867050.0,25,F1,1000,,,,,
2026-08-07,2026-08-07,CM,NSE,STK,25898,INE0M1F01011,PREMIUM,SM,,,,,PREMIUM PLAST LIMITED,39.0,39.0,39.0,39.0,39.0,39.0,,39.0,,,3000,117000.0,1,F1,3000,,,,,
2026-08-07,2026-08-07,CM,NSE,STK,20498,INE0R1601012,PRESSTONIC,SM,,,,,PRESSTONIC ENGINEERING L,35.45,35.8,32.75,34.35,34.25,32.65,,34.35,,,90400,3140840.0,90,F1,800,,,,,
2026-08-07,2026-08-07,CM,NSE,STK,20302,INE811K01011,PRESTIGE,EQ,,,,,PRESTIGE ESTATE LTD,1577.0,1599.8,1565.8,1584.8,1584.8,1578.0,,1584.8,,,475170,749892990.4,15666,F1,1,,,,,
2026-08-07,2026-08-07,CM,NSE,STK,19631,INE726V01018,PRICOLLTD,EQ,,,,,PRICOL LIMITED,755.5,757.9,733.8,737.9,739.5,761.45,,737.85,,,553113,411357820.9,31405,F1,1,,,,,
2026-08-07,2026-08-07,CM,NSE,STK,759075,INE0CQA01020,PRIMECAB,ST,,,,,PRIME CABLE INDUSTRIES L,183.0,183.0,176.0,182.65,182.65,182.4,,182.65,,,20800,3720640.0,13,F1,1600,,,,,
2026-08-07,2026-08-07,CM,NSE,STK,13496,INE367G01038,PFOCUS,EQ,,,,,PRIME FOCUS LIMITED,283.95,304.8,283.65,287.6,288.65,291.9,,287.62,,,1101666,324154809.9,21195,F1,1,,,,,
2026-08-07,2026-08-07,CM,NSE,STK,11864,INE032B01021,PRIMESECU,EQ,,,,,PRIME SECURITIES LIMITED,289.95,297.0,282.3,296.05,297.0,283.7,,296.03,,,80858,23312892.25,1016,F1,1,,,,,
2026-08-07,2026-08-07,CM,NSE,STK,756925,INE607A01022,PRIMO,EQ,,,,,PRIMO CHEMICALS LIMITED,23.7,24.44,23.45,23.96,23.82,23.73,,23.91,,,128645,3086717.16,914,F1,1,,,,,
2026-08-07,2026-08-07,CM,NSE,STK,16045,INE689W01016,PRINCEPIPE,EQ,,,,,PRINCE PIPES FITTINGS LTD,274.35,277.6,268.35,271.0,271.2,274.35,,271.0,,,130236,35434916.45,4594,F1,1,,,,,
2026-08-07,2026-08-07,CM,NSE,STK,2739,INE010A01011,PRSMJOHNSN,EQ,,,,,PRISM JOHNSON LIMITED,113.18,131.0,107.77,111.56,109.0,113.32,,111.54,,,48698881,5842506440.98,243021,F1,1,,,,,
2026-08-07,2026-08-07,CM,NSE,STK,8310,INE974Z01015,PRITI,BE,,,,,PRITI INTERNATIONAL LTD,37.0,37.0,36.31,36.36,36.31,37.1,,36.36,,,7240,264112.23,102,F1,1,,,,,
2026-08-07,2026-08-07,CM,NSE,STK,5296,INE583R01029,PRITIKAUTO,BE,,,,,PRITIKA AUTO INDUS LTD,18.5,18.99,18.0,18.22,18.5,18.52,,18.25,,,61421,1127728.36,293,F1,1,,,,,
2026-08-07,2026-08-07,CM,NSE,STK,12971,INE0MJQ01020,PRITIKA,SM,,,,,PRITIKA ENG COMPO LTD,64.0,64.0,64.0,64.0,64.0,64.0,,64.0,,,4000,256000.0,1,F1,2000,,,,,
2026-08-07,2026-08-07,CM,NSE,STK,9342,INE392B01011,PNC,EQ,,,,,PRITISH NANDY COMMUNICATI,19.95,20.0,18.5,19.92,20.0,19.48,,19.95,,,5730,112470.94,250,F1,1,,,,,
2026-08-07,2026-08-07,CM,NSE,STK,8825,INE959A01019,PRIVISCL,EQ,,,,,PRIVI SPECIALITY CHE LTD,3660.0,3690.8,3621.0,3644.1,3661.0,3660.0,,3643.97,,,30180,110254527.6,8345,F1,1,,,,,
2026-08-07,2026-08-07,CM,NSE,STK,24511,INE0V9N01017,PRIZOR,ST,,,,,PRIZOR VIZTECH LIMITED,880.0,915.0,870.0,899.0,910.0,876.55,,899.0,,,16400,14537960.0,36,F1,400,,,,,
2026-08-07,2026-08-07,CM,NSE,STK,757806,INE0VJT01017,PROFX,SM,,,,,PRO FX TECH LIMITED,73.4,73.4,73.4,73.4,73.4,73.8,,73.4,,,1600,117440.0,1,F1,1600,,,,,
2026-08-07,2026-08-07,CM,NSE,STK,940,INE199A01012,PGHL,EQ,,,,,PROCTER & GAMBLE HEALTH L,6060.0,6170.0,6009.0,6144.5,6150.0,6068.0,,6144.64,,,25000,152520980.5,5281,F1,1,,,,,
2026-08-07,2026-08-07,CM,NSE,STK,19352,INE994V01012,PROLIFE,SM,,,,,PROLIFE INDUSTRIES LTD,78.65,78.65,78.65,78.65,78.65,74.95,,78.65,,,1500,117975.0,1,F1,500,,,,,
2026-08-07,2026-08-07,CM,NSE,STK,764348,INE1FFX01018,PROPSHOP,ST,,,,,PROPSHOP EVENTS AND EXH L,58.9,58.9,55.8,56.7,58.4,58.7,,56.7,,,84000,4801600.0,37,F1,2000,,,,,
2026-08-07,2026-08-07,CM,NSE,STK,758173,INE0BX301013,PROSTARM,EQ,,,,,PROSTARM INFO SYSTEMS LTD,142.11,147.5,141.25,146.01,145.6,144.13,,146.0,,,426703,62174449.09,5629,F1,1,,,,,
2026-08-07,2026-08-07,CM,NSE,STK,29472,INE004A01022,PROTEAN,EQ,,,,,PROTEAN EGOV TECHNO LTD,560.0,574.0,558.2,565.95,567.9,558.65,,565.96,,,286720,163121106.05,8675,F1,1,,,,,
2026-08-07,2026-08-07,CM,NSE,STK,28859,INE195N01013,PROZONER,EQ,,,,,PROZONE REALTY LIMITED,42.16,43.0,42.0,42.74,42.9,42.26,,42.74,,,113682,4840798.62,1235,F1,1,,,,,
2026-08-07,2026-08-07,CM,NSE,STK,9553,INE00F201020,PRUDENT,EQ,,,,,PRUDENT CORP ADV SER LTD,3263.0,3412.6,3247.6,3371.8,3365.3,3266.7,,3372.29,,,33960,114072338.1,5757,F1,1,,,,,
2026-08-07,2026-08-07,CM,NSE,STK,20528,INE024D01016,PRUDMOULI,BE,,,,,PRUDENTIAL SUGAR CORPORAT,13.0,14.0,13.0,13.44,13.48,13.43,,13.0,,,8244,111679.0,32,F1,1,,,,,
2026-08-07,2026-08-07,CM,NSE,STK,20877,INE488V01015,PSPPROJECT,EQ,,,,,PSP PROJECTS LIMITED,962.8,971.9,955.0,962.95,968.0,973.95,,962.95,,,64096,61743621.55,6604,F1,1,,,,,
2026-08-07,2026-08-07,CM,NSE,STK,22602,INE560K01014,PFS,EQ,,,,,PTC INDIA FIN SERV LTD,28.66,29.49,28.5,29.02,29.07,28.87,,29.02,,,424044,12209936.19,2620,F1,1,,,,,
2026-08-07,2026-08-07,CM,NSE,STK,11355,INE877F01012,PTC,EQ,,,,,PTC INDIA LIMITED,201.0,204.2,195.4,203.3,202.8,200.17,,203.29,,,12883295,2587586862.37,77266,F1,1,,,,,
2026-08-07,2026-08-07,CM,NSE,STK,16682,INE596F01018,PTCIL,EQ,,,,,PTC INDUSTRIES LIMITED,18250.0,19400.0,18250.0,19076.0,19100.0,18221.0,,19075.61,,,91324,1743417501.0,26581,F1,1,,,,,
2026-08-07,2026-08-07,CM,NSE,STK,14101,INE034D01049,PTL,EQ,,,,,PTL ENTERPRISES LTD,39.95,40.24,39.4,39.85,39.8,39.94,,39.83,,,39714,1581584.74,623,F1,1,,,,,
2026-08-07,2026-08-07,CM,NSE,STK,15377,INE865T01018,PDMJEPAPER,EQ,,,,,PUDUMJEE PAPER PRO. LTD,98.68,100.0,96.91,97.63,98.25,98.18,,97.7,,,77841,7651045.1,1398,F1,1,,,,,
2026-08-07,2026-08-07,CM,NSE,STK,507,INE335X01014,PULZ,SM,,,,,PULZ ELECTRONICS LIMITED,26.55,26.55,25.9,25.9,25.9,25.8,,25.9,,,4000,104900.0,2,F1,2000,,,,,
2026-08-07,2026-08-07,CM,NSE,STK,21001,INE608A01012,PSB,EQ,,,,,PUNJAB & SIND BANK,23.98,23.98,23.71,23.79,23.8,23.98,,23.79,,,786849,18767598.61,3009,F1,1,,,,,
2026-08-07,2026-08-07,CM,NSE,STK,4344,INE277B01014,PUNJABCHEM,EQ,,,,,PUNJAB CHEM & CROP PROT L,1105.0,1122.0,1100.1,1111.1,1100.1,1110.6,,1110.91,,,4675,5195033.8,675,F1,1,,,,,
2026-08-07,2026-08-07,CM,NSE,STK,10666,INE160A01022,PNB,EQ,,,,,PUNJAB NATIONAL BANK,114.01,115.37,113.6,114.81,114.81,114.3,,114.81,,,11202537,1282292736.98,41187,F1,1,,,,,
2026-08-07,2026-08-07,CM,NSE,STK,14922,INE323I01011,PURVA,EQ,,,,,PURAVANKARA LIMITED,210.99,213.79,209.12,212.37,210.5,209.41,,212.38,,,97936,20740027.89,1871,F1,1,,,,,
2026-08-07,2026-08-07,CM,NSE,STK,28044,INE0P5R01014,PURPLEUTED,ST,,,,,PURPLE UNITED SALES LTD,343.25,350.0,324.5,333.0,333.0,341.55,,333.0,,,22750,7464025.0,77,F1,250,,,,,
2026-08-07,2026-08-07,CM,NSE,STK,22938,INE0R6C01012,PURVFLEXI,SM,,,,,PURV FLEXIPACK LIMITED,48.0,50.05,48.0,50.05,50.05,47.7,,50.05,,,13600,675160.0,16,F1,800,,,,,
2026-08-07,2026-08-07,CM,NSE,STK,757683,INE154801018,PUSHPA,SM,,,,,PUSHPA JEWELLERS LIMITED,113.0,113.0,113.0,113.0,113.0,113.0,,113.0,,,8000,904000.0,7,F1,1000,,,,,
2026-08-07,2026-08-07,CM,NSE,STK,4010,INE362A01016,PVP,EQ,,,,,PVP VENTURES LIMITED,33.25,36.0,32.62,34.74,34.26,33.14,,34.74,,,10194426,351683187.77,34221,F1,1,,,,,
2026-08-07,2026-08-07,CM,NSE,STK,13147,INE191H01014,PVRINOX,EQ,,,,,PVR INOX LIMITED,1135.0,1168.9,1135.0,1156.0,1158.0,1150.4,,1155.86,,,137511,159074774.4,11343,F1,1,,,,,
2026-08-07,2026-08-07,CM,NSE,STK,18250,INE0MIS01010,PYRAMID,EQ,,,,,PYRAMID TECHNOPLAST LTD,178.7,180.35,173.88,175.35,175.0,178.55,,175.5,,,38937,6868353.11,1329,F1,1,,,,,
2026-08-07,2026-08-07,CM,NSE,STK,763594,INE1G2W01011,QLINE,SM,,,,,Q-LINE BIOTECH LIMITED,527.8,542.15,527.6,538.7,537.0,529.4,,538.7,,,34400,18406720.0,81,F1,400,,,,,
2026-08-07,2026-08-07,CM,NSE,STK,751607,INE0FMW01018,QMSMEDI,EQ,,,,,QMS MEDICAL ALLIED S LTD,114.0,115.0,112.21,113.3,112.5,114.51,,113.3,,,12487,1416320.37,403,F1,1,,,,,
2026-08-07,2026-08-07,CM,NSE,STK,5870,INE0GOJ01027,QUADPRO,SM,,,,,QUADPRO ITES LIMITED,2.4,2.4,2.4,2.4,2.4,2.4,,2.4,,,12000,28800.0,1,F1,12000,,,,,
2026-08-07,2026-08-07,CM,NSE,STK,29087,INE0LRY01011,QUADFUTURE,EQ,,,,,QUADRANT FUTURE TEK LTD,379.0,386.4,360.0,361.5,362.45,378.0,,361.51,,,275252,102448153.55,9282,F1,1,,,,,
2026-08-07,2026-08-07,CM,NSE,STK,29713,INE0SII01026,QPOWER,BE,,,,,QUALITY POWER ELEC EQUP L,1155.0,1155.0,1101.0,1124.1,1115.0,1157.0,,1123.99,,,117936,132744822.9,5058,F1,1,,,,,
2026-08-07,2026-08-07,CM,NSE,STK,15330,INF082J01408,QGOLDHALF,EQ,,,,,QUANTUM GOLD ETF,122.98,124.12,122.24,123.84,123.8,122.69,,123.84,,,249699,30824984.07,1223,F1,1,,,,,
2026-08-07,2026-08-07,CM,NSE,STK,16819,INF082J01499,QNIFTY,EQ,,,,,QUANTUM NIFTY 50 ETF,271.54,271.54,270.4,270.7,271.0,271.54,,270.7,,,2601,704799.36,61,F1,1,,,,,
2026-08-07,2026-08-07,CM,NSE,STK,17704,INE615P01015,QUESS,EQ,,,,,QUESS CORP LIMITED,315.0,315.25,303.6,311.05,309.3,315.25,,310.9,,,388684,120024847.3,10783,F1,1,,,,,
2026-08-07,2026-08-07,CM,NSE,STK,23793,INE0TNW01017,QUESTLAB,SM,,,,,QUEST LABORATORIES LTD,91.0,92.0,89.0,89.7,89.9,90.25,,89.7,,,24000,2169600.0,14,F1,1200,,,,,
2026-08-07,2026-08-07,CM,NSE,STK,13131,INE306L01010,QUICKHEAL,BE,,,,,QUICK HEAL TECH LTD,152.65,157.0,152.65,155.02,155.43,155.65,,154.97,,,23125,3591955.09,416,F1,1,,,,,
2026-08-07,2026-08-07,CM,NSE,STK,15285,INE0K4D01020,QUICKTOUCH,SM,,,,,QUICKTOUCH TECHNOLOGIES L,20.65,22.5,20.65,22.5,22.5,21.65,,22.5,,,2500,53175.0,4,F1,500,,,,,
2026-08-07,2026-08-07,CM,NSE,STK,762854,INE641R01017,QUINT,EQ,,,,,QUINT DIGITAL LTD.,37.51,40.0,37.0,37.48,37.0,39.86,,37.48,,,3954,155641.95,46,F1,1,,,,,
2026-08-07,2026-08-07,CM,NSE,STK,23043,INE0NQ801033,RKSWAMY,EQ,,,,,R K SWAMY LIMITED,104.89,107.75,102.0,103.33,104.9,104.7,,103.35,,,43706,4567942.02,1414,F1,1,,,,,
2026-08-07,2026-08-07,CM,NSE,STK,757836,INE219Y01026,RMDRIP,BE,,,,,R M DRIP & SPRINK SYS LTD,18.19,18.5,17.6,18.13,18.28,17.9,,18.1,,,1093606,19720438.81,483,F1,1,,,,,
2026-08-07,2026-08-07,CM,NSE,STK,762864,INE951M01037,RRIL,EQ,,,,,R R I L LTD.,17.72,18.18,17.19,17.45,17.49,17.72,,17.45,,,4673,82540.41,103,F1,1,,,,,
2026-08-07,2026-08-07,CM,NSE,STK,18566,INE777K01022,RRKABEL,EQ,,,,,R R KABEL LIMITED,2760.0,2794.0,2736.6,2759.5,2754.9,2764.4,,2759.38,,,287031,793975940.9,29276,F1,1,,,,,
2026-08-07,2026-08-07,CM,NSE,STK,762872,INE616F01022,RSDFIN,BE,,,,,R S D FINANCE LTD.,144.82,144.82,144.82,144.82,144.82,152.44,,148.61,,,990,143371.8,21,F1,1,,,,,
2026-08-07,2026-08-07,CM,NSE,STK,13414,INE411H01032,RSYSTEMS,EQ,,,,,R SYS INTERNATIONAL LTD,254.9,256.45,246.0,247.85,247.45,255.95,,247.9,,,263241,65735580.2,5891,F1,1,,,,,
2026-08-07,2026-08-07,CM,NSE,STK,758981,INE012Q01039,RNBDENIMS,EQ,,,,,R&B DENIMS LIMITED,8.98,9.17,8.93,9.06,9.1,9.04,,9.06,,,145052,1317893.62,564,F1,1,,,,,
2026-08-07,2026-08-07,CM,NSE,STK,8426,INE165B01029,RSSOFTWARE,BE,,,,,R. S. SOFTWARE (INDIA) LI,29.0,30.0,29.0,29.52,29.9,29.6,,29.47,,,19349,570536.25,143,F1,1,,,,,
2026-08-07,2026-08-07,CM,NSE,STK,20760,INE324L01013,RPPINFRA,EQ,,,,,R.P.P INFRA PROJECTS LTD,57.85,58.64,57.05,57.86,57.45,57.85,,57.88,,,736325,42172512.21,868,F1,1,,,,,
2026-08-07,2026-08-07,CM,NSE,STK,762244,INE2PB023011,RIIT,IV,,,,,RAAJMARG INFRA INVEST T,116.82,118.3,116.7,116.98,116.99,116.82,,116.98,,,309621,36211388.92,1120,F1,1,,,,,
2026-08-07,2026-08-07,CM,NSE,STK,15391,INE084Q01012,RACE,EQ,,,,,RACE ECO CHAIN LIMITED,106.99,108.88,106.0,108.76,108.65,104.38,,108.77,,,3440,368845.9,79,F1,1,,,,,
2026-08-07,2026-08-07,CM,NSE,STK,9854,INE02OY01016,RILINFRA,SM,,,,,RACHANA INFRA LTD,37.7,38.9,37.0,37.75,37.9,37.7,,37.75,,,8400,315170.0,38,F1,100,,,,,
2026-08-07,2026-08-07,CM,NSE,STK,27171,INE704B01017,RACLGEAR,EQ,,,,,RACL GEARTECH LIMITED,1478.9,1510.1,1438.0,1482.7,1473.0,1475.0,,1482.68,,,77550,114770826.8,7007,F1,1,,,,,
2026-08-07,2026-08-07,CM,NSE,STK,10932,INE874F01027,RADAAN,EQ,,,,,RADAAN MEDIAWORKS (I) LTD,3.14,3.14,2.95,2.98,2.95,3.04,,2.98,,,13936,41958.92,79,F1,1,,,,,
2026-08-07,2026-08-07,CM,NSE,STK,10343,INE583V01021,RADHIKAJWE,EQ,,,,,RADHIKA JEWELTECH LIMITED,69.85,71.89,68.51,69.44,69.78,69.84,,69.44,,,788685,55491557.14,5429,F1,1,,,,,
2026-08-07,2026-08-07,CM,NSE,STK,13580,INE855R01021,RADIANTCMS,EQ,,,,,RADIANT CASH MGMT SER LTD,39.0,39.39,38.54,38.99,39.15,38.84,,38.99,,,87096,3397507.15,681,F1,1,,,,,
2026-08-07,2026-08-07,CM,NSE,STK,10990,INE944F01028,RADICO,EQ,,,,,RADICO KHAITAN LTD,4477.6,4499.0,4431.7,4499.0,4499.0,4470.0,,4503.08,,,299219,1334428521.8,25392,F1,1,,,,,
2026-08-07,2026-08-07,CM,NSE,STK,23445,INE430U01019,RADIOWALLA,ST,,,,,RADIOWALLA NETWORK LTD,26.55,26.55,26.55,26.55,26.55,27.05,,26.55,,,1600,42480.0,1,F1,1600,,,,,
2026-08-07,2026-08-07,CM,NSE,STK,24735,INE912T01018,RPEL,EQ,,,,,RAGHAV PRODUCTIVITY ENH L,1270.0,1270.0,1251.0,1256.5,1270.0,1267.4,,1256.27,,,12472,15678450.8,2343,F1,1,,,,,
2026-08-07,2026-08-07,CM,NSE,STK,9552,INE415G01027,RVNL,EQ,,,,,RAIL VIKAS NIGAM LIMITED,235.0,236.76,233.01,233.38,233.38,235.0,,233.39,,,4691820,1100727772.16,35432,F1,1,,,,,
2026-08-07,2026-08-07,CM,NSE,STK,2431,INE0DD101019,RAILTEL,EQ,,,,,RAILTEL CORP OF IND LTD,288.85,291.4,287.8,288.55,289.1,290.85,,288.55,,,349699,101109665.15,9422,F1,1,,,,,
2026-08-07,2026-08-07,CM,NSE,STK,15337,INE855B01025,RAIN,EQ,,,,,RAIN INDUSTRIES LIMITED,242.71,252.0,221.1,222.88,222.5,243.0,,222.83,,,25397402,6013234292.06,190148,F1,1,,,,,
2026-08-07,2026-08-07,CM,NSE,STK,9408,INE961O01016,RAINBOW,EQ,,,,,RAINBOW CHILDRENS MED LTD,1573.2,1573.2,1531.6,1556.7,1553.8,1573.2,,1556.62,,,79910,123803292.0,12235,F1,1,,,,,
2026-08-07,2026-08-07,CM,NSE,STK,359,INE294G01026,ROML,EQ,,,,,RAJ OIL MILLS LIMITED,45.0,45.38,44.2,44.81,44.81,45.13,,44.81,,,1193,53421.42,41,F1,1,,,,,
2026-08-07,2026-08-07,CM,NSE,STK,8428,INE533D01032,RAJRILTD,BE,,,,,RAJ RAYON INDUSTRIES LTD,22.06,22.06,21.46,21.85,21.9,21.63,,21.85,,,11106,241163.75,117,F1,1,,,,,
2026-08-07,2026-08-07,CM,NSE,STK,14403,INE952H01027,RAJTV,EQ,,,,,RAJ TV NETWORK LTD,10.37,10.37,9.94,10.11,10.04,9.95,,10.11,,,38463,387300.84,155,F1,1,,,,,
2026-08-07,2026-08-07,CM,NSE,STK,762859,INE296E01026,RAJPALAYAM,EQ,,,,,RAJAPALAYAM MILLS LTD.,838.0,838.0,816.25,818.95,817.1,833.6,,818.95,,,845,692520.05,51,F1,1,,,,,
2026-08-07,2026-08-07,CM,NSE,STK,181,INE610C01014,ARENTERP,EQ,,,,,RAJDARSHAN INDUSTRIES LTD,38.98,38.98,37.74,37.91,38.6,37.82,,37.87,,,439,16774.2,33,F1,1,,,,,
2026-08-07,2026-08-07,CM,NSE,STK,760461,INE343B01030,RAJESHEXPO,BZ,,,,,RAJESH EXPORTS LTD,83.02,85.0,83.0,83.58,84.0,84.54,,83.57,,,100568,8394720.91,1390,F1,1,,,,,
2026-08-07,2026-08-07,CM,NSE,STK,19681,INE0BZQ01011,RCDL,SM,,,,,RAJGOR CASTOR DERIVATI L,32.0,32.0,29.5,29.9,29.8,31.25,,29.9,,,42000,1279200.0,10,F1,3000,,,,,
2026-08-07,2026-08-07,CM,NSE,STK,2168,INE00KV01022,RAJMET,EQ,,,,,RAJNANDINI METAL LIMITED,3.32,3.43,3.32,3.35,3.37,3.34,,3.35,,,150119,505470.55,724,F1,1,,,,,
2026-08-07,2026-08-07,CM,NSE,STK,757052,INE535F01024,RAJOOENG,BE,,,,,RAJOO ENGINEERS LIMITED,51.31,52.35,51.06,51.68,51.94,51.84,,51.7,,,120514,6215384.24,545,F1,1,,,,,
2026-08-07,2026-08-07,CM,NSE,STK,27269,INE0VHU01019,RAJPUTANA,SM,,,,,RAJPUTANA BIODIESEL LTD,209.0,224.85,209.0,218.35,219.95,207.5,,218.35,,,50000,11028175.0,71,F1,500,,,,,
2026-08-07,2026-08-07,CM,NSE,STK,24707,INE0PCU01012,RAJINDLTD,SM,,,,,RAJPUTANA INDUSTRIES LTD,69.2,72.85,68.55,70.95,72.35,73.4,,70.95,,,9000,636075.0,6,F1,1500,,,,,
2026-08-07,2026-08-07,CM,NSE,STK,761439,INE313L01016,RSL,EQ,,,,,RAJPUTANA STAINLESS LTD,153.0,156.49,151.0,152.72,153.0,152.85,,152.76,,,285421,43717881.05,3252,F1,1,,,,,
2026-08-07,2026-08-07,CM,NSE,STK,18962,INE451D01029,RAJRATAN,EQ,,,,,RAJRATAN GLOBAL WIRE LTD,522.0,530.85,521.95,525.0,522.1,521.95,,524.97,,,77052,40516537.7,4477,F1,1,,,,,
2026-08-07,2026-08-07,CM,NSE,STK,6913,INE760W01023,RPPL,EQ,,,,,RAJSHREE POLYPACK LTD,25.8,26.97,25.57,25.81,26.1,25.38,,25.81,,,380943,9967101.25,1606,F1,1,,,,,
2026-08-07,2026-08-07,CM,NSE,STK,2809,INE562B01019,RAJSREESUG,EQ,,,,,RAJSHREE SUGAR & CHEMICAL,30.89,30.89,29.52,30.19,30.6,30.5,,30.19,,,51085,1537430.47,321,F1,1,,,,,
2026-08-07,2026-08-07,CM,NSE,STK,2816,INE613A01020,RALLIS,EQ,,,,,RALLIS INDIA LTD,215.02,215.05,211.51,213.03,213.43,214.86,,213.03,,,791724,168419123.76,20114,F1,1,,,,,
2026-08-07,2026-08-07,CM,NSE,STK,10485,INE207E01023,RAMRAT,EQ,,,,,RAM RATNA WIRES LIMITED,471.0,471.0,456.0,461.6,464.0,467.15,,461.61,,,202998,94177071.6,8172,F1,1,,,,,
2026-08-07,2026-08-07,CM,NSE,STK,10568,INE809A01032,RAMAPHO,EQ,,,,,RAMA PHOSPHATES LIMITED,124.46,125.79,122.82,123.3,123.95,124.5,,123.3,,,11721,1457098.0,327,F1,1,,,,,
2026-08-07,2026-08-07,CM,NSE,STK,10304,INE230R01035,RAMASTEEL,BE,,,,,RAMA STEEL TUBES LIMITED,4.94,4.94,4.77,4.82,4.83,4.77,,4.82,,,2193351,10591142.55,3556,F1,1,,,,,
2026-08-07,2026-08-07,CM,NSE,STK,757777,INE14W901010,RTL,SM,,,,,RAMA TELECOM LIMITED,84.85,84.85,79.3,81.9,81.9,82.1,,81.9,,,58000,4786100.0,20,F1,2000,,,,,
2026-08-07,2026-08-07,CM,NSE,STK,4587,INE614A01028,RAMCOIND,EQ,,,,,RAMCO INDUSTRIES LIMITED,333.0,342.0,327.25,339.65,341.0,333.75,,339.63,,,170385,56880053.9,3732,F1,1,,,,,
2026-08-07,2026-08-07,CM,NSE,STK,7851,INE246B01019,RAMCOSYS,EQ,,,,,RAMCO SYSTEMS LTD.,615.0,646.75,615.0,637.9,635.0,626.5,,637.97,,,147341,93600577.65,5414,F1,1,,,,,
2026-08-07,2026-08-07,CM,NSE,STK,23565,INE0RJH01010,RBS,SM,,,,,RAMDEVBABA SOLVENT LTD,92.0,92.0,91.5,91.5,91.5,93.0,,91.5,,,3200,293200.0,3,F1,800,,,,,
2026-08-07,2026-08-07,CM,NSE,STK,11411,INE399G01023,RKFORGE,EQ,,,,,RAMKRISHNA FORGINGS LTD,693.0,729.0,688.35,726.55,727.8,700.5,,726.53,,,1750097,1256617693.8,41748,F1,1,,,,,
2026-08-07,2026-08-07,CM,NSE,STK,20134,INE874I01013,RAMKY,EQ,,,,,RAMKY INFRA LTD,408.0,409.9,397.5,406.85,407.0,405.3,,406.83,,,50811,20659575.35,1311,F1,1,,,,,
2026-08-07,2026-08-07,CM,NSE,STK,2837,INE625B01014,RANASUG,EQ,,,,,RANA SUGARS LTD.,12.64,12.8,12.49,12.53,12.49,12.64,,12.52,,,157311,1985630.07,643,F1,1,,,,,
2026-08-07,2026-08-07,CM,NSE,STK,11975,INE050H01012,RML,EQ,,,,,RANE (MADRAS) LIMITED,1038.0,1063.4,1031.0,1053.7,1050.1,1041.4,,1053.63,,,43528,45720915.3,4307,F1,1,,,,,
2026-08-07,2026-08-07,CM,NSE,STK,2844,INE384A01010,RANEHOLDIN,EQ,,,,,RANE HOLDINGS LIMITED,1761.6,1780.0,1740.0,1766.2,1771.0,1761.6,,1765.42,,,8818,15466013.7,1112,F1,1,,,,,
2026-08-07,2026-08-07,CM,NSE,STK,25610,INE0MVO01012,RAPPID,SM,,,,,RAPPID VALVES (INDIA) LTD,336.75,336.75,324.15,324.15,324.15,329.95,,324.15,,,2400,795270.0,4,F1,600,,,,,
2026-08-07,2026-08-07,CM,NSE,STK,22670,INE0J1F01024,RPTECH,EQ,,,,,RASHI PERIPHERALS LIMITED,860.05,906.35,860.05,894.65,895.0,865.55,,894.61,,,518676,462029256.35,26019,F1,1,,,,,
2026-08-07,2026-08-07,CM,NSE,STK,2866,INE027A01015,RCF,EQ,,,,,RASHTRIYA CHEMICALS & FER,127.6,128.28,126.71,126.92,126.89,128.05,,126.92,,,497174,63334806.22,6314,F1,1,,,,,
2026-08-07,2026-08-07,CM,NSE,STK,7177,INE0CLI01024,RATEGAIN,EQ,,,,,RATEGAIN TRAVEL TECHN LTD,960.0,973.5,925.6,949.15,956.65,944.95,,949.1,,,909625,867616168.85,29526,F1,1,,,,,
2026-08-07,2026-08-07,CM,NSE,STK,13451,INE703B01027,RATNAMANI,EQ,,,,,RATNAMANI MET & TUB LTD.,2374.8,2394.6,2154.6,2197.6,2190.0,2370.6,,2197.81,,,333715,752120662.3,40260,F1,1,,,,,
2026-08-07,2026-08-07,CM,NSE,STK,18423,INE05CZ01011,RATNAVEER,EQ,,,,,RATNAVEER PRECISION ENG L,206.36,218.49,205.0,206.1,205.9,205.61,,206.1,,,6422570,1351808962.75,43853,F1,1,,,,,
2026-08-07,2026-08-07,CM,NSE,STK,27297,INE834M01019,RTNINDIA,EQ,,,,,RATTANINDIA ENT LIMITED,31.4,31.9,31.36,31.79,31.8,31.47,,31.79,,,726386,22961713.29,3345,F1,1,,,,,
2026-08-07,2026-08-07,CM,NSE,STK,17520,INE399K01017,RTNPOWER,EQ,,,,,RATTANINDIA POWER LIMITED,8.74,8.8,8.63,8.68,8.69,8.77,,8.68,,,8901872,77601810.83,8891,F1,1,,,,,
2026-08-07,2026-08-07,CM,NSE,STK,20950,INE722J01012,RKDL,EQ,,,,,RAVI KUMAR DIST. LTD.,19.29,19.59,19.02,19.47,19.59,19.07,,19.47,,,13528,262462.39,83,F1,1,,,,,
2026-08-07,2026-08-07,CM,NSE,STK,1565,INE09E501017,RVHL,EQ,,,,,RAVINDER HEIGHTS LIMITED,46.4,46.4,40.25,43.51,43.1,45.36,,43.51,,,25187,1076448.27,411,F1,1,,,,,
2026-08-07,2026-08-07,CM,NSE,STK,24596,INE206N01018,RELTD,EQ,,,,,RAVINDRA ENERGY LIMITED,170.14,172.49,164.61,167.29,165.01,170.14,,167.22,,,241144,40616233.29,4130,F1,1,,,,,
2026-08-07,2026-08-07,CM,NSE,STK,25073,INE02ID01020,RAYMONDLSL,EQ,,,,,RAYMOND LIFESTYLE LIMITED,746.95,751.95,730.0,731.8,731.0,745.55,,731.85,,,52856,39008430.15,3012,F1,1,,,,,
2026-08-07,2026-08-07,CM,NSE,STK,2859,INE301A01014,RAYMOND,EQ,,,,,RAYMOND LTD,624.45,633.75,603.0,614.95,605.0,627.6,,615.06,,,393843,245427528.2,11716,F1,1,,,,,
2026-08-07,2026-08-07,CM,NSE,STK,758551,INE1SY401010,RAYMONDREL,EQ,,,,,RAYMOND REALTY LIMITED,690.0,701.2,675.25,690.0,690.0,688.2,,689.99,,,347491,239220578.0,9417,F1,1,,,,,
2026-08-07,2026-08-07,CM,NSE,STK,18391,INE976G01028,RBLBANK,EQ,,,,,RBL BANK LIMITED,390.0,390.25,384.15,389.8,389.8,392.0,,389.8,,,1693465,655149689.8,23214,F1,1,,,,,
2026-08-07,2026-08-07,CM,NSE,STK,13570,INE0NA301016,RBMINFRA,SM,,,,,RBM INFRACON LIMITED,264.0,268.7,264.0,266.0,266.0,265.25,,266.0,,,5000,1330460.0,23,F1,200,,,,,
2026-08-07,2026-08-07,CM,NSE,STK,20874,INE0PEQ01016,RBZJEWEL,EQ,,,,,RBZ JEWELLERS LIMITED,149.34,153.08,149.2,150.91,151.48,150.96,,150.9,,,59743,9029665.34,1230,F1,1,,,,,
2026-08-07,2026-08-07,CM,NSE,STK,29561,INE10QL01011,READYMIX,SM,,,,,READYMIX CONSTRU MACHI L,114.8,115.0,113.0,113.8,113.8,112.6,,113.8,,,18000,2049250.0,15,F1,1000,,,,,
2026-08-07,2026-08-07,CM,NSE,STK,15355,INE020B01018,RECLTD,EQ,,,,,REC LIMITED,361.95,368.7,361.5,367.0,367.0,361.5,,367.0,,,4061190,1487882755.35,27972,F1,1,,,,,
2026-08-07,2026-08-07,CM,NSE,STK,14255,INE891D01026,REDINGTON,EQ,,,,,REDINGTON LIMITED,349.8,358.0,341.05,354.85,348.0,350.75,,354.59,,,3115310,1103952176.25,33274,F1,1,,,,,
2026-08-07,2026-08-07,CM,NSE,STK,17859,INE0LXT01019,REDTAPE,EQ,,,,,REDTAPE LIMITED,136.86,142.8,136.33,139.97,140.05,136.86,,139.93,,,895112,125414911.17,12604,F1,1,,,,,
2026-08-07,2026-08-07,CM,NSE,STK,17764,INE056I01025,REFEX,EQ,,,,,REFEX INDUSTRIES LIMITED,297.8,299.25,290.1,292.9,292.0,298.65,,292.9,,,274871,81189235.45,5023,F1,1,,,,,
2026-08-07,2026-08-07,CM,NSE,STK,23718,INE0TNX01015,REFRACTORY,SM,,,,,REFRACTORY SHAPES LIMITED,27.0,27.0,25.3,25.3,25.3,26.1,,25.3,,,15000,390150.0,11,F1,1000,,,,,
2026-08-07,2026-08-07,CM,NSE,STK,758682,INE0MHO01029,REGAAL,BE,,,,,REGAAL RESOURCES LIMITED,86.15,87.49,86.0,86.25,86.1,86.88,,86.25,,,81690,7077609.47,526,F1,1,,,,,
2026-08-07,2026-08-07,CM,NSE,STK,4130,INE277C01012,REGENCERAM,EQ,,,,,REGENCY CERAMICS LTD.,33.4,33.4,31.0,32.65,33.33,33.5,,32.66,,,951,31090.41,75,F1,1,,,,,
2026-08-07,2026-08-07,CM,NSE,STK,24225,INE131B01039,RELAXO,EQ,,,,,RELAXO FOOT LTD.,428.9,433.0,420.2,423.45,420.8,425.55,,423.43,,,368163,156985441.6,12645,F1,1,,,,,
2026-08-07,2026-08-07,CM,NSE,STK,3172,INF204KC1030,GILT5YBEES,EQ,,,,,RELCAPAMC - NETFGILT5Y,66.5,67.39,66.37,66.49,66.47,66.5,,66.49,,,189051,12564421.58,413,F1,1,,,,,
2026-08-07,2026-08-07,CM,NSE,STK,24378,INE375Y01018,RELIABLE,EQ,,,,,RELIABLE DATA SERVICE LTD,143.5,148.18,138.06,147.12,148.18,145.64,,147.11,,,55689,7911006.24,938,F1,1,,,,,
2026-08-07,2026-08-07,CM,NSE,STK,9652,INE750D01016,RELCHEMQ,EQ,,,,,RELIANCE CHEMOTEX IND LTD,131.0,131.0,127.11,129.76,129.7,130.03,,129.76,,,583,75728.95,36,F1,1,,,,,
2026-08-07,2026-08-07,CM,NSE,STK,13188,INE330H01018,RCOM,BE,,,,,RELIANCE COMMUNICATIONS L,0.85,0.85,0.83,0.84,0.84,0.83,,0.84,,,2061774,1735042.41,1408,F1,1,,,,,
2026-08-07,2026-08-07,CM,NSE,STK,759204,INE217K01011,RHFL,BZ,,,,,RELIANCE HOME FINANCE LTD,1.93,1.93,1.86,1.88,1.89,1.91,,1.88,,,704956,1334476.64,820,F1,1,,,,,
2026-08-07,2026-08-07,CM,NSE,STK,2912,INE046A01015,RIIL,EQ,,,,,RELIANCE INDUSTRIAL INFRA,760.0,766.5,755.0,758.55,755.5,761.2,,758.65,,,22775,17294024.35,1427,F1,1,,,,,
2026-08-07,2026-08-07,CM,NSE,STK,2885,INE002A01018,RELIANCE,EQ,,,,,RELIANCE INDUSTRIES LTD,1320.0,1337.0,1316.6,1334.8,1334.8,1325.0,,1334.72,,,9885638,13138878797.8,161575,F1,1,,,,,
2026-08-07,2026-08-07,CM,NSE,STK,4791,INE036A01016,RELINFRA,BE,,,,,RELIANCE INFRASTRUCTU LTD,75.3,76.6,74.0,76.56,76.6,72.96,,76.51,,,1523751,116194680.87,3971,F1,1,,,,,
2026-08-07,2026-08-07,CM,NSE,STK,15259,INE614G01033,RPOWER,EQ,,,,,RELIANCE POWER LTD.,24.42,25.3,24.22,24.34,24.29,24.24,,24.34,,,50552570,1252986483.14,65597,F1,1,,,,,
2026-08-07,2026-08-07,CM,NSE,STK,15068,INE621H01010,RELIGARE,EQ,,,,,RELIGARE ENTER. LTD.,254.9,256.5,230.8,232.35,233.0,256.55,,232.37,,,6187400,1466684813.7,61815,F1,1,,,,,
2026-08-07,2026-08-07,CM,NSE,STK,3965,INE474C01023,REMSONSIND,EQ,,,,,REMSONS INDUSTRIES LTD,88.9,91.5,88.0,90.24,89.85,88.64,,90.22,,,121514,10913023.04,2209,F1,1,,,,,
2026-08-07,2026-08-07,CM,NSE,STK,16154,INE0O5T01011,REMUS,SM,,,,,REMUS PHARMACEUTICALS L,818.0,860.0,818.0,842.25,845.0,810.55,,842.25,,,87500,72926835.0,196,F1,100,,,,,
2026-08-07,2026-08-07,CM,NSE,STK,15129,INE722H01024,RGL,EQ,,,,,RENAISSANCE GLOBAL LTD,121.6,127.8,120.5,123.2,123.45,122.48,,123.2,,,621597,77845092.53,5243,F1,1,,,,,
2026-08-07,2026-08-07,CM,NSE,STK,29598,INE612J01015,REPCOHOME,EQ,,,,,REPCO HOME FINANCE LTD,393.45,393.7,381.2,382.7,382.05,391.3,,382.71,,,141034,54150932.6,4462,F1,1,,,,,
2026-08-07,2026-08-07,CM,NSE,STK,13126,INE461B01014,REPRO,EQ,,,,,REPRO INDIA LIMITED,374.95,375.1,367.0,371.15,371.0,375.1,,371.04,,,8438,3130985.45,456,F1,1,,,,,
2026-08-07,2026-08-07,CM,NSE,STK,20323,INE688D01026,RESPONIND,EQ,,,,,RESPONSIVE INDUSTRIES LTD,170.1,174.83,168.2,169.44,168.2,171.43,,169.44,,,83149,14187771.5,2677,F1,1,,,,,
2026-08-07,2026-08-07,CM,NSE,STK,1494,INE07T201019,RBA,EQ,,,,,RESTAURANT BRAND ASIA LTD,90.13,96.45,89.5,94.92,95.7,90.25,,94.93,,,30110261,2805542048.58,89083,F1,1,,,,,
2026-08-07,2026-08-07,CM,NSE,STK,25157,INE0DAB01012,RVTH,EQ,,,,,REVATHI EQUIPMENT INDIA L,741.9,741.9,722.0,733.45,722.0,713.9,,735.28,,,152,111497.6,16,F1,1,,,,,
2026-08-07,2026-08-07,CM,NSE,STK,29270,INE113601012,REXPRO,SM,,,,,REXPRO ENTERPRISES LTD,38.1,38.1,38.1,38.1,38.1,39.0,,38.1,,,1000,38100.0,1,F1,1000,,,,,
2026-08-07,2026-08-07,CM,NSE,STK,763468,INE0V2V01015,RFBL,ST,,,,,RFBL FLEXI PACK LIMITED,83.15,83.15,83.15,83.15,83.15,87.5,,83.15,,,3000,249450.0,1,F1,3000,,,,,
2026-08-07,2026-08-07,CM,NSE,STK,759062,INE0KKN01029,RHETAN,EQ,,,,,RHETAN TMT LIMITED,33.46,33.81,33.36,33.36,33.36,32.85,,33.36,,,11847052,396402635.91,5038,F1,1,,,,,
2026-08-07,2026-08-07,CM,NSE,STK,31163,INE743M01012,RHIM,EQ,,,,,RHI MAGNESITA INDIA LTD,411.15,418.6,410.1,412.8,413.9,411.15,,412.8,,,287199,118817135.15,9733,F1,1,,,,,
2026-08-07,2026-08-07,CM,NSE,STK,2909,INE209B01025,RICOAUTO,EQ,,,,,RICO AUTO INDUSTRIES LTD,151.0,155.34,149.6,151.53,151.0,152.38,,151.53,,,1933178,293559217.25,17200,F1,1,,,,,
2026-08-07,2026-08-07,CM,NSE,STK,764121,INE302D01024,RIR,EQ,,,,,RIR POWER ELECTRONICS L,161.0,162.99,159.8,161.44,159.8,160.05,,161.47,,,86577,13971018.39,2167,F1,1,,,,,
2026-08-07,2026-08-07,CM,NSE,STK,18417,INE0N2P01017,RISHABH,EQ,,,,,RISHABH INSTRUMENTS LTD,643.85,658.0,635.0,639.2,639.7,647.05,,639.37,,,125060,81086345.1,7945,F1,1,,,,,
2026-08-07,2026-08-07,CM,NSE,STK,8944,INE01EG01016,RITCO,EQ,,,,,RITCO LOGISTICS LIMITED,304.0,310.2,294.0,297.35,296.0,306.05,,297.36,,,261336,78500836.25,4501,F1,1,,,,,
2026-08-07,2026-08-07,CM,NSE,STK,11910,INE0MRA01019,RITEZONE,SM,,,,,RITE ZONE CHEMCON IND LTD,19.1,19.1,19.1,19.1,19.1,19.95,,19.1,,,1600,30560.0,1,F1,1600,,,,,
2026-08-07,2026-08-07,CM,NSE,STK,3761,INE320J01015,RITES,EQ,,,,,RITES LIMITED,232.7,234.9,228.4,234.24,234.15,231.38,,234.25,,,1536756,356956422.62,19412,F1,1,,,,,
2026-08-07,2026-08-07,CM,NSE,STK,1547,INE786W01010,RKEC,EQ,,,,,RKEC PROJECTS LIMITED,26.9,27.98,26.18,27.42,27.5,26.18,,27.42,,,39128,1061512.13,206,F1,1,,,,,
2026-08-07,2026-08-07,CM,NSE,STK,762346,INE655V01019,RMC,EQ,,,,,RMC SWITCHGEARS LIMITED,357.95,363.0,331.1,335.5,332.15,355.2,,335.53,,,65526,22638256.15,2099,F1,1,,,,,
2026-08-07,2026-08-07,CM,NSE,STK,24589,INE0SA001017,RNFI,SM,,,,,RNFI SERVICES LIMITED,271.0,283.0,270.0,280.75,281.0,273.4,,280.75,,,22800,6356700.0,37,F1,600,,,,,
2026-08-07,2026-08-07,CM,NSE,STK,15157,INE508K01013,RHL,EQ,,,,,ROBUST HOTELS LIMITED,177.52,177.96,170.92,171.76,171.0,177.53,,171.76,,,6349,1092567.12,112,F1,1,,,,,
2026-08-07,2026-08-07,CM,NSE,STK,20289,INE0PTR01012,ROCKINGDCE,SM,,,,,ROCKINGDEALS CIRCU ECO L,178.6,178.6,173.0,175.95,175.95,187.25,,175.95,,,7000,1227487.5,26,F1,250,,,,,
2026-08-07,2026-08-07,CM,NSE,STK,5279,INE645S01024,ROLEXRINGS,EQ,,,,,ROLEX RINGS LIMITED,153.0,159.15,152.82,156.68,155.62,152.8,,156.65,,,6819131,1066964582.51,44391,F1,1,,,,,
2026-08-07,2026-08-07,CM,NSE,STK,19108,INE927A01040,ROLLT,BE,,,,,ROLLATAINERS LIMITED,3.11,3.11,3.11,3.11,3.11,2.97,,3.11,,,918119,2855350.09,205,F1,1,,,,,
2026-08-07,2026-08-07,CM,NSE,STK,19410,INE02A801020,ROSSARI,EQ,,,,,ROSSARI BIOTECH LIMITED,523.0,523.95,512.6,513.95,514.0,525.95,,513.92,,,34558,17898942.8,1707,F1,1,,,,,
2026-08-07,2026-08-07,CM,NSE,STK,28913,INE847C01020,ROSSELLIND,EQ,,,,,ROSSELL INDIA LIMITED,57.0,57.5,55.09,56.52,56.8,54.95,,56.52,,,34385,1931924.8,560,F1,1,,,,,
2026-08-07,2026-08-07,CM,NSE,STK,27353,INE0OJW01016,ROSSTECH,EQ,,,,,ROSSELL TECHSYS LIMITED,1098.9,1108.7,1082.1,1092.65,1094.6,1090.2,,1092.42,,,93676,102368893.15,7210,F1,1,,,,,
2026-08-07,2026-08-07,CM,NSE,STK,9049,INE535D01037,ROTO,EQ,,,,,ROTO PUMPS LIMITED,69.31,72.08,67.1,67.47,67.73,69.31,,67.47,,,1672981,116283189.02,13120,F1,1,,,,,
2026-08-07,2026-08-07,CM,NSE,STK,128,INE450U01017,ROUTE,EQ,,,,,ROUTE MOBILE LIMITED,535.45,538.0,527.5,528.3,527.8,533.5,,528.32,,,132452,70351783.6,5368,F1,1,,,,,
2026-08-07,2026-08-07,CM,NSE,STK,20167,INE0PDJ01013,ROXHITECH,SM,,,,,ROX HI TECH LIMITED,46.2,48.4,46.2,48.4,48.4,46.2,,48.4,,,20800,983840.0,12,F1,1600,,,,,
2026-08-07,2026-08-07,CM,NSE,STK,29727,INE0EO401019,ROYALARC,SM,,,,,ROYAL ARC ELECTRODES LTD,156.0,156.0,156.0,156.0,156.0,150.0,,156.0,,,1200,187200.0,1,F1,1200,,,,,
2026-08-07,2026-08-07,CM,NSE,STK,13182,INE283H01019,ROHLTD,EQ,,,,,ROYAL ORCHID HOTELS LTD,312.65,324.0,312.0,323.2,323.65,312.5,,323.23,,,51442,16462218.55,1501,F1,1,,,,,
2026-08-07,2026-08-07,CM,NSE,STK,16725,INE105J01010,RPGLIFE,EQ,,,,,RPG LIFE SCIENCES LTD,2660.1,2709.9,2645.8,2661.3,2670.0,2688.9,,2661.27,,,9022,24098362.0,1836,F1,1,,,,,
2026-08-07,2026-08-07,CM,NSE,STK,8119,INE425Y01011,RPSGVENT,EQ,,,,,RPSG VENTURES LIMITED,924.0,928.95,911.0,920.1,920.0,921.05,,919.99,,,13201,12129730.5,869,F1,1,,,,,
2026-08-07,2026-08-07,CM,NSE,STK,7292,INE611A01016,RSWM,BE,,,,,RSWM LIMITED,203.0,214.75,203.0,207.63,210.0,213.39,,207.51,,,100613,20951615.4,840,F1,1,,,,,
2026-08-07,2026-08-07,CM,NSE,STK,24730,INE642C01025,RUBFILA,EQ,,,,,RUBFILA INTERNATIONAL LTD,72.7,74.0,72.7,73.52,73.0,72.99,,73.53,,,11125,814351.75,116,F1,1,,,,,
2026-08-07,2026-08-07,CM,NSE,STK,759316,INE506V01022,RUBICON,EQ,,,,,RUBICON RESEARCH LIMITED,1533.4,1574.0,1530.1,1553.2,1558.7,1533.4,,1553.29,,,98121,152919377.3,10008,F1,1,,,,,
2026-08-07,2026-08-07,CM,NSE,STK,4566,INE413B01023,RUCHINFRA,EQ,,,,,RUCHI INFRASTRUCTURE LTD,5.84,5.92,5.78,5.82,5.82,5.84,,5.82,,,27165,158311.31,103,F1,1,,,,,
2026-08-07,2026-08-07,CM,NSE,STK,13821,INE803H01014,RUCHIRA,EQ,,,,,RUCHIRA PAPERS LIMITED,110.85,112.06,110.61,111.18,111.66,111.21,,111.18,,,31292,3480159.1,267,F1,1,,,,,
2026-08-07,2026-08-07,CM,NSE,STK,760392,INE027T01023,RUDRA,EQ,,,,,RUDRA GLOBAL INFRA PROD L,17.7,18.33,17.58,17.76,17.66,17.91,,17.76,,,11524,204381.01,99,F1,1,,,,,
2026-08-07,2026-08-07,CM,NSE,STK,1486,INE364Z01019,REPL,BE,,,,,RUDRABHISHEK ENTERP LTD,64.5,68.22,63.56,67.39,67.39,64.98,,67.39,,,4626,309740.38,63,F1,1,,,,,
2026-08-07,2026-08-07,CM,NSE,STK,23830,INE0R7301013,RULKA,SM,,,,,RULKA ELECTRICALS LIMITED,110.2,110.2,110.0,110.0,110.0,112.85,,110.0,,,1500,165105.0,5,F1,300,,,,,
2026-08-07,2026-08-07,CM,NSE,STK,25724,INE895B01021,RUPA,EQ,,,,,RUPA & COMPANY LTD,167.62,168.29,164.05,164.85,164.05,167.62,,164.86,,,85673,14232333.63,2888,F1,1,,,,,
2026-08-07,2026-08-07,CM,NSE,STK,24595,INE573K01025,RUSHIL,EQ,,,,,RUSHIL DECOR LIMITED,18.2,18.47,17.51,17.82,17.9,18.17,,17.82,,,712236,12763592.0,2033,F1,1,,,,,
2026-08-07,2026-08-07,CM,NSE,STK,24674,INE0BSN01013,SATECH,SM,,,,,S A TECH SOFTWARE INDIA L,32.0,32.4,32.0,32.4,32.4,32.9,,32.4,,,4000,128400.0,4,F1,1000,,,,,
2026-08-07,2026-08-07,CM,NSE,STK,20698,INE807K01035,SCHAND,EQ,,,,,S CHAND AND COMPANY LTD,142.01,148.55,139.01,145.31,144.01,143.07,,145.28,,,53873,7696296.04,1482,F1,1,,,,,
2026-08-07,2026-08-07,CM,NSE,STK,25528,INE0X6F01017,SDREAMS,SM,,,,,S D RETAIL LIMITED,87.5,87.5,87.5,87.5,87.5,87.5,,87.5,,,1000,87500.0,1,F1,1000,,,,,
2026-08-07,2026-08-07,CM,NSE,STK,11212,INE500L01026,SHK,EQ,,,,,S H KELKAR AND CO. LTD.,168.0,174.9,164.18,168.54,167.0,170.06,,168.49,,,783760,133821037.77,10691,F1,1,,,,,
2026-08-07,2026-08-07,CM,NSE,STK,20542,INE0F3301020,SJLOGISTIC,SM,,,,,S J LOGISTICS (INDIA) LTD,315.0,325.0,311.4,316.7,319.5,315.05,,316.7,,,31000,9870675.0,83,F1,250,,,,,
2026-08-07,2026-08-07,CM,NSE,STK,2951,INE902B01017,S&SPOWER,EQ,,,,,S&S POWER SWITCHGEARS LTD,312.4,340.6,296.0,317.95,328.0,309.65,,317.91,,,6414,2064396.7,295,F1,1,,,,,
2026-08-07,2026-08-07,CM,NSE,STK,18252,INE212I01016,SPAL,EQ,,,,,S. P. APPARELS LIMITED,1014.5,1043.9,1013.4,1036.6,1030.0,1014.5,,1036.54,,,41051,42344053.1,3032,F1,1,,,,,
2026-08-07,2026-08-07,CM,NSE,STK,11634,INE658G01014,SALSTEEL,EQ,,,,,S.A.L. STEEL LTD.,63.99,67.59,60.78,61.75,62.6,62.77,,61.75,,,1160725,74797222.82,6483,F1,1,,,,,
2026-08-07,2026-08-07,CM,NSE,STK,19112,INE0PSK01027,SAAKSHI,ST,,,,,SAAKSHI MEDTEC N PANELS L,284.05,294.0,279.0,289.0,294.0,292.05,,289.0,,,21600,6171570.0,18,F1,600,,,,,
2026-08-07,2026-08-07,CM,NSE,STK,759057,INE13B501022,SAATVIKGL,EQ,,,,,SAATVIK GREEN ENERGY LTD,427.0,427.0,422.0,423.65,423.6,427.65,,423.7,,,30681,12983338.35,1209,F1,1,,,,,
2026-08-07,2026-08-07,CM,NSE,STK,10982,INE0DZ101013,SABAR,SM,,,,,SABAR FLEX INDIA LIMITED,7.1,7.1,6.55,6.55,6.55,6.85,,6.55,,,30000,207500.0,6,F1,5000,,,,,
2026-08-07,2026-08-07,CM,NSE,STK,757409,INE1ARD01016,SACHEEROME,SM,,,,,SACHEEROME LIMITED,455.0,470.0,450.5,459.35,462.0,455.7,,459.35,,,21000,9647445.0,68,F1,300,,,,,
2026-08-07,2026-08-07,CM,NSE,STK,13236,INE226H01026,SADBHAV,EQ,,,,,SADBHAV ENGINEERING LTD,8.9,9.0,8.84,8.94,8.9,8.93,,8.94,,,64034,571786.49,165,F1,1,,,,,
2026-08-07,2026-08-07,CM,NSE,STK,10622,INE764L01010,SADBHIN,BE,,,,,SADBHAV INFRA PROJ LTD.,2.63,2.63,2.58,2.61,2.62,2.63,,2.6,,,64228,167803.78,112,F1,1,,,,,
2026-08-07,2026-08-07,CM,NSE,STK,15349,INE888C01040,SADHNANIQ,BE,,,,,SADHANA NITROCHEM LIMITED,3.0,3.02,2.9,3.02,3.02,2.88,,3.07,,,4721398,14176834.35,977,F1,1,,,,,
2026-08-07,2026-08-07,CM,NSE,STK,22897,INE0K5H01010,SADHAV,SM,,,,,SADHAV SHIPPING LIMITED,114.2,119.45,114.2,115.85,115.85,115.65,,115.85,,,9000,1044510.0,15,F1,600,,,,,
2026-08-07,2026-08-07,CM,NSE,STK,13035,INE429E01023,SAFARI,EQ,,,,,SAFARI IND (INDIA) LTD,1490.8,1497.6,1479.7,1486.6,1480.0,1490.8,,1486.51,,,23873,35530547.7,2607,F1,1,,,,,
2026-08-07,2026-08-07,CM,NSE,STK,757583,INE17D601016,SAFEENTP,SM,,,,,SAFE ENTER RETAIL FIX LTD,250.0,255.5,248.7,249.5,249.0,251.8,,249.5,,,13000,3264550.0,23,F1,500,,,,,
2026-08-07,2026-08-07,CM,NSE,STK,14068,INE229C01021,SAGCEM,EQ,,,,,SAGAR CEMENTS LIMITED,173.5,175.87,172.41,173.01,172.42,173.87,,172.99,,,15479,2681847.1,563,F1,1,,,,,
2026-08-07,2026-08-07,CM,NSE,STK,8175,INE976T01013,SAGARDEEP,EQ,,,,,SAGARDEEP ALLOYS LIMITED,25.79,25.79,24.51,24.86,25.19,25.23,,24.86,,,5896,147147.28,69,F1,1,,,,,
2026-08-07,2026-08-07,CM,NSE,STK,27052,INE0W2G01015,SAGILITY,EQ,,,,,SAGILITY LIMITED,43.85,44.0,43.21,43.67,43.67,43.76,,43.67,,,10947994,476960332.99,21295,F1,1,,,,,
2026-08-07,2026-08-07,CM,NSE,STK,24478,INE0P4701011,SAHAJSOLAR,SM,,,,,SAHAJ SOLAR LIMITED,110.5,115.0,109.0,109.65,110.0,109.4,,109.65,,,25600,2878240.0,49,F1,400,,,,,
2026-08-07,2026-08-07,CM,NSE,STK,16711,INE0LEX01011,SAHANA,SM,,,,,SAHANA SYSTEM LIMITED,811.0,825.0,791.0,812.05,815.05,816.15,,812.05,,,30750,24883702.5,157,F1,150,,,,,
2026-08-07,2026-08-07,CM,NSE,STK,25671,INE0RBQ01018,SAHASRA,ST,,,,,SAHASRA ELECTRONIC SOLU L,323.5,339.75,323.3,337.5,336.2,328.05,,337.5,,,45200,14968520.0,64,F1,400,,,,,
2026-08-07,2026-08-07,CM,NSE,STK,14900,INE280H01015,SAHYADRI,EQ,,,,,SAHYADRI INDUSTRIES LTD,332.15,336.95,329.8,335.45,336.95,332.15,,335.65,,,9519,3179727.05,617,F1,1,,,,,
2026-08-07,2026-08-07,CM,NSE,STK,27839,INE570L01029,SAILIFE,EQ,,,,,SAI LIFE SCIENCES LIMITED,1375.0,1398.3,1319.5,1365.2,1356.0,1413.5,,1365.14,,,931312,1278086164.2,58048,F1,1,,,,,
2026-08-07,2026-08-07,CM,NSE,STK,761675,INE0H9F01037,SAIPARENT,EQ,,,,,SAI PARENTERALS LIMITED,543.0,580.0,535.55,569.7,574.9,541.15,,569.61,,,265816,149835775.25,8141,F1,1,,,,,
2026-08-07,2026-08-07,CM,NSE,STK,18755,INE438K01021,KALAMANDIR,EQ,,,,,SAI SILKS (KALAMANDIR) L,88.67,89.1,88.15,88.77,88.7,88.18,,88.77,,,296561,26323922.48,2363,F1,1,,,,,
2026-08-07,2026-08-07,CM,NSE,STK,25715,INE00MT01022,SAJHOTELS,ST,,,,,SAJ HOTELS LIMITED,40.35,43.0,40.35,42.95,43.0,42.45,,42.95,,,42000,1776300.0,15,F1,2000,,,,,
2026-08-07,2026-08-07,CM,NSE,STK,9539,INE732S01012,SAKAR,EQ,,,,,SAKAR HEALTHCARE LIMITED,932.55,941.0,908.3,924.65,929.3,919.7,,924.65,,,82643,76310285.25,6183,F1,1,,,,,
2026-08-07,2026-08-07,CM,NSE,STK,11794,INE667G01023,SAKSOFT,EQ,,,,,SAKSOFT LIMITED,178.99,179.5,161.11,165.05,165.4,175.56,,165.02,,,1494009,251361132.67,20292,F1,1,,,,,
2026-08-07,2026-08-07,CM,NSE,STK,2969,INE623A01011,SAKHTISUG,EQ,,,,,SAKTHI SUGARS LTD,17.1,17.59,16.96,17.21,17.3,17.5,,17.24,,,112563,1938292.39,542,F1,1,,,,,
2026-08-07,2026-08-07,CM,NSE,STK,13251,INE190H01024,SAKUMA,EQ,,,,,SAKUMA EXPORTS LIMITED,1.65,1.66,1.62,1.63,1.63,1.63,,1.63,,,1005069,1650980.86,788,F1,1,,,,,
2026-08-07,2026-08-07,CM,NSE,STK,21362,INE170V01027,SALASAR,EQ,,,,,SALASAR TECHNO ENGG. LTD.,5.88,5.98,5.86,5.88,5.89,5.89,,5.88,,,2381151,14037329.57,2260,F1,1,,,,,
2026-08-07,2026-08-07,CM,NSE,STK,17351,INE498E01010,SALONA,EQ,,,,,SALONA COTSPIN LTD.,240.0,248.97,238.1,245.1,246.7,236.17,,245.04,,,731,178152.31,118,F1,1,,,,,
2026-08-07,2026-08-07,CM,NSE,STK,11399,INE457F01013,SALZERELEC,EQ,,,,,SALZER ELECTRONICS LTD,616.0,621.95,599.5,608.95,610.0,616.0,,608.93,,,61938,37698102.75,2940,F1,1,,,,,
2026-08-07,2026-08-07,CM,NSE,STK,756851,INE124101010,SAMAY,ST,,,,,SAMAY PROJECT SERVICES L,41.5,41.5,41.5,41.5,41.5,43.6,,41.5,,,72000,2988000.0,1,F1,4000,,,,,
2026-08-07,2026-08-07,CM,NSE,STK,4127,INE699B01027,SAMBHAAV,EQ,,,,,SAMBHAAV MEDIA LTD,6.68,6.73,6.4,6.47,6.53,6.59,,6.47,,,38976,256648.36,133,F1,1,,,,,
2026-08-07,2026-08-07,CM,NSE,STK,757767,INE12NJ01018,SAMBHV,EQ,,,,,SAMBHV STEEL TUBES LTD,118.8,119.18,115.5,116.89,116.1,118.59,,116.9,,,1384906,163145738.76,8360,F1,1,,,,,
2026-08-07,2026-08-07,CM,NSE,STK,21096,INE0PZA01015,SAIFL,SM,,,,,SAMEERA AGRO AND INFRA L,5.0,5.05,4.95,5.0,5.05,5.05,,5.0,,,180000,898600.0,37,F1,4000,,,,,
2026-08-07,2026-08-07,CM,NSE,STK,18614,INE08U801020,SAMHI,EQ,,,,,SAMHI HOTELS LIMITED,176.99,177.79,174.0,174.65,174.0,176.24,,174.64,,,541141,95127035.97,8460,F1,1,,,,,
2026-08-07,2026-08-07,CM,NSE,STK,30125,INE148I01020,SAMMAANCAP,EQ,,,,,SAMMAAN CAPITAL LIMITED,167.0,167.22,162.1,163.17,163.42,167.22,,163.17,,,6194885,1019528399.81,27955,F1,1,,,,,
2026-08-07,2026-08-07,CM,NSE,STK,27303,INE735M01018,SAMPANN,EQ,,,,,SAMPANN UTPADAN INDIA LTD,27.02,27.9,27.02,27.52,27.58,27.5,,27.49,,,8321,229120.98,105,F1,1,,,,,
2026-08-07,2026-08-07,CM,NSE,STK,4204,INE775A01035,MOTHERSON,EQ,,,,,SAMVRDHNA MTHRSN INTL LTD,155.17,169.8,155.17,168.5,168.5,155.0,,168.5,,,115582755,19270204359.21,386240,F1,1,,,,,
2026-08-07,2026-08-07,CM,NSE,STK,28805,INE0JPD01013,SANATHAN,EQ,,,,,SANATHAN TEXTILES LIMITED,476.9,484.0,469.65,477.8,472.9,474.7,,477.95,,,62420,29775923.05,1820,F1,1,,,,,
2026-08-07,2026-08-07,CM,NSE,STK,2988,INE583B01015,SANDESH,EQ,,,,,SANDESH LTD,1270.0,1270.0,1092.95,1134.45,1140.0,1187.75,,1134.18,,,108153,129218241.6,6805,F1,1,,,,,
2026-08-07,2026-08-07,CM,NSE,STK,2397,INE278H01035,SANDHAR,EQ,,,,,SANDHAR TECHNOLOGIES LTD,655.0,670.3,655.0,666.65,667.95,656.35,,666.64,,,207440,137409201.65,7318,F1,1,,,,,
2026-08-07,2026-08-07,CM,NSE,STK,18359,INE149K01016,SANDUMA,EQ,,,,,SANDUR MANG & IRON ORES L,213.88,216.48,204.7,205.37,205.11,213.88,,205.37,,,1575057,330619246.13,19952,F1,1,,,,,
2026-08-07,2026-08-07,CM,NSE,STK,4184,INE495C01010,SANGAMIND,EQ,,,,,SANGAM (INDIA) LTD,618.55,621.0,610.0,611.8,610.0,615.5,,611.82,,,17798,10953310.3,990,F1,1,,,,,
2026-08-07,2026-08-07,CM,NSE,STK,18035,INE0OVI01010,SANGANI,SM,,,,,SANGANI HOSPITALS LIMITED,45.0,45.0,45.0,45.0,45.0,45.0,,45.0,,,4500,202500.0,3,F1,1500,,,,,
2026-08-07,2026-08-07,CM,NSE,STK,14058,INE989A01032,SANGHVIMOV,EQ,,,,,SANGHVI MOVERS LTD,481.55,493.6,475.0,488.4,490.1,481.55,,488.44,,,514015,250432297.4,16468,F1,1,,,,,
2026-08-07,2026-08-07,CM,NSE,STK,11033,INE753W01010,SANGINITA,BE,,,,,SANGINITA CHEMICALS LTD,59.1,59.1,59.1,59.1,59.1,60.3,,59.1,,,26261,1552025.1,60,F1,1,,,,,
2026-08-07,2026-08-07,CM,NSE,STK,25222,INE0UOS01011,SANOFICONR,EQ,,,,,SANOFI CONS HEALTHC IND L,4550.0,4550.0,4510.0,4514.2,4512.0,4533.8,,4514.4,,,1332,6023911.6,403,F1,1,,,,,
2026-08-07,2026-08-07,CM,NSE,STK,1442,INE058A01010,SANOFI,EQ,,,,,SANOFI INDIA LIMITED,3343.0,3352.9,3320.2,3349.4,3350.9,3352.6,,3349.38,,,25526,85260298.8,5478,F1,1,,,,,
2026-08-07,2026-08-07,CM,NSE,STK,5751,INE953O01021,SANSERA,EQ,,,,,SANSERA ENGINEERING LTD,3787.3,3880.1,3760.2,3863.8,3864.9,3787.3,,3863.68,,,196227,753282400.9,26917,F1,1,,,,,
2026-08-07,2026-08-07,CM,NSE,STK,24582,INE08NE01025,SANSTAR,EQ,,,,,SANSTAR LIMITED,113.4,114.69,112.75,113.41,113.0,113.63,,113.41,,,105726,12018321.5,2074,F1,1,,,,,
2026-08-07,2026-08-07,CM,NSE,STK,46,INE890C01046,SANWARIA,BZ,,,,,SANWARIA CONSUMER LIMITED,0.19,0.2,0.19,0.2,0.2,0.19,,0.26,,,656791,130870.48,143,F1,1,,,,,
2026-08-07,2026-08-07,CM,NSE,STK,6718,INE806T01020,SAPPHIRE,EQ,,,,,SAPPHIRE FOODS INDIA LTD,199.2,229.8,197.84,224.22,221.6,199.74,,224.19,,,18224172,3933740846.96,163411,F1,1,,,,,
2026-08-07,2026-08-07,CM,NSE,STK,19863,INE0PUC01020,SARTELE,SM,,,,,SAR TELEVENTURE LIMITED,115.55,117.7,111.15,112.35,112.5,117.05,,112.35,,,179000,20268475.0,264,F1,500,,,,,
2026-08-07,2026-08-07,CM,NSE,STK,762985,INE967G01019,ZSARACOM,EQ,,,,,SARASWATI COMM (INDIA) L,11952.0,11952.0,11545.0,11655.0,11800.0,11932.0,,11706.52,,,49,571162.0,34,F1,1,,,,,
2026-08-07,2026-08-07,CM,NSE,STK,24856,INE0PQ101010,SSDL,EQ,,,,,SARASWATI SAREE DEPOT LTD,53.5,54.74,53.5,53.83,53.73,53.54,,53.85,,,15364,830135.8,314,F1,1,,,,,
2026-08-07,2026-08-07,CM,NSE,STK,17758,INE385C01021,SARDAEN,EQ,,,,,SARDA ENERGY & MIN LTD,500.9,502.55,496.15,497.6,497.85,500.9,,497.6,,,376213,187490596.0,9177,F1,1,,,,,
2026-08-07,2026-08-07,CM,NSE,STK,4892,INE979A01025,SAREGAMA,EQ,,,,,SAREGAMA INDIA LIMITED,525.0,539.95,513.15,519.2,517.45,528.0,,519.23,,,473141,249305973.0,16923,F1,1,,,,,
2026-08-07,2026-08-07,CM,NSE,STK,14043,INE453D01025,SARLAPOLY,EQ,,,,,SARLA PERF. FIBERS LTD,102.15,102.5,99.5,101.75,101.5,102.15,,101.75,,,67497,6817538.27,1128,F1,1,,,,,
2026-08-07,2026-08-07,CM,NSE,STK,18506,INE0PCL01011,SAROJA,SM,,,,,SAROJA PHARMA INDUS IND L,28.75,30.45,28.0,28.0,28.0,29.25,,28.0,,,6400,185440.0,4,F1,1600,,,,,
2026-08-07,2026-08-07,CM,NSE,STK,6843,INE017W01010,SMLT,EQ,,,,,SARTHAK METALS LIMITED,68.14,70.0,68.14,69.4,68.98,68.48,,69.5,,,2170,150288.57,184,F1,1,,,,,
2026-08-07,2026-08-07,CM,NSE,STK,12913,INE324X01026,SARVESHWAR,EQ,,,,,SARVESHWAR FOODS LIMITED,3.43,3.47,3.38,3.39,3.39,3.44,,3.39,,,922052,3144814.87,1373,F1,1,,,,,
2026-08-07,2026-08-07,CM,NSE,STK,11983,INE231F01020,SASKEN,EQ,,,,,SASKEN TECHNOLOGIES LTD,1912.0,1945.0,1891.1,1920.6,1945.0,1917.1,,1920.28,,,14098,26998959.6,2662,F1,1,,,,,
2026-08-07,2026-08-07,CM,NSE,STK,29151,INE0NB801022,SATKARTAR,SM,,,,,SAT KARTAR LIFE LIMITED,124.35,124.6,118.15,119.15,118.5,119.65,,119.15,,,48000,5833400.0,46,F1,800,,,,,
2026-08-07,2026-08-07,CM,NSE,STK,24697,INE0RFP01011,SSEGL,SM,,,,,SATHLOKHAR SYN E&C GLOB L,345.0,345.0,326.0,328.8,329.0,344.5,,328.8,,,52800,17611520.0,189,F1,200,,,,,
2026-08-07,2026-08-07,CM,NSE,STK,24507,INE0RPM01017,SATIPOLY,ST,,,,,SATI POLY PLAST LIMITED,48.0,48.0,46.9,48.0,48.0,45.75,,48.0,,,6500,310225.0,12,F1,500,,,,,
2026-08-07,2026-08-07,CM,NSE,STK,11045,INE170E01023,SATIA,EQ,,,,,SATIA INDUSTRIES LIMITED,64.42,64.83,62.81,63.48,63.7,63.8,,63.48,,,39412,2503716.17,509,F1,1,,,,,
2026-08-07,2026-08-07,CM,NSE,STK,10453,INE836B01017,SATIN,EQ,,,,,SATIN CREDIT NET LTD,232.9,236.39,231.0,231.78,231.65,232.89,,231.72,,,232709,54141661.64,3869,F1,1,,,,,
2026-08-07,2026-08-07,CM,NSE,STK,758960,INE14DW01018,SATTVAENGG,SM,,,,,SATTVA ENGINEERING CSTN L,84.45,84.45,84.45,84.45,84.45,82.0,,84.45,,,1600,135120.0,1,F1,1600,,,,,
2026-08-07,2026-08-07,CM,NSE,STK,3018,INE626A01014,SAURASHCEM,EQ,,,,,SAURASHTRA CEMENT LIMITED,63.0,65.0,61.7,62.14,62.24,68.93,,62.14,,,717690,45462717.77,7716,F1,1,,,,,
2026-08-07,2026-08-07,CM,NSE,STK,3021,INE035D01020,SOTL,EQ,,,,,SAVITA OIL TECHNOLO. LTD,782.0,805.2,742.3,756.45,745.9,781.95,,756.46,,,1447007,1130275471.8,45871,F1,1,,,,,
2026-08-07,2026-08-07,CM,NSE,STK,757704,INE0UCN01017,SAVY,SM,,,,,SAVY INFRA AND LOGI LTD,130.0,130.0,129.3,129.3,129.3,132.1,,129.3,,,2400,311160.0,2,F1,1200,,,,,
2026-08-07,2026-08-07,CM,NSE,STK,758444,INE10VS01016,SAWALIYA,SM,,,,,SAWALIYA FOOD PRODUCTS L,292.0,292.0,282.0,288.5,288.0,289.4,,288.5,,,52200,15036450.0,44,F1,600,,,,,
2026-08-07,2026-08-07,CM,NSE,STK,762879,INE318C01014,SAYAJIHOTL,EQ,,,,,SAYAJI HOTELS LTD.,316.0,329.5,311.0,325.45,323.0,316.1,,325.5,,,2276,719465.2,44,F1,1,,,,,
2026-08-07,2026-08-07,CM,NSE,STK,6792,INE04AK01028,SBC,EQ,,,,,SBC EXPORTS LIMITED,41.19,41.55,41.05,41.16,41.1,41.18,,41.16,,,5059179,208643483.89,2958,F1,1,,,,,
2026-08-07,2026-08-07,CM,NSE,STK,18026,INE423Y01016,SBFC,EQ,,,,,SBFC FINANCE LIMITED,95.29,95.3,93.5,94.25,95.0,95.29,,94.25,,,788137,74209060.16,10066,F1,1,,,,,
2026-08-07,2026-08-07,CM,NSE,STK,17971,INE018E01016,SBICARD,EQ,,,,,SBI CARDS & PAY SER LTD,660.0,666.7,653.65,659.0,659.0,660.0,,658.99,,,1453309,958088368.95,30935,F1,1,,,,,
2026-08-07,2026-08-07,CM,NSE,STK,764173,INE640G01020,SBIFUNDS,EQ,,,,,SBI FUNDS MANAGEMENT LTD,569.0,572.9,565.55,571.75,571.75,568.95,,571.74,,,1904705,1085704784.65,38825,F1,1,,,,,
2026-08-07,2026-08-07,CM,NSE,STK,21808,INE123W01016,SBILIFE,EQ,,,,,SBI LIFE INSURANCE CO LTD,1861.5,1871.8,1852.8,1855.5,1855.5,1861.5,,1855.53,,,390231,726067765.7,19562,F1,1,,,,,
2026-08-07,2026-08-07,CM,NSE,STK,17272,INF200KA16D8,SETFGOLD,EQ,,,,,SBI-ETF GOLD,126.4,127.57,125.05,127.36,127.14,126.4,,127.36,,,5204755,658879791.04,18057,F1,1,,,,,
2026-08-07,2026-08-07,CM,NSE,STK,10176,INF200KA1FS1,SETFNIF50,EQ,,,,,SBI-ETF NIFTY 50,269.0,269.0,263.71,264.41,264.7,265.17,,264.41,,,771262,203934881.43,6695,F1,1,,,,,
2026-08-07,2026-08-07,CM,NSE,STK,7361,INF200KA1580,SETFNIFBK,EQ,,,,,SBI-ETF NIFTY BANK,594.89,596.0,588.5,591.74,596.0,594.3,,591.74,,,51425,30511717.94,509,F1,1,,,,,
2026-08-07,2026-08-07,CM,NSE,STK,7353,INF200KA1598,SETFNN50,EQ,,,,,SBI-ETF NIFTY NEXT 50,802.3,803.0,793.55,801.58,803.0,796.72,,801.58,,,20668,16551570.91,1054,F1,1,,,,,
2026-08-07,2026-08-07,CM,NSE,STK,19705,INF200KA13Z8,LIQUIDSBI,EQ,,,,,SBIAMC - LIQUIDSBI,999.99,1000.01,999.99,1000.0,1000.01,1000.01,,1000.0,,,16939,16939053.04,32,F1,1,,,,,
2026-08-07,2026-08-07,CM,NSE,STK,30290,INF200KB1712,SBIBPB,EQ,,,,,SBIAMC - SBIBPB,50.49,51.25,50.18,50.64,50.39,50.18,,50.64,,,170218,8641806.49,506,F1,1,,,,,
2026-08-07,2026-08-07,CM,NSE,STK,5168,INF200KA1X17,SBIETFCON,EQ,,,,,SBIAMC - SBIETFCON,126.48,126.5,124.7,125.64,125.79,125.27,,125.64,,,8331,1047819.63,85,F1,1,,,,,
2026-08-07,2026-08-07,CM,NSE,STK,740,INF200KA1S14,SBIETFIT,EQ,,,,,SBIAMC - SBIETFIT,348.0,352.69,346.6,350.14,346.6,345.92,,350.14,,,14625,5114583.44,251,F1,1,,,,,
2026-08-07,2026-08-07,CM,NSE,STK,722,INF200KA1S22,SBIETFPB,EQ,,,,,SBIAMC - SBIETFPB,284.4,284.95,279.78,283.93,283.4,283.64,,283.93,,,7040,1984549.81,174,F1,1,,,,,
2026-08-07,2026-08-07,CM,NSE,STK,7218,INF200KA1WX6,SBIETFQLTY,EQ,,,,,SBIAMC - SBIETFQLTY,233.84,233.84,223.16,229.0,229.0,228.14,,229.0,,,1529,350464.48,79,F1,1,,,,,
2026-08-07,2026-08-07,CM,NSE,STK,758496,INF200KB1969,SBILIQETF,EQ,,,,,SBIAMC - SBILIQETF,1051.01,1051.03,1051.01,1051.03,1051.03,1050.6,,1051.03,,,21585,22686331.67,52,F1,1,,,,,
2026-08-07,2026-08-07,CM,NSE,STK,761095,INF200KB1AJ0,SBIMIDMOM,EQ,,,,,SBIAMC - SBIMIDMOM,63.99,63.99,63.51,63.91,63.89,63.21,,63.91,,,16442212,1050874484.71,1238,F1,1,,,,,
2026-08-07,2026-08-07,CM,NSE,STK,24524,INF200KB1282,SBINEQWETF,EQ,,,,,SBIAMC - SBINEQWETF,34.78,34.78,34.13,34.28,34.38,34.54,,34.28,,,79392,2720031.88,278,F1,1,,,,,
2026-08-07,2026-08-07,CM,NSE,STK,761741,INF200KB1AK8,SBINMID150,EQ,,,,,SBIAMC - SBINMID150,23.48,23.49,23.2,23.38,23.46,23.24,,23.38,,,14985,351341.05,115,F1,1,,,,,
2026-08-07,2026-08-07,CM,NSE,STK,24366,INF200KB1217,SBISILVER,EQ,,,,,SBIAMC - SBISILVER,218.12,226.4,218.12,225.73,225.36,219.88,,225.72,,,1522265,341083112.45,8862,F1,1,,,,,
2026-08-07,2026-08-07,CM,NSE,STK,763543,INF200KB1AY9,SBISMLETF,EQ,,,,,SBIAMC - SBISMLETF,18.7,18.7,18.3,18.44,18.53,18.41,,18.44,,,28899,531353.39,188,F1,1,,,,,
2026-08-07,2026-08-07,CM,NSE,STK,763546,INF200KB1AX1,SBIVALETF,EQ,,,,,SBIAMC - SBIVALETF,14.77,15.19,14.77,15.15,15.15,15.15,,15.15,,,12675,192201.66,33,F1,1,,,,,
2026-08-07,2026-08-07,CM,NSE,STK,17395,INF200KA1JT1,SETF10GILT,EQ,,,,,SBIAMC - SETF10GILT,265.65,266.99,265.65,266.9,266.98,266.0,,266.9,,,2396,638529.03,47,F1,1,,,,,
2026-08-07,2026-08-07,CM,NSE,STK,762887,INE099G01011,SCANSTL,BE,,,,,SCAN STEELS LTD.,61.2,63.84,61.15,62.39,62.85,64.04,,62.26,,,51935,3230599.96,216,F1,1,,,,,
2026-08-07,2026-08-07,CM,NSE,STK,1011,INE513A01022,SCHAEFFLER,EQ,,,,,SCHAEFFLER INDIA LIMITED,4036.6,4088.0,4020.6,4035.2,4046.6,4036.3,,4035.17,,,30264,122772586.6,6927,F1,1,,,,,
2026-08-07,2026-08-07,CM,NSE,STK,31234,INE839M01018,SCHNEIDER,EQ,,,,,SCHNEIDER ELECTRIC INFRA,1343.1,1374.0,1338.3,1354.8,1350.0,1335.2,,1354.77,,,179521,244251864.8,15764,F1,1,,,,,
2026-08-07,2026-08-07,CM,NSE,STK,28929,INE148I07VA5,1003SCL31P,N1,,,,,SCL 10.03% 2031 SR X,950.2,950.2,950.2,950.2,950.2,1027.18,,980.1,,,10,9502.0,1,F1,1,,,,,
2026-08-07,2026-08-07,CM,NSE,STK,28933,INE148I07VI8,1025SCL34Z,N1,,,,,SCL 10.25% 2034 SR XII,1010.0,1015.44,1010.0,1015.0,1015.0,995.0,,1015.0,,,3517,3552205.88,8,F1,1,,,,,
2026-08-07,2026-08-07,CM,NSE,STK,757460,INE148I07XG8,865SCL27,N4,,,,,SCL 8.65% 2027 SR II,999.0,1005.0,990.0,1001.31,1005.0,1000.0,,1001.31,,,1333,1334605.5,11,F1,1,,,,,
2026-08-07,2026-08-07,CM,NSE,STK,757464,INE148I07XP9,925SCL2028,N8,,,,,SCL 9.25% 2028 SR IV,997.0,997.0,995.0,995.0,995.0,1000.0,,995.0,,,35,34855.0,3,F1,1,,,,,
2026-08-07,2026-08-07,CM,NSE,STK,757478,INE090501011,SCODATUBES,EQ,,,,,SCODA TUBES LIMITED,143.0,144.57,141.0,142.35,142.05,142.99,,142.38,,,129979,18538630.28,2014,F1,1,,,,,
2026-08-07,2026-08-07,CM,NSE,STK,763076,IN1020260049,779AP42,SG,,,,,SDL AP 7.79% 2042,99.0,99.0,99.0,99.0,99.0,100.0,,99.0,,,100,9900.0,1,F1,100,,,,,
2026-08-07,2026-08-07,CM,NSE,STK,761646,IN1020260015,796AP38,SG,,,,,SDL AP 7.96% 2038,96.08,96.08,96.0,96.0,96.0,95.87,,96.0,,,500,48008.0,2,F1,100,,,,,
2026-08-07,2026-08-07,CM,NSE,STK,21152,IN1520230179,747GJ28,SG,,,,,SDL GJ 7.47% 2028,97.69,97.69,95.0,95.0,95.0,100.0,,95.0,,,200,19269.0,2,F1,100,,,,,
2026-08-07,2026-08-07,CM,NSE,STK,763621,IN1520260028,774GJ38,SG,,,,,SDL GJ 7.74% 2038,95.0,95.0,95.0,95.0,95.0,100.0,,95.0,,,1000,95000.0,2,F1,100,,,,,
2026-08-07,2026-08-07,CM,NSE,STK,758192,IN2020250113,724KL41,SG,,,,,SDL KL 7.24% 2041,95.0,95.0,95.0,95.0,95.0,96.0,,95.0,,,100,9500.0,1,F1,100,,,,,
2026-08-07,2026-08-07,CM,NSE,STK,762424,IN2020260021,781KL37,SG,,,,,SDL KL 7.81% 2037,95.2,95.2,95.2,95.2,95.2,95.0,,95.2,,,100,9520.0,1,F1,100,,,,,
2026-08-07,2026-08-07,CM,NSE,STK,760847,IN2220250442,754MH37,SG,,,,,SDL MH 7.54% 2037,95.0,95.0,95.0,95.0,95.0,100.0,,95.0,,,100,9500.0,1,F1,100,,,,,
2026-08-07,2026-08-07,CM,NSE,STK,763065,IN2220260045,755MH34,SG,,,,,SDL MH 7.55% 2034,95.0,95.0,95.0,95.0,95.0,100.0,,95.0,,,100,9500.0,1,F1,100,,,,,
2026-08-07,2026-08-07,CM,NSE,STK,761647,IN2220260029,791MH39,SG,,,,,SDL MH 7.91% 2039,100.0,100.0,100.0,100.0,100.0,95.95,,100.0,,,100,10000.0,1,F1,100,,,,,
2026-08-07,2026-08-07,CM,NSE,STK,761645,IN2820260015,791PN36,SG,,,,,SDL PN 7.91% 2036,96.47,96.47,96.47,96.47,96.47,100.0,,96.47,,,100,9647.0,1,F1,100,,,,,
2026-08-07,2026-08-07,CM,NSE,STK,763523,IN2820260049,792PN44,SG,,,,,SDL PN 7.92% 2044,95.0,95.0,95.0,95.0,95.0,95.0,,95.0,,,1000,95000.0,3,F1,100,,,,,
2026-08-07,2026-08-07,CM,NSE,STK,763068,IN2920260048,781RJ49,SG,,,,,SDL RJ 7.81% 2049,99.0,99.0,99.0,99.0,99.0,100.0,,99.0,,,100,9900.0,1,F1,100,,,,,
2026-08-07,2026-08-07,CM,NSE,STK,760910,IN3120250706,754TN36,SG,,,,,SDL TN 7.54% 2036,95.08,95.08,95.08,95.08,95.08,100.0,,95.08,,,100,9508.0,1,F1,100,,,,,
2026-08-07,2026-08-07,CM,NSE,STK,758710,IN4520250338,754TS55,SG,,,,,SDL TS 7.54% 2055,95.0,95.0,95.0,95.0,95.0,95.0,,95.0,,,100,9500.0,1,F1,100,,,,,
2026-08-07,2026-08-07,CM,NSE,STK,760383,IN3320250159,746UP37,SG,,,,,SDL UP 7.46% 2037,95.0,95.0,95.0,95.0,95.0,100.0,,95.0,,,100,9500.0,1,F1,100,,,,,
2026-08-07,2026-08-07,CM,NSE,STK,23329,IN3320230391,751UP40,SG,,,,,SDL UP 7.51% 2040,95.0,95.0,95.0,95.0,95.0,100.0,,95.0,,,100,9500.0,1,F1,100,,,,,
2026-08-07,2026-08-07,CM,NSE,STK,31638,IN3320260034,774UP38,SG,,,,,SDL UP 7.74% 2038,95.0,95.0,95.0,95.0,95.0,100.0,,95.0,,,600,57000.0,2,F1,100,,,,,
2026-08-07,2026-08-07,CM,NSE,STK,761575,IN3320250266,788UP46,SG,,,,,SDL UP 7.88% 2046,95.0,95.0,95.0,95.0,95.0,100.0,,95.0,,,200,19000.0,2,F1,100,,,,,
2026-08-07,2026-08-07,CM,NSE,STK,24655,IN3420240068,735WB43,SG,,,,,SDL WB 7.35% 2043,94.5,94.5,94.5,94.5,94.5,95.0,,94.5,,,100,9450.0,1,F1,100,,,,,
2026-08-07,2026-08-07,CM,NSE,STK,20643,INE027E07972,935LTF29,N5,,,,,SE RE NCD 9.35% SR.V OP2,1114.7,1160.0,1111.0,1111.0,1111.0,1110.0,,1114.85,,,774,871956.05,17,F1,1,,,,,
2026-08-07,2026-08-07,CM,NSE,STK,2616,INE497B01018,SEAMECLTD,EQ,,,,,SEAMEC LIMITED,1500.0,1549.9,1477.1,1527.7,1536.3,1495.5,,1527.82,,,40731,61546506.8,3447,F1,1,,,,,
2026-08-07,2026-08-07,CM,NSE,STK,6207,INE530B07187,IIFLZC26,NN,,,,,SEC RE NCD 0% SR.VII,1487.8,1487.8,1487.8,1487.8,1487.8,1487.8,,1487.8,,,152,226145.6,1,F1,1,,,,,
2026-08-07,2026-08-07,CM,NSE,STK,24139,INE413U07293,10IIFLSF27,NB,,,,,SEC RE NCD 10.00% SR IV,1001.07,1001.07,1001.07,1001.07,1001.07,1050.0,,1001.07,,,1,1001.07,1,F1,1,,,,,
2026-08-07,2026-08-07,CM,NSE,STK,24141,INE413U07301,1003IIFL29,NC,,,,,SEC RE NCD 10.03% SR V,1008.0,1008.0,1001.0,1008.0,1008.0,1010.0,,1019.0,,,345,346696.0,5,F1,1,,,,,
2026-08-07,2026-08-07,CM,NSE,STK,21028,INE148I07RU1,875SCL23A,YI,,,,,SEC RE NCD 10.03% SR X,1000.0,1003.0,1000.0,1003.0,1003.0,901.2,,1003.0,,,74,74111.0,2,F1,1,,,,,
2026-08-07,2026-08-07,CM,NSE,STK,15253,INE244L07523,890SFIL23A,NZ,,,,,SEC RE NCD 10.03% SR.VIII,400.3,420.0,400.3,420.0,420.0,420.0,,440.0,,,224,94003.0,10,F1,1,,,,,
2026-08-07,2026-08-07,CM,NSE,STK,23303,INE148I07SS3,1015SCFL29,YY,,,,,SEC RE NCD 10.15% SR VII,970.2,970.2,970.2,970.2,970.2,1030.15,,970.2,,,1,970.2,1,F1,1,,,,,
2026-08-07,2026-08-07,CM,NSE,STK,18859,INE148I07PL4,925SCL28C,BS,,,,,SEC RE NCD 10.15% SR VII,930.0,930.0,930.0,930.0,930.0,790.0,,930.0,,,6,5580.0,1,F1,1,,,,,
2026-08-07,2026-08-07,CM,NSE,STK,25914,INE583D07521,1025UCL26A,N1,,,,,SEC RE NCD 10.25% SR II,950.0,1018.72,950.0,1018.72,1018.72,1018.5,,1018.72,,,102,103772.0,2,F1,1,,,,,
2026-08-07,2026-08-07,CM,NSE,STK,23323,INE148I07SQ7,1025SCL34,Z8,,,,,SEC RE NCD 10.25% SR XII,1020.0,1020.0,1005.0,1005.0,1005.0,1020.0,,1017.5,,,27,27420.0,2,F1,1,,,,,
2026-08-07,2026-08-07,CM,NSE,STK,25575,INE148I07UV3,1025SCL34B,N1,,,,,SEC RE NCD 10.25% SR XII,1010.0,1010.0,1010.0,1010.0,1010.0,1010.0,,1010.0,,,1,1010.0,1,F1,1,,,,,
2026-08-07,2026-08-07,CM,NSE,STK,20130,INE148I07RB1,965SCL25F,NZ,,,,,SEC RE NCD 10.25% SR XII,816.1,930.0,816.1,930.0,930.0,1020.0,,845.15,,,150,128110.0,3,F1,1,,,,,
2026-08-07,2026-08-07,CM,NSE,STK,20784,INE413U07251,1050ISFL28,N5,,,,,SEC RE NCD 10.50% SR 6,1050.35,1050.35,1050.35,1050.35,1050.35,1048.0,,1050.35,,,6,6302.1,1,F1,1,,,,,
2026-08-07,2026-08-07,CM,NSE,STK,23123,INE342T07460,1065NFL27,NC,,,,,SEC RE NCD 10.65% SR.IV,1029.0,1029.0,1005.11,1009.53,1010.0,1015.0,,1010.46,,,311,315108.31,6,F1,1,,,,,
2026-08-07,2026-08-07,CM,NSE,STK,11658,INE0H7R07017,79NHIT35,N1,,,,,SEC RE NCD 7.90% STRPP A,314.0,314.0,310.0,311.0,311.0,312.24,,311.0,,,772,239655.0,5,F1,1,,,,,
2026-08-07,2026-08-07,CM,NSE,STK,11665,INE0H7R07025,79NHIT40,N2,,,,,SEC RE NCD 7.90% STRPP B,309.01,315.89,309.01,315.89,315.89,316.02,,315.89,,,2542,787334.59,5,F1,1,,,,,
2026-08-07,2026-08-07,CM,NSE,STK,11669,INE0H7R07033,79NHIT47,N3,,,,,SEC RE NCD 7.90% STRPP C,422.0,422.0,421.7,421.7,421.7,416.03,,421.7,,,361,152317.55,3,F1,1,,,,,
2026-08-07,2026-08-07,CM,NSE,STK,3476,INE219X07280,797IGT31,NL,,,,,SEC RE NCD 7.97% SR.VI,1015.0,1015.0,1015.0,1015.0,1015.0,1014.99,,1015.0,,,25,25375.0,1,F1,1,,,,,
2026-08-07,2026-08-07,CM,NSE,STK,7648,INE477L07AN9,820IIFL27,N9,,,,,SEC RE NCD 8.20% SR.III,998.0,998.0,990.0,995.0,995.0,995.01,,995.0,,,832,826577.0,16,F1,1,,,,,
2026-08-07,2026-08-07,CM,NSE,STK,3464,INE219X07264,82IGT31,NJ,,,,,SEC RE NCD 8.20% SR.V,1027.0,1029.0,1026.12,1028.27,1028.27,1030.0,,1028.27,,,829,851383.81,31,F1,1,,,,,
2026-08-07,2026-08-07,CM,NSE,STK,17958,INE121A07RE9,84CIFCL28,,,,,,SEC RE NCD 8.40% SR 5,1017.0,1017.0,1017.0,1017.0,1017.0,1016.85,,1017.0,,,20,20340.0,1,F1,1,,,,,
2026-08-07,2026-08-07,CM,NSE,STK,6197,INE530B07161,842IIFL26,NL,,,,,SEC RE NCD 8.42% SR.V,999.0,999.1,999.0,999.0,999.0,999.9,,999.0,,,889,888149.5,6,F1,1,,,,,
2026-08-07,2026-08-07,CM,NSE,STK,17039,INE530B07385,865IFL28,NZ,,,,,SEC RE NCD 8.65% SR.V,989.05,989.05,989.05,989.05,989.05,985.0,,989.05,,,100,98905.0,1,F1,1,,,,,
2026-08-07,2026-08-07,CM,NSE,STK,13852,INE530B07310,865IIFL28,NS,,,,,SEC RE NCD 8.65% SR.V,999.0,999.0,998.0,998.7,998.0,999.57,,998.7,,,30,29961.47,4,F1,1,,,,,
2026-08-07,2026-08-07,CM,NSE,STK,28852,INE477L07AZ3,885IHL26,N1,,,,,SEC RE NCD 8.85% SR I,1043.2,1043.2,1043.2,1043.2,1043.2,1060.0,,1043.2,,,180,187776.0,1,F1,1,,,,,
2026-08-07,2026-08-07,CM,NSE,STK,5857,INE148I07KP6,975SCL28,NT,,,,,SEC RE NCD 8.89% SR.VIII,998.99,998.99,998.99,998.99,998.99,996.0,,998.99,,,161,160837.39,2,F1,1,,,,,
2026-08-07,2026-08-07,CM,NSE,STK,28869,INE477L07BG1,89IHFL29,N1,,,,,SEC RE NCD 8.90% SR VI,982.0,982.0,982.0,982.0,982.0,980.0,,982.0,,,29,28478.0,1,F1,1,,,,,
2026-08-07,2026-08-07,CM,NSE,STK,28858,INE477L07BC0,9IHFL27,N1,,,,,SEC RE NCD 9% SR IV,1031.71,1031.71,1030.0,1030.0,1030.0,1050.03,,1030.0,,,10,10305.11,3,F1,1,,,,,
2026-08-07,2026-08-07,CM,NSE,STK,13854,INE530B07260,9IIFL28A,NT,,,,,SEC RE NCD 9% SR.VI,1033.3,1033.3,1033.3,1033.3,1033.3,1036.0,,1033.3,,,5,5166.5,1,F1,1,,,,,
2026-08-07,2026-08-07,CM,NSE,STK,23702,INE338I07149,91MOFSL27,N2,,,,,SEC RE NCD 9.10% SR III,1026.5,1026.5,1025.0,1025.0,1025.0,1025.0,,1025.0,,,106,108687.0,5,F1,1,,,,,
2026-08-07,2026-08-07,CM,NSE,STK,7769,INE148I07LC2,925SCFL27,YA,,,,,SEC RE NCD 9.25% SR.VII,1040.2,1040.2,1040.2,1040.2,1040.2,1047.15,,1040.2,,,10,10402.0,1,F1,1,,,,,
2026-08-07,2026-08-07,CM,NSE,STK,23710,INE338I07115,93MOFSL34,N6,,,,,SEC RE NCD 9.30% SR VII,1061.0,1061.0,1060.0,1060.0,1060.0,1070.0,,1056.67,,,125,132510.0,4,F1,1,,,,,
2026-08-07,2026-08-07,CM,NSE,STK,25283,INE423A07310,932AEL27,N3,,,,,SEC RE NCD 9.32% SR III,1025.0,1040.0,1011.1,1030.0,1030.0,1040.0,,1027.5,,,835,857223.5,8,F1,1,,,,,
2026-08-07,2026-08-07,CM,NSE,STK,23708,INE338I07107,935MOFSL29,N5,,,,,SEC RE NCD 9.35% SR VI,1040.0,1045.0,1030.0,1037.0,1037.0,1023.41,,1037.0,,,1129,1170444.8,17,F1,1,,,,,
2026-08-07,2026-08-07,CM,NSE,STK,20075,INE148I07QK4,948SCL26A,NN,,,,,SEC RE NCD 9.48% SR V,332.76,332.76,332.72,332.72,332.72,332.44,,332.72,,,286,95157.96,2,F1,1,,,,,
2026-08-07,2026-08-07,CM,NSE,STK,23948,INE148I07TL6,948SCL27A,ZJ,,,,,SEC RE NCD 9.48% SR V,995.0,995.0,995.0,995.0,995.0,1000.0,,995.0,,,50,49750.0,1,F1,1,,,,,
2026-08-07,2026-08-07,CM,NSE,STK,25552,INE148I07UC3,948SCL27D,N1,,,,,SEC RE NCD 9.48% SR V,980.01,1050.0,980.01,1050.0,1050.0,1060.0,,1056.79,,,7,7210.02,2,F1,1,,,,,
2026-08-07,2026-08-07,CM,NSE,STK,11361,INE148I07ME6,915SCL27,Z7,,,,,SEC RE NCD 9.55% SR.VII,1053.9,1053.9,1053.9,1053.9,1053.9,1060.81,,1053.9,,,10,10539.0,1,F1,1,,,,,
2026-08-07,2026-08-07,CM,NSE,STK,25287,INE423A07328,965AEL27,N4,,,,,SEC RE NCD 9.65% SR IV,1103.0,1103.0,1103.0,1103.0,1103.0,1101.0,,1101.05,,,54,59562.0,1,F1,1,,,,,
2026-08-07,2026-08-07,CM,NSE,STK,18487,INE741K07579,970CAGL28,ND,,,,,SEC RE NCD 9.70% SR VII,1030.0,1030.0,1015.0,1025.0,1025.0,1030.0,,1025.0,,,3902,3977479.0,45,F1,1,,,,,
2026-08-07,2026-08-07,CM,NSE,STK,23712,INE338I07123,97MOFSL34,N7,,,,,SEC RE NCD 9.70% SR VIII,1075.0,1080.25,1075.0,1080.25,1080.25,1074.08,,1080.25,,,20,21552.5,2,F1,1,,,,,
2026-08-07,2026-08-07,CM,NSE,STK,21024,INE148I07RP1,980SCL33D,YG,,,,,SEC RE NCD 9.71% SR VIII,835.0,835.0,835.0,835.0,835.0,1000.2,,849.5,,,6,5010.0,1,F1,1,,,,,
2026-08-07,2026-08-07,CM,NSE,STK,14038,INE244L07416,985SFIL28,NO,,,,,SEC RE NCD 9.85% SR.VIII,375.2,375.2,375.2,375.2,375.2,350.0,,375.2,,,10,3752.0,1,F1,1,,,,,
2026-08-07,2026-08-07,CM,NSE,STK,25296,INE423A07344,99AEL29,N7,,,,,SEC RE NCD 9.90% SR VII,1140.0,1150.0,1140.0,1149.99,1149.99,1148.0,,1146.0,,,502,576368.99,22,F1,1,,,,,
2026-08-07,2026-08-07,CM,NSE,STK,17952,INE121A07RD1,CIFC26A,N9,,,,,SEC RE NCD SR 4,1264.5,1264.5,1260.0,1264.5,1264.5,1264.5,,1264.5,,,1282,1620953.5,12,F1,1,,,,,
2026-08-07,2026-08-07,CM,NSE,STK,20437,INE121A07RK6,CIFCZC26,NF,,,,,SEC RE NCD SR 4,1240.0,1240.0,1240.0,1240.0,1240.0,1240.0,,1240.0,,,350,434000.0,1,F1,1,,,,,
2026-08-07,2026-08-07,CM,NSE,STK,23299,INE148I07SK0,0SCL27,YW,,,,,SEC RE NCD SR VI,1225.0,1225.0,1225.0,1225.0,1225.0,1262.4,,1225.0,,,3,3675.0,2,F1,1,,,,,
2026-08-07,2026-08-07,CM,NSE,STK,14228,INE00QS24035,IMC1,N3,,,,,SEC RE NCGB 8.25% STRPP D,254.98,254.98,254.98,254.98,254.98,254.98,,254.98,,,100,25498.0,1,F1,1,,,,,
2026-08-07,2026-08-07,CM,NSE,STK,7975,INE804IA7014,1015ECL29,NR,,,,,SEC RED NCD 10.15% SR. VI,1024.99,1026.5,1020.25,1025.36,1025.01,1025.23,,1025.36,,,1301,1333765.37,15,F1,1,,,,,
2026-08-07,2026-08-07,CM,NSE,STK,7986,INE804IA7022,1060ECL29,NS,,,,,SEC RED NCD 10.6% SR. VII,1179.0,1179.0,1063.5,1070.15,1070.15,1079.96,,1070.15,,,179,196216.0,7,F1,1,,,,,
2026-08-07,2026-08-07,CM,NSE,STK,16870,INE033L07GS6,81TCHF28,N8,,,,,SEC RED NCD 8.10% SR.IV,1013.0,1013.0,1005.0,1005.94,1006.0,1012.99,,1005.66,,,351,353735.9,21,F1,1,,,,,
2026-08-07,2026-08-07,CM,NSE,STK,16874,INE033L07GU2,84TCHF28,,,,,,SEC RED NCD 8.40% SR.V,1050.98,1056.99,1050.98,1056.99,1056.99,1051.27,,1055.63,,,100,105638.9,2,F1,1,,,,,
2026-08-07,2026-08-07,CM,NSE,STK,18624,INE148I07GJ7,865SCL26,N8,,,,,SEC RED NCD 8.65% SR. V,1001.55,1001.55,1001.55,1001.55,1001.55,1000.5,,1001.55,,,100,100155.0,1,F1,1,,,,,
2026-08-07,2026-08-07,CM,NSE,STK,17159,INE721A07PK7,875SFL27,ZF,,,,,SEC RED NCD 8.75% SR.III,1004.0,1004.0,1004.0,1004.0,1004.0,1004.0,,1004.0,,,150,150600.0,1,F1,1,,,,,
2026-08-07,2026-08-07,CM,NSE,STK,18626,INE148I07GK5,885SCL26,N9,,,,,SEC RED NCD 8.85% SR. VI,1071.0,1072.54,1068.25,1068.25,1068.25,1072.8,,1070.0,,,341,364416.8,8,F1,1,,,,,
2026-08-07,2026-08-07,CM,NSE,STK,18628,INE148I07GL3,9SCL26BA,,,,,,SEC RED NCD 9.0% SR. VI,1075.0,1075.0,1070.0,1070.0,1070.0,1070.0,,1070.0,,,818,875350.0,11,F1,1,,,,,
2026-08-07,2026-08-07,CM,NSE,STK,498,INE721A07NU1,903SFL28,YI,,,,,SEC RED NCD 9.03% SR. II,1042.0,1042.0,1042.0,1042.0,1042.0,1042.0,,1042.0,,,50,52100.0,2,F1,1,,,,,
2026-08-07,2026-08-07,CM,NSE,STK,8625,INE721A07ON4,957ICCL25,YW,,,,,SEC RED NCD 9.30% SR. II,1068.9,1069.0,1042.0,1042.0,1042.0,1068.0,,1042.0,,,109,116277.1,5,F1,1,,,,,
2026-08-07,2026-08-07,CM,NSE,STK,4288,INE804I078Y8,943ECL28,NJ,,,,,SEC RED NCD 9.43% SR. VI,1004.99,1004.99,1003.0,1004.9,1004.9,1002.25,,1004.9,,,289,290405.0,9,F1,1,,,,,
2026-08-07,2026-08-07,CM,NSE,STK,4292,INE804I079Y6,985ECL28,NK,,,,,SEC RED NCD 9.85% SR. VII,1007.0,1007.0,998.0,1003.99,1003.99,1005.41,,1004.97,,,675,677070.07,16,F1,1,,,,,
2026-08-07,2026-08-07,CM,NSE,STK,19496,INE0BTM01013,SECMARK,EQ,,,,,SECMARK CONSULTANCY LTD,129.4,129.4,123.51,127.15,127.15,126.0,,127.15,,,212,26827.66,17,F1,1,,,,,
2026-08-07,2026-08-07,CM,NSE,STK,11058,INE650K01021,SECURKLOUD,EQ,,,,,SECUREKLOUD TECH LIMITED,18.48,19.95,18.05,19.42,19.54,18.48,,19.42,,,52143,998639.87,243,F1,1,,,,,
2026-08-07,2026-08-07,CM,NSE,STK,761153,INE00XB01019,SEDEMAC,EQ,,,,,SEDEMAC MECHATRONICS LTD,2789.0,2839.4,2749.4,2810.4,2802.5,2794.3,,2810.31,,,93342,260029394.9,11036,F1,1,,,,,
2026-08-07,2026-08-07,CM,NSE,STK,7094,INE955I01044,SEJALLTD,BE,,,,,SEJAL GLASS LIMITED,711.1,728.7,708.0,718.45,720.0,720.9,,719.03,,,2450,1756262.2,108,F1,1,,,,,
2026-08-07,2026-08-07,CM,NSE,STK,6262,INE105I01020,SELMC,EQ,,,,,SEL MANUFACTURING CO LTD,28.0,28.0,27.19,27.38,27.22,27.98,,27.37,,,7073,194460.21,105,F1,1,,,,,
2026-08-07,2026-08-07,CM,NSE,STK,11964,INE617A01013,SEMAC,BE,,,,,SEMAC CONSTRUCTION LTD,306.05,311.0,306.05,307.4,310.95,309.05,,307.4,,,144,44364.9,10,F1,1,,,,,
2026-08-07,2026-08-07,CM,NSE,STK,17271,INE602W01027,SENCO,EQ,,,,,SENCO GOLD LIMITED,386.95,405.2,386.6,388.8,392.0,391.6,,388.79,,,1637736,649558389.7,37138,F1,1,,,,,
2026-08-07,2026-08-07,CM,NSE,STK,28888,INE0RB801010,SENORES,EQ,,,,,SENORES PHARMACEUTICALS L,1328.5,1359.9,1310.0,1342.6,1340.1,1328.5,,1342.63,,,218181,290129765.5,22065,F1,1,,,,,
2026-08-07,2026-08-07,CM,NSE,STK,15308,INE964H01014,SEPC,EQ,,,,,SEPC LIMITED,6.48,6.48,6.14,6.18,6.14,6.54,,6.18,,,13178100,82507668.61,8078,F1,1,,,,,
2026-08-07,2026-08-07,CM,NSE,STK,20715,INE027E07BC8,865LTF26,NN,,,,,SERENCD 8.65% SR.VI OP12,1059.75,1059.75,1059.75,1059.75,1059.75,1060.0,,1059.75,,,7,7418.25,2,F1,1,,,,,
2026-08-07,2026-08-07,CM,NSE,STK,20691,INE027E07AN7,87LTF27,NH,,,,,SERENCD 8.70% SR.VII OPII,1009.9,1009.9,1009.9,1009.9,1009.9,1010.0,,1009.9,,,3,3029.7,1,F1,1,,,,,
2026-08-07,2026-08-07,CM,NSE,STK,20655,INE027E07998,898LTF29,N7,,,,,SERENCD 8.98% SR.VI OP2,1075.0,1098.0,1074.01,1074.01,1074.01,1070.55,,1088.46,,,224,243077.05,5,F1,1,,,,,
2026-08-07,2026-08-07,CM,NSE,STK,21197,INE306N07LM5,865TCAPS27,N8,,,,,SERENCD8.65%SR.IIICIII&IV,1090.1,1098.98,1089.5,1092.25,1098.98,1089.41,,1091.1,,,140,152915.2,3,F1,1,,,,,
2026-08-07,2026-08-07,CM,NSE,STK,17399,INE0P1Q01015,SERVICE,SM,,,,,SERVICE CARE LIMITED,61.0,61.0,61.0,61.0,61.0,61.0,,61.0,,,2000,122000.0,1,F1,2000,,,,,
2026-08-07,2026-08-07,CM,NSE,STK,5507,INE782X01033,SERVOTECH,EQ,,,,,SERVOTECH REN POW SYS LTD,85.15,86.19,84.0,84.62,84.3,85.15,,84.62,,,377215,32134838.59,4538,F1,1,,,,,
2026-08-07,2026-08-07,CM,NSE,STK,759934,INE04VU01023,STYL,EQ,,,,,SESHAASAI TECHNOLOGIES L,388.35,410.85,382.25,407.75,405.9,388.35,,407.81,,,518066,209286743.3,13049,F1,1,,,,,
2026-08-07,2026-08-07,CM,NSE,STK,3066,INE630A01024,SESHAPAPER,EQ,,,,,SESHASAYEE PAPER & BOARDS,234.99,234.99,228.0,229.21,228.93,233.05,,229.31,,,22912,5274027.47,756,F1,1,,,,,
2026-08-07,2026-08-07,CM,NSE,STK,17518,INE878E01021,SETCO,BE,,,,,SETCO AUTOMOTIVE LTD,17.65,17.75,17.5,17.75,17.75,17.75,,17.9,,,36305,642124.15,72,F1,1,,,,,
2026-08-07,2026-08-07,CM,NSE,STK,18024,INE023M01027,SETUINFRA,BZ,,,,,SETUBANDHAN INFRA LTD,0.4,0.44,0.4,0.41,0.42,0.42,,0.42,,,24355,10071.37,40,F1,1,,,,,
2026-08-07,2026-08-07,CM,NSE,STK,10836,INE573R01012,SEYAIND,BE,,,,,SEYA INDUSTRIES LIMITED,12.77,12.77,12.52,12.53,12.75,12.77,,12.53,,,4356,54679.64,25,F1,1,,,,,
2026-08-07,2026-08-07,CM,NSE,STK,758853,INE618R01015,SGFIN,EQ,,,,,SG FINSERVE LIMITED,712.0,717.8,685.5,694.45,690.0,709.85,,693.47,,,210328,147786836.2,7249,F1,1,,,,,
2026-08-07,2026-08-07,CM,NSE,STK,758889,INE385F01024,SGMART,EQ,,,,,SG MART LIMITED,720.9,725.0,710.0,716.35,718.95,717.15,,716.34,,,103121,74113880.4,6828,F1,1,,,,,
2026-08-07,2026-08-07,CM,NSE,STK,761469,INE12UN01015,SHADOWFAX,EQ,,,,,SHADOWFAX TECHNOLOGIES L,240.1,243.9,238.85,241.24,240.0,240.1,,241.27,,,2371660,571855720.96,29194,F1,1,,,,,
2026-08-07,2026-08-07,CM,NSE,STK,11856,INE640C01011,SHAHALLOYS,EQ,,,,,SHAH ALLOYS LIMITED,68.01,72.78,68.01,70.79,72.0,71.26,,70.79,,,3801,271299.75,71,F1,1,,,,,
2026-08-07,2026-08-07,CM,NSE,STK,20296,INE482J01021,SHAH,EQ,,,,,SHAH METACORP LIMITED,3.89,3.95,3.86,3.91,3.92,3.89,,3.91,,,997550,3893840.89,2503,F1,1,,,,,
2026-08-07,2026-08-07,CM,NSE,STK,8727,INE151G01028,SHAILY,EQ,,,,,SHAILY ENG PLASTICS LTD,3335.0,3347.0,3140.9,3162.3,3175.0,3366.3,,3161.92,,,268206,866642669.9,29412,F1,1,,,,,
2026-08-07,2026-08-07,CM,NSE,STK,25574,INE908D01010,SHAKTIPUMP,EQ,,,,,SHAKTI PUMPS (I) LTD,518.0,522.6,516.0,516.3,517.7,517.75,,516.32,,,212989,110313407.6,11932,F1,1,,,,,
2026-08-07,2026-08-07,CM,NSE,STK,714,INE597J01018,SHALBY,EQ,,,,,SHALBY LIMITED,162.0,163.97,158.61,160.09,160.2,162.16,,160.11,,,109496,17594229.99,2835,F1,1,,,,,
2026-08-07,2026-08-07,CM,NSE,STK,761688,INE861D01011,SAHLIBHFI,EQ,,,,,SHALIBHADRA FINANCE LTD,79.55,80.4,76.56,77.38,76.97,79.55,,77.3,,,56675,4423136.32,62,F1,1,,,,,
2026-08-07,2026-08-07,CM,NSE,STK,15346,INE849C01026,SHALPAINTS,BE,,,,,SHALIM PAINTS LTD,88.17,88.17,83.9,84.47,85.0,88.17,,84.47,,,162825,13974629.4,988,F1,1,,,,,
2026-08-07,2026-08-07,CM,NSE,STK,25737,INE01NE01012,SRD,EQ,,,,,SHANKAR LAL RAMPAL LTD,38.79,38.79,36.0,36.64,37.0,37.11,,36.68,,,24352,902600.75,278,F1,1,,,,,
2026-08-07,2026-08-07,CM,NSE,STK,20321,INE274V01019,SHANKARA,EQ,,,,,SHANKARA BLDG PRODUCT LTD,141.64,144.4,141.15,142.28,142.11,140.99,,142.28,,,257616,36634701.95,1579,F1,1,,,,,
2026-08-07,2026-08-07,CM,NSE,STK,760594,INE24OJ01011,BUILDPRO,EQ,,,,,SHANKARA BUILDPRO LIMITED,1344.0,1370.0,1295.0,1336.2,1310.0,1335.2,,1336.41,,,116979,156034409.0,9522,F1,1,,,,,
2026-08-07,2026-08-07,CM,NSE,STK,19752,INE0Q9Q01017,SHANTHALA,SM,,,,,SHANTHALA FMCG PRODUCTS L,17.55,17.55,17.55,17.55,17.55,18.4,,17.55,,,3600,63180.0,3,F1,1200,,,,,
2026-08-07,2026-08-07,CM,NSE,STK,3078,INE631A01022,SHANTIGEAR,EQ,,,,,SHANTHI GEARS LTD,411.0,419.7,398.0,401.95,404.55,408.2,,401.98,,,20027,8137399.7,1074,F1,1,,,,,
2026-08-07,2026-08-07,CM,NSE,STK,762889,INE440T01028,SEIL,EQ,,,,,SHANTI EDU INITIATIVES L,203.0,207.72,200.65,202.41,201.0,202.6,,202.39,,,312108,64175016.79,2551,F1,1,,,,,
2026-08-07,2026-08-07,CM,NSE,STK,758002,INE06ZD01017,SHANTIGOLD,EQ,,,,,SHANTI GOLD INTERNATION L,219.0,233.0,217.21,224.01,223.85,218.65,,224.01,,,1669290,378753309.4,18255,F1,1,,,,,
2026-08-07,2026-08-07,CM,NSE,STK,5650,INE933X01016,SHANTI,EQ,,,,,SHANTI OVERSEAS INDIA LTD,7.0,7.0,6.67,6.9,7.0,6.94,,6.9,,,21227,145061.13,68,F1,1,,,,,
2026-08-07,2026-08-07,CM,NSE,STK,762904,INE220Z01013,SHINDL,EQ,,,,,SHARAT INDUSTRIES LTD.,158.74,165.0,158.74,162.61,160.42,160.79,,162.46,,,84787,13583894.91,418,F1,1,,,,,
2026-08-07,2026-08-07,CM,NSE,STK,4992,INE221J01015,SHARDACROP,EQ,,,,,SHARDA CROPCHEM LTD.,817.95,823.65,809.0,814.05,810.0,822.6,,814.06,,,245283,199983477.85,10446,F1,1,,,,,
2026-08-07,2026-08-07,CM,NSE,STK,10530,INE597I01028,SHARDAMOTR,EQ,,,,,SHARDA MOTOR INDS LTD,943.9,954.95,926.3,941.3,940.1,934.15,,941.36,,,137006,128899752.7,6854,F1,1,,,,,
2026-08-07,2026-08-07,CM,NSE,STK,762897,INE037B01020,SHARDUL,BE,,,,,SHARDUL SECURITIES LTD.,39.38,42.84,39.38,40.99,40.95,41.45,,40.99,,,34910,1387353.2,135,F1,1,,,,,
2026-08-07,2026-08-07,CM,NSE,STK,104,INE932X01026,SHAREINDIA,EQ,,,,,SHARE IND. SECURITIES LTD,174.84,174.84,167.5,168.44,167.99,173.7,,168.43,,,620225,105345407.79,6207,F1,1,,,,,
2026-08-07,2026-08-07,CM,NSE,STK,19469,INE460Q01014,SCML,SM,,,,,SHARP CHUCKS N MACHINES L,83.0,83.0,81.0,83.0,83.0,81.8,,83.0,,,11000,907050.0,11,F1,1000,,,,,
2026-08-07,2026-08-07,CM,NSE,STK,759410,INE0YJV01017,SHEEL,ST,,,,,SHEEL BIOTECH LIMITED,65.1,65.1,61.85,65.1,65.1,65.1,,65.1,,,40000,2487000.0,16,F1,2000,,,,,
2026-08-07,2026-08-07,CM,NSE,STK,19184,INE916U01025,SFL,EQ,,,,,SHEELA FOAM LIMITED,695.0,695.0,675.0,677.4,675.4,697.05,,677.38,,,464453,316355141.7,23257,F1,1,,,,,
2026-08-07,2026-08-07,CM,NSE,STK,12072,INE501Y01019,SCPL,EQ,,,,,SHEETAL COOL PRODUCTS LTD,649.9,665.0,630.35,639.9,637.5,648.6,,639.35,,,62761,40490634.4,2916,F1,1,,,,,
2026-08-07,2026-08-07,CM,NSE,STK,20415,INE04VX01019,SHEETAL,SM,,,,,SHEETAL UNIVERSAL LIMITED,333.05,340.0,333.0,335.35,333.0,333.05,,335.35,,,2000,669525.0,4,F1,500,,,,,
2026-08-07,2026-08-07,CM,NSE,STK,21095,INE268L01046,SHEKHAWATI,EQ,,,,,SHEKHAWATI INDUSTRIES LTD,13.8,14.1,13.55,13.7,13.7,13.92,,13.7,,,13407,184913.94,51,F1,1,,,,,
2026-08-07,2026-08-07,CM,NSE,STK,5072,INE363M01019,SHEMAROO,BE,,,,,SHEMAROO ENTER. LTD.,118.0,120.0,114.21,115.09,117.0,119.67,,115.11,,,23244,2714478.77,93,F1,1,,,,,
2026-08-07,2026-08-07,CM,NSE,STK,14176,INE0MM001019,SHERA,ST,,,,,SHERA ENERGY LIMITED,166.55,166.55,164.5,166.4,166.4,167.8,,166.4,,,9000,1493150.0,9,F1,1000,,,,,
2026-08-07,2026-08-07,CM,NSE,STK,8394,INE03KJ01013,SHIGAN,SM,,,,,SHIGAN QUANTUM TECH LTD,59.6,62.15,59.6,62.15,62.15,64.0,,62.15,,,3000,182625.0,2,F1,1500,,,,,
2026-08-07,2026-08-07,CM,NSE,STK,759847,INE024F01011,SHILCTECH,EQ,,,,,SHILCHAR TECHNOLOGIES LTD,4560.0,4659.0,4505.2,4620.1,4603.0,4532.2,,4620.36,,,18332,84373890.7,5040,F1,1,,,,,
2026-08-07,2026-08-07,CM,NSE,STK,17752,INE790G01031,SHILPAMED,EQ,,,,,SHILPA MEDICARE LTD,740.0,773.75,731.45,759.75,757.0,738.8,,759.75,,,6303820,4758087735.0,131906,F1,1,,,,,
2026-08-07,2026-08-07,CM,NSE,STK,23127,INE0PB301013,SCILAL,EQ,,,,,SHIPPING CORP OF ILA LTD,41.2,41.69,40.95,41.14,41.1,41.14,,41.14,,,189239,7797309.66,1301,F1,1,,,,,
2026-08-07,2026-08-07,CM,NSE,STK,3048,INE109A01011,SCI,EQ,,,,,SHIPPING CORP OF INDIA LT,316.6,320.0,302.1,304.75,303.9,308.6,,304.73,,,13810526,4297866288.1,111968,F1,1,,,,,
2026-08-07,2026-08-07,CM,NSE,STK,759747,INE719F01016,SHIVAUM,EQ,,,,,SHIV AUM STEELS LIMITED,421.0,436.8,421.0,421.0,421.0,419.8,,421.0,,,4174,1777662.95,80,F1,1,,,,,
2026-08-07,2026-08-07,CM,NSE,STK,1503,INE644Y01017,SHIVAMILLS,BE,,,,,SHIVA MILLS LIMITED,65.49,65.49,65.49,65.49,65.49,62.38,,65.49,,,24107,1578767.43,93,F1,1,,,,,
2026-08-07,2026-08-07,CM,NSE,STK,804,INE705C01020,SHIVATEX,EQ,,,,,SHIVA TEXYARN LIMITED,166.33,169.72,161.33,162.62,162.61,164.69,,162.38,,,6007,982753.83,114,F1,1,,,,,
2026-08-07,2026-08-07,CM,NSE,STK,24249,INE0T7B01010,SPCL,SM,,,,,SHIVALIC POWER CONTROL L,65.55,66.85,65.2,66.0,66.75,65.55,,66.0,,,16800,1107750.0,23,F1,600,,,,,
2026-08-07,2026-08-07,CM,NSE,STK,4656,INE386D01027,SBCL,EQ,,,,,SHIVALIK BIMETAL CON. LTD,850.0,920.9,830.05,920.9,920.9,767.45,,920.83,,,6015282,5385053656.6,118093,F1,1,,,,,
2026-08-07,2026-08-07,CM,NSE,STK,7026,INE788J01021,SHIVALIK,BE,,,,,SHIVALIK RASAYAN LIMITED,262.0,262.0,252.2,254.5,255.0,259.72,,254.46,,,12010,3090524.75,174,F1,1,,,,,
2026-08-07,2026-08-07,CM,NSE,STK,13757,INE637H01024,SHIVAMAUTO,BE,,,,,SHIVAM AUTO.LTD,17.85,17.85,17.61,17.66,17.66,17.85,,17.9,,,7538,133759.29,30,F1,1,,,,,
2026-08-07,2026-08-07,CM,NSE,STK,758744,INE1DLF01018,SHIVASHRIT,SM,,,,,SHIVASHRIT FOODS LIMITED,123.55,129.75,123.55,128.8,128.8,129.5,,128.8,,,4000,510800.0,4,F1,1000,,,,,
2026-08-07,2026-08-07,CM,NSE,STK,11813,INE498B01024,SHOPERSTOP,EQ,,,,,SHOPPERS STOP LIMITED,418.0,430.4,415.0,420.05,420.55,419.5,,420.08,,,74032,31316057.5,4475,F1,1,,,,,
2026-08-07,2026-08-07,CM,NSE,STK,708,INE715Y01031,SHRADHA,EQ,,,,,SHRADHA REALTY LIMITED,33.76,34.55,33.76,34.22,34.4,33.92,,34.22,,,104728,3591396.39,102,F1,1,,,,,
2026-08-07,2026-08-07,CM,NSE,STK,10588,INE712K01011,SHREEPUSHK,EQ,,,,,SHRE PUSH CHEM & FERT LTD,424.9,424.9,405.0,407.1,405.0,424.75,,407.17,,,22284,9176200.25,1259,F1,1,,,,,
2026-08-07,2026-08-07,CM,NSE,STK,762874,INE185C01017,SAPPL,EQ,,,,,SHREE AJIT PULP & PAPER L,294.0,294.0,281.5,288.0,288.0,294.8,,291.73,,,15,4253.5,5,F1,1,,,,,
2026-08-07,2026-08-07,CM,NSE,STK,3103,INE070A01015,SHREECEM,EQ,,,,,SHREE CEMENT LIMITED,26355.0,26355.0,26010.0,26010.0,26010.0,26245.0,,26011.0,,,10742,280977575.0,5193,F1,1,,,,,
2026-08-07,2026-08-07,CM,NSE,STK,3099,INE232A01011,SHREDIGCEM,EQ,,,,,SHREE DIGVIJAY CEM CO LTD,71.8,73.0,71.8,72.54,72.09,72.22,,72.47,,,47205,3413045.97,519,F1,1,,,,,
2026-08-07,2026-08-07,CM,NSE,STK,23074,INE0S4Y01010,SHREEKARNI,SM,,,,,SHREE KARNI FABCOM LTD,402.0,406.0,388.15,388.15,388.15,403.05,,388.15,,,1950,776452.5,12,F1,150,,,,,
2026-08-07,2026-08-07,CM,NSE,STK,760188,INE19GK01015,SRTL,EQ,,,,,SHREE RAM TWISTEX LIMITED,39.84,40.26,39.4,39.79,40.0,39.72,,39.95,,,33354,1324645.15,647,F1,1,,,,,
2026-08-07,2026-08-07,CM,NSE,STK,7627,INE879A01019,SHREERAMA,EQ,,,,,SHREE RAMA MULTI TECH LTD,38.03,38.99,37.76,38.38,38.51,38.03,,38.38,,,39991,1525973.97,564,F1,1,,,,,
2026-08-07,2026-08-07,CM,NSE,STK,13565,INE278B01020,RAMANEWS,EQ,,,,,SHREE RAMA NEWSPRINT LTD,33.68,33.68,32.51,33.08,33.1,33.52,,33.08,,,11397,375952.78,166,F1,1,,,,,
2026-08-07,2026-08-07,CM,NSE,STK,12026,INE087H01022,RENUKA,EQ,,,,,SHREE RENUKA SUGARS LTD,22.25,22.44,22.05,22.17,22.14,22.12,,22.17,,,2663872,59268791.33,6109,F1,1,,,,,
2026-08-07,2026-08-07,CM,NSE,STK,25203,INE0S2G01011,BALAJEE,EQ,,,,,SHREE TIRUPATI BALAJEE L,27.5,27.7,27.01,27.17,27.32,27.17,,27.17,,,17878,486392.88,270,F1,1,,,,,
2026-08-07,2026-08-07,CM,NSE,STK,15126,INE00CE01017,SVLL,BE,,,,,SHREE VASU LOGISTICS LTD,749.25,762.0,749.25,758.95,758.95,749.1,,758.95,,,1488,1128915.35,26,F1,1,,,,,
2026-08-07,2026-08-07,CM,NSE,STK,762159,INE0K3301012,SHREEDHAR,ST,,,,,SHREEDHAR SPINNERS LTD,101.0,106.9,101.0,104.5,104.5,105.9,,104.5,,,16000,1673000.0,8,F1,2000,,,,,
2026-08-07,2026-08-07,CM,NSE,STK,759805,INE1FL101016,SHETHJI,ST,,,,,SHREEJI GLOBAL FMCG LTD,167.0,167.0,157.0,163.1,166.95,162.15,,163.1,,,36000,5851750.0,19,F1,1000,,,,,
2026-08-07,2026-08-07,CM,NSE,STK,759448,INE1B6101010,SHREEJISPG,EQ,,,,,SHREEJI SHIPPING GLOBAL L,674.0,677.0,670.0,672.8,672.6,673.3,,672.8,,,1051171,707011584.75,6120,F1,1,,,,,
2026-08-07,2026-08-07,CM,NSE,STK,14305,INE00IK01029,OSWALSEEDS,EQ,,,,,SHREEOSWAL S AND CHE LTD,10.4,11.6,10.31,10.63,10.87,10.48,,10.63,,,67528,725650.98,319,F1,1,,,,,
2026-08-07,2026-08-07,CM,NSE,STK,760252,INE632X01030,SHRENIK,BZ,,,,,SHRENIK LIMITED,0.33,0.34,0.33,0.33,0.33,0.34,,0.33,,,491181,162122.33,179,F1,1,,,,,
2026-08-07,2026-08-07,CM,NSE,STK,3126,INE231C01019,SHREYANIND,EQ,,,,,SHREYANS INDUSTRIES LTD,143.5,144.95,139.92,142.33,140.2,141.55,,142.33,,,6748,961848.1,88,F1,1,,,,,
2026-08-07,2026-08-07,CM,NSE,STK,756409,INE0DM401012,SHRIAHIMSA,ST,,,,,SHRI AHIMSA NATURALS LTD,384.25,386.0,380.0,385.25,385.0,376.7,,385.25,,,14400,5541270.0,18,F1,600,,,,,
2026-08-07,2026-08-07,CM,NSE,STK,762899,INE402H01015,SHBAJRG,EQ,,,,,SHRI BAJRANG ALLIANCE L,179.5,181.7,177.2,181.35,180.5,178.76,,181.35,,,934,168247.7,36,F1,1,,,,,
2026-08-07,2026-08-07,CM,NSE,STK,760202,INE1V4601019,SHRIKANHA,SM,,,,,SHRI KANHA STAINLESS LTD,22.65,22.65,22.65,22.65,22.65,22.55,,22.65,,,1600,36240.0,1,F1,1600,,,,,
2026-08-07,2026-08-07,CM,NSE,STK,762909,INE997I01012,SHRIKRISH,EQ,,,,,SHRI KRISHNA DEVCON LTD.,42.28,43.15,39.51,42.96,42.98,42.29,,42.96,,,1733,72493.75,36,F1,1,,,,,
2026-08-07,2026-08-07,CM,NSE,STK,759093,INE1B3L01017,SHRINGARMS,EQ,,,,,SHRINGAR HOU OF MANGALS L,231.75,237.3,231.42,233.34,233.51,231.13,,233.34,,,496742,116649923.85,4108,F1,1,,,,,
2026-08-07,2026-08-07,CM,NSE,STK,24374,INF680P01422,LIQUIDSHRI,EQ,,,,,SHRIRAM - LIQUIDSHRI,1116.51,1116.53,1116.51,1116.52,1116.51,1116.09,,1116.52,,,6884,7686133.25,27,F1,1,,,,,
2026-08-07,2026-08-07,CM,NSE,STK,4306,INE721A01047,SHRIRAMFIN,EQ,,,,,SHRIRAM FINANCE LIMITED,1134.0,1134.0,1109.0,1115.0,1115.0,1141.0,,1115.0,,,3239689,3620740288.3,72070,F1,1,,,,,
2026-08-07,2026-08-07,CM,NSE,STK,7200,INE217L01019,SHRIRAMPPS,EQ,,,,,SHRIRAM PROPERTIES LTD,84.91,84.92,83.75,84.47,84.2,84.92,,84.47,,,349462,29439313.8,1857,F1,1,,,,,
2026-08-07,2026-08-07,CM,NSE,STK,6451,INE01Z401013,SHUBHLAXMI,SM,,,,,SHUBHLAXMI JEWEL ART LTD,18.95,18.95,18.95,18.95,18.95,18.95,,18.95,,,1000,18950.0,1,F1,1000,,,,,
2026-08-07,2026-08-07,CM,NSE,STK,25240,INE0UL701015,SHUBHSHREE,SM,,,,,SHUBHSHREE BIOFUELS ENE L,349.95,350.0,345.0,345.0,345.0,343.95,,345.0,,,900,313485.0,3,F1,300,,,,,
2026-08-07,2026-08-07,CM,NSE,STK,10192,INE979R01011,SHYAMCENT,BE,,,,,SHYAM CENTURY FERROUS LTD,5.02,5.09,5.02,5.03,5.03,5.14,,5.03,,,53092,267510.1,138,F1,1,,,,,
2026-08-07,2026-08-07,CM,NSE,STK,761213,INE1CRP01016,SHYAMDHANI,ST,,,,,SHYAM DHANI INDUSTRIES L,65.3,65.3,63.0,63.5,63.5,62.2,,63.5,,,28000,1798300.0,13,F1,2000,,,,,
2026-08-07,2026-08-07,CM,NSE,STK,4693,INE810G01011,SHYAMMETL,EQ,,,,,SHYAM METALICS AND ENGY L,1011.0,1027.8,982.6,1006.9,1002.5,1015.5,,1006.44,,,717867,730735497.1,18277,F1,1,,,,,
2026-08-07,2026-08-07,CM,NSE,STK,13741,INE635A01023,SHYAMTEL,BE,,,,,SHYAM TELECOM LIMITED,15.6,15.9,15.44,15.54,15.8,16.25,,15.57,,,657,10251.78,29,F1,1,,,,,
2026-08-07,2026-08-07,CM,NSE,STK,16875,INE176J01011,SICAGEN,EQ,,,,,SICAGEN INDIA LIMITED,65.95,74.06,65.95,74.06,74.06,61.72,,74.11,,,1820404,129877047.47,9481,F1,1,,,,,
2026-08-07,2026-08-07,CM,NSE,STK,19440,INE075B01020,SICALLOG,BE,,,,,SICAL LOGISTICS LIMITED,103.85,103.85,99.0,102.56,103.0,103.85,,102.54,,,30930,3117893.98,178,F1,1,,,,,
2026-08-07,2026-08-07,CM,NSE,STK,3148,INE0A1E01018,SIDDHIKA,SM,,,,,SIDDHIKA COATINGS LIMITED,210.0,210.0,206.05,209.25,209.5,215.35,,209.25,,,4000,829400.0,5,F1,500,,,,,
2026-08-07,2026-08-07,CM,NSE,STK,756871,INE1NPP01017,ENRIN,EQ,,,,,SIEMENS ENERGY INDIA LTD,3450.0,3735.0,3426.4,3648.8,3648.0,3252.2,,3648.81,,,7973925,28965230046.7,495127,F1,1,,,,,
2026-08-07,2026-08-07,CM,NSE,STK,3150,INE003A01024,SIEMENS,EQ,,,,,SIEMENS LTD,3955.1,3984.5,3921.0,3940.1,3940.1,3952.0,,3940.32,,,221514,874843316.6,19060,F1,1,,,,,
2026-08-07,2026-08-07,CM,NSE,STK,6664,INE0D0K01022,SIGACHI,BE,,,,,SIGACHI INDUSTRIES LTD,25.9,25.92,25.02,25.17,25.4,25.8,,25.24,,,277579,7018250.61,982,F1,1,,,,,
2026-08-07,2026-08-07,CM,NSE,STK,14797,INE933B01012,SIGMAADV,BE,,,,,SIGMA ADVANCED SYSTEM LTD,691.0,714.4,681.0,700.95,702.0,692.05,,700.77,,,177711,124769681.65,2793,F1,1,,,,,
2026-08-07,2026-08-07,CM,NSE,STK,16658,INE0A0S01028,SIGMA,EQ,,,,,SIGMA SOLVE LIMITED,47.5,48.12,45.5,46.37,46.9,47.42,,46.37,,,193249,8975576.42,1901,F1,1,,,,,
2026-08-07,2026-08-07,CM,NSE,STK,18743,INE903U01023,SIGNATURE,EQ,,,,,SIGNATUREGLOBAL INDIA LTD,800.0,811.0,795.0,802.3,800.0,815.0,,802.29,,,286812,230678931.6,8301,F1,1,,,,,
2026-08-07,2026-08-07,CM,NSE,STK,4522,INE529F01035,SIGIND,EQ,,,,,SIGNET INDUSTRIES LIMITED,69.9,74.95,65.35,67.79,67.99,70.03,,67.79,,,376652,26465059.09,2943,F1,1,,,,,
2026-08-07,2026-08-07,CM,NSE,STK,23150,INE0RDE01010,SIGNORIA,ST,,,,,SIGNORIA CREATION LIMITED,160.0,169.0,160.0,166.5,168.0,162.5,,166.5,,,12000,1971950.0,12,F1,1000,,,,,
2026-08-07,2026-08-07,CM,NSE,STK,22656,INE0KGZ01021,SIGNPOST,EQ,,,,,SIGNPOST INDIA LIMITED,269.35,270.2,264.75,267.55,267.0,268.1,,267.56,,,68863,18332859.35,2159,F1,1,,,,,
2026-08-07,2026-08-07,CM,NSE,STK,762914,INE438E01032,SIKA,EQ,,,,,SIKA INTERPLANT SYSTEMS L,1110.0,1117.0,1090.0,1100.2,1102.0,1113.7,,1100.29,,,12165,13438717.3,1321,F1,1,,,,,
2026-08-07,2026-08-07,CM,NSE,STK,6218,INE112X01025,SIKKO,EQ,,,,,SIKKO INDUSTRIES LIMITED,5.91,6.2,5.91,6.03,6.06,5.91,,6.03,,,2610600,15813158.48,2034,F1,1,,,,,
2026-08-07,2026-08-07,CM,NSE,STK,4105,INE923A01015,SILINV,EQ,,,,,SIL INVESTMENTS LIMITED,432.8,455.0,420.0,440.7,447.0,433.7,,441.75,,,3329,1451076.85,139,F1,1,,,,,
2026-08-07,2026-08-07,CM,NSE,STK,2492,INE01II01013,SILGO,EQ,,,,,SILGO RETAIL LIMITED,69.26,71.74,68.99,70.17,71.7,69.3,,70.17,,,268830,18829133.93,1162,F1,1,,,,,
2026-08-07,2026-08-07,CM,NSE,STK,23739,INE0STN01015,SILKFLEX,ST,,,,,SILKFLEX POLYMERS INDIA L,202.05,204.9,198.0,201.65,200.0,201.2,,201.65,,,19000,3833000.0,19,F1,1000,,,,,
2026-08-07,2026-08-07,CM,NSE,STK,757679,INE0SN801015,SILKY,SM,,,,,SILKY OVERSEAS LIMITED,79.45,83.65,74.0,74.35,75.0,72.8,,74.35,,,9600,736360.0,12,F1,800,,,,,
2026-08-07,2026-08-07,CM,NSE,STK,19097,INE203Y01012,SILLYMONKS,EQ,,,,,SILLY MONKS ENTERTAIN LTD,15.31,16.64,15.3,16.35,16.54,15.7,,16.35,,,22450,368325.0,161,F1,1,,,,,
2026-08-07,2026-08-07,CM,NSE,STK,9422,INE625X01026,SILVERTUC,EQ,,,,,SILVER TOUCH TECHNO LTD,193.9,201.5,193.0,195.88,196.3,193.6,,196.07,,,458422,90461942.24,8187,F1,1,,,,,
2026-08-07,2026-08-07,CM,NSE,STK,758836,INE748T01016,SIMBHALS,BZ,,,,,SIMBHAOLI SUGARS LTD.,6.75,7.17,6.75,7.07,7.05,7.0,,7.07,,,8693,60348.53,50,F1,1,,,,,
2026-08-07,2026-08-07,CM,NSE,STK,763375,INE1K4J01018,SIMCA,SM,,,,,SIMCA ADVERTISING LIMITED,240.0,247.0,240.0,245.75,244.35,237.7,,245.75,,,42000,10251420.0,64,F1,600,,,,,
2026-08-07,2026-08-07,CM,NSE,STK,3162,INE059B01024,SIMPLEXINF,EQ,,,,,SIMPLEX INFRASTRUCTURES L,236.26,242.0,233.0,238.87,239.0,237.48,,238.87,,,40036,9482300.4,878,F1,1,,,,,
2026-08-07,2026-08-07,CM,NSE,STK,23480,INE985A01022,SINCLAIR,EQ,,,,,SINCLAIRS HOTELS LIMITED,79.8,79.8,75.51,77.03,77.0,76.59,,77.05,,,43164,3358135.77,955,F1,1,,,,,
2026-08-07,2026-08-07,CM,NSE,STK,16859,INE325D01025,SINDHUTRAD,EQ,,,,,SINDHU TRADE LINKS LTD,24.1,24.72,24.1,24.56,24.53,24.19,,24.56,,,206999,5071246.12,915,F1,1,,,,,
2026-08-07,2026-08-07,CM,NSE,STK,761420,INE638A01035,SINGERIND,EQ,,,,,SINGER INDIA LIMITED,69.4,69.4,64.88,67.93,66.31,68.72,,67.95,,,258501,17198152.33,1861,F1,1,,,,,
2026-08-07,2026-08-07,CM,NSE,STK,381,INE129Z01016,SINTERCOM,EQ,,,,,SINTERCOM INDIA LIMITED,85.0,85.95,83.27,83.74,85.95,84.93,,83.74,,,6250,528219.92,83,F1,1,,,,,
2026-08-07,2026-08-07,CM,NSE,STK,11050,INE792Z01011,SIRCA,EQ,,,,,SIRCA PAINT INDIA LIMITED,452.0,454.8,445.0,449.9,447.0,449.95,,449.91,,,453430,204353620.95,5544,F1,1,,,,,
2026-08-07,2026-08-07,CM,NSE,STK,21501,INE285J01028,SIS,EQ,,,,,SIS LIMITED,433.0,439.85,432.4,434.95,436.3,435.9,,434.94,,,97206,42295567.2,5852,F1,1,,,,,
2026-08-07,2026-08-07,CM,NSE,STK,29210,INE965H01011,SITINET,BZ,,,,,SITI NETWORKS LIMITED,0.32,0.32,0.3,0.3,0.3,0.31,,0.3,,,1193764,361867.48,315,F1,1,,,,,
2026-08-07,2026-08-07,CM,NSE,STK,14096,INE076B01028,SIYSIL,EQ,,,,,SIYARAM SILK MILLS LTD,628.15,636.0,621.05,625.35,624.0,628.15,,625.44,,,25073,15747319.7,1854,F1,1,,,,,
2026-08-07,2026-08-07,CM,NSE,STK,6643,INE284S01014,SJS,EQ,,,,,SJS ENTERPRISES LIMITED,2442.5,2479.6,2367.6,2446.1,2432.5,2437.7,,2445.98,,,198017,478673404.7,22165,F1,1,,,,,
2026-08-07,2026-08-07,CM,NSE,STK,18883,INE002L01015,SJVN,EQ,,,,,SJVN LTD,68.45,69.11,67.79,67.96,67.85,68.43,,67.96,,,1763773,120389332.71,14358,F1,1,,,,,
2026-08-07,2026-08-07,CM,NSE,STK,760101,INE2J8701016,SKFINDUS,EQ,,,,,SKF IND (INDUSTRIAL) LTD,2735.0,2768.4,2715.1,2737.9,2746.9,2747.8,,2738.24,,,19683,53880494.7,5387,F1,1,,,,,
2026-08-07,2026-08-07,CM,NSE,STK,3186,INE640A01023,SKFINDIA,EQ,,,,,SKF INDIA LTD,1520.0,1551.0,1516.8,1534.3,1532.9,1519.2,,1534.29,,,62437,95928830.5,6612,F1,1,,,,,
2026-08-07,2026-08-07,CM,NSE,STK,9428,INE439E01022,SKIPPER,EQ,,,,,SKIPPER LIMITED,527.5,532.0,513.0,517.85,520.1,526.5,,517.88,,,395745,206218129.45,14847,F1,1,,,,,
2026-08-07,2026-08-07,CM,NSE,STK,4732,INE411D01023,SKMEGGPROD,EQ,,,,,SKM EGG PROD EXPORT(I) LT,237.0,239.79,231.0,235.0,234.5,237.19,,234.88,,,325926,76220467.48,5827,F1,1,,,,,
2026-08-07,2026-08-07,CM,NSE,STK,10325,INE0KZA01016,SKP,SM,,,,,SKP BEARING INDUSTRI. LTD,165.0,171.0,165.0,171.0,171.0,160.0,,171.0,,,3500,591475.0,6,F1,500,,,,,
2026-08-07,2026-08-07,CM,NSE,STK,13631,INE01IU01018,SKYGOLD,EQ,,,,,SKY GOLD AND DIAMONDS LTD,691.1,728.4,689.6,719.4,723.0,691.15,,719.19,,,2030660,1447820517.7,43693,F1,1,,,,,
2026-08-07,2026-08-07,CM,NSE,STK,23692,INE0SMA01017,SLONE,ST,,,,,SLONE INFOSYSTEMS LIMITED,147.0,147.0,143.1,145.0,147.0,143.1,,145.0,,,2400,348440.0,6,F1,400,,,,,
2026-08-07,2026-08-07,CM,NSE,STK,757622,INE14GK01016,SMARTEN,ST,,,,,SMARTEN POWER SYSTEMS LTD,52.95,52.95,52.0,52.0,52.0,52.0,,52.0,,,4800,250740.0,4,F1,1200,,,,,
2026-08-07,2026-08-07,CM,NSE,STK,9893,INE178C01020,SMARTLINK,BE,,,,,SMARTLINK HOLDINGS LTD,220.0,222.0,212.65,215.19,216.9,220.48,,215.32,,,5962,1294615.15,120,F1,1,,,,,
2026-08-07,2026-08-07,CM,NSE,STK,757965,INE0NAZ01010,SMARTWORKS,EQ,,,,,SMARTWORKS COWORKING SP L,483.95,495.0,480.1,486.8,488.0,485.0,,486.81,,,78618,38318364.25,2937,F1,1,,,,,
2026-08-07,2026-08-07,CM,NSE,STK,2320,INE103C01036,SMCGLOBAL,EQ,,,,,SMC GLOBAL SECURITIES LTD,80.1,80.79,78.28,79.54,78.5,80.6,,79.54,,,367186,29233368.54,1822,F1,1,,,,,
2026-08-07,2026-08-07,CM,NSE,STK,3387,INE294B01019,SMLMAH,EQ,,,,,SML MAHINDRA LIMITED,5676.0,5676.5,5518.5,5554.0,5550.0,5672.5,,5554.01,,,96731,540972656.0,14339,F1,1,,,,,
2026-08-07,2026-08-07,CM,NSE,STK,14329,INE812G01025,SMSPHARMA,EQ,,,,,SMS PHARMACEUTICALS LTD.,357.5,380.0,357.2,378.1,378.85,357.2,,378.07,,,553999,207125743.5,13051,F1,1,,,,,
2026-08-07,2026-08-07,CM,NSE,STK,758946,INE1OIC01018,SNEHAA,SM,,,,,SNEHAA ORGANICS LIMITED,47.0,47.0,46.95,46.95,46.95,45.75,,46.95,,,2000,93950.0,2,F1,1000,,,,,
2026-08-07,2026-08-07,CM,NSE,STK,4843,INE734N01019,SNOWMAN,EQ,,,,,SNOWMAN LOGISTICS LTD.,40.7,41.88,38.81,39.15,39.46,40.71,,39.16,,,223615,8850188.22,1873,F1,1,,,,,
2026-08-07,2026-08-07,CM,NSE,STK,13826,INE671H01015,SOBHA,EQ,,,,,SOBHA LIMITED,1359.8,1361.4,1334.2,1339.0,1338.2,1355.9,,1339.09,,,106424,143204752.2,6902,F1,1,,,,,
2026-08-07,2026-08-07,CM,NSE,STK,8268,INE728Z01015,SOFTTECH,BE,,,,,SOFTTECH ENGINEERS LTD,420.0,420.35,416.0,420.0,420.0,418.1,,420.0,,,687,287440.95,15,F1,1,,,,,
2026-08-07,2026-08-07,CM,NSE,STK,13332,INE343H01029,SOLARINDS,EQ,,,,,SOLAR INDUSTRIES (I) LTD,18509.0,18669.0,18391.0,18650.0,18650.0,18496.0,,18634.17,,,49218,911745616.0,11974,F1,1,,,,,
2026-08-07,2026-08-07,CM,NSE,STK,3672,INE624Z01016,SOLARA,EQ,,,,,SOLARA ACTIVE PHA SCI LTD,511.15,514.3,497.6,502.6,503.0,511.1,,502.6,,,149962,75461108.45,5176,F1,1,,,,,
2026-08-07,2026-08-07,CM,NSE,STK,759929,INE0TY101024,SOLARWORLD,EQ,,,,,SOLARWORLD ENERGY SOL LTD,169.13,171.79,167.13,168.43,168.02,169.13,,168.43,,,205271,34764781.67,4177,F1,1,,,,,
2026-08-07,2026-08-07,CM,NSE,STK,759397,INE880Y01017,SOLEX,EQ,,,,,SOLEX ENERGY LIMITED,910.6,927.95,908.0,911.7,910.0,914.5,,911.7,,,21601,19745109.25,1565,F1,1,,,,,
2026-08-07,2026-08-07,CM,NSE,STK,24882,INE0U0201016,BALCO,ST,,,,,SOLVE PLASTIC PRODUCTS L,17.15,17.15,17.15,17.15,17.15,18.0,,17.15,,,1200,20580.0,1,F1,1200,,,,,
2026-08-07,2026-08-07,CM,NSE,STK,1338,INE480C01038,SDBL,EQ,,,,,SOM DIST & BREW LTD,74.7,74.7,73.0,73.33,73.1,74.11,,73.33,,,319935,23461211.35,2845,F1,1,,,,,
2026-08-07,2026-08-07,CM,NSE,STK,4201,INE314C01013,SOMATEX,EQ,,,,,SOMA TEXTILES & INDUST LT,94.0,97.63,94.0,94.86,95.64,94.38,,94.86,,,7803,743956.32,269,F1,1,,,,,
2026-08-07,2026-08-07,CM,NSE,STK,3880,INE355A01028,SOMANYCERA,EQ,,,,,SOMANY CERAMICS LIMITED,503.25,510.0,494.0,495.8,497.0,504.0,,495.79,,,86172,43145955.75,3334,F1,1,,,,,
2026-08-07,2026-08-07,CM,NSE,STK,17794,INE323J01019,SOMICONVEY,EQ,,,,,SOMI CONVEYOR BELT. LTD.,92.21,94.3,90.5,91.84,92.2,91.42,,91.88,,,10088,928249.01,373,F1,1,,,,,
2026-08-07,2026-08-07,CM,NSE,STK,4684,INE073K01018,SONACOMS,EQ,,,,,SONA BLW PRECISION FRGS L,790.0,821.0,787.0,818.05,818.05,792.0,,818.09,,,3753214,3030714698.2,56351,F1,1,,,,,
2026-08-07,2026-08-07,CM,NSE,STK,23052,INE0Q6H01012,SONAMAC,SM,,,,,SONA MACHINERY LIMITED,34.6,34.6,34.55,34.55,34.55,34.5,,34.55,,,2000,69150.0,2,F1,1000,,,,,
2026-08-07,2026-08-07,CM,NSE,STK,762919,INE321M01017,SONAL,EQ,,,,,SONAL MERCANTILE LTD.,86.1,88.58,86.1,87.6,87.6,89.95,,87.6,,,52,4544.9,10,F1,1,,,,,
2026-08-07,2026-08-07,CM,NSE,STK,8806,INE00LM01029,SONAMLTD,EQ,,,,,SONAM LIMITED,54.6,55.02,52.55,54.42,54.5,54.65,,54.42,,,33523,1801518.2,583,F1,1,,,,,
2026-08-07,2026-08-07,CM,NSE,STK,6596,INE269A01021,SONATSOFTW,EQ,,,,,SONATA SOFTWARE LTD,324.6,337.65,316.7,318.05,318.0,331.95,,318.11,,,1740657,562776176.95,34813,F1,1,,,,,
2026-08-07,2026-08-07,CM,NSE,STK,9463,INE0JZA01018,SONUINFRA,ST,,,,,SONU INFRATECH LIMITED,39.9,41.45,39.9,41.45,41.45,39.9,,41.45,,,3000,122025.0,2,F1,1500,,,,,
2026-08-07,2026-08-07,CM,NSE,STK,9678,INE980Y01015,SOUTHWEST,EQ,,,,,SOUTH WEST PINNACLE LTD,231.04,234.0,226.88,232.06,231.25,232.42,,232.05,,,88963,20448672.14,2426,F1,1,,,,,
2026-08-07,2026-08-07,CM,NSE,STK,19372,INE970N01027,SPCENET,EQ,,,,,SPACENET ENTERS IND LTD,3.63,3.87,3.57,3.86,3.87,3.52,,3.86,,,1773403,6763094.78,1043,F1,1,,,,,
2026-08-07,2026-08-07,CM,NSE,STK,758420,IN9572J01019,SSFLPP,E1,,,,,SPANDANA RS.5 PPD UP,135.05,135.25,130.3,132.0,132.25,135.7,,132.02,,,7307,972411.85,116,F1,1,,,,,
2026-08-07,2026-08-07,CM,NSE,STK,11435,INE572J01011,SPANDANA,EQ,,,,,SPANDANA SPHOORTY FIN LTD,256.75,260.65,254.0,257.75,257.0,256.75,,257.15,,,265502,68403753.9,5852,F1,1,,,,,
2026-08-07,2026-08-07,CM,NSE,STK,27107,INE247M01014,SPECIALITY,EQ,,,,,SPECIALITY REST LTD,145.5,148.5,136.0,145.17,145.01,142.42,,145.17,,,144115,20724059.54,2186,F1,1,,,,,
2026-08-07,2026-08-07,CM,NSE,STK,30455,INE01EO01010,SPECTRUM,EQ,,,,,SPECTRUM ELECTRIC IND LTD,2567.6,2576.6,2410.0,2440.7,2410.1,2568.0,,2440.55,,,14748,36638564.4,2308,F1,1,,,,,
2026-08-07,2026-08-07,CM,NSE,STK,16876,INE0OL001018,SPECTSTM,SM,,,,,SPECTRUM TALENT MGMT LTD,64.05,66.0,64.05,65.65,65.05,62.35,,65.65,,,3200,208840.0,4,F1,800,,,,,
2026-08-07,2026-08-07,CM,NSE,STK,8163,INE020801028,SPENCERS,EQ,,,,,SPENCER S RETAIL LIMITED,33.4,33.4,32.2,32.44,32.65,33.01,,32.44,,,43876,1434212.19,759,F1,1,,,,,
2026-08-07,2026-08-07,CM,NSE,STK,3252,INE147A01011,SPIC,EQ,,,,,SPIC LTD,68.07,68.27,67.5,67.8,67.93,68.28,,67.8,,,133846,9088576.08,1416,F1,1,,,,,
2026-08-07,2026-08-07,CM,NSE,STK,11935,INE978G01016,SPLIL,EQ,,,,,SPL INDUSTRIES LIMITED,32.99,32.99,32.21,32.69,32.4,31.8,,32.69,,,10835,354091.05,96,F1,1,,,,,
2026-08-07,2026-08-07,CM,NSE,STK,3321,INE937A01023,SPMLINFRA,EQ,,,,,SPML INFRA LIMITED,193.39,194.61,189.47,189.94,190.0,194.7,,189.96,,,197085,37705702.99,2380,F1,1,,,,,
2026-08-07,2026-08-07,CM,NSE,STK,10733,INE885H01029,SPORTKING,EQ,,,,,SPORTKING INDIA LIMITED,206.11,215.91,204.76,214.34,214.0,206.66,,214.34,,,742062,157750632.51,11843,F1,1,,,,,
2026-08-07,2026-08-07,CM,NSE,STK,17186,INE526E01018,SHRIPISTON,EQ,,,,,SPR AUTO TECHNOLOGIES LTD,4300.0,4469.8,4296.1,4392.8,4350.0,4325.4,,4390.82,,,56486,248493640.9,10179,F1,1,,,,,
2026-08-07,2026-08-07,CM,NSE,STK,757865,INE19QH01010,SPUNWEB,SM,,,,,SPUNWEB NONWOVEN LIMITED,102.0,102.0,102.0,102.0,102.0,102.0,,102.0,,,1200,122400.0,1,F1,1200,,,,,
2026-08-07,2026-08-07,CM,NSE,STK,14582,INE917H01012,SRHHYPOLTD,EQ,,,,,SREE RAYALSEEMA HHP LTD.,515.0,521.0,508.0,517.45,518.0,512.65,,517.5,,,16562,8552607.3,794,F1,1,,,,,
2026-08-07,2026-08-07,CM,NSE,STK,31837,INE099F01013,SREEL,EQ,,,,,SREELEATHERS LIMITED,218.0,218.0,212.51,216.53,217.4,215.37,,216.52,,,3093,665413.75,190,F1,1,,,,,
2026-08-07,2026-08-07,CM,NSE,STK,3273,INE647A01010,SRF,EQ,,,,,SRF LTD,2624.9,2640.6,2610.0,2615.0,2615.0,2624.9,,2615.02,,,262181,687052491.5,16080,F1,1,,,,,
2026-08-07,2026-08-07,CM,NSE,STK,18119,INE559N01010,SRGHFL,EQ,,,,,SRG HOUSING FINANCE L,283.25,294.9,283.25,287.1,286.2,291.75,,287.1,,,555,159654.75,33,F1,1,,,,,
2026-08-07,2026-08-07,CM,NSE,STK,7457,INE293B01029,HAVISHA,EQ,,,,,SRI HAVISHA HOSP & INFR L,1.55,1.58,1.43,1.46,1.46,1.44,,1.45,,,85296,128681.8,318,F1,1,,,,,
2026-08-07,2026-08-07,CM,NSE,STK,758145,INE0V9Q01010,LOTUSDEV,EQ,,,,,SRI LOTUS DEVLPRS N RTY L,185.83,190.0,185.83,185.83,185.83,195.61,,185.84,,,1098639,204818861.76,2183,F1,1,,,,,
2026-08-07,2026-08-07,CM,NSE,STK,761393,INE0TPJ01019,SPCON,SM,,,,,SRINIBAS PRADHAN CONST L,155.95,155.95,152.6,152.6,152.6,150.4,,152.6,,,2400,370260.0,2,F1,1200,,,,,
2026-08-07,2026-08-07,CM,NSE,STK,18059,INE0ON201012,SSFL,ST,,,,,SRIVARI SPICES N FOODS L,239.95,239.95,234.05,236.0,236.0,242.2,,236.0,,,8000,1898075.0,15,F1,500,,,,,
2026-08-07,2026-08-07,CM,NSE,STK,14416,INE0NPI01014,SRIVASAVI,ST,,,,,SRIVASAVI ADHESIVE TAPE L,90.0,90.0,90.0,90.0,90.0,87.95,,90.0,,,1000,90000.0,1,F1,1000,,,,,
2026-08-07,2026-08-07,CM,NSE,STK,23402,INE0R6Z01013,SRM,EQ,,,,,SRM CONTRACTORS LIMITED,530.95,535.0,517.05,520.7,521.5,529.05,,520.7,,,90803,47615230.0,3058,F1,1,,,,,
2026-08-07,2026-08-07,CM,NSE,STK,29204,INE0RYC01010,STALLION,EQ,,,,,STALLION IND FLUOROCHEM L,269.7,273.6,251.55,256.5,255.0,270.2,,256.5,,,2007602,527783858.0,25195,F1,1,,,,,
2026-08-07,2026-08-07,CM,NSE,STK,29075,INE0M4D01010,SETL,EQ,,,,,STANDARD ENGNG TCNLGY LTD,288.35,288.35,278.0,281.0,279.2,274.65,,280.94,,,555977,157144194.3,7275,F1,1,,,,,
2026-08-07,2026-08-07,CM,NSE,STK,11297,INE173A01025,SIL,EQ,,,,,STANDARD INDUSTRIES LTD.,17.1,17.2,16.9,17.09,17.16,17.02,,17.09,,,34030,580863.23,265,F1,1,,,,,
2026-08-07,2026-08-07,CM,NSE,STK,24226,INE01A001028,STANLEY,EQ,,,,,STANLEY LIFESTYLES LTD,154.39,155.4,146.52,149.91,148.75,153.62,,149.84,,,95404,14433260.74,2526,F1,1,,,,,
2026-08-07,2026-08-07,CM,NSE,STK,21091,INE460H01021,STARCEMENT,EQ,,,,,STAR CEMENT LIMITED,203.34,204.49,196.5,201.96,203.1,203.34,,201.97,,,693029,138683756.42,10495,F1,1,,,,,
2026-08-07,2026-08-07,CM,NSE,STK,7083,INE575P01011,STARHEALTH,EQ,,,,,STAR HEALTH & AL INS CO L,574.0,580.75,568.0,569.85,568.15,573.65,,569.85,,,198994,113767431.65,15838,F1,1,,,,,
2026-08-07,2026-08-07,CM,NSE,STK,3291,INE733A01018,STARPAPER,EQ,,,,,STAR PAPER MILLS LTD,151.59,153.98,150.0,152.53,152.5,152.31,,152.53,,,14807,2256610.72,188,F1,1,,,,,
2026-08-07,2026-08-07,CM,NSE,STK,9305,INE992I01013,STARTECK,EQ,,,,,STARTECK FINANCE LIMITED,255.3,259.55,255.3,256.95,256.5,257.3,,256.95,,,7410,1914562.6,70,F1,1,,,,,
2026-08-07,2026-08-07,CM,NSE,STK,3045,INE062A01020,SBIN,EQ,,,,,STATE BANK OF INDIA,1080.1,1124.5,1075.7,1097.2,1097.2,1085.0,,1097.13,,,29410622,32460736548.4,439578,F1,1,,,,,
2026-08-07,2026-08-07,CM,NSE,STK,2963,INE114A01011,SAIL,EQ,,,,,STEEL AUTHORITY OF INDIA,176.6,176.88,174.61,176.58,176.58,176.74,,176.57,,,9569899,1683888101.72,41430,F1,1,,,,,
2026-08-07,2026-08-07,CM,NSE,STK,10406,INE395H01011,STEELCITY,EQ,,,,,STEEL CITY SECURITIES LTD,85.78,85.78,84.0,84.29,84.0,84.65,,84.29,,,6653,560803.59,160,F1,1,,,,,
2026-08-07,2026-08-07,CM,NSE,STK,21339,INE503B01021,STEELXIND,EQ,,,,,STEEL EXCHANGE INDIA LTD,11.45,11.54,11.12,11.21,11.16,11.45,,11.21,,,1033647,11629822.8,1622,F1,1,,,,,
2026-08-07,2026-08-07,CM,NSE,STK,11829,INE802C01033,SSWL,EQ,,,,,STEEL STRIPS WHEELS LTD.,305.05,317.2,305.05,308.5,309.55,309.2,,308.53,,,658437,206280521.2,11526,F1,1,,,,,
2026-08-07,2026-08-07,CM,NSE,STK,6803,INE124E01038,STEELCAS,EQ,,,,,STEELCAST LIMITED,339.0,341.45,330.3,331.6,330.5,337.75,,331.58,,,53250,17774558.25,2457,F1,1,,,,,
2026-08-07,2026-08-07,CM,NSE,STK,21484,INE577L01016,STEL,EQ,,,,,STEL HOLDINGS LIMITED,566.5,566.5,551.3,552.95,553.3,564.1,,551.98,,,1219,677852.75,108,F1,1,,,,,
2026-08-07,2026-08-07,CM,NSE,STK,6188,INE334A01023,STERTOOLS,BE,,,,,STERLING TOOLS LIMITED,246.6,250.0,241.1,244.15,244.0,249.0,,244.37,,,23608,5740139.85,362,F1,1,,,,,
2026-08-07,2026-08-07,CM,NSE,STK,9313,INE089C01029,STLTECH,BE,,,,,STERLITE TECHNOLOGIES LTD,629.7,645.0,603.9,638.9,638.9,633.85,,638.89,,,1674019,1038728068.05,38321,F1,1,,,,,
2026-08-07,2026-08-07,CM,NSE,STK,13367,INE353H01010,SGL,EQ,,,,,STL GLOBAL LIMITED,9.96,10.74,9.51,10.19,9.82,9.92,,10.19,,,40514,403771.67,146,F1,1,,,,,
2026-08-07,2026-08-07,CM,NSE,STK,758978,INE1VXE01018,STLNETWORK,BE,,,,,STL NETWORKS LIMITED,24.71,25.02,24.32,24.89,24.98,24.71,,24.88,,,386315,9601310.37,778,F1,1,,,,,
2026-08-07,2026-08-07,CM,NSE,STK,2107,INE00IN01015,STOVEKRAFT,EQ,,,,,STOVE KRAFT LIMITED,804.8,819.0,793.0,797.55,795.0,800.2,,797.54,,,246697,199222382.7,11517,F1,1,,,,,
2026-08-07,2026-08-07,CM,NSE,STK,761091,INE1XWN01017,STRIDERS,SM,,,,,STRIDERS IMPEX LIMITED,64.0,65.0,64.0,64.1,64.1,64.85,,64.1,,,17600,1133680.0,9,F1,1600,,,,,
2026-08-07,2026-08-07,CM,NSE,STK,7374,INE939A01011,STAR,EQ,,,,,STRIDES PHARMA SCI LTD,998.3,1019.7,991.0,1003.8,1001.0,997.2,,1003.82,,,260563,262875386.5,17288,F1,1,,,,,
2026-08-07,2026-08-07,CM,NSE,STK,12489,INE00M201021,SWSOLAR,EQ,,,,,STRLNG & WIL REN ENE LTD,206.0,207.0,204.5,204.93,205.35,206.92,,204.93,,,469420,96476593.47,5790,F1,1,,,,,
2026-08-07,2026-08-07,CM,NSE,STK,759587,INE00Q601028,STUDDS,EQ,,,,,STUDDS ACCESSORIES LTD,451.0,451.0,435.0,438.75,439.9,446.55,,438.88,,,66634,29407259.9,1796,F1,1,,,,,
2026-08-07,2026-08-07,CM,NSE,STK,758527,INE17VO01028,STUDIOLSD,SM,,,,,STUDIO LSD LIMITED,9.0,9.0,8.8,8.8,8.8,9.0,,8.8,,,16000,142200.0,8,F1,2000,,,,,
2026-08-07,2026-08-07,CM,NSE,STK,5186,INE239C01020,STYLAMIND,EQ,,,,,STYLAM INDUSTRIES LIMITED,3594.0,3594.0,3512.4,3536.5,3512.4,3594.3,,3536.62,,,17501,61939653.0,5043,F1,1,,,,,
2026-08-07,2026-08-07,CM,NSE,STK,19,INE189B01011,STYRENIX,EQ,,,,,STYRENIX PERFORMANCE LTD,2275.0,2324.4,2244.0,2257.2,2255.0,2279.0,,2257.17,,,70445,160373609.5,6875,F1,1,,,,,
2026-08-07,2026-08-07,CM,NSE,STK,760112,INE0RYR01018,SUBAHOTELS,SM,,,,,SUBA HOTELS LIMITED,111.5,111.5,111.0,111.0,111.0,111.2,,111.0,,,12000,1332600.0,10,F1,1200,,,,,
2026-08-07,2026-08-07,CM,NSE,STK,959,INE754A01055,SUBEXLTD,BE,,,,,SUBEX LTD,14.15,14.15,13.6,13.74,13.7,14.13,,13.74,,,1417230,19728114.71,2252,F1,1,,,,,
2026-08-07,2026-08-07,CM,NSE,STK,3324,INE287B01021,SUBROS,EQ,,,,,SUBROS LIMITED,832.0,841.7,812.2,828.7,812.9,826.7,,828.73,,,50756,42293641.8,3382,F1,1,,,,,
2026-08-07,2026-08-07,CM,NSE,STK,3327,INE659A01023,SUDARSCHEM,EQ,,,,,SUDARSHAN CHEMICAL INDS L,1119.0,1157.0,1115.0,1139.6,1135.1,1115.6,,1139.49,,,349920,398279205.1,17828,F1,1,,,,,
2026-08-07,2026-08-07,CM,NSE,STK,715,INE492A01029,SUDARCOLOR,EQ,,,,,SUDARSHAN COLORNT IND LTD,430.75,431.8,417.0,421.05,422.0,428.6,,421.4,,,24584,10438562.7,1025,F1,1,,,,,
2026-08-07,2026-08-07,CM,NSE,STK,760039,INE0QPI01025,SUDEEPPHRM,EQ,,,,,SUDEEP PHARMA LIMITED,970.05,999.95,946.35,957.55,960.0,974.15,,957.56,,,265819,259689295.35,14174,F1,1,,,,,
2026-08-07,2026-08-07,CM,NSE,STK,11804,INE450E01029,SUKHJITS,EQ,,,,,SUKHJIT STARCH & CHEM LTD,161.2,164.95,160.95,162.04,160.95,161.2,,162.04,,,5302,860147.27,316,F1,1,,,,,
2026-08-07,2026-08-07,CM,NSE,STK,13218,INE142Q01026,SULA,EQ,,,,,SULA VINEYARDS LIMITED,159.95,162.7,155.1,158.55,158.8,167.54,,158.54,,,787216,125400425.57,14392,F1,1,,,,,
2026-08-07,2026-08-07,CM,NSE,STK,20790,INE235C01036,SUMEETINDS,EQ,,,,,SUMEET IND LIMITED,17.28,17.28,17.28,17.28,17.28,18.18,,17.31,,,120603,2084019.84,363,F1,1,,,,,
2026-08-07,2026-08-07,CM,NSE,STK,11140,INE748Z01013,SUMIT,EQ,,,,,SUMIT WOODS LIMITED,58.0,58.0,55.0,56.77,57.4,56.78,,56.77,,,32740,1841086.66,482,F1,1,,,,,
2026-08-07,2026-08-07,CM,NSE,STK,17105,INE258G01013,SUMICHEM,EQ,,,,,SUMITOMO CHEM INDIA LTD,525.6,540.6,520.8,532.95,526.6,525.2,,533.11,,,611836,327503889.95,17558,F1,1,,,,,
2026-08-07,2026-08-07,CM,NSE,STK,21275,INE519C01017,SUMMITSEC,EQ,,,,,SUMMIT SECURITIES LTD,1507.3,1513.0,1491.7,1498.7,1496.1,1511.1,,1498.81,,,4396,6599165.0,352,F1,1,,,,,
2026-08-07,2026-08-07,CM,NSE,STK,14788,INE232I01014,SPARC,EQ,,,,,SUN PHARMA ADV.RES.CO.LTD,216.99,217.03,211.0,213.21,212.0,216.98,,213.19,,,607331,129941245.83,8838,F1,1,,,,,
2026-08-07,2026-08-07,CM,NSE,STK,3351,INE044A01036,SUNPHARMA,EQ,,,,,SUN PHARMACEUTICAL IND L,1955.0,1957.0,1925.1,1945.0,1945.0,1951.0,,1945.01,,,2425268,4699863722.7,119502,F1,1,,,,,
2026-08-07,2026-08-07,CM,NSE,STK,13404,INE424H01027,SUNTV,EQ,,,,,SUN TV NETWORK LIMITED,491.6,491.95,485.1,486.65,486.75,489.2,,486.64,,,137019,66833328.95,6548,F1,1,,,,,
2026-08-07,2026-08-07,CM,NSE,STK,20956,INE0Q3R01026,SUNCLAY,EQ,,,,,SUNDARAM CLAYTON LIMITED,1270.1,1293.2,1232.2,1241.6,1259.0,1269.4,,1241.87,,,8764,11066116.6,1071,F1,1,,,,,
2026-08-07,2026-08-07,CM,NSE,STK,3339,INE660A01013,SUNDARMFIN,EQ,,,,,SUNDARAM FINANCE LTD,4655.0,4663.0,4585.0,4604.2,4605.0,4647.4,,4604.19,,,22448,103589533.0,7153,F1,1,,,,,
2026-08-07,2026-08-07,CM,NSE,STK,18931,INE108E01023,SUNDARAM,EQ,,,,,SUNDARAM MULTI PAP LTD,1.24,1.25,1.23,1.23,1.25,1.23,,1.23,,,227965,282021.04,222,F1,1,,,,,
2026-08-07,2026-08-07,CM,NSE,STK,9848,INE073D01013,SUNDRMBRAK,BE,,,,,SUNDARAMBRAKE LININGS LTD,771.5,789.8,762.0,787.0,786.8,775.5,,787.0,,,371,288953.1,49,F1,1,,,,,
2026-08-07,2026-08-07,CM,NSE,STK,3345,INE387A01021,SUNDRMFAST,EQ,,,,,SUNDRAM FASTENERS LTD,1091.0,1109.45,1085.25,1090.55,1089.6,1085.25,,1090.57,,,393173,431347629.65,26539,F1,1,,,,,
2026-08-07,2026-08-07,CM,NSE,STK,761202,INE0CTB01014,SOCL,SM,,,,,SUNDREX OIL COMPANY LTD,27.1,27.5,27.1,27.5,27.5,27.1,,27.5,,,4800,131360.0,3,F1,1600,,,,,
2026-08-07,2026-08-07,CM,NSE,STK,1663,INE209A01019,SUNDROP,EQ,,,,,SUNDROP BRANDS LIMITED,690.0,718.7,672.2,681.8,675.6,664.8,,681.8,,,216488,149987032.5,8574,F1,1,,,,,
2026-08-07,2026-08-07,CM,NSE,STK,3348,INE947A01014,SUNFLAG,EQ,,,,,SUNFLAG IRON AND STEEL CO,392.4,392.4,377.05,389.4,391.0,388.95,,389.36,,,305259,117557695.65,6170,F1,1,,,,,
2026-08-07,2026-08-07,CM,NSE,STK,18264,INE0O3O01017,SEL,SM,,,,,SUNGARNER ENERGIES LTD,235.0,235.0,216.1,221.9,216.1,235.0,,221.9,,,5000,1123160.0,25,F1,200,,,,,
2026-08-07,2026-08-07,CM,NSE,STK,24868,INE0U2N01013,SUNLITE,SM,,,,,SUNLITE RECYCLING IND LTD,475.6,485.55,430.0,438.9,434.0,478.0,,438.9,,,37500,16865580.0,116,F1,300,,,,,
2026-08-07,2026-08-07,CM,NSE,STK,20213,INE0PLZ01012,SUNREST,SM,,,,,SUNREST LIFESCIENCE LTD,41.8,43.25,40.5,40.5,40.5,39.0,,40.5,,,14400,602320.0,9,F1,1600,,,,,
2026-08-07,2026-08-07,CM,NSE,STK,17641,INE805D01034,SUNTECK,EQ,,,,,SUNTECK REALTY LIMITED,303.9,303.9,298.25,299.15,298.5,301.65,,299.11,,,124383,37311792.55,3326,F1,1,,,,,
2026-08-07,2026-08-07,CM,NSE,STK,8931,INE662A01027,SUPERSPIN,BE,,,,,SUPER SPINNING MILLS LTD,6.48,6.48,6.36,6.36,6.36,6.48,,5.99,,,1505,9615.72,13,F1,1,,,,,
2026-08-07,2026-08-07,CM,NSE,STK,20616,INE712B01010,SUPERHOUSE,EQ,,,,,SUPERHOUSE LIMITED,160.0,161.0,156.19,159.5,161.0,159.02,,159.5,,,1582,252670.86,62,F1,1,,,,,
2026-08-07,2026-08-07,CM,NSE,STK,11689,INE399C01030,SUPRAJIT,EQ,,,,,SUPRAJIT ENGINEERING LTD,540.0,541.0,513.3,521.8,517.0,527.55,,521.84,,,504993,268508551.05,19191,F1,1,,,,,
2026-08-07,2026-08-07,CM,NSE,STK,758997,INE319Z01021,SUPREMEENG,BZ,,,,,SUPREME ENGINEERING LTD,2.29,2.29,2.29,2.29,2.29,2.25,,2.29,,,132045,302383.05,64,F1,1,,,,,
2026-08-07,2026-08-07,CM,NSE,STK,28069,INE0U6N01014,SFML,SM,,,,,SUPREME FACILITY MGMT LTD,23.5,23.5,23.3,23.4,23.4,23.5,,23.4,,,6400,149760.0,4,F1,1600,,,,,
2026-08-07,2026-08-07,CM,NSE,STK,29439,INE822E01011,SUPREME,EQ,,,,,SUPREME HOLDIN N HOSP I L,45.25,46.46,45.25,45.5,45.5,45.82,,45.5,,,3896,178046.87,75,F1,1,,,,,
2026-08-07,2026-08-07,CM,NSE,STK,3363,INE195A01028,SUPREMEIND,EQ,,,,,SUPREME INDUSTRIES LTD,3477.0,3477.0,3415.3,3442.0,3442.0,3477.0,,3441.98,,,177284,609638259.4,12752,F1,1,,,,,
2026-08-07,2026-08-07,CM,NSE,STK,15002,INE550H01011,SUPREMEINF,EQ,,,,,SUPREME INFRA. LTD.,92.75,93.19,90.15,91.36,92.21,92.75,,91.39,,,34219,3152436.17,952,F1,1,,,,,
2026-08-07,2026-08-07,CM,NSE,STK,9617,INE663A01033,SPLPETRO,EQ,,,,,SUPREME PETROCHEM LIMITED,700.0,707.6,693.4,701.45,703.0,702.65,,701.39,,,35263,24787734.6,2962,F1,1,,,,,
2026-08-07,2026-08-07,CM,NSE,STK,21067,INE0QHG01026,SUPREMEPWR,SM,,,,,SUPREME POWER EQUIPMENT L,208.0,210.0,204.0,205.1,205.0,210.75,,205.1,,,40500,8388825.0,69,F1,500,,,,,
2026-08-07,2026-08-07,CM,NSE,STK,7390,INE07RO01027,SUPRIYA,EQ,,,,,SUPRIYA LIFESCIENCE LTD,891.7,928.0,891.7,923.45,928.0,890.85,,923.5,,,234139,214449117.75,14488,F1,1,,,,,
2026-08-07,2026-08-07,CM,NSE,STK,20822,INE843S01025,SURAJEST,EQ,,,,,SURAJ ESTATE DEVELOPERS L,204.06,205.25,191.22,201.61,205.0,204.06,,201.61,,,127987,25707934.85,899,F1,1,,,,,
2026-08-07,2026-08-07,CM,NSE,STK,24966,INE713C01016,SURAJLTD,EQ,,,,,SURAJ LIMITED,219.18,222.58,218.0,221.9,221.9,218.68,,221.9,,,107,23728.13,8,F1,1,,,,,
2026-08-07,2026-08-07,CM,NSE,STK,27334,INE877V01027,SURAKSHA,EQ,,,,,SURAKSHA DIAGNOSTIC LTD,250.05,253.85,247.0,249.55,248.5,250.75,,249.56,,,20821,5202149.3,913,F1,1,,,,,
2026-08-07,2026-08-07,CM,NSE,STK,21077,INE272L01022,SURANASOL,EQ,,,,,SURANA SOLAR LIMITED,28.09,28.23,26.16,26.57,26.68,27.62,,26.59,,,64986,1758379.63,663,F1,1,,,,,
2026-08-07,2026-08-07,CM,NSE,STK,10700,INE130B01031,SURANAT&P,EQ,,,,,SURANA TELECOM AND POW LT,17.9,18.3,17.7,17.84,17.7,17.97,,17.78,,,67034,1213439.95,574,F1,1,,,,,
2026-08-07,2026-08-07,CM,NSE,STK,8513,INE01ZJ01015,SURANI,SM,,,,,SURANI STEEL TUBES LTD.,99.05,99.2,99.05,99.2,99.2,99.0,,99.2,,,600,59490.0,3,F1,200,,,,,
2026-08-07,2026-08-07,CM,NSE,STK,14139,INE05ST01028,SBGLP,EQ,,,,,SURATWWALA BUS GROUP LTD,26.35,26.35,24.5,24.93,25.3,25.37,,24.93,,,5418,135343.24,59,F1,1,,,,,
2026-08-07,2026-08-07,CM,NSE,STK,3375,INE335A01020,SURYAROSNI,EQ,,,,,SURYA ROSHNI LTD,250.99,258.5,249.02,252.35,252.59,250.73,,252.34,,,915743,233014292.14,20226,F1,1,,,,,
2026-08-07,2026-08-07,CM,NSE,STK,11852,INE713B01026,SURYALAXMI,EQ,,,,,SURYALAKSHMI COT MIL LTD,59.55,61.08,59.55,60.22,60.0,58.85,,60.21,,,7214,434752.81,99,F1,1,,,,,
2026-08-07,2026-08-07,CM,NSE,STK,762924,INE132C01027,SURYALA,EQ,,,,,SURYALATA SPINNING MILL L,399.95,405.0,396.5,398.9,398.15,399.6,,399.65,,,259,103681.7,24,F1,1,,,,,
2026-08-07,2026-08-07,CM,NSE,STK,2970,INE428Q01011,SURYODAY,EQ,,,,,SURYODAY SMALL FIN BK LTD,163.14,164.9,161.16,162.02,161.51,162.62,,162.02,,,577727,93939835.74,6493,F1,1,,,,,
2026-08-07,2026-08-07,CM,NSE,STK,13804,INE645H01027,SUTLEJTEX,BE,,,,,SUTLEJ TEXT & INDUS LTD,40.0,40.44,38.42,38.54,38.5,40.44,,38.57,,,58626,2270050.25,239,F1,1,,,,,
2026-08-07,2026-08-07,CM,NSE,STK,11233,INE495B01038,SUVEN,EQ,,,,,SUVEN LIFE SCIENCES LTD,313.0,324.25,312.0,318.4,315.0,317.8,,318.37,,,486776,155132106.8,12482,F1,1,,,,,
2026-08-07,2026-08-07,CM,NSE,STK,2998,INE018401013,SUVIDHAA,EQ,,,,,SUVIDHAA INFOSERVE LTD,2.53,2.8,2.53,2.59,2.6,2.58,,2.59,,,116592,302037.87,185,F1,1,,,,,
2026-08-07,2026-08-07,CM,NSE,STK,24851,INE442P01014,SUYOG,EQ,,,,,SUYOG TELEMATICS LIMITED,850.0,884.9,845.0,880.45,878.0,862.55,,880.38,,,41570,36172141.75,2317,F1,1,,,,,
2026-08-07,2026-08-07,CM,NSE,STK,12018,INE040H01021,SUZLON,EQ,,,,,SUZLON ENERGY LIMITED,48.09,48.99,47.95,48.15,48.15,48.1,,48.14,,,52362545,2537930534.68,90298,F1,1,,,,,
2026-08-07,2026-08-07,CM,NSE,STK,5023,INE308E01029,SVPGLOB,BE,,,,,SVP GLOBAL TEXTILES LTD,3.75,4.0,3.75,3.9,3.93,3.81,,3.9,,,145667,576647.16,43,F1,1,,,,,
2026-08-07,2026-08-07,CM,NSE,STK,27095,INE665A01038,SWANCORP,EQ,,,,,SWAN CORP LIMITED,308.75,312.4,307.15,308.05,308.15,310.9,,308.06,,,490454,151626377.0,9298,F1,1,,,,,
2026-08-07,2026-08-07,CM,NSE,STK,29164,INE542F01020,SWANDEF,BE,,,,,SWAN DEFENCE N HEVY IND L,2680.0,2735.0,2649.0,2694.9,2690.0,2649.0,,2695.81,,,20021,54236956.8,1563,F1,1,,,,,
2026-08-07,2026-08-07,CM,NSE,STK,3384,INE277A01016,SWARAJENG,EQ,,,,,SWARAJ ENGINES LTD,3594.8,3608.6,3577.0,3600.4,3602.7,3595.8,,3601.26,,,5398,19404249.9,1409,F1,1,,,,,
2026-08-07,2026-08-07,CM,NSE,STK,8608,INE0GMR01016,SWARAJ,SM,,,,,SWARAJ SUITING LIMITED,362.35,367.0,354.0,356.1,354.0,360.5,,356.1,,,271000,97201450.0,307,F1,500,,,,,
2026-08-07,2026-08-07,CM,NSE,STK,11497,INE0DGC01025,SWASTIK,ST,,,,,SWASTIK PIPE LIMITED,19.25,19.25,19.25,19.25,19.25,19.6,,19.25,,,7200,138600.0,3,F1,1200,,,,,
2026-08-07,2026-08-07,CM,NSE,STK,11909,INE409B01013,SWELECTES,EQ,,,,,SWELECT ENERGY SYS LTD,655.0,676.4,655.0,670.6,670.0,663.3,,670.62,,,35012,23468685.35,958,F1,1,,,,,
2026-08-07,2026-08-07,CM,NSE,STK,27066,INE00H001014,SWIGGY,EQ,,,,,SWIGGY LIMITED,288.9,288.95,278.25,280.75,280.75,288.65,,280.74,,,26303196,7417723592.85,88330,F1,1,,,,,
2026-08-07,2026-08-07,CM,NSE,STK,24190,INE225D01027,SYMPHONY,EQ,,,,,SYMPHONY LIMITED,652.4,657.9,651.05,654.05,652.0,652.4,,653.46,,,45198,29612073.6,2337,F1,1,,,,,
2026-08-07,2026-08-07,CM,NSE,STK,11992,INE312C01025,SYNCOMF,EQ,,,,,SYNCOM FORMU (I) LTD,13.14,13.49,13.11,13.45,13.48,13.18,,13.45,,,1884367,25170281.78,3560,F1,1,,,,,
2026-08-07,2026-08-07,CM,NSE,STK,5114,INE00QT01015,SGIL,EQ,,,,,SYNERGY GREEN IND. LTD,600.0,604.0,595.2,603.3,600.0,597.1,,603.29,,,9026,5421029.6,209,F1,1,,,,,
2026-08-07,2026-08-07,CM,NSE,STK,10243,INE398R01022,SYNGENE,EQ,,,,,SYNGENE INTERNATIONAL LTD,399.2,412.2,397.85,403.7,400.65,399.75,,403.67,,,2260564,915060403.55,78733,F1,1,,,,,
2026-08-07,2026-08-07,CM,NSE,STK,17206,INE0BTR01012,SYNOPTICS,ST,,,,,SYNOPTICS TECHNOLOGIES L,70.5,71.0,70.5,71.0,71.0,74.2,,71.0,,,3600,254700.0,6,F1,600,,,,,
2026-08-07,2026-08-07,CM,NSE,STK,10793,INE0DYJ01015,SYRMA,EQ,,,,,SYRMA SGS TECHNOLOGY LTD,1413.9,1434.0,1407.5,1424.7,1420.0,1418.0,,1424.68,,,509551,724133212.4,22516,F1,1,,,,,
2026-08-07,2026-08-07,CM,NSE,STK,14506,INE0O7R01011,SYSTANGO,SM,,,,,SYSTANGO TECHNOLOGIES LTD,211.0,214.0,209.35,210.45,210.0,211.8,,210.45,,,16000,3381460.0,33,F1,400,,,,,
2026-08-07,2026-08-07,CM,NSE,STK,759358,INE356B01024,SYSTMTXC,BE,,,,,SYSTEMATIX CORP SERVICE L,59.0,60.8,59.0,60.5,60.5,59.55,,59.68,,,7676,464288.07,28,F1,1,,,,,
2026-08-07,2026-08-07,CM,NSE,STK,14314,INE592B01024,TTL,EQ,,,,,T T LIMITED,6.28,6.39,5.7,5.81,5.86,6.28,,5.81,,,736313,4315770.38,1268,F1,1,,,,,
2026-08-07,2026-08-07,CM,NSE,STK,762929,INE524T01011,TAALTECH,EQ,,,,,TAAL TECH LTD.,4180.0,4696.0,4060.1,4489.3,4464.0,4110.2,,4489.18,,,69693,314080321.7,13120,F1,1,,,,,
2026-08-07,2026-08-07,CM,NSE,STK,23438,INE0SOY01013,TAC,SM,,,,,TAC INFOSEC LIMITED,513.15,520.0,504.9,511.05,506.0,510.7,,511.05,,,27600,14145180.0,121,F1,200,,,,,
2026-08-07,2026-08-07,CM,NSE,STK,3396,INE123C01018,TAINWALCHM,EQ,,,,,TAINWALA CHEMICAL AND PLA,207.0,209.96,205.0,207.5,206.0,206.16,,207.52,,,4292,891169.95,127,F1,1,,,,,
2026-08-07,2026-08-07,CM,NSE,STK,9354,INE586B01026,TAJGVK,EQ,,,,,TAJ GVK HOTELS & RESORTS,369.15,370.8,356.0,360.45,360.45,369.15,,360.42,,,100613,36502668.85,3419,F1,1,,,,,
2026-08-07,2026-08-07,CM,NSE,STK,14917,INE142I01023,TAKE,EQ,,,,,TAKE SOLUTIONS LTD,22.78,22.79,22.31,22.69,22.61,22.39,,22.69,,,1461136,33091571.08,1673,F1,1,,,,,
2026-08-07,2026-08-07,CM,NSE,STK,13648,INE187D01029,TALBROAUTO,EQ,,,,,TALBROS AUTO. COMP. LTD,436.4,444.0,433.0,439.35,438.0,437.0,,439.35,,,120445,52778235.35,5437,F1,1,,,,,
2026-08-07,2026-08-07,CM,NSE,STK,762937,INE864J01012,TAMBOLIIN,BE,,,,,TAMBOLI INDUSTRIES LTD.,220.0,228.7,215.0,227.45,224.2,218.79,,227.45,,,13505,2998032.08,91,F1,1,,,,,
2026-08-07,2026-08-07,CM,NSE,STK,10945,INE668A01016,TMB,EQ,,,,,TAMILNAD MERCA BANK LTD,873.4,885.1,865.4,875.95,872.8,873.4,,875.94,,,142977,125088618.7,9025,F1,1,,,,,
2026-08-07,2026-08-07,CM,NSE,STK,3980,INE107A01015,TNPL,EQ,,,,,TAMILNADU NEWSPRT & PAPER,157.55,157.55,154.91,156.6,157.0,157.15,,156.61,,,89590,14000968.42,2459,F1,1,,,,,
2026-08-07,2026-08-07,CM,NSE,STK,3509,INE148A01019,TNPETRO,EQ,,,,,TAMILNADU PETROPRODUCTS L,99.17,102.99,98.68,101.03,101.35,98.68,,101.02,,,257739,26108762.44,2835,F1,1,,,,,
2026-08-07,2026-08-07,CM,NSE,STK,3512,INE141D01018,TNTELE,EQ,,,,,TAMILNADU TELECOMMUNICATI,9.2,9.9,8.91,9.03,9.12,8.93,,9.03,,,49016,451466.97,107,F1,1,,,,,
2026-08-07,2026-08-07,CM,NSE,STK,756338,INE0Z7N01017,TANKUP,ST,,,,,TANKUP ENGINEERS LIMITED,1180.0,1240.0,1180.0,1240.0,1240.0,1200.0,,1240.0,,,750,900000.0,3,F1,250,,,,,
2026-08-07,2026-08-07,CM,NSE,STK,13976,INE483C01032,TANLA,EQ,,,,,TANLA PLATFORMS LIMITED,608.0,623.5,602.8,613.55,612.05,608.9,,613.58,,,580312,357870682.65,15463,F1,1,,,,,
2026-08-07,2026-08-07,CM,NSE,STK,23512,INE555Z01020,TARACHAND,EQ,,,,,TARA CHAND INFRA SOLN LTD,49.65,50.49,48.0,49.49,49.38,49.89,,49.49,,,406435,20245894.09,2370,F1,1,,,,,
2026-08-07,2026-08-07,CM,NSE,STK,18827,INE747K01017,TARAPUR,EQ,,,,,TARAPUR TRANSFORMERS LTD,13.6,13.9,12.21,13.21,13.29,13.54,,13.29,,,158482,2017955.28,770,F1,1,,,,,
2026-08-07,2026-08-07,CM,NSE,STK,1581,INE0EK901012,TARC,EQ,,,,,TARC LIMITED,135.5,136.97,130.05,130.78,130.5,135.51,,130.76,,,458979,60627734.75,4479,F1,1,,,,,
2026-08-07,2026-08-07,CM,NSE,STK,14771,INE924H01018,TARMAT,EQ,,,,,TARMAT LIMITED,49.48,53.95,49.48,52.7,52.6,49.48,,52.66,,,29778,1550771.12,367,F1,1,,,,,
2026-08-07,2026-08-07,CM,NSE,STK,6943,INE144Z01023,TARSONS,EQ,,,,,TARSONS PRODUCTS LIMITED,317.5,320.0,308.0,312.3,310.0,317.5,,312.35,,,101639,31814370.55,3502,F1,1,,,,,
2026-08-07,2026-08-07,CM,NSE,STK,20092,INE488B01017,TASTYBITE,EQ,,,,,TASTY BITE EATABLES LTD,9108.5,9589.0,9096.5,9394.0,9400.0,9175.0,,9394.14,,,3605,33979022.5,1387,F1,1,,,,,
2026-08-07,2026-08-07,CM,NSE,STK,759265,INE976I01016,TATACAP,EQ,,,,,TATA CAPITAL LIMITED,384.4,384.65,367.2,370.3,369.4,382.7,,370.76,,,3710557,1382299997.45,68255,F1,1,,,,,
2026-08-07,2026-08-07,CM,NSE,STK,3405,INE092A01019,TATACHEM,EQ,,,,,TATA CHEMICALS LTD,675.4,702.0,668.0,673.55,670.0,663.3,,673.55,,,3567616,2442064734.45,87053,F1,1,,,,,
2026-08-07,2026-08-07,CM,NSE,STK,3721,INE151A01013,TATACOMM,EQ,,,,,TATA COMMUNICATIONS LTD,1736.0,1764.0,1730.0,1755.2,1760.0,1735.5,,1755.27,,,156599,273436011.5,17658,F1,1,,,,,
2026-08-07,2026-08-07,CM,NSE,STK,11536,INE467B01029,TCS,EQ,,,,,TATA CONSULTANCY SERV LT,2375.0,2457.7,2375.0,2452.7,2452.7,2373.0,,2452.71,,,4547979,11077436216.6,294165,F1,1,,,,,
2026-08-07,2026-08-07,CM,NSE,STK,3432,INE192A01025,TATACONSUM,EQ,,,,,TATA CONSUMER PRODUCT LTD,1082.2,1092.0,1078.0,1082.3,1082.3,1090.0,,1082.3,,,879013,951881415.2,29255,F1,1,,,,,
2026-08-07,2026-08-07,CM,NSE,STK,3411,INE670A01012,TATAELXSI,EQ,,,,,TATA ELXSI LIMITED,3716.4,3833.6,3716.1,3781.0,3781.0,3715.0,,3780.95,,,449437,1704935275.6,33007,F1,1,,,,,
2026-08-07,2026-08-07,CM,NSE,STK,1621,INE672A01026,TATAINVEST,EQ,,,,,TATA INVESTMENT CORP LTD,672.3,713.45,669.1,693.65,687.0,667.1,,693.6,,,3673235,2568715850.3,99823,F1,1,,,,,
2026-08-07,2026-08-07,CM,NSE,STK,759782,INE1TAE01010,TMCV,EQ,,,,,TATA MOTORS LIMITED,457.85,459.3,449.2,453.1,452.9,459.65,,453.1,,,6870933,3116056001.85,112351,F1,1,,,,,
2026-08-07,2026-08-07,CM,NSE,STK,3456,INE155A01022,TMPV,EQ,,,,,TATA MOTORS PASS VEH LTD,345.0,349.8,343.65,347.0,347.0,345.35,,346.99,,,4274035,1479755355.35,52833,F1,1,,,,,
2026-08-07,2026-08-07,CM,NSE,STK,3426,INE245A01021,TATAPOWER,EQ,,,,,TATA POWER CO LTD,378.6,382.7,377.3,380.55,380.55,378.6,,380.57,,,2614409,994803412.8,34085,F1,1,,,,,
2026-08-07,2026-08-07,CM,NSE,STK,3499,INE081A01020,TATASTEEL,EQ,,,,,TATA STEEL LIMITED,189.41,189.69,186.75,187.55,187.55,189.3,,187.55,,,9924021,1867369223.2,131778,F1,1,,,,,
2026-08-07,2026-08-07,CM,NSE,STK,20293,INE142M01025,TATATECH,EQ,,,,,TATA TECHNOLOGIES LIMITED,801.55,880.0,797.3,872.8,873.05,801.55,,872.84,,,16058460,13667100929.2,296653,F1,1,,,,,
2026-08-07,2026-08-07,CM,NSE,STK,8954,INE517B01013,TTML,EQ,,,,,TATA TELESERV(MAHARASTRA),39.51,39.8,39.2,39.37,39.3,39.57,,39.37,,,790881,31241548.77,4801,F1,1,,,,,
2026-08-07,2026-08-07,CM,NSE,STK,7838,INF277K015R5,NETF,EQ,,,,,TATAAML - NETF,267.01,268.89,266.65,268.32,267.02,267.52,,268.32,,,1277,342377.29,85,F1,1,,,,,
2026-08-07,2026-08-07,CM,NSE,STK,12978,INF277K010X4,NPBET,EQ,,,,,TATAAML - NPBET,286.84,286.84,281.5,283.78,281.5,287.35,,283.78,,,2194,623423.41,37,F1,1,,,,,
2026-08-07,2026-08-07,CM,NSE,STK,8882,INF277KA1364,TNIDETF,EQ,,,,,TATAAML - TNIDETF,91.31,91.31,88.93,90.15,89.73,89.09,,90.15,,,110297,9952296.56,522,F1,1,,,,,
2026-08-07,2026-08-07,CM,NSE,STK,21401,INF277KA1976,TATAGOLD,EQ,,,,,TATAAML-TATAGOLD,14.37,14.52,14.33,14.49,14.5,14.37,,14.49,,,47328022,682556028.82,67548,F1,1,,,,,
2026-08-07,2026-08-07,CM,NSE,STK,21428,INF277KA1984,TATSILV,EQ,,,,,TATAAML-TATSILV,21.78,22.46,21.7,22.35,22.06,21.78,,22.35,,,68907569,1528138824.57,57966,F1,1,,,,,
2026-08-07,2026-08-07,CM,NSE,STK,5162,INE0GK401011,TATVA,EQ,,,,,TATVA CHIN PHARM CHEM LTD,1720.1,1770.0,1679.0,1718.8,1708.2,1731.1,,1719.38,,,77697,133347965.9,8623,F1,1,,,,,
2026-08-07,2026-08-07,CM,NSE,STK,759756,INE0XWS01018,TAURIAN,SM,,,,,TAURIAN MPS LIMITED,400.05,436.8,400.05,420.3,418.1,406.05,,420.3,,,48000,20325440.0,58,F1,800,,,,,
2026-08-07,2026-08-07,CM,NSE,STK,11754,INE053F07835,753IRFC30,NJ,,,,,TAX FREE  7.53% SR. 103 A,1132.01,1132.01,1132.01,1132.01,1132.01,1132.01,,1132.56,,,1,1132.01,1,F1,1,,,,,
2026-08-07,2026-08-07,CM,NSE,STK,14529,INE906B07EP5,769NHAI31,NE,,,,,TAX FREE 7.69% SR. IIB,1147.25,1149.0,1147.2,1147.46,1149.0,1148.0,,1147.46,,,728,835329.0,8,F1,1,,,,,
2026-08-07,2026-08-07,CM,NSE,STK,11757,INE053F07843,750IRFC35,NK,,,,,TAX FREE7.50% SR.104 A,1210.0,1211.26,1210.0,1211.18,1211.2,1215.0,,1211.18,,,704,852229.92,17,F1,1,,,,,
2026-08-07,2026-08-07,CM,NSE,STK,12003,INE906B07EJ8,76NHAI31,,,,,,TAX FREE7.60% SR.IIB,1114.99,1121.3,1114.99,1120.54,1120.0,1113.0,,1120.54,,,2242,2508957.3,13,F1,1,,,,,
2026-08-07,2026-08-07,CM,NSE,STK,29111,INE020B07GX4,738REC27TF,N2,,,,,TAXFREE SEC NCD TR1 S2,1068.53,1068.56,1068.5,1068.5,1068.5,1066.46,,1068.5,,,1500,1602816.35,10,F1,1,,,,,
2026-08-07,2026-08-07,CM,NSE,STK,24019,INE0N2D01013,TBI,SM,,,,,TBI CORN LIMITED,67.0,67.0,63.15,63.15,63.15,66.45,,63.15,,,28800,1854960.0,41,F1,600,,,,,
2026-08-07,2026-08-07,CM,NSE,STK,23740,INE673O01025,TBOTEK,EQ,,,,,TBO TEK LIMITED,1615.2,1637.0,1595.4,1610.9,1613.0,1623.1,,1610.94,,,114311,185196671.3,10088,F1,1,,,,,
2026-08-07,2026-08-07,CM,NSE,STK,761814,INE887D01016,TCC,EQ,,,,,TCC CONCEPT LIMITED,274.4,284.0,270.15,273.75,275.6,273.0,,273.76,,,35379,9820057.05,813,F1,1,,,,,
2026-08-07,2026-08-07,CM,NSE,STK,19223,INE586V01016,TCIEXP,EQ,,,,,TCI EXPRESS LIMITED,576.75,578.95,549.6,554.6,550.35,579.6,,554.63,,,120916,67935163.6,7481,F1,1,,,,,
2026-08-07,2026-08-07,CM,NSE,STK,8722,INE911B01018,TCIFINANCE,BE,,,,,TCIFINANCELTD-ROLL SETT,15.08,15.38,14.35,15.16,15.35,15.08,,15.16,,,37295,552646.04,138,F1,1,,,,,
2026-08-07,2026-08-07,CM,NSE,STK,184,INE822C01015,TCPLPACK,EQ,,,,,TCPL PACKAGING LIMITED,3131.0,3179.9,3115.0,3148.9,3151.0,3131.4,,3148.9,,,1124,3536362.7,293,F1,1,,,,,
2026-08-07,2026-08-07,CM,NSE,STK,25178,INE419M01027,TDPOWERSYS,EQ,,,,,TD POWER SYSTEMS LTD.,1231.0,1270.0,1215.0,1260.9,1256.0,1227.7,,1260.8,,,1236722,1546463299.8,80028,F1,1,,,,,
2026-08-07,2026-08-07,CM,NSE,STK,10717,INE289C01025,TEAMGTY,EQ,,,,,TEAM INDIA GUARANTY LTD,220.0,222.95,217.1,222.81,222.85,223.8,,222.79,,,1667,367652.56,34,F1,1,,,,,
2026-08-07,2026-08-07,CM,NSE,STK,12716,INE985S01024,TEAMLEASE,EQ,,,,,TEAMLEASE SERVICES LTD.,1262.5,1265.0,1237.7,1253.6,1245.0,1253.5,,1253.58,,,15285,19098515.5,2343,F1,1,,,,,
2026-08-07,2026-08-07,CM,NSE,STK,16996,INE065J01024,TPHQ,EQ,,,,,TEAMO PRODUCTIONS HQ LTD,0.42,0.43,0.41,0.41,0.42,0.42,,0.41,,,1507946,630399.81,277,F1,1,,,,,
2026-08-07,2026-08-07,CM,NSE,STK,763571,INE2OL601013,TEAMTECH,ST,,,,,TEAMTECH FORMWORK SOL LTD,119.95,120.0,115.25,115.8,116.9,117.5,,115.8,,,22000,2594900.0,10,F1,2000,,,,,
2026-08-07,2026-08-07,CM,NSE,STK,13538,INE669C01036,TECHM,EQ,,,,,TECH MAHINDRA LIMITED,1639.8,1681.5,1634.3,1635.0,1635.0,1632.2,,1635.01,,,6089110,10071459925.5,127827,F1,1,,,,,
2026-08-07,2026-08-07,CM,NSE,STK,759141,INE0Y5H01014,TECHD,ST,,,,,TECHD CYBERSECURITY LTD,600.0,606.4,590.0,593.7,591.05,606.6,,593.7,,,16200,9683115.0,41,F1,300,,,,,
2026-08-07,2026-08-07,CM,NSE,STK,25652,INE0JQS01019,TECHERA,SM,,,,,TECHERA ENGINEER (IND) L,179.4,182.75,174.25,182.75,182.75,174.05,,182.75,,,207200,37550680.0,216,F1,800,,,,,
2026-08-07,2026-08-07,CM,NSE,STK,6445,INE285K01026,TECHNOE,EQ,,,,,TECHNO ELEC & ENG CO. LTD,994.0,1071.1,991.15,1066.25,1070.0,992.25,,1066.24,,,907092,949152242.95,43542,F1,1,,,,,
2026-08-07,2026-08-07,CM,NSE,STK,14223,INE545H01011,TIIL,EQ,,,,,TECHNOCRAFT IND LTD,2643.7,2749.0,2625.1,2693.5,2675.0,2635.2,,2693.43,,,22936,62257237.4,4042,F1,1,,,,,
2026-08-07,2026-08-07,CM,NSE,STK,762939,INE314H01012,TECHNVISN,EQ,,,,,TECHNVISION VENTURES LTD.,5369.0,5800.0,5022.1,5721.8,5800.0,5307.1,,5714.01,,,2374,13018121.5,846,F1,1,,,,,
2026-08-07,2026-08-07,CM,NSE,STK,3453,INE014B01011,TECILCHEM,EQ,,,,,TECIL CHEMICALS,9.4,9.66,8.95,9.19,9.02,9.38,,9.19,,,9556,87931.59,112,F1,1,,,,,
2026-08-07,2026-08-07,CM,NSE,STK,23530,INE0K6601012,TGL,ST,,,,,TEERTH GOPICON LIMITED,19.7,20.9,19.7,20.75,20.7,20.05,,20.75,,,9400,191670.0,36,F1,200,,,,,
2026-08-07,2026-08-07,CM,NSE,STK,7105,INE011K01018,TEGA,EQ,,,,,TEGA INDUSTRIES LIMITED,1580.0,1647.7,1580.0,1625.7,1625.7,1583.3,,1625.63,,,147676,239891483.2,11072,F1,1,,,,,
2026-08-07,2026-08-07,CM,NSE,STK,763825,INE0R1301019,TEJA,SM,,,,,TEJA ENGINEERING IND L,635.0,635.0,600.0,603.35,605.0,639.5,,603.35,,,14400,8926800.0,24,F1,600,,,,,
2026-08-07,2026-08-07,CM,NSE,STK,29723,INE17WC01013,TEJASCARGO,SM,,,,,TEJAS CARGO INDIA LIMITED,380.0,380.0,380.0,380.0,380.0,366.0,,380.0,,,800,304000.0,2,F1,400,,,,,
2026-08-07,2026-08-07,CM,NSE,STK,21131,INE010J01012,TEJASNET,EQ,,,,,TEJAS NETWORKS LIMITED,519.4,524.2,512.0,513.45,513.5,522.3,,513.44,,,682905,352699067.45,18238,F1,1,,,,,
2026-08-07,2026-08-07,CM,NSE,STK,3275,INE869Y01028,TEMBO,EQ,,,,,TEMBO GLOBAL IND LTD,63.75,64.0,60.55,60.95,60.6,63.8,,60.95,,,2317780,143786292.05,6089,F1,1,,,,,
2026-08-07,2026-08-07,CM,NSE,STK,759880,INE19RI01016,TENNIND,EQ,,,,,TENNECO CLEAN AIR INDIA L,566.0,584.9,561.1,562.8,562.05,570.55,,562.77,,,1034341,592447107.0,31693,F1,1,,,,,
2026-08-07,2026-08-07,CM,NSE,STK,19292,INE482B01010,TERASOFT,EQ,,,,,TERA SOFTWARE LIMITED,429.0,447.85,401.7,407.7,403.8,424.05,,407.7,,,55475,23890560.0,2640,F1,1,,,,,
2026-08-07,2026-08-07,CM,NSE,STK,11549,INE435C01024,TEXINFRA,EQ,,,,,TEXMACO INFRA & HOLDG LTD,113.51,114.12,112.61,113.61,113.5,113.48,,113.61,,,38166,4332574.44,659,F1,1,,,,,
2026-08-07,2026-08-07,CM,NSE,STK,21828,INE621L01012,TEXRAIL,EQ,,,,,TEXMACO RAIL & ENG. LTD.,108.33,110.23,107.66,108.78,108.5,108.33,,108.78,,,1562768,170222164.33,9864,F1,1,,,,,
2026-08-07,2026-08-07,CM,NSE,STK,18214,INE141K01013,TEXMOPIPES,EQ,,,,,TEXMO PIPE & PRODUCTS LTD,43.27,44.4,42.1,43.51,43.5,42.83,,43.74,,,40594,1769692.89,451,F1,1,,,,,
2026-08-07,2026-08-07,CM,NSE,STK,10744,INE733E07JT8,737NTPC35C,,,,,,TFB 7.37% 2035 SR. 3A,1417.0,1417.0,1379.99,1379.99,1379.99,1202.5,,1379.99,,,68,95985.9,3,F1,1,,,,,
2026-08-07,2026-08-07,CM,NSE,STK,14607,INE797H01018,TGBHOTELS,EQ,,,,,TGB BANQUETS&HOTELS LTD,9.71,9.71,9.2,9.3,9.3,9.2,,9.3,,,61154,568484.31,86,F1,1,,,,,
2026-08-07,2026-08-07,CM,NSE,STK,762949,INE403F01017,THAKDEV,EQ,,,,,THAKKERS DEVELOPERS LTD.,121.84,141.0,116.35,140.34,141.0,128.25,,140.34,,,725,89974.47,47,F1,1,,,,,
2026-08-07,2026-08-07,CM,NSE,STK,18118,INE085J01014,THANGAMAYL,EQ,,,,,THANGAMAYIL JEWELLERY LTD,5195.0,5290.0,5156.5,5275.0,5280.5,5144.0,,5274.83,,,213017,1115741902.5,35716,F1,1,,,,,
2026-08-07,2026-08-07,CM,NSE,STK,9014,INE294Z01018,ANUP,EQ,,,,,THE ANUP ENGINEERING LTD,1969.8,1969.8,1884.9,1896.0,1886.0,1993.3,,1896.05,,,102077,196709166.7,11657,F1,1,,,,,
2026-08-07,2026-08-07,CM,NSE,STK,7930,INE319B01014,BYKE,BE,,,,,THE BYKE HOSPITALITY LTD,34.45,34.5,33.5,33.62,34.0,34.11,,33.59,,,10602,360797.26,45,F1,1,,,,,
2026-08-07,2026-08-07,CM,NSE,STK,13776,INE017A01032,GESHIP,EQ,,,,,THE GE SHPG.LTD,1350.1,1362.7,1332.5,1341.8,1335.0,1352.9,,1341.76,,,777727,1045251737.1,39247,F1,1,,,,,
2026-08-07,2026-08-07,CM,NSE,STK,17770,INE646C01018,GROBTEA,EQ,,,,,THE GROB TEA COMPANY LTD,900.0,900.0,900.0,900.0,900.0,899.4,,900.0,,,15,13500.0,2,F1,1,,,,,
2026-08-07,2026-08-07,CM,NSE,STK,8568,INE127B01011,HITECHGEAR,BE,,,,,THE HI-TECH GEARS LIMITED,560.3,571.0,555.0,560.45,564.0,566.75,,561.64,,,2399,1348209.65,91,F1,1,,,,,
2026-08-07,2026-08-07,CM,NSE,STK,1515,INE383A01012,INDIACEM,EQ,,,,,THE INDIA CEMENTS LIMITED,395.0,399.15,390.1,398.15,397.0,393.05,,398.14,,,181089,71762813.55,9235,F1,1,,,,,
2026-08-07,2026-08-07,CM,NSE,STK,1512,INE053A01029,INDHOTEL,EQ,,,,,THE INDIAN HOTELS CO. LTD,735.95,738.75,728.75,731.0,731.0,736.0,,731.04,,,1606078,1176931515.55,23309,F1,1,,,,,
2026-08-07,2026-08-07,CM,NSE,STK,21427,INE924D01017,THEINVEST,EQ,,,,,THE INVEST TRUST OF IND L,100.99,101.78,97.12,98.14,97.75,101.06,,98.12,,,3798,375435.19,108,F1,1,,,,,
2026-08-07,2026-08-07,CM,NSE,STK,399,INE470Y01017,NIACL,EQ,,,,,THE NEW INDIA ASSU CO LTD,177.27,177.85,176.04,177.11,177.75,178.93,,177.11,,,678003,119875475.16,8471,F1,1,,,,,
2026-08-07,2026-08-07,CM,NSE,STK,10321,INE431F01018,PKTEA,EQ,,,,,THE P K TEA PROD CO LTD,734.0,734.0,682.3,691.8,692.0,709.75,,691.8,,,72,50096.75,16,F1,1,,,,,
2026-08-07,2026-08-07,CM,NSE,STK,14552,INE211B01039,PHOENIXLTD,EQ,,,,,THE PHOENIX MILLS LTD,1901.5,1917.8,1893.9,1895.5,1895.5,1913.0,,1895.5,,,291623,553931375.1,15175,F1,1,,,,,
2026-08-07,2026-08-07,CM,NSE,STK,2043,INE331A01037,RAMCOCEM,EQ,,,,,THE RAMCO CEMENTS LIMITED,940.0,944.0,914.85,933.8,920.0,937.1,,933.74,,,221192,204956635.0,13694,F1,1,,,,,
2026-08-07,2026-08-07,CM,NSE,STK,10123,INE301D01026,RUBYMILLS,BE,,,,,THE RUBY MILLS LTD,366.0,382.9,366.0,378.5,382.8,364.9,,378.57,,,5760,2170338.95,155,F1,1,,,,,
2026-08-07,2026-08-07,CM,NSE,STK,5948,INE683A01023,SOUTHBANK,EQ,,,,,THE SOUTH INDIAN BANK LTD,47.5,47.52,47.07,47.17,47.15,47.43,,47.17,,,3899463,184280886.12,12386,F1,1,,,,,
2026-08-07,2026-08-07,CM,NSE,STK,10948,INE655A01013,STCINDIA,EQ,,,,,THE STATE TRADING CORPN,120.77,121.89,117.4,118.64,119.0,120.77,,118.67,,,55183,6572517.74,1234,F1,1,,,,,
2026-08-07,2026-08-07,CM,NSE,STK,19578,INE071E01023,UGARSUGAR,EQ,,,,,THE UGAR SUGAR WORKS LTD,46.0,46.25,44.66,45.0,44.92,45.73,,45.0,,,207125,9379187.31,1447,F1,1,,,,,
2026-08-07,2026-08-07,CM,NSE,STK,20481,INE215F01023,WIPL,EQ,,,,,THE WESTERN INDIA PLY LTD,170.0,170.5,168.05,168.05,168.05,167.0,,168.05,,,356,60528.0,15,F1,1,,,,,
2026-08-07,2026-08-07,CM,NSE,STK,19279,INE121N01019,THEJO,EQ,,,,,THEJO ENGINEERING LIMITED,2171.0,2249.5,2159.2,2223.9,2237.5,2159.1,,2223.9,,,20207,44710756.6,1907,F1,1,,,,,
2026-08-07,2026-08-07,CM,NSE,STK,14485,INE083B01024,THEMISMED,EQ,,,,,THEMIS MEDICARE LTD.,112.37,114.9,110.01,110.5,110.12,112.78,,110.5,,,33682,3761722.33,601,F1,1,,,,,
2026-08-07,2026-08-07,CM,NSE,STK,3475,INE152A01029,THERMAX,EQ,,,,,THERMAX LTD,3991.0,4075.0,3990.8,4059.9,4058.0,3991.0,,4059.41,,,101867,412692442.9,16121,F1,1,,,,,
2026-08-07,2026-08-07,CM,NSE,STK,3496,INE338A01024,TIRUMALCHM,EQ,,,,,THIRUMALAI CHEMICALS LTD,169.13,173.01,167.1,167.76,167.65,170.0,,167.76,,,414593,70298379.21,5610,F1,1,,,,,
2026-08-07,2026-08-07,CM,NSE,STK,3481,INE332A01027,THOMASCOOK,EQ,,,,,THOMAS COOK (INDIA) LTD,106.5,106.94,103.6,104.13,104.0,106.14,,104.12,,,631943,66579832.99,4604,F1,1,,,,,
2026-08-07,2026-08-07,CM,NSE,STK,31017,INE480M01011,THOMASCOTT,EQ,,,,,THOMAS SCOTT (INDIA) LTD,314.6,329.5,310.65,315.15,315.15,310.5,,315.15,,,49488,15870926.55,1683,F1,1,,,,,
2026-08-07,2026-08-07,CM,NSE,STK,17032,INE594H01019,THYROCARE,EQ,,,,,THYROCARE TECH LTD,598.0,606.6,593.9,603.25,604.0,598.05,,603.26,,,208846,125540139.5,13048,F1,1,,,,,
2026-08-07,2026-08-07,CM,NSE,STK,759179,INE906O01029,TIGERLOGS,BE,,,,,TIGER LOGISTICS (INDIA) L,26.92,27.69,25.8,27.49,27.6,26.57,,27.49,,,594901,16049427.44,595,F1,1,,,,,
2026-08-07,2026-08-07,CM,NSE,STK,25482,INE440L01017,TIJARIA,EQ,,,,,TIJARIA POLYPIPES LTD,4.56,5.39,4.56,5.09,5.31,4.74,,5.09,,,153703,751661.02,201,F1,1,,,,,
2026-08-07,2026-08-07,CM,NSE,STK,3484,INE806C01018,TIL,EQ,,,,,TIL LTD,246.6,251.0,230.75,232.1,231.15,252.5,,232.12,,,1405280,333527536.95,23150,F1,1,,,,,
2026-08-07,2026-08-07,CM,NSE,STK,19196,INE133E01013,TI,EQ,,,,,TILAKNAGAR INDUSTRIES LTD,484.05,497.8,480.95,490.75,489.8,488.45,,490.71,,,783049,382668405.45,22123,F1,1,,,,,
2026-08-07,2026-08-07,CM,NSE,STK,14707,INE508G01029,TIMETECHNO,EQ,,,,,TIME TECHNOPLAST LTD.,206.25,207.25,202.25,204.88,205.5,206.82,,204.88,,,4532881,925803734.31,38776,F1,1,,,,,
2026-08-07,2026-08-07,CM,NSE,STK,762954,INE064A01026,TIMEX,EQ,,,,,TIMEX GROUP INDIA LTD.,540.1,559.65,540.1,556.3,552.0,543.05,,556.28,,,149560,82795249.55,7999,F1,1,,,,,
2026-08-07,2026-08-07,CM,NSE,STK,14198,INE325A01013,TIMKEN,EQ,,,,,TIMKEN INDIA LTD.,3333.4,3364.0,3286.1,3351.0,3350.0,3343.1,,3351.16,,,30969,103396640.3,7180,F1,1,,,,,
2026-08-07,2026-08-07,CM,NSE,STK,756020,INE015C01016,TINNARUBR,EQ,,,,,TINNA RUBBER AND INFR LTD,1100.6,1114.9,1088.5,1108.1,1105.2,1100.6,,1108.09,,,24643,27226810.8,2971,F1,1,,,,,
2026-08-07,2026-08-07,CM,NSE,STK,11374,INE0LQS01015,TIPSFILMS,EQ,,,,,TIPS FILMS LIMITED,377.85,381.95,370.0,375.25,372.4,376.85,,375.25,,,5614,2104682.75,260,F1,1,,,,,
2026-08-07,2026-08-07,CM,NSE,STK,9117,INE716B01029,TIPSMUSIC,EQ,,,,,TIPS MUSIC LIMITED,654.15,658.05,644.0,645.35,644.0,654.4,,645.36,,,173364,112396490.2,11218,F1,1,,,,,
2026-08-07,2026-08-07,CM,NSE,STK,22284,INE319Y01024,TIRUPATIFL,BE,,,,,TIRUPATI FORGE LIMITED,70.3,72.99,68.5,72.07,71.99,70.62,,72.07,,,204111,14479390.4,813,F1,1,,,,,
2026-08-07,2026-08-07,CM,NSE,STK,15414,INE615H01020,TITAGARH,EQ,,,,,TITAGARH RAIL SYSTEMS LTD,860.0,864.6,844.7,847.45,845.5,861.65,,847.47,,,250764,213629079.35,13804,F1,1,,,,,
2026-08-07,2026-08-07,CM,NSE,STK,3506,INE280A01028,TITAN,EQ,,,,,TITAN COMPANY LIMITED,4978.1,5003.0,4891.3,4941.0,4941.0,4998.0,,4941.01,,,1166858,5788047546.5,59708,F1,1,,,,,
2026-08-07,2026-08-07,CM,NSE,STK,9710,INE932C01012,TOKYOPLAST,BE,,,,,TOKYO PLAST  INTL LTD.,80.9,81.0,80.9,81.0,81.0,81.0,,81.0,,,877,70986.0,10,F1,1,,,,,
2026-08-07,2026-08-07,CM,NSE,STK,25262,INE0RWQ01014,TOLINS,EQ,,,,,TOLINS TYRES LIMITED,102.49,103.35,101.61,102.14,102.85,103.09,,102.14,,,24552,2523410.86,486,F1,1,,,,,
2026-08-07,2026-08-07,CM,NSE,STK,3518,INE685A01028,TORNTPHARM,EQ,,,,,TORRENT PHARMACEUTICALS L,4956.0,4987.5,4901.0,4924.0,4924.0,4956.0,,4924.08,,,394462,1946062098.5,32752,F1,1,,,,,
2026-08-07,2026-08-07,CM,NSE,STK,13786,INE813H01021,TORNTPOWER,EQ,,,,,TORRENT POWER LTD,1325.2,1355.4,1321.0,1350.8,1352.0,1325.2,,1350.58,,,379616,510066681.7,19505,F1,1,,,,,
2026-08-07,2026-08-07,CM,NSE,STK,22423,INE336X01012,TOTAL,EQ,,,,,TOTAL TRANSPORT SYS LTD,67.63,71.79,67.0,69.6,70.25,67.87,,69.6,,,59513,4152034.53,601,F1,1,,,,,
2026-08-07,2026-08-07,CM,NSE,STK,16908,INE486Y01013,TOUCHWOOD,EQ,,,,,TOUCHWOOD ENTERTAIN LTD.,66.16,66.91,65.4,66.85,66.86,67.09,,66.85,,,691,45854.17,29,F1,1,,,,,
2026-08-07,2026-08-07,CM,NSE,STK,3466,INE305A01023,TFCILTD,EQ,,,,,TOURISM FINANCE CORP. OF,112.5,118.0,112.5,117.48,117.97,110.81,,117.48,,,23957180,2767702805.77,50101,F1,1,,,,,
2026-08-07,2026-08-07,CM,NSE,STK,9219,INE413G01022,TPLPLASTEH,EQ,,,,,TPL PLASTECH LIMITED,78.1,79.67,76.25,77.51,76.75,78.73,,77.47,,,138380,10833744.9,1580,F1,1,,,,,
2026-08-07,2026-08-07,CM,NSE,STK,11582,INE0HMF01019,TRACXN,EQ,,,,,TRACXN TECHNOLOGIES LTD,30.09,30.3,29.75,29.97,29.85,30.09,,29.97,,,126280,3787970.98,607,F1,1,,,,,
2026-08-07,2026-08-07,CM,NSE,STK,15174,INE763I01026,TARIL,EQ,,,,,TRANS & RECTI. LTD,295.9,301.5,295.1,297.8,298.5,296.15,,297.79,,,1045223,311968165.7,15132,F1,1,,,,,
2026-08-07,2026-08-07,CM,NSE,STK,17795,INE0O3901029,TREL,EQ,,,,,TRANSINDIA REAL ESTATE L,24.65,25.7,24.65,25.4,25.5,24.63,,25.34,,,76731,1930208.56,558,F1,1,,,,,
2026-08-07,2026-08-07,CM,NSE,STK,3531,INE687A01016,TRANSPEK,EQ,,,,,TRANSPEK INDUSTRY LTD,1324.0,1330.6,1225.2,1262.4,1279.4,1321.4,,1267.69,,,3737,4811547.7,542,F1,1,,,,,
2026-08-07,2026-08-07,CM,NSE,STK,10580,INE688A01022,TCI,EQ,,,,,TRANSPORT CORPN OF INDIA,921.25,927.45,914.95,916.35,916.0,927.0,,916.43,,,11169,10280453.6,1643,F1,1,,,,,
2026-08-07,2026-08-07,CM,NSE,STK,28714,INE454P01035,TRANSRAILL,EQ,,,,,TRANSRAIL LIGHTING LTD,480.0,484.25,470.0,473.4,474.4,490.95,,473.42,,,944025,448961834.5,26088,F1,1,,,,,
2026-08-07,2026-08-07,CM,NSE,STK,19801,INE0NVI01020,TRANSTEEL,SM,,,,,TRANSTEEL SEATING TECH L,113.0,113.0,113.0,113.0,113.0,115.6,,113.0,,,2000,226000.0,2,F1,1000,,,,,
2026-08-07,2026-08-07,CM,NSE,STK,14319,INE804H01012,TFL,EQ,,,,,TRANSWARRANTY FIN. LTD.,11.49,11.84,11.03,11.6,11.65,11.49,,11.6,,,4843,56249.65,62,F1,1,,,,,
2026-08-07,2026-08-07,CM,NSE,STK,8619,INE757B01015,TRANSWORLD,BE,,,,,TRANSWORLD SHIP LINES LTD,162.0,166.35,158.0,166.0,165.01,158.43,,166.11,,,30082,4962123.62,202,F1,1,,,,,
2026-08-07,2026-08-07,CM,NSE,STK,757545,INE103V01028,TRAVELFOOD,EQ,,,,,TRAVEL FOOD SERVICES LTD,1380.0,1470.9,1354.1,1428.6,1429.0,1337.2,,1428.68,,,1277146,1843180560.6,39382,F1,1,,,,,
2026-08-07,2026-08-07,CM,NSE,STK,25082,INE040M01013,TREEHOUSE,EQ,,,,,TREE HOUSE EDU LTD,6.32,6.42,6.2,6.3,6.23,6.26,,6.3,,,8049,50627.73,70,F1,1,,,,,
2026-08-07,2026-08-07,CM,NSE,STK,7518,INE00CA01015,TREJHARA,EQ,,,,,TREJHARA SOLUTIONS LTD,165.75,186.3,165.7,177.66,177.43,165.13,,177.67,,,228683,40657002.51,4582,F1,1,,,,,
2026-08-07,2026-08-07,CM,NSE,STK,1964,INE849A01020,TRENT,EQ,,,,,TRENT LTD,3106.5,3106.5,2985.6,2997.0,2997.0,3107.1,,2997.05,,,2469173,7456585331.9,143781,F1,1,,,,,
2026-08-07,2026-08-07,CM,NSE,STK,17987,INE391D01019,TRF,EQ,,,,,TRF LIMITED,233.74,235.74,231.01,232.79,232.6,232.41,,232.79,,,39350,9157383.34,1640,F1,1,,,,,
2026-08-07,2026-08-07,CM,NSE,STK,27037,INE760L01018,TBZ,EQ,,,,,TRIB BHIMJI ZAVERI LTD,271.9,280.9,271.0,273.0,273.0,271.0,,273.0,,,922618,254420447.65,14981,F1,1,,,,,
2026-08-07,2026-08-07,CM,NSE,STK,12182,INE064C01022,TRIDENT,BL,,,,,TRIDENT LIMITED,24.9,24.9,24.9,24.9,24.9,24.9,,24.9,,,130000000,3237000000.0,1,F1,999999999,,,,,
2026-08-07,2026-08-07,CM,NSE,STK,9685,INE064C01022,TRIDENT,EQ,,,,,TRIDENT LIMITED,25.5,25.91,25.05,25.18,25.1,24.9,,25.18,,,15759138,401972181.91,26171,F1,1,,,,,
2026-08-07,2026-08-07,CM,NSE,STK,21093,INE0QD201012,TECHLABS,ST,,,,,TRIDENT TECHLABS LIMITED,118.05,124.0,117.8,121.9,124.0,121.3,,121.9,,,16000,1929693.75,64,F1,125,,,,,
2026-08-07,2026-08-07,CM,NSE,STK,17215,INE0LWY01029,TRIDHYA,ST,,,,,TRIDHYA TECH LIMITED,9.5,9.5,9.5,9.5,9.5,9.95,,9.5,,,3000,28500.0,1,F1,3000,,,,,
2026-08-07,2026-08-07,CM,NSE,STK,5428,INE948A01012,TRIGYN,EQ,,,,,TRIGYN TECHNOLOGIES LTD,54.78,55.43,53.19,53.5,53.23,54.8,,53.5,,,35806,1946735.43,1292,F1,1,,,,,
2026-08-07,2026-08-07,CM,NSE,STK,13081,INE256C01024,TRIVENI,EQ,,,,,TRIVENI ENGG. & INDS. LTD,231.5,237.99,228.07,233.22,234.5,230.53,,233.23,,,496516,115937307.56,6789,F1,1,,,,,
2026-08-07,2026-08-07,CM,NSE,STK,25584,INE152M01016,TRITURBINE,EQ,,,,,TRIVENI TURBINE LIMITED,643.0,654.15,630.3,636.45,632.0,646.35,,636.45,,,499505,322007266.0,20743,F1,1,,,,,
2026-08-07,2026-08-07,CM,NSE,STK,24645,INE0SYV01018,TROM,ST,,,,,TROM INDUSTRIES LIMITED,56.4,56.75,56.1,56.3,56.3,59.0,,56.3,,,8400,472770.0,14,F1,600,,,,,
2026-08-07,2026-08-07,CM,NSE,STK,759210,INE0MWH01014,TRUALT,EQ,,,,,TRUALT BIOENERGY LIMITED,465.05,483.9,465.0,477.05,477.0,464.3,,477.04,,,527721,251486520.75,11651,F1,1,,,,,
2026-08-07,2026-08-07,CM,NSE,STK,9378,INE615R01029,TRU,EQ,,,,,TRUCAP FINANCE LIMITED,4.65,4.73,4.54,4.55,4.55,4.61,,4.55,,,83768,383614.27,292,F1,1,,,,,
2026-08-07,2026-08-07,CM,NSE,STK,23417,INE0SWN01019,TRUST,SM,,,,,TRUST FINTECH LIMITED,28.5,29.0,27.35,28.4,28.45,28.5,,28.4,,,8400,235110.0,14,F1,600,,,,,
2026-08-07,2026-08-07,CM,NSE,STK,757861,INE16VK01010,TSC,ST,,,,,TSC INDIA LIMITED,43.7,44.0,43.7,44.0,44.0,46.0,,44.0,,,16000,701000.0,8,F1,2000,,,,,
2026-08-07,2026-08-07,CM,NSE,STK,2183,INE202Z01029,TSFINV,EQ,,,,,TSF INVESTMENTS LIMITED,437.0,445.0,435.45,441.95,444.0,437.7,,441.95,,,54440,23972269.9,2634,F1,1,,,,,
2026-08-07,2026-08-07,CM,NSE,STK,11369,INE910C01018,TTKHLTCARE,EQ,,,,,TTK HEALTHCARE LIMITED,1113.9,1113.9,1071.0,1084.8,1089.9,1094.1,,1084.24,,,22552,24594016.7,2579,F1,1,,,,,
2026-08-07,2026-08-07,CM,NSE,STK,3546,INE690A01028,TTKPRESTIG,EQ,,,,,TTK PRESTIGE LTD,636.8,638.85,611.1,615.95,615.95,636.8,,615.91,,,73246,45774829.6,5571,F1,1,,,,,
2026-08-07,2026-08-07,CM,NSE,STK,312,INE974X01010,TIINDIA,EQ,,,,,TUBE INVEST OF INDIA LTD,2754.9,2783.0,2742.2,2772.0,2772.0,2753.8,,2771.98,,,142399,392907585.5,20137,F1,1,,,,,
2026-08-07,2026-08-07,CM,NSE,STK,24520,INE0OXV01027,TUNWAL,SM,,,,,TUNWAL E-MOTORS LIMITED,26.0,26.45,25.75,26.4,26.4,26.1,,26.4,,,44000,1152200.0,20,F1,2000,,,,,
2026-08-07,2026-08-07,CM,NSE,STK,756090,INE0OC301013,TURTLEMINT,EQ,,,,,TURTLEMINT FINTECH SOLS L,112.55,114.5,111.04,111.84,112.05,112.75,,111.84,,,286715,32315907.05,4864,F1,1,,,,,
2026-08-07,2026-08-07,CM,NSE,STK,11275,INE038F01029,TVTODAY,EQ,,,,,TV TODAY NETWORK LTD,114.72,116.59,114.09,114.68,114.3,115.65,,114.7,,,32993,3788361.13,498,F1,1,,,,,
2026-08-07,2026-08-07,CM,NSE,STK,18508,INE871L01013,TVVISION,BE,,,,,TV VISION LIMITED,4.32,4.32,4.13,4.13,4.13,4.34,,4.15,,,61344,253471.44,117,F1,1,,,,,
2026-08-07,2026-08-07,CM,NSE,STK,11265,INE236G01019,TVSELECT,EQ,,,,,TVS ELECTRONICS LTD,508.15,518.8,502.8,506.9,502.8,508.15,,506.91,,,64153,32726625.5,3044,F1,1,,,,,
2026-08-07,2026-08-07,CM,NSE,STK,29008,INE105A01035,TVSHLTD,EQ,,,,,TVS HOLDINGS LIMITED,15042.0,15070.0,14752.0,14848.0,14752.0,14908.0,,14847.88,,,3024,45145708.0,1146,F1,1,,,,,
2026-08-07,2026-08-07,CM,NSE,STK,8479,INE494B01023,TVSMOTOR,EQ,,,,,TVS MOTOR COMPANY  LTD,4380.0,4458.0,4378.0,4440.9,4440.9,4375.0,,4440.23,,,840158,3725297059.6,51055,F1,1,,,,,
2026-08-07,2026-08-07,CM,NSE,STK,761141,INE494B04019,TVSMNCRPS,P1,,,,,TVS MOTOR COMPANY LIMITED,10.5,10.55,10.45,10.5,10.5,10.5,,10.5,,,1197572,12575311.7,380,F1,1,,,,,
2026-08-07,2026-08-07,CM,NSE,STK,14245,INE421C01016,TVSSRICHAK,EQ,,,,,TVS SRICHAKRA LIMITED,3980.1,3999.8,3951.5,3964.9,3979.0,3971.2,,3964.99,,,1405,5583851.0,390,F1,1,,,,,
2026-08-07,2026-08-07,CM,NSE,STK,18151,INE395N01027,TVSSCS,EQ,,,,,TVS SUPPLY CHAIN SOL L,134.0,134.96,132.65,133.79,134.05,132.38,,133.79,,,214689,28665861.85,4404,F1,1,,,,,
2026-08-07,2026-08-07,CM,NSE,STK,19503,INE388G01026,TICL,BE,,,,,TWAMEV CONS AND INFRA LTD,10.7,10.76,10.0,10.57,10.5,10.25,,10.68,,,134459,1424272.11,253,F1,1,,,,,
2026-08-07,2026-08-07,CM,NSE,STK,25626,INE152C01025,UYFINCORP,EQ,,,,,U. Y. FINCORP LIMITED,19.2,22.34,19.02,20.36,20.38,19.2,,20.36,,,3974832,84655231.25,12116,F1,1,,,,,
2026-08-07,2026-08-07,CM,NSE,STK,3570,INE139B01016,UCAL,EQ,,,,,UCAL LIMITED,117.01,118.99,115.11,118.46,118.01,117.01,,118.52,,,5359,632339.67,255,F1,1,,,,,
2026-08-07,2026-08-07,CM,NSE,STK,755996,INE583D07562,10UCL26,ND,,,,,UCL 10.00% SR I,997.2,997.2,997.2,997.2,997.2,997.2,,997.6,,,10,9972.0,1,F1,1,,,,,
2026-08-07,2026-08-07,CM,NSE,STK,756002,INE583D07588,1025UCL27A,NG,,,,,UCL 10.25% SR IV,975.2,975.2,975.2,975.2,975.2,1000.45,,975.2,,,2,1950.4,1,F1,1,,,,,
2026-08-07,2026-08-07,CM,NSE,STK,755998,INE583D07570,1039UCL26,NE,,,,,UCL 10.39% SR II,1021.7,1021.7,1021.7,1021.7,1021.7,1026.0,,1021.7,,,1,1021.7,1,F1,1,,,,,
2026-08-07,2026-08-07,CM,NSE,STK,756004,INE583D07596,1050UCL28,NH,,,,,UCL 10.50% SR V,1034.0,1034.0,1034.0,1034.0,1034.0,1025.0,,1034.0,,,5,5170.0,1,F1,1,,,,,
2026-08-07,2026-08-07,CM,NSE,STK,11223,INE691A01018,UCOBANK,EQ,,,,,UCO BANK,26.5,26.54,26.35,26.4,26.4,26.64,,26.4,,,2882482,76243336.21,8768,F1,1,,,,,
2026-08-07,2026-08-07,CM,NSE,STK,14871,INE0N0Y01013,USK,EQ,,,,,UDAYSHIVAKUMAR INFRA LTD,22.33,23.46,22.0,22.19,22.3,22.9,,22.21,,,19714,442214.24,207,F1,1,,,,,
2026-08-07,2026-08-07,CM,NSE,STK,1053,INE516A01017,UFLEX,EQ,,,,,UFLEX LIMITED,480.9,503.9,480.1,488.7,486.0,483.9,,488.72,,,262987,129755795.85,7276,F1,1,,,,,
2026-08-07,2026-08-07,CM,NSE,STK,9039,INE527H01019,UFO,EQ,,,,,UFO MOVIEZ INDIA LTD.,68.01,69.45,67.35,68.76,68.4,67.86,,68.81,,,30854,2109781.58,578,F1,1,,,,,
2026-08-07,2026-08-07,CM,NSE,STK,5313,INE583D01011,UGROCAP,EQ,,,,,UGRO CAPITAL LIMITED,96.79,96.79,94.1,95.08,95.0,96.16,,95.08,,,451590,42823583.95,2199,F1,1,,,,,
2026-08-07,2026-08-07,CM,NSE,STK,23507,INE899L01030,UEL,EQ,,,,,UJAAS ENERGY LIMITED,257.79,257.79,257.79,257.79,257.79,245.52,,264.96,,,20964,5404309.56,322,F1,1,,,,,
2026-08-07,2026-08-07,CM,NSE,STK,15228,INE551W01018,UJJIVANSFB,EQ,,,,,UJJIVAN SMALL FINANC BANK,71.98,71.98,69.75,70.11,70.0,72.05,,70.11,,,8655583,610468089.75,31333,F1,1,,,,,
2026-08-07,2026-08-07,CM,NSE,STK,762961,INE405A01021,ULTRAMAR,EQ,,,,,ULTRAMARINE & PIGMENTS L,389.55,455.75,381.2,410.75,391.0,389.4,,410.71,,,1889911,798279503.0,51320,F1,1,,,,,
2026-08-07,2026-08-07,CM,NSE,STK,11532,INE481G01011,ULTRACEMCO,EQ,,,,,ULTRATECH CEMENT LIMITED,12051.0,12105.0,11970.0,12105.0,12105.0,12075.0,,12104.81,,,171352,2060624896.0,32516,F1,1,,,,,
2026-08-07,2026-08-07,CM,NSE,STK,13349,INE067901012,UMA,SM,,,,,UMA CONVERTER LIMITED,14.75,15.25,14.65,14.85,14.75,14.7,,14.85,,,20000,297600.0,5,F1,4000,,,,,
2026-08-07,2026-08-07,CM,NSE,STK,8845,INE0GIU01018,UMAEXPORTS,BE,,,,,UMA EXPORTS LIMITED,20.77,20.77,19.79,20.07,20.1,20.06,,20.07,,,11555,231292.43,92,F1,1,,,,,
2026-08-07,2026-08-07,CM,NSE,STK,8998,INE398B01018,UMIYA-MRO,EQ,,,,,UMIYA BUILDCON LIMITED,89.5,91.7,89.11,90.03,90.5,90.17,,90.03,,,6034,543187.92,70,F1,1,,,,,
2026-08-07,2026-08-07,CM,NSE,STK,3579,INE351A01035,UNICHEMLAB,EQ,,,,,UNICHEM LABORATORIES LTD,495.0,501.45,482.3,489.75,487.3,497.4,,489.7,,,33461,16484332.7,1960,F1,1,,,,,
2026-08-07,2026-08-07,CM,NSE,STK,24809,INE00U401027,UNIECOM,EQ,,,,,UNICOMMERCE ESOLUTIONS L,84.1,85.25,84.1,84.25,84.21,84.95,,84.25,,,138057,11661985.39,1900,F1,1,,,,,
2026-08-07,2026-08-07,CM,NSE,STK,18582,INE0PRF01011,UNIHEALTH,SM,,,,,UNIHEALTH HOSPITALS LTD,760.0,774.0,760.0,774.0,774.0,777.5,,774.0,,,5500,4212100.0,11,F1,500,,,,,
2026-08-07,2026-08-07,CM,NSE,STK,7797,INE481Z01011,UNIINFO,BE,,,,,UNIINFO TELECOM SERVI LTD,12.35,12.35,11.29,12.05,12.05,11.88,,12.05,,,4884,55713.88,25,F1,1,,,,,
2026-08-07,2026-08-07,CM,NSE,STK,25633,INE0B2801011,UNILEX,SM,,,,,UNILEX COLOURS AND CHEM L,28.25,29.0,28.25,29.0,29.0,30.0,,29.0,,,3200,91600.0,2,F1,1600,,,,,
2026-08-07,2026-08-07,CM,NSE,STK,28960,INE0U3I01011,UNIMECH,EQ,,,,,UNIMECH AEROSPACE N MFG L,1336.5,1459.9,1333.0,1446.7,1445.6,1336.5,,1446.74,,,630820,898792084.3,39321,F1,1,,,,,
2026-08-07,2026-08-07,CM,NSE,STK,10753,INE692A01016,UNIONBANK,EQ,,,,,UNION BANK OF INDIA,182.2,184.9,180.0,183.6,183.6,182.5,,183.6,,,22186841,4058177999.56,90463,F1,1,,,,,
2026-08-07,2026-08-07,CM,NSE,STK,29687,INF582M01KS4,UNIONGOLD,EQ,,,,,UNIONAMC - UNIONGOLD,145.3,146.45,143.55,146.3,146.45,145.3,,146.3,,,2505,364093.65,61,F1,1,,,,,
2026-08-07,2026-08-07,CM,NSE,STK,13057,INE244O01017,UNIPARTS,EQ,,,,,UNIPARTS INDIA LIMITED,784.9,820.0,777.05,814.6,809.6,781.5,,814.87,,,275162,221771894.15,15029,F1,1,,,,,
2026-08-07,2026-08-07,CM,NSE,STK,11293,INE037A01022,UNIENTER,EQ,,,,,UNIPHOS ENTERPRISES LTD,99.75,99.75,96.33,97.16,98.54,97.37,,97.24,,,5537,540152.16,102,F1,1,,,,,
2026-08-07,2026-08-07,CM,NSE,STK,3594,INE694A01020,UNITECH,EQ,,,,,UNITECH LTD,4.17,4.27,4.11,4.15,4.17,4.14,,4.15,,,4499677,18765046.66,3169,F1,1,,,,,
2026-08-07,2026-08-07,CM,NSE,STK,16713,INE686F01025,UBL,EQ,,,,,UNITED BREWERIES LTD,1408.2,1408.2,1377.5,1400.3,1397.0,1415.3,,1400.31,,,99991,139709691.2,8141,F1,1,,,,,
2026-08-07,2026-08-07,CM,NSE,STK,204,INE961D01019,UNIDT,BE,,,,,UNITED DRILLING TOOLS LTD,239.04,241.4,231.3,234.98,237.75,237.86,,234.98,,,6645,1587214.99,112,F1,1,,,,,
2026-08-07,2026-08-07,CM,NSE,STK,3127,INE382M01027,UFBL,EQ,,,,,UNITED FOODBRANDS LIMITED,824.95,829.0,785.0,807.6,797.5,804.3,,807.66,,,325409,263959860.95,22018,F1,1,,,,,
2026-08-07,2026-08-07,CM,NSE,STK,25938,INE0SMR01011,UHTL,ST,,,,,UNITED HEAT TRANSFER LTD,99.9,99.9,96.1,96.75,97.0,97.5,,96.75,,,28000,2722100.0,13,F1,2000,,,,,
2026-08-07,2026-08-07,CM,NSE,STK,17999,INE458F01011,UNITEDTEA,EQ,,,,,UNITED NILGIRI TEA LTD,478.45,479.0,462.0,468.0,470.0,483.3,,468.0,,,1821,852985.3,202,F1,1,,,,,
2026-08-07,2026-08-07,CM,NSE,STK,7564,INE368U01029,UNITEDPOLY,BE,,,,,UNITED POLYFAB GUJ. LTD.,29.25,29.25,28.1,28.87,28.99,29.01,,28.88,,,21523,612597.72,175,F1,1,,,,,
2026-08-07,2026-08-07,CM,NSE,STK,10447,INE854D01024,UNITDSPR,EQ,,,,,UNITED SPIRITS LIMITED,1521.2,1529.8,1512.4,1512.4,1512.4,1525.0,,1511.75,,,324797,493572683.2,19674,F1,1,,,,,
2026-08-07,2026-08-07,CM,NSE,STK,18979,INE562X01013,UNIVASTU,BE,,,,,UNIVASTU INDIA LIMITED,141.5,141.54,134.48,134.75,135.9,141.55,,134.75,,,325011,44043411.73,940,F1,1,,,,,
2026-08-07,2026-08-07,CM,NSE,STK,3607,INE279A01012,UNIVCABLES,EQ,,,,,UNIVERSAL CABLES LTD,1415.0,1436.2,1263.3,1411.2,1300.0,1416.3,,1411.26,,,163471,232733516.5,7901,F1,1,,,,,
2026-08-07,2026-08-07,CM,NSE,STK,17661,INE03V001013,UNIVPHOTO,BE,,,,,UNIVERSUS IMAGINGS LTD,471.6,494.0,458.05,471.7,471.7,478.95,,472.03,,,1153,557621.95,59,F1,1,,,,,
2026-08-07,2026-08-07,CM,NSE,STK,14154,INE405E01023,UNOMINDA,EQ,,,,,UNO MINDA LIMITED,1270.0,1292.1,1265.1,1285.0,1285.0,1278.0,,1284.7,,,557760,715225051.7,20440,F1,1,,,,,
2026-08-07,2026-08-07,CM,NSE,STK,18636,INE148I08256,915SCL26,NE,,,,,UNS RED NCD 9.15% SR.IX,1066.0,1066.0,1066.0,1066.0,1066.0,1073.2,,1066.0,,,1,1066.0,1,F1,1,,,,,
2026-08-07,2026-08-07,CM,NSE,STK,2883,INE530B08110,IIFLZC28,NG,,,,,UNSE RE NCD 0% SR.III,1653.01,1653.01,1653.01,1653.01,1653.01,1653.01,,1653.01,,,320,528963.2,5,F1,1,,,,,
2026-08-07,2026-08-07,CM,NSE,STK,2871,INE530B08094,10IIFL28A,NE,,,,,UNSE RE NCD 10% SR.I,1039.0,1039.0,1034.05,1034.56,1034.56,1039.0,,1034.56,,,199,206069.75,5,F1,1,,,,,
2026-08-07,2026-08-07,CM,NSE,STK,2877,INE530B08102,96IIFL28A,NF,,,,,UNSE RE NCD 9.6% SR.II,1009.99,1009.99,1002.68,1004.09,1004.1,1004.1,,1004.09,,,1231,1236911.27,21,F1,1,,,,,
2026-08-07,2026-08-07,CM,NSE,STK,5212,INE477L08147,10IIFL28,N4,,,,,UNSEC RE NCD 10% SR.I,1005.99,1005.99,1002.0,1004.0,1004.0,1005.99,,1004.5,,,325,326229.65,6,F1,1,,,,,
2026-08-07,2026-08-07,CM,NSE,STK,5214,INE477L08154,96IIFL28,N5,,,,,UNSEC RE NCD 9.60% SR.II,1003.73,1005.81,1003.0,1003.93,1003.52,1003.73,,1003.26,,,1974,1981046.57,19,F1,1,,,,,
2026-08-07,2026-08-07,CM,NSE,STK,19045,INE866I08279,10IIFL29,N6,,,,,UNSEC RED NCD 10.0% SR. V,1025.0,1025.0,1015.0,1024.35,1025.0,1010.0,,1024.35,,,78,79900.0,3,F1,1,,,,,
2026-08-07,2026-08-07,CM,NSE,STK,19047,INE866I08295,105IIFL29,N7,,,,,UNSEC RED NCD 10.5% SR.VI,1080.0,1080.0,1077.0,1077.0,1077.0,1076.0,,1077.0,,,61,65730.0,5,F1,1,,,,,
2026-08-07,2026-08-07,CM,NSE,STK,19113,INE851I01011,UDS,EQ,,,,,UPDATER SERVICES LIMITED,210.56,211.0,207.03,210.03,210.0,210.57,,210.02,,,190319,39837704.26,4290,F1,1,,,,,
2026-08-07,2026-08-07,CM,NSE,STK,11287,INE628A01036,UPL,EQ,,,,,UPL LIMITED,573.05,575.0,570.15,573.0,573.0,572.75,,573.0,,,882844,505140205.95,18838,F1,1,,,,,
2026-08-07,2026-08-07,CM,NSE,STK,10610,INE0CBM01019,USASEEDS,SM,,,,,UPSURGE SEEDS OF AGRI LTD,93.0,93.0,90.9,90.9,90.9,88.8,,90.9,,,1712,156519.6,4,F1,428,,,,,
2026-08-07,2026-08-07,CM,NSE,STK,17081,INE568Z01015,URAVIDEF,BE,,,,,URAVI DEFENCE &TECH LTD,115.9,115.9,109.9,110.03,110.0,114.22,,110.03,,,18090,2006247.46,171,F1,1,,,,,
2026-08-07,2026-08-07,CM,NSE,STK,759084,INE0CAZ01013,URBANCO,EQ,,,,,URBAN COMPANY LIMITED,142.95,145.3,141.75,143.74,144.0,142.67,,143.74,,,2752964,395454495.08,18785,F1,1,,,,,
2026-08-07,2026-08-07,CM,NSE,STK,16888,INE0O0201019,URBAN,SM,,,,,URBAN ENVIRO WASTE MGMT L,151.0,151.0,143.5,145.35,144.0,144.8,,145.35,,,75200,10953880.0,55,F1,800,,,,,
2026-08-07,2026-08-07,CM,NSE,STK,20203,INE550C01020,URJA,EQ,,,,,URJA GLOBAL LIMITED,9.98,9.98,9.8,9.84,9.83,9.78,,9.84,,,632892,6241543.83,2375,F1,1,,,,,
2026-08-07,2026-08-07,CM,NSE,STK,25952,INE0LS001014,USHAFIN,SM,,,,,USHA FINANCIAL SERVICES L,38.0,39.95,38.0,39.7,39.75,37.75,,39.7,,,59200,2307920.0,23,F1,1600,,,,,
2026-08-07,2026-08-07,CM,NSE,STK,19142,INE240C01028,UMESLTD,EQ,,,,,USHA MARTIN EDU & SOL LTD,5.53,5.59,5.5,5.57,5.58,5.48,,5.57,,,1543,8597.18,27,F1,1,,,,,
2026-08-07,2026-08-07,CM,NSE,STK,8840,INE228A01035,USHAMART,EQ,,,,,USHA MARTIN LTD.,517.9,519.8,513.2,515.05,516.0,515.65,,514.99,,,205861,106431996.15,10866,F1,1,,,,,
2026-08-07,2026-08-07,CM,NSE,STK,4214,INE00NI01015,UCL,ST,,,,,USHANTI COLOUR CHEM LTD,218.95,218.95,218.95,218.95,218.95,219.65,,218.95,,,2000,437900.0,1,F1,2000,,,,,
2026-08-07,2026-08-07,CM,NSE,STK,527,INE094J01016,UTIAMC,EQ,,,,,UTI ASSET MNGMT CO LTD,900.3,902.6,895.0,896.65,897.4,900.3,,896.65,,,54661,49066277.2,4693,F1,1,,,,,
2026-08-07,2026-08-07,CM,NSE,STK,764180,INF789F1AG68,LIQUIDBETA,EQ,,,,,UTIAMC - LIQUIDBETA,1003.45,1003.45,1003.45,1003.45,1003.45,1002.91,,1003.45,,,2,2006.9,2,F1,1,,,,,
2026-08-07,2026-08-07,CM,NSE,STK,22440,INF789F1AUV1,BANKBETA,EQ,,,,,UTIAMC-BANKBETA,60.38,60.38,59.68,59.74,60.08,60.08,,59.74,,,1700953,101598421.15,513,F1,1,,,,,
2026-08-07,2026-08-07,CM,NSE,STK,22524,INF789F1AZF3,GILT10BETA,EQ,,,,,UTIAMC-GILT10BETA,26.83,26.99,26.46,26.47,26.91,26.83,,26.47,,,315,8424.52,16,F1,1,,,,,
2026-08-07,2026-08-07,CM,NSE,STK,22521,INF789F1AZE6,GILT5BETA,EQ,,,,,UTIAMC-GILT5BETA,67.29,67.29,65.98,67.29,67.29,67.26,,66.63,,,41,2732.27,6,F1,1,,,,,
2026-08-07,2026-08-07,CM,NSE,STK,22488,INF789F1AZD8,ITBETA,EQ,,,,,UTIAMC-ITBETA,326.55,334.68,325.0,331.88,334.0,323.33,,331.88,,,24232,8031219.32,160,F1,1,,,,,
2026-08-07,2026-08-07,CM,NSE,STK,18347,INF789F1AYX9,MIDCAPBETA,EQ,,,,,UTIAMC-MIDCAPBETA,236.29,237.0,235.25,236.76,235.25,235.73,,236.76,,,560,132172.83,33,F1,1,,,,,
2026-08-07,2026-08-07,CM,NSE,STK,21478,INF789F1AUW9,NEXT50BETA,EQ,,,,,UTIAMC-NEXT50BETA,79.24,80.89,79.24,80.47,79.82,79.77,,80.47,,,175261,14116104.37,722,F1,1,,,,,
2026-08-07,2026-08-07,CM,NSE,STK,10511,INF789F1AZC0,NIFTYBETA,EQ,,,,,UTIAMC-NIFTYBETA,275.81,275.81,270.79,272.76,273.6,272.82,,272.76,,,15445,4209970.82,354,F1,1,,,,,
2026-08-07,2026-08-07,CM,NSE,STK,10515,INF789FB1X58,SENSEXBETA,EQ,,,,,UTIAMC-SENSEXBETA,868.98,874.39,868.21,870.65,870.2,863.74,,870.59,,,1099,957269.17,130,F1,1,,,,,
2026-08-07,2026-08-07,CM,NSE,STK,15085,INF789F1AYK6,SILVERBETA,EQ,,,,,UTIAMC-SILVERBETA,217.36,223.27,216.9,222.6,221.3,216.64,,222.6,,,453597,100292006.63,4493,F1,1,,,,,
2026-08-07,2026-08-07,CM,NSE,STK,9168,INF789F1AUU3,SNXT50BETA,EQ,,,,,UTIAMC-SNXT50BETA,96.66,96.95,95.06,95.55,96.53,96.18,,95.57,,,1395,134101.43,97,F1,1,,,,,
2026-08-07,2026-08-07,CM,NSE,STK,14535,INF789F1AUX7,GOLDBETA,EQ,,,,,UTIAMC-UTIGOLDBETA,124.5,125.8,124.05,125.7,125.65,124.55,,125.69,,,338572,42318353.7,2690,F1,1,,,,,
2026-08-07,2026-08-07,CM,NSE,STK,751580,INE1V1R01014,UTKAL,SM,,,,,UTKAL SPEC INDUS INDIA L,45.6,46.1,42.5,46.1,46.1,43.95,,46.1,,,168000,7578700.0,69,F1,2000,,,,,
2026-08-07,2026-08-07,CM,NSE,STK,17358,INE735W01017,UTKARSHBNK,EQ,,,,,UTKARSH SMALL FIN BANK L,14.4,14.4,14.15,14.19,14.22,14.37,,14.19,,,2519954,35927112.13,5443,F1,1,,,,,
2026-08-07,2026-08-07,CM,NSE,STK,24729,INE06IJ01010,UTSSAV,ST,,,,,UTSSAV CZ GOLD JEWELS LTD,510.0,516.0,508.0,515.0,515.0,508.0,,515.0,,,24600,12633000.0,24,F1,600,,,,,
2026-08-07,2026-08-07,CM,NSE,STK,13376,INE786F01031,UTTAMSUGAR,EQ,,,,,UTTAM SUGAR MILLS LTD.,253.1,257.0,251.0,252.77,251.0,254.82,,252.74,,,61564,15636979.89,2174,F1,1,,,,,
2026-08-07,2026-08-07,CM,NSE,STK,3188,INE0GXK01018,VMARCIND,SM,,,,,V MARC INDIA LIMITED,334.95,334.95,306.1,316.0,316.95,328.95,,316.0,,,511500,161587650.0,296,F1,1500,,,,,
2026-08-07,2026-08-07,CM,NSE,STK,23018,INE0QQM01017,VR,SM,,,,,V R INFRASPACE LIMITED,144.65,144.65,144.65,144.65,144.65,137.8,,144.65,,,400,57860.0,1,F1,400,,,,,
2026-08-07,2026-08-07,CM,NSE,STK,15362,INE951I01027,VGUARD,EQ,,,,,V-GUARD IND LTD.,319.0,327.35,312.1,319.65,321.0,322.25,,319.56,,,1204577,387104454.75,16822,F1,1,,,,,
2026-08-07,2026-08-07,CM,NSE,STK,14766,INE945H01021,V2RETAIL,EQ,,,,,V2 RETAIL LIMITED,218.31,220.5,216.0,219.44,220.5,218.31,,219.45,,,698894,152564303.81,22369,F1,1,,,,,
2026-08-07,2026-08-07,CM,NSE,STK,20188,INE956G01038,WABAG,EQ,,,,,VA TECH WABAG LTD,1987.0,1989.8,1950.1,1957.7,1956.7,1990.7,,1957.67,,,175872,345329311.8,15408,F1,1,,,,,
2026-08-07,2026-08-07,CM,NSE,STK,24196,INE694D01016,VADILALIND,EQ,,,,,VADILAL INDUSTRIES LTD,7290.0,7350.0,7098.0,7207.5,7216.0,7327.5,,7207.49,,,26596,190627708.5,5144,F1,1,,,,,
2026-08-07,2026-08-07,CM,NSE,STK,11364,INE884A01027,VAIBHAVGBL,EQ,,,,,VAIBHAV GLOBAL LIMITED,243.05,246.4,241.0,242.95,242.0,242.6,,242.93,,,327863,79787320.85,7116,F1,1,,,,,
2026-08-07,2026-08-07,CM,NSE,STK,8262,INE0JR301013,MADHAVBAUG,ST,,,,,VAIDYA SANE AYUR LAB LTD,183.5,190.0,180.9,188.85,180.9,190.0,,188.85,,,5200,978320.0,10,F1,400,,,,,
2026-08-07,2026-08-07,CM,NSE,STK,16589,INE972X01022,VAISHALI,EQ,,,,,VAISHALI PHARMA LIMITED,7.82,8.19,7.82,7.88,7.95,7.98,,7.88,,,88804,703691.14,150,F1,1,,,,,
2026-08-07,2026-08-07,CM,NSE,STK,13342,INE051B01021,VAKRANGEE,EQ,,,,,VAKRANGEE LIMITED,6.0,6.02,5.95,5.99,6.01,6.0,,5.99,,,663946,3973584.12,1185,F1,1,,,,,
2026-08-07,2026-08-07,CM,NSE,STK,19220,INE0JWS01017,VALIANTLAB,BE,,,,,VALIANT LABORATORIES LTD,61.52,64.59,61.0,64.59,64.59,61.52,,64.59,,,23879,1522912.66,106,F1,1,,,,,
2026-08-07,2026-08-07,CM,NSE,STK,334,INE565V01010,VALIANTORG,BE,,,,,VALIANT ORGANICS LIMITED,282.0,291.0,278.1,288.5,286.0,278.7,,288.83,,,10394,2981542.05,208,F1,1,,,,,
2026-08-07,2026-08-07,CM,NSE,STK,18128,INE879I01012,DBREALTY,BE,,,,,VALOR ESTATE LIMITED,111.97,117.32,110.0,117.32,117.32,111.74,,117.3,,,718225,83323684.54,1721,F1,1,,,,,
2026-08-07,2026-08-07,CM,NSE,STK,763304,INE1E7Y01018,VALUE360,SM,,,,,VALUE 360 COMMUNICATION L,78.95,78.95,74.0,75.0,75.0,74.5,,75.0,,,13200,1010340.0,11,F1,1200,,,,,
2026-08-07,2026-08-07,CM,NSE,STK,13403,INE116G01013,VARDHACRLC,BE,,,,,VARDHAMAN ACRYLICS LTD,45.01,45.9,44.67,44.73,44.72,45.51,,44.73,,,17888,804869.15,147,F1,1,,,,,
2026-08-07,2026-08-07,CM,NSE,STK,11892,INE701A01023,VHL,EQ,,,,,VARDHMAN HOLDINGS LIMITED,3600.0,3649.8,3532.0,3568.7,3577.0,3579.0,,3568.45,,,1143,4121905.1,389,F1,1,,,,,
2026-08-07,2026-08-07,CM,NSE,STK,3646,INE835A01029,VARDMNPOLY,EQ,,,,,VARDHMAN POLYTEX LTD.,5.93,6.85,5.9,6.48,6.6,6.0,,6.47,,,1044397,6736059.9,1394,F1,1,,,,,
2026-08-07,2026-08-07,CM,NSE,STK,27067,INE050M01012,VSSL,EQ,,,,,VARDHMAN SPC STEEL LTD,332.55,344.7,328.0,341.85,342.85,333.85,,341.87,,,335632,113550442.4,9088,F1,1,,,,,
2026-08-07,2026-08-07,CM,NSE,STK,2073,INE825A01020,VTL,EQ,,,,,VARDHMAN TEXTILES LIMITED,605.0,615.3,601.75,606.75,607.8,602.2,,606.79,,,225767,137127175.85,11629,F1,1,,,,,
2026-08-07,2026-08-07,CM,NSE,STK,3857,INE665L01035,VARROC,EQ,,,,,VARROC ENGINEERING LTD.,720.0,836.3,713.45,811.2,804.0,737.85,,811.29,,,15190210,12267933714.55,342414,F1,1,,,,,
2026-08-07,2026-08-07,CM,NSE,STK,18921,INE200M01039,VBL,EQ,,,,,VARUN BEVERAGES LIMITED,444.05,447.35,439.55,442.0,442.0,444.0,,442.01,,,2472286,1093164695.05,32431,F1,1,,,,,
2026-08-07,2026-08-07,CM,NSE,STK,13771,INE273D01027,VGL,EQ,,,,,VARVEE GLOBAL LIMITED,61.97,63.37,60.2,61.28,61.0,62.28,,61.3,,,17269,1065992.09,418,F1,1,,,,,
2026-08-07,2026-08-07,CM,NSE,STK,16454,INE0N5801013,DENTALKART,SM,,,,,VASA DENTICITY LIMITED,393.1,411.5,392.0,408.55,411.5,393.8,,408.55,,,20000,8075875.0,74,F1,250,,,,,
2026-08-07,2026-08-07,CM,NSE,STK,18114,INE893I01013,VASCONEQ,BE,,,,,VASCON ENGINEERS LTD,32.2,33.83,32.2,33.64,33.75,33.03,,33.66,,,163946,5473932.26,447,F1,1,,,,,
2026-08-07,2026-08-07,CM,NSE,STK,25340,INE590L01019,VASWANI,EQ,,,,,VASWANI IND LTD,52.93,52.93,50.5,52.14,52.27,51.68,,52.14,,,39282,2021561.58,440,F1,1,,,,,
2026-08-07,2026-08-07,CM,NSE,STK,9020,INE098201036,VCL,EQ,,,,,VAXTEX COTFAB LIMITED,1.34,1.34,1.34,1.34,1.34,1.28,,1.34,,,162431,217657.54,58,F1,1,,,,,
2026-08-07,2026-08-07,CM,NSE,STK,757413,INE04HY07294,1025VCCL28,N0,,,,,VCCL 10.25% 2028,93941.0,93941.0,93000.0,93000.0,93000.0,96381.04,,93000.0,,,5,466881.55,3,F1,1,,,,,
2026-08-07,2026-08-07,CM,NSE,STK,760049,INE04HY07377,115VCCL28,N0,,,,,VCCL 11.5% 2028 SR C,99100.01,99100.01,99100.01,99100.01,99100.01,99100.01,,99100.01,,,2,198200.02,1,F1,1,,,,,
2026-08-07,2026-08-07,CM,NSE,STK,29274,INE04HY07203,12VCCL29A,N0,,,,,VCCL12% 2029,99000.0,99000.0,98150.0,98325.0,98325.0,99000.0,,98325.0,,,15,1475200.0,8,F1,1,,,,,
2026-08-07,2026-08-07,CM,NSE,STK,763380,INE04HY07401,115VCCL31A,N0,,,,,VCCL31A 11.5% 2031,9700.0,9700.0,9650.0,9650.0,9650.0,9800.0,,9650.0,,,21,203050.0,4,F1,1,,,,,
2026-08-07,2026-08-07,CM,NSE,STK,25054,INE0U2M01015,VDEAL,SM,,,,,VDEAL SYSTEM LIMITED,162.6,165.9,162.6,164.0,164.0,155.0,,164.0,,,3600,591300.0,6,F1,600,,,,,
2026-08-07,2026-08-07,CM,NSE,STK,8167,INE825V01034,MANYAVAR,EQ,,,,,VEDANT FASHIONS LIMITED,500.35,529.0,493.45,516.9,510.5,500.35,,516.99,,,2629328,1356341670.65,50937,F1,1,,,,,
2026-08-07,2026-08-07,CM,NSE,STK,750174,INE1CDF01017,VAML,EQ,,,,,VEDANTA ALUMINIUM METAL L,481.0,483.4,468.0,470.05,469.0,480.65,,470.05,,,7677653,3649469773.45,83430,F1,1,,,,,
2026-08-07,2026-08-07,CM,NSE,STK,750290,INE1CLE01013,VISL,EQ,,,,,VEDANTA IRON AND STEEL L,35.6,36.24,34.8,35.21,35.15,35.89,,35.21,,,23801877,843497957.48,44809,F1,1,,,,,
2026-08-07,2026-08-07,CM,NSE,STK,3063,INE205A01025,VEDL,EQ,,,,,VEDANTA LIMITED,273.95,278.85,271.85,278.85,278.85,275.0,,278.84,,,10287563,2829665560.55,76627,F1,1,,,,,
2026-08-07,2026-08-07,CM,NSE,STK,750368,INE704J01044,VOGL,EQ,,,,,VEDANTA OIL AND GAS LTD,35.83,36.44,34.61,34.91,34.64,35.9,,34.91,,,28865567,1025438746.63,59123,F1,1,,,,,
2026-08-07,2026-08-07,CM,NSE,STK,750518,INE694L01019,VEDPOWER,EQ,,,,,VEDANTA POWER LIMITED,35.7,36.35,35.3,35.46,35.49,35.78,,35.46,,,15005706,537653005.25,45105,F1,1,,,,,
2026-08-07,2026-08-07,CM,NSE,STK,14019,INE484C01030,VEEDOL,EQ,,,,,VEEDOL CORPORATION LTD,1493.0,1516.9,1484.9,1497.3,1498.0,1489.9,,1497.28,,,18945,28418373.8,1921,F1,1,,,,,
2026-08-07,2026-08-07,CM,NSE,STK,10710,INE0KTW01013,VEEKAYEM,SM,,,,,VEEKAYEM FASH & APP LTD,120.0,120.0,120.0,120.0,120.0,122.15,,120.0,,,500,60000.0,1,F1,500,,,,,
2026-08-07,2026-08-07,CM,NSE,STK,762969,INE232E01013,VELJAN,BE,,,,,VELJAN DENISON LTD.,1660.0,1710.0,1636.0,1706.4,1710.0,1651.8,,1706.4,,,876,1477437.0,55,F1,1,,,,,
2026-08-07,2026-08-07,CM,NSE,STK,3757,INE398A01010,VENKEYS,EQ,,,,,VENKY S (INDIA) LIMITED,1561.1,1596.9,1560.0,1573.4,1561.1,1565.1,,1573.52,,,22629,35771078.5,2019,F1,1,,,,,
2026-08-07,2026-08-07,CM,NSE,STK,28847,INE781S01027,VENTIVE,EQ,,,,,VENTIVE HOSPITALITY LTD,616.0,618.45,590.2,599.9,603.2,612.8,,600.17,,,33822,20475750.35,1554,F1,1,,,,,
2026-08-07,2026-08-07,CM,NSE,STK,9592,INE0JA001018,VENUSPIPES,EQ,,,,,VENUS PIPES & TUBES LTD,1589.9,1629.2,1583.3,1604.0,1597.5,1589.9,,1604.01,,,40889,65653097.0,3159,F1,1,,,,,
2026-08-07,2026-08-07,CM,NSE,STK,13856,INE411B01019,VENUSREM,BE,,,,,VENUS REMEDIES LIMITED,1562.7,1584.9,1521.0,1540.7,1561.9,1562.7,,1540.75,,,35465,54963427.5,1281,F1,1,,,,,
2026-08-07,2026-08-07,CM,NSE,STK,8890,INE0IQ001011,VERANDA,EQ,,,,,VERANDA LEARNING SOL LTD,260.85,261.0,253.8,257.95,256.6,258.3,,257.94,,,222459,57223578.6,4323,F1,1,,,,,
2026-08-07,2026-08-07,CM,NSE,STK,23775,INE0SRI01019,VERITAAS,SM,,,,,VERITAAS ADVERTISING LTD,33.1,33.3,33.1,33.3,33.3,34.8,,33.3,,,2400,79680.0,2,F1,1200,,,,,
2026-08-07,2026-08-07,CM,NSE,STK,10757,INE0KXY23015,VERTIS,IV,,,,,VERTIS INFRASTRUCTURE TST,113.0,113.0,113.0,113.0,113.0,111.05,,113.0,,,25000,2825000.0,1,F1,25000,,,,,
2026-08-07,2026-08-07,CM,NSE,STK,18865,INE188Y01031,VERTOZ,BE,,,,,VERTOZ LIMITED,36.5,36.5,34.36,35.96,35.87,35.73,,35.96,,,58150,2087421.68,263,F1,1,,,,,
2026-08-07,2026-08-07,CM,NSE,STK,3676,INE386A01023,VESUVIUS,EQ,,,,,VESUVIUS INDIA LTD,445.1,453.0,445.1,449.1,447.8,445.85,,449.08,,,34140,15334227.55,2406,F1,1,,,,,
2026-08-07,2026-08-07,CM,NSE,STK,8660,INE918N01018,VETO,BE,,,,,VETO SWITCHGEAR CABLE LTD,123.99,124.3,122.0,122.2,122.7,122.91,,122.19,,,9886,1212633.0,123,F1,1,,,,,
2026-08-07,2026-08-07,CM,NSE,STK,22730,INE0QTF01015,VSTL,EQ,,,,,VIBHOR STEEL TUBES LTD,107.2,108.39,106.1,107.01,107.2,108.27,,107.0,,,15337,1637426.41,642,F1,1,,,,,
2026-08-07,2026-08-07,CM,NSE,STK,23386,INE048C01025,VHLTD,BE,,,,,VICEROY HOTELS LIMITED,125.95,127.79,122.5,125.0,125.0,127.03,,125.0,,,45063,5611996.76,121,F1,1,,,,,
2026-08-07,2026-08-07,CM,NSE,STK,760694,INE0F8901022,VICTORYEV,ST,,,,,VICTORY ELEC VEHICL INT L,16.25,17.35,15.9,16.4,16.4,16.55,,16.4,,,24000,392850.0,8,F1,3000,,,,,
2026-08-07,2026-08-07,CM,NSE,STK,13536,INE632C01026,VIDHIING,EQ,,,,,VIDHI SPCLTY F INGRDNTS L,323.0,325.55,315.0,316.65,315.0,322.05,,315.17,,,11850,3787626.8,778,F1,1,,,,,
2026-08-07,2026-08-07,CM,NSE,STK,760224,INE14UN01029,VIDYAWIRES,EQ,,,,,VIDYA WIRES LIMITED,94.86,96.5,93.32,95.46,96.0,94.86,,95.45,,,839091,79530509.9,6330,F1,1,,,,,
2026-08-07,2026-08-07,CM,NSE,STK,758908,INE1DM601016,VIGOR,ST,,,,,VIGOR PLAST INDIA LIMITED,98.8,98.95,93.15,98.0,98.0,94.3,,98.0,,,25600,2471920.0,13,F1,1600,,,,,
2026-08-07,2026-08-07,CM,NSE,STK,5585,INE043W01024,VIJAYA,EQ,,,,,VIJAYA DIAGNOSTIC CEN LTD,1384.7,1433.0,1340.0,1351.1,1348.0,1369.8,,1351.19,,,576167,799274084.4,43548,F1,1,,,,,
2026-08-07,2026-08-07,CM,NSE,STK,760121,INE0WL901019,VIJAYPD,SM,,,,,VIJAYPD CEUTICAL LIMITED,62.0,64.0,57.0,62.5,63.0,63.9,,62.5,,,228000,13682900.0,19,F1,2000,,,,,
2026-08-07,2026-08-07,CM,NSE,STK,17695,INE159N01027,VIJIFIN,BE,,,,,VIJI FINANCE LIMITED,11.25,11.25,11.25,11.25,11.25,11.03,,11.32,,,1274766,14341117.5,198,F1,1,,,,,
2026-08-07,2026-08-07,CM,NSE,STK,25756,INE806A01020,VIKASECO,EQ,,,,,VIKAS ECOTECH LIMITED,1.12,1.13,1.11,1.11,1.13,1.11,,1.11,,,1265413,1411848.39,886,F1,1,,,,,
2026-08-07,2026-08-07,CM,NSE,STK,9931,INE161L01027,VIKASLIFE,EQ,,,,,VIKAS LIFECARE LIMITED,1.26,1.27,1.25,1.26,1.27,1.26,,1.26,,,2019619,2546970.26,8470,F1,1,,,,,
2026-08-07,2026-08-07,CM,NSE,STK,759453,INE078V01014,VIKRAMSOLR,EQ,,,,,VIKRAM SOLAR LIMITED,163.0,168.54,155.38,164.34,165.4,173.96,,164.31,,,10449640,1717949426.38,103237,F1,1,,,,,
2026-08-07,2026-08-07,CM,NSE,STK,758973,INE01R501028,VIKRAN,EQ,,,,,VIKRAN ENGINEERING LTD,71.5,72.1,71.1,71.59,71.45,71.71,,71.59,,,630957,45272560.85,3740,F1,1,,,,,
2026-08-07,2026-08-07,CM,NSE,STK,23909,INE0AZY01017,VILAS,SM,,,,,VILAS TRANSCORE LIMITED,369.0,370.85,363.15,364.65,365.0,365.95,,364.65,,,11000,4031412.5,39,F1,250,,,,,
2026-08-07,2026-08-07,CM,NSE,STK,16954,INE0L4V01013,VILINBIO,SM,,,,,VILIN BIO MED LIMITED,40.7,44.05,40.7,44.05,44.05,42.75,,44.05,,,12000,501800.0,3,F1,4000,,,,,
2026-08-07,2026-08-07,CM,NSE,STK,13101,INE579C01029,VIMTALABS,EQ,,,,,VIMTA LABS LIMITED,636.9,656.95,633.05,651.25,654.0,641.95,,651.21,,,161145,104732389.5,6958,F1,1,,,,,
2026-08-07,2026-08-07,CM,NSE,STK,17364,INE410B01037,VINATIORGA,EQ,,,,,VINATI ORGANICS LTD,1337.7,1349.4,1320.0,1324.9,1325.0,1349.6,,1324.84,,,22739,30290196.3,3080,F1,1,,,,,
2026-08-07,2026-08-07,CM,NSE,STK,3694,INE707A01012,VINDHYATEL,EQ,,,,,VINDHYA TELELINKS LTD,2310.0,2310.0,2211.0,2241.7,2269.0,2286.9,,2241.86,,,49404,110860862.0,5464,F1,1,,,,,
2026-08-07,2026-08-07,CM,NSE,STK,3809,INE505Y01010,VINEETLAB,BE,,,,,VINEET LABORATORIES LTD,39.2,39.2,36.77,36.99,37.0,38.7,,37.01,,,73360,2719007.13,136,F1,1,,,,,
2026-08-07,2026-08-07,CM,NSE,STK,763821,INE27V201011,VMOBILE,SM,,,,,VINIT MOBILE LIMITED,68.95,71.05,66.6,67.2,67.05,69.15,,67.2,,,31200,2149680.0,37,F1,800,,,,,
2026-08-07,2026-08-07,CM,NSE,STK,12490,INE01KI01027,VINNY,EQ,,,,,VINNY OVERSEAS LIMITED,1.06,1.08,1.06,1.07,1.08,1.07,,1.07,,,91032,97896.48,101,F1,1,,,,,
2026-08-07,2026-08-07,CM,NSE,STK,17905,INE0OSJ01014,VINSYS,ST,,,,,VINSYS IT SERVICES IND LT,575.0,577.0,569.0,577.0,577.0,570.0,,577.0,,,11000,6278787.5,39,F1,250,,,,,
2026-08-07,2026-08-07,CM,NSE,STK,25835,INE498Q01014,VINCOFE,EQ,,,,,VINTAGE COFFEE N BVRGS L,150.9,151.88,146.77,148.24,149.1,150.3,,148.24,,,1882332,280478494.29,12453,F1,1,,,,,
2026-08-07,2026-08-07,CM,NSE,STK,19206,INE0OLS01010,VINYAS,SM,,,,,VINYAS INNOVATIVE TECH L,1300.0,1305.0,1266.0,1282.5,1282.0,1269.6,,1282.5,,,6800,8791555.0,54,F1,100,,,,,
2026-08-07,2026-08-07,CM,NSE,STK,16821,INE250B01029,VINYLINDIA,EQ,,,,,VINYL CHEMICALS (I) LTD.,249.9,249.9,241.8,242.72,242.0,244.38,,242.71,,,9936,2430782.59,371,F1,1,,,,,
2026-08-07,2026-08-07,CM,NSE,STK,14847,INE450G01024,VIPCLOTHNG,BE,,,,,VIP CLOTHING LIMITED,21.45,21.45,20.6,20.73,20.7,21.64,,20.5,,,78219,1642635.27,385,F1,1,,,,,
2026-08-07,2026-08-07,CM,NSE,STK,3703,INE054A01027,VIPIND,EQ,,,,,VIP INDUSTRIES LTD,316.0,317.95,311.05,315.0,315.7,314.5,,315.01,,,103450,32548077.7,2665,F1,1,,,,,
2026-08-07,2026-08-07,CM,NSE,STK,8437,INE946H01037,VIPULLTD,BE,,,,,VIPUL LIMITED,12.31,12.65,11.8,11.89,11.85,12.31,,11.89,,,114213,1372085.31,405,F1,1,,,,,
2026-08-07,2026-08-07,CM,NSE,STK,15295,INE539B01017,VIRINCHI,EQ,,,,,VIRINCHI LIMITED,15.5,15.9,15.49,15.76,15.75,15.49,,15.76,,,45034,709606.68,248,F1,1,,,,,
2026-08-07,2026-08-07,CM,NSE,STK,757060,INE0VRH01015,VGINFOTECH,SM,,,,,VIRTUAL GALAXY INFOTECH L,156.5,157.5,155.0,157.0,157.2,155.65,,157.0,,,22000,3440650.0,22,F1,1000,,,,,
2026-08-07,2026-08-07,CM,NSE,STK,761916,INE0I0T01010,VOEPL,EQ,,,,,VIRTUOSO OPTOELECTRONIC L,508.95,516.95,504.05,505.95,506.0,508.7,,505.92,,,62820,32024751.05,1934,F1,1,,,,,
2026-08-07,2026-08-07,CM,NSE,STK,13298,INE286H01012,VISACHROME,BE,,,,,VISA CHROME LIMITED,38.0,38.0,37.0,37.99,38.0,37.99,,37.99,,,10162,382395.21,55,F1,1,,,,,
2026-08-07,2026-08-07,CM,NSE,STK,29877,INE370E01029,VIVIDHA,EQ,,,,,VISAGAR POLYTEX LTD,0.52,0.56,0.52,0.52,0.53,0.53,,0.52,,,289203,155313.31,234,F1,1,,,,,
2026-08-07,2026-08-07,CM,NSE,STK,4221,INE392A01021,VISAKAIND,EQ,,,,,VISAKA INDUSTRIES LIMITED,90.29,100.97,88.48,98.72,100.0,86.39,,98.72,,,14124593,1348052398.57,70545,F1,1,,,,,
2026-08-07,2026-08-07,CM,NSE,STK,27969,INE01EA01019,VMM,EQ,,,,,VISHAL MEGA MART LIMITED,109.52,110.08,107.93,108.72,108.72,109.52,,108.71,,,7431528,806912733.5,38540,F1,1,,,,,
2026-08-07,2026-08-07,CM,NSE,STK,6908,INE270I01022,VISHNU,EQ,,,,,VISHNU CHEMICALS LIMITED,590.0,599.6,582.0,586.6,584.05,594.8,,586.59,,,71792,42212097.85,4202,F1,1,,,,,
2026-08-07,2026-08-07,CM,NSE,STK,18343,INE0AE001013,VPRPL,BE,,,,,VISHNU PRAKASH R PUNGLI L,29.46,30.93,29.0,30.93,30.93,29.46,,30.94,,,355232,10792046.02,872,F1,1,,,,,
2026-08-07,2026-08-07,CM,NSE,STK,19300,INE0PQ001012,VISHNUINFR,SM,,,,,VISHNUSURYA PROJ N INFR L,159.5,160.0,153.5,154.1,154.2,160.7,,154.1,,,7000,1087150.0,13,F1,500,,,,,
2026-08-07,2026-08-07,CM,NSE,STK,13702,INE430N01022,VISHWARAJ,EQ,,,,,VISHWARAJ SUGAR IND LTD,5.28,5.4,5.28,5.32,5.34,5.3,,5.32,,,93525,499417.54,262,F1,1,,,,,
2026-08-07,2026-08-07,CM,NSE,STK,25231,INE0TR001017,VIESL,SM,,,,,VISION INFRA EQUIP SOL L,308.0,312.5,307.0,312.5,312.5,310.0,,312.5,,,7200,2227720.0,9,F1,800,,,,,
2026-08-07,2026-08-07,CM,NSE,STK,761150,INE0L4K01016,VITAL,BE,,,,,VITAL CHEMTECH LIMITED,50.49,50.49,50.3,50.45,50.45,49.5,,50.45,,,4573,230287.93,13,F1,1,,,,,
2026-08-07,2026-08-07,CM,NSE,STK,763637,INE0MEG01014,VIVIANA,BE,,,,,VIVIANA POWER TECH LTD,717.9,719.0,705.0,715.8,716.0,710.2,,715.8,,,18441,13152263.0,371,F1,1,,,,,
2026-08-07,2026-08-07,CM,NSE,STK,761771,INE24H301028,VIVIDEL,ST,,,,,VIVID ELECTROMECH LIMITED,1448.0,1448.0,1448.0,1448.0,1448.0,1379.05,,1448.0,,,14880,21546240.0,41,F1,240,,,,,
2026-08-07,2026-08-07,CM,NSE,STK,11968,INE526G01021,VIVIMEDLAB,BE,,,,,VIVIMED LABS LIMITED,4.95,5.19,4.95,5.01,5.07,5.04,,5.05,,,20886,104044.5,84,F1,1,,,,,
2026-08-07,2026-08-07,CM,NSE,STK,7610,INE0IA701014,VIVO,SM,,,,,VIVO COLLAB SOLUTIONS LTD,114.05,114.05,114.05,114.05,114.05,108.65,,114.05,,,3200,364960.0,2,F1,1600,,,,,
2026-08-07,2026-08-07,CM,NSE,STK,14296,INE807F01027,VIYASH,EQ,,,,,VIYASH SCIENTIFIC LIMITED,272.9,281.0,271.3,277.0,278.55,272.65,,277.01,,,2066705,572464834.4,30516,F1,1,,,,,
2026-08-07,2026-08-07,CM,NSE,STK,18021,INE03HW01020,VLEGOV,BE,,,,,VL E GOV AND IT SOL LTD,10.95,10.95,10.94,10.94,10.94,10.97,,10.95,,,23903,261638.63,104,F1,1,,,,,
2026-08-07,2026-08-07,CM,NSE,STK,3715,INE709A01018,VLSFINANCE,EQ,,,,,VLS FINANCE LTD,260.15,268.0,260.15,265.1,264.9,261.45,,265.1,,,9563,2531713.95,384,F1,1,,,,,
2026-08-07,2026-08-07,CM,NSE,STK,29284,INE665J01013,VMART,EQ,,,,,VMART RETAIL LTD,815.0,819.8,785.4,799.35,788.9,813.9,,799.34,,,61913,49989188.1,4714,F1,1,,,,,
2026-08-07,2026-08-07,CM,NSE,STK,759153,INE0SJA01013,VMSTMT,BE,,,,,VMS TMT LIMITED,44.95,46.7,44.9,46.11,46.4,44.75,,46.09,,,43547,1998073.89,266,F1,1,,,,,
2026-08-07,2026-08-07,CM,NSE,STK,14366,INE669E01016,IDEA,EQ,,,,,VODAFONE IDEA LIMITED,12.64,12.88,12.6,12.73,12.73,12.63,,12.73,,,205855564,2619873077.47,381520,F1,1,,,,,
2026-08-07,2026-08-07,CM,NSE,STK,29658,INE241X01014,VOLERCAR,SM,,,,,VOLER CAR LIMITED,212.95,222.85,212.95,220.0,220.0,212.9,,220.0,,,48000,10533880.0,23,F1,800,,,,,
2026-08-07,2026-08-07,CM,NSE,STK,13577,INE540H01012,VOLTAMP,EQ,,,,,VOLTAMP TRANSFORMERS LTD,9944.0,10095.0,9854.0,9965.0,9950.0,9941.0,,9964.88,,,29132,290659596.0,12966,F1,1,,,,,
2026-08-07,2026-08-07,CM,NSE,STK,3718,INE226A01021,VOLTAS,EQ,,,,,VOLTAS LTD,1275.0,1303.7,1271.9,1285.0,1285.0,1275.0,,1284.99,,,811972,1043139787.7,34403,F1,1,,,,,
2026-08-07,2026-08-07,CM,NSE,STK,24321,INE0S2V01010,VRAJ,EQ,,,,,VRAJ IRON AND STEEL LTD,123.13,124.0,122.7,123.4,123.13,122.26,,123.4,,,15423,1902075.24,441,F1,1,,,,,
2026-08-07,2026-08-07,CM,NSE,STK,8696,INE366I01010,VRLLOG,EQ,,,,,VRL LOGISTICS LIMITED,285.0,288.9,280.0,281.35,280.0,284.65,,281.35,,,256801,72743681.8,8615,F1,1,,,,,
2026-08-07,2026-08-07,CM,NSE,STK,3724,INE710A01016,VSTIND,EQ,,,,,VST INDUSTRIES LTD,219.56,220.99,219.1,219.77,220.1,219.56,,219.65,,,114183,25103716.45,2747,F1,1,,,,,
2026-08-07,2026-08-07,CM,NSE,STK,24292,INE764D01017,VSTTILLERS,EQ,,,,,VST TILLERS TRACTORS LTD,4566.1,4587.4,4465.3,4487.4,4499.0,4545.1,,4487.76,,,18515,83519023.2,2732,F1,1,,,,,
2026-08-07,2026-08-07,CM,NSE,STK,762978,INE765D01022,WPIL,EQ,,,,,W P I L LTD.,438.0,442.45,431.0,436.4,435.05,438.9,,436.38,,,32184,14014364.25,2202,F1,1,,,,,
2026-08-07,2026-08-07,CM,NSE,STK,14828,INE100D01014,WSI,EQ,,,,,W.S.INDUSTRIES (I) LTD.,60.1,61.09,59.65,59.92,60.0,60.07,,59.92,,,41415,2495016.62,442,F1,1,,,,,
2026-08-07,2026-08-07,CM,NSE,STK,25907,INE377N01017,WAAREEENER,EQ,,,,,WAAREE ENERGIES LIMITED,2663.9,2730.0,2656.9,2717.0,2717.0,2660.9,,2714.47,,,777123,2102923673.8,45412,F1,1,,,,,
2026-08-07,2026-08-07,CM,NSE,STK,756038,INE299N01021,WAAREERTL,EQ,,,,,WAAREE RENEWABLE TECH LTD,905.0,914.75,904.0,908.65,908.25,905.15,,908.68,,,74919,68109885.75,4474,F1,1,,,,,
2026-08-07,2026-08-07,CM,NSE,STK,760259,INE0E7301029,WAKEFIT,EQ,,,,,WAKEFIT INNOVATIONS LTD,135.39,136.5,127.0,127.76,127.5,127.9,,127.76,,,6636699,877091194.45,51506,F1,1,,,,,
2026-08-07,2026-08-07,CM,NSE,STK,3736,INE711A01022,WALCHANNAG,EQ,,,,,WALCHANDNAGAR INDUSTRIES,231.0,233.3,227.82,230.74,230.0,231.82,,230.74,,,323009,74524339.6,5031,F1,1,,,,,
2026-08-07,2026-08-07,CM,NSE,STK,14063,INE107F01022,WANBURY,EQ,,,,,WANBURY LIMITED,272.6,276.2,253.95,254.95,255.0,274.25,,254.95,,,574426,150377778.7,9316,F1,1,,,,,
2026-08-07,2026-08-07,CM,NSE,STK,762163,INE0LZF01013,CORDELIA,EQ,,,,,WATERWAYS LEISURE TOUR L,846.35,849.0,820.6,841.15,845.0,846.35,,841.02,,,132672,110385377.3,5410,F1,1,,,,,
2026-08-07,2026-08-07,CM,NSE,STK,9865,INE082W01014,WEWIN,BE,,,,,WE WIN LIMITED,47.04,47.04,46.0,47.0,47.0,45.9,,47.0,,,1762,82200.92,17,F1,1,,,,,
2026-08-07,2026-08-07,CM,NSE,STK,760482,INF2F0001370,TWCGOLDETF,EQ,,,,,WEALTH - TWCGOLDETF,147.1,148.99,146.83,148.89,148.86,147.5,,148.89,,,13396,1990607.25,93,F1,1,,,,,
2026-08-07,2026-08-07,CM,NSE,STK,1923,INE658T01017,WEALTH,EQ,,,,,WEALTH FRST PORT. MG. LTD,935.9,944.7,930.2,937.55,939.75,925.95,,938.54,,,2073,1942213.65,130,F1,1,,,,,
2026-08-07,2026-08-07,CM,NSE,STK,14602,INE855C01023,WEBELSOLAR,EQ,,,,,WEBSOL ENERGY SYSTEM LTD,92.25,97.7,92.25,96.38,95.0,93.61,,96.39,,,1779441,170398791.28,10382,F1,1,,,,,
2026-08-07,2026-08-07,CM,NSE,STK,3748,INE080A01014,WEIZMANIND,EQ,,,,,WEIZMANN LTD,79.0,80.0,76.16,78.46,78.1,79.97,,78.49,,,2095,165085.72,55,F1,1,,,,,
2026-08-07,2026-08-07,CM,NSE,STK,11821,INE191B01025,WELCORP,EQ,,,,,WELSPUN CORP LIMITED,1821.8,1865.0,1821.3,1839.8,1840.0,1819.6,,1839.79,,,718142,1326847718.2,36667,F1,1,,,,,
2026-08-07,2026-08-07,CM,NSE,STK,11626,INE625G01013,WELENT,EQ,,,,,WELSPUN ENTERPRISES LTD.,572.7,592.0,567.95,588.9,585.5,567.8,,588.91,,,414021,240831247.05,10869,F1,1,,,,,
2026-08-07,2026-08-07,CM,NSE,STK,19804,INE389K01018,WELINV,BE,,,,,WELSPUN INV & COMM LTD,1869.9,1869.9,1808.3,1851.0,1851.0,1851.4,,1851.0,,,128,236803.5,13,F1,1,,,,,
2026-08-07,2026-08-07,CM,NSE,STK,11253,INE192B01031,WELSPUNLIV,EQ,,,,,WELSPUN LIVING LIMITED,159.25,169.7,159.25,164.09,164.0,159.25,,164.09,,,5904913,984357934.68,55024,F1,1,,,,,
2026-08-07,2026-08-07,CM,NSE,STK,762971,INE731F01037,WELSPLSOL,EQ,,,,,WELSPUN SPECIALTY SOL L,50.8,50.8,49.0,50.01,50.25,50.02,,49.98,,,271106,13469175.86,1738,F1,1,,,,,
2026-08-07,2026-08-07,CM,NSE,STK,4235,INE274C01019,WENDT,EQ,,,,,WENDT (INDIA) LIMITED,8090.0,8300.0,8074.5,8151.0,8121.0,8063.5,,8149.64,,,5174,42445386.5,1524,F1,1,,,,,
2026-08-07,2026-08-07,CM,NSE,STK,3799,INE976A01021,WSTCSTPAPR,EQ,,,,,WEST COAST PAPER MILLS LT,595.0,601.8,589.75,599.1,599.0,594.35,,599.11,,,129197,77266901.0,5990,F1,1,,,,,
2026-08-07,2026-08-07,CM,NSE,STK,25403,INE0CJF01024,WCIL,EQ,,,,,WESTERN CARRIERS (IND) L,89.89,91.0,86.98,88.46,88.85,89.88,,88.48,,,80759,7146166.87,1642,F1,1,,,,,
2026-08-07,2026-08-07,CM,NSE,STK,11580,INE274F01020,WESTLIFE,EQ,,,,,WESTLIFE FOODWORLD LTD,572.8,608.95,566.75,594.85,586.0,578.75,,594.85,,,148955,87587989.1,13382,F1,1,,,,,
2026-08-07,2026-08-07,CM,NSE,STK,759434,INE085001019,WEWORK,EQ,,,,,WEWORK INDIA MANAGEMENT L,748.2,774.9,746.15,755.4,752.15,748.2,,755.24,,,240738,182857088.65,13719,F1,1,,,,,
2026-08-07,2026-08-07,CM,NSE,STK,3766,INE715A01015,WHEELS,EQ,,,,,WHEELS INDIA LTD,1402.0,1418.0,1380.0,1386.8,1388.0,1404.3,,1386.84,,,37400,52237302.0,3623,F1,1,,,,,
2026-08-07,2026-08-07,CM,NSE,STK,18011,INE716A01013,WHIRLPOOL,EQ,,,,,WHIRLPOOL OF INDIA LTD,825.0,840.0,801.6,813.15,813.6,830.45,,813.17,,,394483,324322556.05,16649,F1,1,,,,,
2026-08-07,2026-08-07,CM,NSE,STK,3772,INE210A01017,WILLAMAGOR,EQ,,,,,WILLIAMSON MAGOR,25.34,27.24,25.34,26.41,26.41,25.25,,26.63,,,396,10355.62,28,F1,1,,,,,
2026-08-07,2026-08-07,CM,NSE,STK,5366,INE0H5O01029,WINDLAS,EQ,,,,,WINDLAS BIOTECH LIMITED,873.05,888.45,861.8,882.85,879.0,873.75,,882.93,,,59521,52183004.45,3686,F1,1,,,,,
2026-08-07,2026-08-07,CM,NSE,STK,24969,INE052A01021,WINDMACHIN,EQ,,,,,WINDSOR MACHINES LIMITED,276.0,310.0,265.6,303.55,306.75,276.5,,303.58,,,1605708,482417697.15,26123,F1,1,,,,,
2026-08-07,2026-08-07,CM,NSE,STK,23714,INE0S3D01016,WINSOL,SM,,,,,WINSOL ENGINEERS LIMITED,112.0,112.05,107.9,112.0,112.0,112.25,,112.0,,,14000,1558500.0,25,F1,400,,,,,
2026-08-07,2026-08-07,CM,NSE,STK,3787,INE075A01022,WIPRO,EQ,,,,,WIPRO LTD,185.87,188.37,185.65,187.53,187.53,186.12,,187.52,,,7823102,1464359024.58,50716,F1,1,,,,,
2026-08-07,2026-08-07,CM,NSE,STK,22725,INE623Y01011,WTICAB,SM,,,,,WISE TRAVEL INDIA LIMITED,117.0,117.0,114.1,114.7,115.0,116.1,,114.7,,,4500,520550.0,9,F1,500,,,,,
2026-08-07,2026-08-07,CM,NSE,STK,7506,INE049B01025,WOCKPHARMA,EQ,,,,,WOCKHARDT LIMITED,1966.1,2028.0,1966.1,2021.0,2020.0,1975.0,,2020.98,,,547985,1097523697.8,23232,F1,1,,,,,
2026-08-07,2026-08-07,CM,NSE,STK,25605,INE0OO201011,WOL3D,ST,,,,,WOL 3D INDIA LIMITED,142.0,144.0,142.0,142.0,142.0,141.0,,142.0,,,4000,570000.0,4,F1,1000,,,,,
2026-08-07,2026-08-07,CM,NSE,STK,19627,INE0Q9601016,WOMANCART,SM,,,,,WOMANCART LIMITED,95.0,98.25,94.0,94.9,94.9,93.95,,94.9,,,17600,1676940.0,37,F1,400,,,,,
2026-08-07,2026-08-07,CM,NSE,STK,7835,INE02WG01024,WEL,EQ,,,,,WONDER ELECTRICALS LTD,123.5,133.7,121.11,129.7,129.75,120.3,,129.7,,,1103125,142214573.82,8881,F1,1,,,,,
2026-08-07,2026-08-07,CM,NSE,STK,3002,INE066O01014,WONDERLA,EQ,,,,,WONDERLA HOLIDAYS LTD.,485.2,496.2,481.2,493.15,492.75,485.8,,493.15,,,95481,46764279.7,6340,F1,1,,,,,
2026-08-07,2026-08-07,CM,NSE,STK,22277,INE196Y01018,WORTHPERI,EQ,,,,,WORTH PERIPHERALS LIMITED,146.86,169.8,146.11,163.13,163.0,149.86,,163.01,,,224589,36629404.43,2752,F1,1,,,,,
2026-08-07,2026-08-07,CM,NSE,STK,11705,INE692G01013,XCHANGING,EQ,,,,,XCHANGING SOLUTIONS LTD,68.55,68.61,67.07,67.24,67.15,68.26,,67.28,,,124031,8391135.18,1090,F1,1,,,,,
2026-08-07,2026-08-07,CM,NSE,STK,8477,INE01P501012,XELPMOC,EQ,,,,,XELPMOC DESIGN & TECH LTD,83.0,83.4,81.27,81.6,82.39,83.86,,81.6,,,10369,852985.12,154,F1,1,,,,,
2026-08-07,2026-08-07,CM,NSE,STK,11407,INE445C01015,XPROINDIA,EQ,,,,,XPRO INDIA LIMITED,1117.5,1126.6,1068.6,1098.8,1099.0,1115.2,,1098.86,,,80684,88363742.5,6069,F1,1,,,,,
2026-08-07,2026-08-07,CM,NSE,STK,25235,INE547B01028,XTGLOBAL,EQ,,,,,XTGLOBAL INFOTECH LIMITED,33.02,34.0,31.41,31.66,31.8,32.37,,31.66,,,166806,5498485.07,1061,F1,1,,,,,
2026-08-07,2026-08-07,CM,NSE,STK,764313,INE0NG701011,XTRANET,BE,,,,,XTRANET TECHNOLOGIES LTD,129.5,136.21,129.5,136.21,136.21,129.73,,136.21,,,432146,58074797.4,3711,F1,1,,,,,
2026-08-07,2026-08-07,CM,NSE,STK,760870,INE0U0J01015,YAAP,SM,,,,,YAAP DIGITAL LIMITED,150.8,150.8,146.0,146.25,146.2,150.6,,146.25,,,12000,1770150.0,12,F1,1000,,,,,
2026-08-07,2026-08-07,CM,NSE,STK,23451,INE0TO601017,YASHOPTICS,SM,,,,,YASH OPTICS & LENS LTD,113.8,115.5,113.8,115.5,115.5,116.25,,115.5,,,4000,459080.0,5,F1,800,,,,,
2026-08-07,2026-08-07,CM,NSE,STK,18131,INE616Z01012,YASHO,EQ,,,,,YASHO INDUSTRIES LIMITED,4150.0,4225.4,4080.4,4152.7,4175.0,4166.1,,4153.62,,,31288,130786443.7,4526,F1,1,,,,,
2026-08-07,2026-08-07,CM,NSE,STK,17738,INE0JO301016,YATHARTH,EQ,,,,,YATHARTH HOSP & TRA C S L,872.0,881.9,862.9,870.5,874.0,871.45,,870.49,,,161744,140686946.4,7681,F1,1,,,,,
2026-08-07,2026-08-07,CM,NSE,STK,18760,INE0JR601024,YATRA,EQ,,,,,YATRA ONLINE LIMITED,110.38,111.38,106.03,107.03,106.03,110.21,,107.03,,,811454,88737081.39,5964,F1,1,,,,,
2026-08-07,2026-08-07,CM,NSE,STK,11915,INE528G01035,YESBANK,EQ,,,,,YES BANK LIMITED,22.68,22.8,22.63,22.69,22.69,22.68,,22.69,,,25521116,579487593.89,47329,F1,1,,,,,
2026-08-07,2026-08-07,CM,NSE,STK,18040,INE09FA01019,YUDIZ,SM,,,,,YUDIZ SOLUTIONS LIMITED,26.2,27.0,26.2,26.2,26.2,27.55,,26.2,,,4800,126880.0,6,F1,800,,,,,
2026-08-07,2026-08-07,CM,NSE,STK,5501,INE384C01016,YUKEN,EQ,,,,,YUKEN INDIA LIMITED,809.0,820.45,793.15,800.05,800.1,803.4,,800.04,,,9861,7926944.5,820,F1,1,,,,,
2026-08-07,2026-08-07,CM,NSE,STK,4229,INE116C01012,ZFSTEERING,EQ,,,,,Z F STEERING GEAR (I) LTD,668.85,682.0,652.0,658.35,658.0,659.85,,658.5,,,7427,4915980.45,442,F1,1,,,,,
2026-08-07,2026-08-07,CM,NSE,STK,23976,INE0ISZ01012,ZTECH,SM,,,,,Z-TECH (INDIA) LIMITED,523.05,531.0,520.0,524.7,521.0,523.05,,524.7,,,9000,4733340.0,22,F1,300,,,,,
2026-08-07,2026-08-07,CM,NSE,STK,18608,INE07K301024,ZAGGLE,EQ,,,,,ZAGGLE PREPA OCEAN SER L,205.05,209.24,205.05,206.06,205.79,206.13,,206.07,,,445498,92165992.45,5659,F1,1,,,,,
2026-08-07,2026-08-07,CM,NSE,STK,17766,INE0PPS01018,ZEAL,SM,,,,,ZEAL GLOBAL SERVICES LTD,66.0,66.0,66.0,66.0,66.0,65.4,,66.0,,,600,39600.0,1,F1,600,,,,,
2026-08-07,2026-08-07,CM,NSE,STK,3812,INE256A01028,ZEEL,EQ,,,,,ZEE ENTERTAINMENT ENT LTD,93.0,95.6,92.57,94.19,94.05,92.57,,94.19,,,21179751,1993141074.37,62380,F1,1,,,,,
2026-08-07,2026-08-07,CM,NSE,STK,20856,INE565L01011,ZEELEARN,BE,,,,,ZEE LEARN LIMITED,8.12,8.12,7.71,7.88,7.9,7.99,,7.85,,,353681,2796260.38,435,F1,1,,,,,
2026-08-07,2026-08-07,CM,NSE,STK,14003,INE966H01019,ZEEMEDIA,EQ,,,,,ZEE MEDIA CORPORATION LTD,7.14,7.31,7.09,7.21,7.14,7.1,,7.21,,,2670834,19281354.34,1597,F1,1,,,,,
2026-08-07,2026-08-07,CM,NSE,STK,7508,INE251B01027,ZENTEC,EQ,,,,,ZEN TECHNOLOGIES LIMITED,1734.6,1759.0,1713.0,1721.1,1714.0,1734.6,,1721.43,,,194337,336995168.2,15361,F1,1,,,,,
2026-08-07,2026-08-07,CM,NSE,STK,22803,INE0QWN01013,ZENITHDRUG,SM,,,,,ZENITH DRUGS LIMITED,44.95,44.95,40.5,42.0,42.0,44.0,,42.0,,,69600,2927480.0,24,F1,800,,,,,
2026-08-07,2026-08-07,CM,NSE,STK,4176,INE058B01018,ZENITHEXPO,EQ,,,,,ZENITH EXPORTS LTD,199.18,216.96,193.2,216.51,216.96,197.24,,216.52,,,1629,340059.18,86,F1,1,,,,,
2026-08-07,2026-08-07,CM,NSE,STK,14562,INE318D01020,ZENITHSTL,EQ,,,,,ZENITH STEEL PIP IND LTD,5.72,5.72,4.66,5.35,5.36,5.65,,5.35,,,230903,1226076.37,570,F1,1,,,,,
2026-08-07,2026-08-07,CM,NSE,STK,1076,INE520A01027,ZENSARTECH,EQ,,,,,ZENSAR TECHNOLOGIES  LTD,500.65,507.65,497.0,499.0,498.2,500.65,,499.0,,,707360,355230192.35,14649,F1,1,,,,,
2026-08-07,2026-08-07,CM,NSE,STK,22901,INF0R8F01042,GOLDCASE,EQ,,,,,ZERODHAAMC - GOLDCASE,23.63,23.63,23.07,23.48,23.5,23.29,,23.48,,,10744176,250769752.39,10364,F1,1,,,,,
2026-08-07,2026-08-07,CM,NSE,STK,21750,INF0R8F01034,LIQUIDCASE,EQ,,,,,ZERODHAAMC - LIQUIDCASE,115.39,115.39,115.37,115.38,115.39,115.34,,115.38,,,19693998,2272346910.67,23163,F1,1,,,,,
2026-08-07,2026-08-07,CM,NSE,STK,758705,INF0R8F01133,LTGILTCASE,EQ,,,,,ZERODHAAMC - LTGILTCASE,31.04,31.04,30.12,30.62,30.63,30.61,,30.62,,,162923,4987480.9,153,F1,1,,,,,
2026-08-07,2026-08-07,CM,NSE,STK,24077,INF0R8F01059,MID150CASE,EQ,,,,,ZERODHAAMC - MID150CASE,11.75,11.9,11.61,11.8,11.79,11.75,,11.81,,,1438884,16921539.89,3494,F1,1,,,,,
2026-08-07,2026-08-07,CM,NSE,STK,759302,INF0R8F01166,NIFTYCASE,EQ,,,,,ZERODHAAMC - NIFTYCASE,10.14,10.14,9.82,9.88,9.89,9.9,,9.88,,,378208,3737508.9,1420,F1,1,,,,,
2026-08-07,2026-08-07,CM,NSE,STK,30274,INF0R8F01091,SILVERCASE,EQ,,,,,ZERODHAAMC - SILVERCASE,23.25,23.44,22.5,23.36,23.32,22.74,,23.36,,,13684775,316011063.53,8633,F1,1,,,,,
2026-08-07,2026-08-07,CM,NSE,STK,758955,INF0R8F01141,SML100CASE,EQ,,,,,ZERODHAAMC - SML100CASE,11.29,11.32,11.12,11.25,11.24,11.3,,11.25,,,2513166,28328413.37,1939,F1,1,,,,,
2026-08-07,2026-08-07,CM,NSE,STK,24081,INF0R8F01067,TOP100CASE,EQ,,,,,ZERODHAAMC - TOP100CASE,10.85,10.95,10.66,10.81,10.83,10.8,,10.81,,,682873,7391138.86,1145,F1,1,,,,,
2026-08-07,2026-08-07,CM,NSE,STK,16915,INE342J01019,ZFCVINDIA,EQ,,,,,ZF COM VE CTR SYS IND LTD,2593.5,2656.0,2562.1,2637.2,2650.0,2580.3,,2636.83,,,103315,269840373.3,10208,F1,1,,,,,
2026-08-07,2026-08-07,CM,NSE,STK,12412,INE518E01015,ZIMLAB,BE,,,,,ZIM LABORATORIES LIMITED,111.6,115.15,111.6,111.98,113.0,115.15,,111.98,,,54472,6122772.31,190,F1,1,,,,,
2026-08-07,2026-08-07,CM,NSE,STK,3821,INE206B01013,ZODIACLOTH,EQ,,,,,ZODIAC CLOTHING CO. LTD.,76.91,77.79,76.89,77.63,77.67,76.42,,77.63,,,1616,125290.91,34,F1,1,,,,,
2026-08-07,2026-08-07,CM,NSE,STK,7129,INE761Y01019,ZODIAC,EQ,,,,,ZODIAC ENERGY LIMITED,255.35,256.9,250.5,251.5,252.45,253.35,,251.5,,,6076,1531531.55,271,F1,1,,,,,
2026-08-07,2026-08-07,CM,NSE,STK,11394,INE358U01012,ZOTA,EQ,,,,,ZOTA HEALTH CARE LIMITED,1252.5,1286.4,1242.2,1274.7,1280.5,1246.4,,1274.7,,,36351,46016987.2,2981,F1,1,,,,,
2026-08-07,2026-08-07,CM,NSE,STK,29050,INE840M01016,ZUARI,EQ,,,,,ZUARI AGRO CHEMICALS LTD,226.69,230.5,225.02,227.55,230.5,226.69,,227.54,,,68273,15477841.97,1931,F1,1,,,,,
2026-08-07,2026-08-07,CM,NSE,STK,3827,INE217A01012,ZUARIIND,EQ,,,,,ZUARI INDUSTRIES LIMITED,258.6,263.1,257.4,259.35,257.4,262.15,,258.92,,,8809,2288715.8,351,F1,1,,,,,
2026-08-07,2026-08-07,CM,NSE,STK,7929,INE010B01027,ZYDUSLIFE,EQ,,,,,ZYDUS LIFESCIENCES LTD,1102.1,1117.7,1093.2,1114.2,1114.2,1108.0,,1114.2,,,666151,735563471.4,18747,F1,1,,,,,
2026-08-07,2026-08-07,CM,NSE,STK,17635,INE768C01028,ZYDUSWELL,EQ,,,,,ZYDUS WELLNESS LIMITED,534.0,535.45,523.0,533.85,534.5,531.5,,533.84,,,227185,120441274.65,11679,F1,1,,,,,
