TradDt,BizDt,Sgmt,Src,FinInstrmTp,FinInstrmId,ISIN,TckrSymb,SctySrs,XpryDt,FininstrmActlXpryDt,StrkPric,OptnTp,FinInstrmNm,OpnPric,HghPric,LwPric,ClsPric,LastPric,PrvsClsgPric,UndrlygPric,SttlmPric,OpnIntrst,ChngInOpnIntrst,TtlTradgVol,TtlTrfVal,TtlNbOfTxsExctd,SsnId,NewBrdLotQty,Rmks,Rsvd1,Rsvd2,Rsvd3,Rsvd4
2026-08-06,2026-08-06,CM,NSE,STK,19078,IN0020200104,SGBJUN28,GB,,,,,2.5%GOLDBONDS2028SR-III,14500.0,14784.91,14495.0,14657.46,14784.91,14361.72,,14729.39,,,347,5053847.55,29,F1,1,,,,,
2026-08-06,2026-08-06,CM,NSE,STK,1342,IN0020200286,SGBN28VIII,GB,,,,,2.5%GOLDBONDS2028SR-VIII,14512.0,14660.0,14512.0,14614.32,14620.0,14325.56,,14614.32,,,39,568877.51,16,F1,1,,,,,
2026-08-06,2026-08-06,CM,NSE,STK,3742,IN0020210053,SGBMAY29I,GB,,,,,2.5%GOLDBONDS2029SR-I,14355.01,14689.98,14355.01,14616.33,14614.0,14323.1,,14616.33,,,429,6254391.87,77,F1,1,,,,,
2026-08-06,2026-08-06,CM,NSE,STK,3743,IN0020210061,SGBJUN29II,GB,,,,,2.5%GOLDBONDS2029SR-II,14320.99,14850.0,14320.99,14836.46,14850.0,14320.99,,14842.71,,,479,7058109.27,110,F1,1,,,,,
2026-08-06,2026-08-06,CM,NSE,STK,3800,IN0020210087,SGBJU29III,GB,,,,,2.5%GOLDBONDS2029SR-III,14400.0,14700.0,14400.0,14617.6,14625.0,14316.58,,14606.95,,,123,1795259.83,43,F1,1,,,,,
2026-08-06,2026-08-06,CM,NSE,STK,5575,IN0020210145,SGBSEP29VI,GB,,,,,2.5%GOLDBONDS2029SR-VI,14501.0,14750.0,14501.0,14701.39,14750.0,14402.18,,14709.71,,,341,5000095.72,41,F1,1,,,,,
2026-08-06,2026-08-06,CM,NSE,STK,6518,IN0020210178,SGBNV29VII,GB,,,,,2.5%GOLDBONDS2029SR-VII,14501.0,14679.99,14501.0,14679.99,14679.99,14327.58,,14681.99,,,531,7750513.38,62,F1,1,,,,,
2026-08-06,2026-08-06,CM,NSE,STK,6355,IN0020180314,SGBNOV26,GB,,,,,2.50%GOLDBONDS2026SR-III,14351.0,14798.99,14351.0,14599.0,14599.0,14859.97,,14599.0,,,16,233551.0,10,F1,1,,,,,
2026-08-06,2026-08-06,CM,NSE,STK,7654,IN0020180389,SGBDEC26,GB,,,,,2.50%GOLDBONDS2026SR-IV,14555.0,14555.0,14555.0,14555.0,14555.0,14500.0,,14555.0,,,1,14555.0,1,F1,1,,,,,
2026-08-06,2026-08-06,CM,NSE,STK,10261,IN0020190073,SGBJUN27,GB,,,,,2.50%GOLDBONDS2027SR-I,14600.0,14650.0,14600.0,14650.0,14650.0,14260.0,,14650.0,,,9,131700.0,4,F1,1,,,,,
2026-08-06,2026-08-06,CM,NSE,STK,11154,IN0020190081,SGBJUL27,GB,,,,,2.50%GOLDBONDS2027SR-II,14390.0,14988.0,14390.0,14599.0,14599.0,14226.8,,14509.5,,,4,58394.0,4,F1,1,,,,,
2026-08-06,2026-08-06,CM,NSE,STK,12904,IN0020190107,SGBAUG27,GB,,,,,2.50%GOLDBONDS2027SR-III,14467.5,14695.0,14467.5,14690.0,14695.0,14337.16,,14690.0,,,127,1860599.28,46,F1,1,,,,,
2026-08-06,2026-08-06,CM,NSE,STK,13209,IN0020190115,SGBSEP27,GB,,,,,2.50%GOLDBONDS2027SR-IV,14510.0,14770.0,14510.0,14745.71,14700.0,14399.97,,14745.71,,,50,731180.0,28,F1,1,,,,,
2026-08-06,2026-08-06,CM,NSE,STK,8308,IN0020180462,SGBJAN27,GB,,,,,2.50%GOLDBONDS2027SR-V,14500.0,14500.0,14500.0,14500.0,14500.0,14299.0,,14500.0,,,2,29000.0,2,F1,1,,,,,
2026-08-06,2026-08-06,CM,NSE,STK,13981,IN0020190370,SGBOCT27,GB,,,,,2.50%GOLDBONDS2027SR-V,14400.0,14650.0,14400.0,14650.0,14650.0,14275.0,,14650.0,,,124,1813800.0,19,F1,1,,,,,
2026-08-06,2026-08-06,CM,NSE,STK,14252,IN0020190388,SGBOCT27VI,GB,,,,,2.50%GOLDBONDS2027SR-VI,14620.0,14649.99,14599.0,14649.99,14649.99,14330.0,,14597.22,,,31,453444.92,6,F1,1,,,,,
2026-08-06,2026-08-06,CM,NSE,STK,15432,IN0020190461,SGBDC27VII,GB,,,,,2.50%GOLDBONDS2027SR-VII,14500.0,14750.0,14500.0,14750.0,14750.0,14283.66,,14750.0,,,12,174300.0,3,F1,1,,,,,
2026-08-06,2026-08-06,CM,NSE,STK,18862,IN0020200062,SGBAPR28I,GB,,,,,2.50%GOLDBONDS2028SR-I,14401.0,14719.98,14401.0,14697.55,14680.0,14368.87,,14681.7,,,178,2605984.93,48,F1,1,,,,,
2026-08-06,2026-08-06,CM,NSE,STK,18972,IN0020200088,SGBMAY28,GB,,,,,2.50%GOLDBONDS2028SR-II,14500.0,14611.0,14427.5,14604.79,14604.0,14306.01,,14611.25,,,81,1179252.91,26,F1,1,,,,,
2026-08-06,2026-08-06,CM,NSE,STK,22242,IN0020200146,SGBJUL28IV,GB,,,,,2.50%GOLDBONDS2028SR-IV,14500.0,14627.0,14500.0,14592.56,14580.0,14329.0,,14592.56,,,473,6891422.67,49,F1,1,,,,,
2026-08-06,2026-08-06,CM,NSE,STK,17664,IN0020190545,SGBFEB28IX,GB,,,,,2.50%GOLDBONDS2028SR-IX,14355.01,14698.0,14300.0,14698.0,14698.0,14300.0,,14698.0,,,178,2573597.05,14,F1,1,,,,,
2026-08-06,2026-08-06,CM,NSE,STK,22385,IN0020200161,SGBAUG28V,GB,,,,,2.50%GOLDBONDS2028SR-V,14625.0,14699.0,14551.01,14694.58,14699.0,14371.42,,14694.58,,,1409,20652226.54,195,F1,1,,,,,
2026-08-06,2026-08-06,CM,NSE,STK,149,IN0020200195,SGBSEP28VI,GB,,,,,2.50%GOLDBONDS2028SR-VI,14500.0,14770.0,14500.0,14734.55,14705.0,14398.21,,14734.34,,,803,11772054.07,70,F1,1,,,,,
2026-08-06,2026-08-06,CM,NSE,STK,834,IN0020200203,SGBOC28VII,GB,,,,,2.50%GOLDBONDS2028SR-VII,14670.0,14670.0,14560.0,14612.0,14612.0,14331.0,,14612.0,,,29,424240.91,13,F1,1,,,,,
2026-08-06,2026-08-06,CM,NSE,STK,17110,IN0020190537,SGBJ28VIII,GB,,,,,2.50%GOLDBONDS2028SR-VIII,14352.0,14698.99,14352.0,14698.99,14698.99,14300.0,,14698.99,,,15,219841.87,5,F1,1,,,,,
2026-08-06,2026-08-06,CM,NSE,STK,18451,IN0020190552,SGBMAR28X,GB,,,,,2.50%GOLDBONDS2028SR-X,14505.01,14730.0,14505.01,14730.0,14730.0,14403.84,,14730.0,,,199,2920435.37,11,F1,1,,,,,
2026-08-06,2026-08-06,CM,NSE,STK,5113,IN0020210111,SGBJUL29IV,GB,,,,,2.50%GOLDBONDS2029SR-IV,14401.0,14621.0,14401.0,14620.0,14620.0,14303.25,,14620.0,,,152,2219600.76,42,F1,1,,,,,
2026-08-06,2026-08-06,CM,NSE,STK,1920,IN0020200377,SGBJAN29IX,GB,,,,,2.50%GOLDBONDS2029SR-IX,14530.0,14640.0,14510.01,14601.99,14591.0,14350.0,,14603.99,,,389,5676312.96,76,F1,1,,,,,
2026-08-06,2026-08-06,CM,NSE,STK,5455,IN0020210129,SGBAUG29V,GB,,,,,2.50%GOLDBONDS2029SR-V,14505.0,14800.0,14505.0,14789.38,14800.0,14412.5,,14789.38,,,348,5129421.13,43,F1,1,,,,,
2026-08-06,2026-08-06,CM,NSE,STK,7098,IN0020210228,SGBD29VIII,GB,,,,,2.50%GOLDBONDS2029SR-VIII,14506.56,14689.99,14506.56,14661.84,14680.0,14447.0,,14661.84,,,179,2618287.69,69,F1,1,,,,,
2026-08-06,2026-08-06,CM,NSE,STK,2003,IN0020200385,SGBJAN29X,GB,,,,,2.50%GOLDBONDS2029SR-X,14411.0,14650.0,14410.0,14617.5,14650.0,14295.2,,14617.5,,,29,421495.95,17,F1,1,,,,,
2026-08-06,2026-08-06,CM,NSE,STK,2200,IN0020200393,SGBFEB29XI,GB,,,,,2.50%GOLDBONDS2029SR-XI,14405.01,14700.0,14405.01,14679.16,14700.0,14399.0,,14692.08,,,23,336529.31,10,F1,1,,,,,
2026-08-06,2026-08-06,CM,NSE,STK,2810,IN0020200427,SGBMR29XII,GB,,,,,2.50%GOLDBONDS2029SR-XII,14600.0,14750.0,14600.0,14716.5,14733.0,14400.0,,14716.5,,,113,1656884.2,31,F1,1,,,,,
2026-08-06,2026-08-06,CM,NSE,STK,10232,IN0020220045,SGBJUN30,GB,,,,,2.50%GOLDBONDS2030SR-I,14689.0,14999.99,14626.01,14694.4,14694.4,14408.75,,14694.4,,,182,2681738.85,39,F1,1,,,,,
2026-08-06,2026-08-06,CM,NSE,STK,11192,IN0020220078,SGBAUG30,GB,,,,,2.50%GOLDBONDS2030SR-II,14722.85,14790.0,14676.24,14728.17,14740.0,14448.5,,14727.88,,,246,3620880.11,60,F1,1,,,,,
2026-08-06,2026-08-06,CM,NSE,STK,13642,IN0020220110,SGBDE30III,GB,,,,,2.50%GOLDBONDS2030SR-III,14526.0,14873.0,14526.0,14757.55,14789.99,14465.0,,14757.55,,,346,5100232.46,59,F1,1,,,,,
2026-08-06,2026-08-06,CM,NSE,STK,7879,IN0020210236,SGBJAN30IX,GB,,,,,2.50%GOLDBONDS2030SR-IX,14451.0,14699.0,14451.0,14641.0,14641.0,14410.01,,14675.0,,,376,5507837.98,26,F1,1,,,,,
2026-08-06,2026-08-06,CM,NSE,STK,8401,IN0020210319,SGBMAR30X,GB,,,,,2.50%GOLDBONDS2030SR-X,14501.0,14675.0,14501.0,14660.34,14660.34,14376.81,,14660.34,,,86,1259007.69,27,F1,1,,,,,
2026-08-06,2026-08-06,CM,NSE,STK,17202,IN0020230069,SGBJUN31I,GB,,,,,2.50%GOLDBONDS2031SR-I,14761.0,14848.99,14736.0,14815.09,14800.0,14590.59,,14806.74,,,1161,17169850.95,128,F1,1,,,,,
2026-08-06,2026-08-06,CM,NSE,STK,19456,IN0020230093,SGBSEP31II,GB,,,,,2.50%GOLDBONDS2031SR-II,14785.0,14986.97,14771.0,14874.69,14897.0,14615.67,,14874.63,,,495,7366937.94,145,F1,1,,,,,
2026-08-06,2026-08-06,CM,NSE,STK,22476,IN0020230168,SGBDE31III,GB,,,,,2.50%GOLDBONDS2031SR-III,14811.01,15050.0,14811.01,15024.28,15025.0,14711.21,,15019.91,,,1304,19534720.23,249,F1,1,,,,,
2026-08-06,2026-08-06,CM,NSE,STK,14598,IN0020220169,SGBMAR31IV,GB,,,,,2.50%GOLDBONDS2031SR-IV,14800.0,14899.99,14705.01,14838.89,14850.0,14565.0,,14838.89,,,252,3745390.44,52,F1,1,,,,,
2026-08-06,2026-08-06,CM,NSE,STK,22886,IN0020230184,SGBFEB32IV,GB,,,,,2.50%GOLDBONDS2032SR-IV,14940.0,15197.0,14940.0,15121.34,15101.0,14787.81,,15119.22,,,1682,25370457.98,289,F1,1,,,,,
2026-08-06,2026-08-06,CM,NSE,STK,16921,INE144J01027,20MICRONS,EQ,,,,,20 MICRONS LTD,195.0,195.3,191.5,191.71,191.5,194.85,,191.71,,,114716,22168223.23,2051,F1,1,,,,,
2026-08-06,2026-08-06,CM,NSE,STK,4,INE253B01015,21STCENMGM,EQ,,,,,21ST CENTURY MGMT SERVICE,43.45,43.45,42.01,43.3,43.43,42.6,,43.3,,,17825,771878.07,131,F1,1,,,,,
2026-08-06,2026-08-06,CM,NSE,STK,13061,INE466L01038,360ONE,EQ,,,,,360 ONE WAM LIMITED,1193.1,1197.0,1180.9,1186.0,1186.0,1192.0,,1186.0,,,959901,1139834006.4,29613,F1,1,,,,,
2026-08-06,2026-08-06,CM,NSE,STK,30105,INF579M01BB5,GOLD360,EQ,,,,,360ONEAMC - GOLD360,142.1,144.75,142.05,144.05,144.25,140.75,,143.93,,,18091,2603698.9,338,F1,1,,,,,
2026-08-06,2026-08-06,CM,NSE,STK,763602,INF579M01BP5,MSCI360,EQ,,,,,360ONEAMC - MSCI360,10.48,10.77,10.26,10.35,10.35,10.23,,10.35,,,13879,143725.39,27,F1,1,,,,,
2026-08-06,2026-08-06,CM,NSE,STK,756150,INF579M01BC3,SILVER360,EQ,,,,,360ONEAMC - SILVER360,219.01,221.49,219.01,220.44,220.94,218.86,,220.44,,,14581,3216774.6,478,F1,1,,,,,
2026-08-06,2026-08-06,CM,NSE,STK,762518,INE994E01018,3BBLACKBIO,EQ,,,,,3B BLACKBIO DX LTD.,1207.0,1226.8,1201.0,1205.9,1202.6,1204.0,,1205.6,,,5430,6581510.1,481,F1,1,,,,,
2026-08-06,2026-08-06,CM,NSE,STK,6232,INE748C01038,3IINFOLTD,EQ,,,,,3I INFOTECH LIMITED,25.25,25.65,24.95,25.5,25.52,25.09,,25.5,,,1726151,43629300.83,5383,F1,1,,,,,
2026-08-06,2026-08-06,CM,NSE,STK,474,INE470A01017,3MINDIA,EQ,,,,,3M INDIA LIMITED,35805.0,36595.0,35710.0,36000.0,35820.0,35805.0,,36003.25,,,4631,167325745.0,2479,F1,1,,,,,
2026-08-06,2026-08-06,CM,NSE,STK,2595,INE105C01023,3PLAND,EQ,,,,,3P LAND HOLDINGS LIMITED,31.76,32.1,31.47,32.1,32.1,31.76,,32.1,,,1258,39934.03,45,F1,1,,,,,
2026-08-06,2026-08-06,CM,NSE,STK,445,INE618L01018,5PAISA,EQ,,,,,5PAISA CAPITAL LIMITED,370.0,372.0,364.8,366.1,368.35,367.2,,366.1,,,23398,8580656.1,1386,F1,1,,,,,
2026-08-06,2026-08-06,CM,NSE,STK,11868,INE111B01023,63MOONS,EQ,,,,,63 MOONS TECHNOLOGIES LTD,867.3,884.9,855.0,858.2,859.0,862.95,,858.15,,,223129,193681526.9,8680,F1,1,,,,,
2026-08-06,2026-08-06,CM,NSE,STK,20032,INE261F07057,735NABAR31,N1,,,,,7.35% TAX FREE TRI SRIIA,1114.99,1114.99,1114.99,1114.99,1114.99,1084.0,,1115.0,,,1,1114.99,1,F1,1,,,,,
2026-08-06,2026-08-06,CM,NSE,STK,20052,INE787H07156,740IIFCL33,N1,,,,,7.40% TAX FREETRI SRIII,1146.1,1146.1,1146.1,1146.1,1146.1,1150.06,,1146.1,,,20,22922.0,2,F1,1,,,,,
2026-08-06,2026-08-06,CM,NSE,STK,29312,INE031A07865,751HUDCO28,N5,,,,,7.51 NCD 16FEB28 TR1 SR2,1062.43,1062.43,1062.43,1062.43,1062.43,1062.43,,1062.43,,,30,31872.9,2,F1,1,,,,,
2026-08-06,2026-08-06,CM,NSE,STK,20034,INE261F07032,764NABAR31,N2,,,,,7.64% TAX FREE TRI SRIIB,1111.2,1111.2,1109.0,1110.81,1110.9,1112.41,,1110.81,,,430,477674.29,6,F1,1,,,,,
2026-08-06,2026-08-06,CM,NSE,STK,19928,INE031A07AO5,764HUDCO31,N8,,,,,7.64% TAX FREETRI SR2B,1115.15,1121.25,1115.15,1116.07,1116.0,1115.05,,1116.07,,,1832,2046601.39,13,F1,1,,,,,
2026-08-06,2026-08-06,CM,NSE,STK,31240,INE031A07840,82HUDCO27,N2,,,,,8.20 NCD05MAR27 FV 1000,1049.0,1049.0,1049.0,1049.0,1049.0,1048.0,,1049.0,,,47,49303.0,1,F1,1,,,,,
2026-08-06,2026-08-06,CM,NSE,STK,19964,INE031A07915,851HUDCO28,NB,,,,,8.51% TAX FREETRI SR2A,1125.01,1125.01,1125.01,1125.01,1125.01,1345.0,,1125.01,,,200,225002.0,1,F1,1,,,,,
2026-08-06,2026-08-06,CM,NSE,STK,20026,INE134E07455,867PFCL33,N7,,,,,8.67% TAX FREE NCD,1278.47,1278.47,1255.05,1255.05,1255.05,1278.47,,1255.05,,,100,125551.84,3,F1,1,,,,,
2026-08-06,2026-08-06,CM,NSE,STK,192,INE906B07DF8,875NHAI29,N6,,,,,8.75% TAX FREE TR I S IIB,1117.02,1120.0,1116.4,1120.0,1120.0,1116.85,,1118.0,,,531,594070.31,14,F1,1,,,,,
2026-08-06,2026-08-06,CM,NSE,STK,19968,INE031A07949,876HUDCO28,ND,,,,,8.76% TAX FREETRI SR2B,1140.5,1140.5,1140.5,1140.5,1140.5,1141.98,,1140.45,,,4,4562.0,2,F1,1,,,,,
2026-08-06,2026-08-06,CM,NSE,STK,20058,INE787H07370,891IIFCL34,N4,,,,,8.91% TAX FREE NCD,1259.0,1269.0,1259.0,1269.0,1269.0,1244.17,,1269.0,,,40,50460.0,4,F1,1,,,,,
2026-08-06,2026-08-06,CM,NSE,STK,31768,INE733E07JJ9,891NTPC33,N6,,,,,8.91%S-R-NCD SERIES 3B,1275.0,1275.0,1275.0,1275.0,1275.0,1280.0,,1277.0,,,93,118575.0,1,F1,1,,,,,
2026-08-06,2026-08-06,CM,NSE,STK,20028,INE134E07463,892PFCL33,N8,,,,,8.92% TAX FREE NCD,1294.9,1294.9,1281.0,1281.0,1281.0,1276.59,,1290.5,,,11,14230.0,2,F1,1,,,,,
2026-08-06,2026-08-06,CM,NSE,STK,19970,INE031A07AB2,901HUDCO34,NE,,,,,9.01% TAX FREETRII SR3B,1285.25,1290.0,1285.25,1290.0,1290.0,1285.33,,1290.0,,,335,431673.09,6,F1,1,,,,,
2026-08-06,2026-08-06,CM,NSE,STK,759130,INE08PH01015,ABCOTS,EQ,,,,,A B COTSPIN INDIA LIMITED,202.9,202.9,199.15,200.87,200.03,199.53,,200.86,,,1989,399037.82,172,F1,1,,,,,
2026-08-06,2026-08-06,CM,NSE,STK,27020,INE00YB01025,ABINFRA,EQ,,,,,A B INFRABUILD LIMITED,10.13,10.15,9.91,10.01,9.91,9.98,,9.99,,,355328,3551543.1,702,F1,1,,,,,
2026-08-06,2026-08-06,CM,NSE,STK,762528,INE850B01026,ABMKNO,EQ,,,,,A B M KNOWLEDGEWARE LTD.,194.0,197.0,190.1,190.87,190.1,191.61,,190.87,,,1738,333960.08,27,F1,1,,,,,
2026-08-06,2026-08-06,CM,NSE,STK,762533,INE366C01021,ACSTECH,EQ,,,,,A C S TECHNOLOGIES LTD.,46.4,46.54,44.71,45.97,46.2,44.33,,46.03,,,635273,29273733.86,2476,F1,1,,,,,
2026-08-06,2026-08-06,CM,NSE,STK,15147,INE0O6N01012,AGUL,SM,,,,,A G UNIVERSAL LIMITED,59.35,59.35,59.35,59.35,59.35,62.45,,59.35,,,4000,237400.0,2,F1,2000,,,,,
2026-08-06,2026-08-06,CM,NSE,STK,762538,INE701G01012,AKCAPIT,EQ,,,,,A K CAPITAL SERVICES LTD.,1741.0,1763.9,1671.4,1690.3,1682.0,1749.1,,1693.48,,,1295,2226136.9,200,F1,1,,,,,
2026-08-06,2026-08-06,CM,NSE,STK,20906,INE619I01012,A2ZINFRA,EQ,,,,,A2Z INFRA ENGINEERING LTD,16.63,16.89,15.8,16.73,16.53,16.63,,16.73,,,723134,11623589.76,1369,F1,1,,,,,
2026-08-06,2026-08-06,CM,NSE,STK,12533,INE0D0U01013,AAATECH,EQ,,,,,AAA TECHNOLOGIES LIMITED,91.8,94.01,91.4,93.12,92.6,91.33,,93.12,,,65396,6033697.0,259,F1,1,,,,,
2026-08-06,2026-08-06,CM,NSE,STK,23729,INE883F01010,AADHARHFC,EQ,,,,,AADHAR HOUSING FINANCE L,506.35,517.8,499.0,514.9,514.9,505.2,,514.84,,,380689,195024900.7,16081,F1,1,,,,,
2026-08-06,2026-08-06,CM,NSE,STK,757579,INE1GYP01013,AAKAAR,SM,,,,,AAKAAR MEDICAL TECHNO LTD,67.0,67.0,63.65,63.65,63.65,67.0,,63.65,,,24000,1535280.0,15,F1,1600,,,,,
2026-08-06,2026-08-06,CM,NSE,STK,235,INE087Z01024,AAKASH,EQ,,,,,AAKASH EXPLORATION SER L,9.0,9.09,8.91,8.99,8.98,9.0,,8.99,,,91148,817715.1,241,F1,1,,,,,
2026-08-06,2026-08-06,CM,NSE,STK,758120,INE124401014,AARADHYA,SM,,,,,AARADHYA DISPOSAL INDUS L,73.5,73.5,73.5,73.5,73.5,73.5,,73.5,,,2400,176400.0,2,F1,1200,,,,,
2026-08-06,2026-08-06,CM,NSE,STK,5248,INE198H01019,AAREYDRUGS,BE,,,,,AAREY DRUGS & PHARM LTD,86.9,86.9,81.15,81.8,83.94,84.31,,81.8,,,81861,6923262.45,158,F1,1,,,,,
2026-08-06,2026-08-06,CM,NSE,STK,761821,INE750R01016,AARNAV,EQ,,,,,AARNAV FASHIONS LIMITED,30.25,31.49,30.25,30.86,31.49,30.44,,30.86,,,30002,923847.79,490,F1,1,,,,,
2026-08-06,2026-08-06,CM,NSE,STK,1030,INE721Z01010,AARON,EQ,,,,,AARON INDUSTRIES LIMITED,133.56,136.85,133.0,134.57,134.93,134.91,,134.57,,,10219,1376622.69,350,F1,1,,,,,
2026-08-06,2026-08-06,CM,NSE,STK,17164,INE01C001026,AARTECH,BE,,,,,AARTECH SOLONICS LIMITED,47.62,47.71,46.27,47.25,46.3,47.38,,47.24,,,12975,608628.68,98,F1,1,,,,,
2026-08-06,2026-08-06,CM,NSE,STK,4481,INE767A01016,AARTIDRUGS,EQ,,,,,AARTI DRUGS LTD.,412.4,417.4,409.95,410.85,411.0,412.4,,410.86,,,98981,40954035.5,3390,F1,1,,,,,
2026-08-06,2026-08-06,CM,NSE,STK,7,INE769A01020,AARTIIND,EQ,,,,,AARTI INDUSTRIES LTD,485.95,507.3,483.4,501.2,500.65,485.95,,501.17,,,2569945,1285278452.15,50207,F1,1,,,,,
2026-08-06,2026-08-06,CM,NSE,STK,13868,INE0LRU01027,AARTIPHARM,EQ,,,,,AARTI PHARMALABS LIMITED,683.0,699.0,679.8,692.25,693.0,683.0,,692.07,,,165905,114958302.65,13328,F1,1,,,,,
2026-08-06,2026-08-06,CM,NSE,STK,19233,INE09EO01013,AARTISURF,EQ,,,,,AARTI SURFACTANTS LIMITED,532.0,563.0,525.0,551.35,550.0,541.15,,551.3,,,85585,46909524.95,3554,F1,1,,,,,
2026-08-06,2026-08-06,CM,NSE,STK,19073,INE754X01016,AARVI,EQ,,,,,AARVI ENCON LIMITED,158.93,159.49,155.0,155.87,155.0,156.36,,156.12,,,26550,4167055.96,850,F1,1,,,,,
2026-08-06,2026-08-06,CM,NSE,STK,763800,INE2FMX01012,AASTHA,EQ,,,,,AASTHA SPINTEX LIMITED,82.88,82.88,82.88,82.88,82.88,92.08,,82.89,,,249739,20698368.32,1576,F1,1,,,,,
2026-08-06,2026-08-06,CM,NSE,STK,5385,INE216P01012,AAVAS,EQ,,,,,AAVAS FINANCIERS LIMITED,1390.0,1396.4,1367.7,1376.3,1375.0,1375.7,,1376.35,,,47943,66088792.2,7758,F1,1,,,,,
2026-08-06,2026-08-06,CM,NSE,STK,7759,INE421A01028,ABAN,BE,,,,,ABAN OFFSHORE LTD.,19.16,19.16,18.55,19.16,19.16,18.25,,19.16,,,87544,1676585.73,322,F1,1,,,,,
2026-08-06,2026-08-06,CM,NSE,STK,762526,INE365O01028,ABANSENT,BE,,,,,ABANS ENTERPRISES LTD.,25.1,26.6,25.1,26.48,26.48,25.82,,26.51,,,1159,30395.94,23,F1,1,,,,,
2026-08-06,2026-08-06,CM,NSE,STK,13288,INE00ZE01026,AFSL,EQ,,,,,ABANS FINANCIAL SRVCS LTD,201.9,201.95,201.07,201.25,201.07,201.21,,201.25,,,3729,750182.53,47,F1,1,,,,,
2026-08-06,2026-08-06,CM,NSE,STK,13,INE117A01022,ABB,EQ,,,,,ABB INDIA LIMITED,7737.0,7784.5,7671.0,7735.0,7735.0,7690.5,,7734.95,,,159592,1235555149.5,19420,F1,1,,,,,
2026-08-06,2026-08-06,CM,NSE,STK,17903,INE358A01014,ABBOTINDIA,EQ,,,,,ABBOTT INDIA LIMITED,27830.0,27990.0,27750.0,27855.0,27900.0,27785.0,,27856.32,,,6071,169186515.0,1795,F1,1,,,,,
2026-08-06,2026-08-06,CM,NSE,STK,755941,INE860H07IQ0,8ABCL26,N2,,,,,ABCL 8% SR I,1063.0,1063.0,1063.0,1063.0,1063.0,1061.8,,1062.05,,,3,3189.0,2,F1,1,,,,,
2026-08-06,2026-08-06,CM,NSE,STK,27284,INE0UYG01015,ABHAPOWER,SM,,,,,ABHA POWER N STEEL LTD,24.75,26.1,24.15,26.0,26.0,26.1,,26.0,,,24000,594160.0,14,F1,1600,,,,,
2026-08-06,2026-08-06,CM,NSE,STK,5549,INE251C01025,ABMINTLLTD,EQ,,,,,ABM INTERNATIONAL LTD,45.47,45.47,41.36,41.41,41.36,42.24,,41.41,,,192,8103.79,8,F1,1,,,,,
2026-08-06,2026-08-06,CM,NSE,STK,23786,INE0QRV01016,ABSMARINE,ST,,,,,ABS MARINE SERVICES LTD,221.8,223.9,215.2,223.6,223.7,221.8,,223.6,,,22000,4861275.0,42,F1,500,,,,,
2026-08-06,2026-08-06,CM,NSE,STK,22,INE012A01025,ACC,EQ,,,,,ACC LIMITED,1399.5,1399.8,1370.1,1378.4,1375.0,1394.0,,1378.41,,,161060,222848057.8,13844,F1,1,,,,,
2026-08-06,2026-08-06,CM,NSE,STK,7053,INE793A01012,ACCELYA,EQ,,,,,ACCELYA SOLN INDIA LTD,1137.9,1147.4,1133.0,1137.2,1133.0,1138.1,,1137.51,,,5880,6694630.5,996,F1,1,,,,,
2026-08-06,2026-08-06,CM,NSE,STK,20488,INE0Q5D01013,ACCENTMIC,SM,,,,,ACCENT MICROCELL LIMITED,516.0,517.0,508.05,514.45,512.0,511.5,,514.45,,,15500,7959550.0,31,F1,500,,,,,
2026-08-06,2026-08-06,CM,NSE,STK,757024,INE0T8T01010,ACCPL,ST,,,,,ACCRETION PHARMA LIMITED,187.25,187.25,179.85,179.85,179.85,181.1,,179.85,,,10800,1980720.0,9,F1,1200,,,,,
2026-08-06,2026-08-06,CM,NSE,STK,1472,INE648Z01023,ACCURACY,BE,,,,,ACCURACY SHIPPING LIMITED,4.81,4.87,4.65,4.77,4.78,4.81,,4.77,,,76950,364838.94,189,F1,1,,,,,
2026-08-06,2026-08-06,CM,NSE,STK,11779,INE543V01017,ACEINTEG,EQ,,,,,ACE INTEGRATED SOLU. LTD.,19.78,19.78,18.94,19.0,19.0,19.28,,19.0,,,3186,60767.87,47,F1,1,,,,,
2026-08-06,2026-08-06,CM,NSE,STK,761112,INE1J6M01010,ACETEC,SM,,,,,ACETECH E-COMMERCE LTD,140.5,140.5,140.5,140.5,140.5,140.95,,140.5,,,1200,168600.0,1,F1,1200,,,,,
2026-08-06,2026-08-06,CM,NSE,STK,27061,INE622W01025,ACMESOLAR,EQ,,,,,ACME SOLAR HOLDINGS LTD,380.7,380.7,373.0,375.45,375.8,382.25,,375.45,,,1423424,534747433.95,31375,F1,1,,,,,
2026-08-06,2026-08-06,CM,NSE,STK,13587,INE731H01025,ACE,EQ,,,,,ACTION CONST EQUIP LTD,1134.4,1148.0,1110.0,1113.7,1115.9,1137.8,,1113.61,,,246747,277849927.6,15167,F1,1,,,,,
2026-08-06,2026-08-06,CM,NSE,STK,5578,INE00FF01025,ACUTAAS,EQ,,,,,ACUTAAS CHEMICALS LIMITED,3289.8,3294.9,3233.0,3260.6,3262.0,3282.8,,3260.43,,,107779,351273828.3,14139,F1,1,,,,,
2026-08-06,2026-08-06,CM,NSE,STK,10217,INE931S01010,ADANIENSOL,EQ,,,,,ADANI ENERGY SOLUTION LTD,1641.9,1641.9,1603.9,1620.0,1620.0,1642.0,,1619.9,,,938596,1521668270.6,39147,F1,1,,,,,
2026-08-06,2026-08-06,CM,NSE,STK,25,INE423A01024,ADANIENT,EQ,,,,,ADANI ENTERPRISES LIMITED,3050.0,3072.4,3025.7,3026.0,3026.0,3050.0,,3026.14,,,843121,2566191583.8,39682,F1,1,,,,,
2026-08-06,2026-08-06,CM,NSE,STK,3563,INE364U01010,ADANIGREEN,EQ,,,,,ADANI GREEN ENERGY LTD,1385.1,1386.8,1370.0,1371.5,1371.5,1380.0,,1371.74,,,814990,1122201755.6,23690,F1,1,,,,,
2026-08-06,2026-08-06,CM,NSE,STK,15083,INE742F01042,ADANIPORTS,EQ,,,,,ADANI PORT & SEZ LTD,1704.0,1706.0,1685.8,1695.0,1695.0,1700.0,,1695.0,,,1254956,2130225277.5,70116,F1,1,,,,,
2026-08-06,2026-08-06,CM,NSE,STK,17388,INE814H01029,ADANIPOWER,EQ,,,,,ADANI POWER LTD,208.59,210.2,206.7,208.12,208.12,208.99,,208.13,,,15357824,3199763273.14,66332,F1,1,,,,,
2026-08-06,2026-08-06,CM,NSE,STK,6066,INE399L01023,ATGL,EQ,,,,,ADANI TOTAL GAS LIMITED,662.8,664.15,655.05,660.25,660.7,660.35,,660.23,,,373836,246846629.5,10118,F1,1,,,,,
2026-08-06,2026-08-06,CM,NSE,STK,22468,INE0RDH01021,ADDICTIVE,SM,,,,,ADDICTIVE LEARNING TECH L,40.0,40.0,38.05,38.25,38.05,40.05,,38.25,,,38000,1472825.0,41,F1,500,,,,,
2026-08-06,2026-08-06,CM,NSE,STK,19761,INE982B01027,ADFFOODS,EQ,,,,,ADF FOODS LIMITED,265.95,265.95,256.05,261.4,260.0,269.2,,261.41,,,374343,98213518.2,11382,F1,1,,,,,
2026-08-06,2026-08-06,CM,NSE,STK,763156,INE20PL01012,ADISOFT,SM,,,,,ADISOFT TECHNOLOGIES LTD,175.4,178.45,174.5,177.65,177.5,175.25,,177.65,,,31200,5507400.0,36,F1,800,,,,,
2026-08-06,2026-08-06,CM,NSE,STK,6018,INE404A01024,ABSLAMC,EQ,,,,,ADIT BIRL SUN LIF AMC LTD,1017.1,1028.5,1005.6,1024.1,1027.0,1017.1,,1024.1,,,169770,173046337.9,19087,F1,1,,,,,
2026-08-06,2026-08-06,CM,NSE,STK,21614,INE674K01013,ABCAPITAL,EQ,,,,,ADITYA BIRLA CAPITAL LTD.,424.0,425.95,419.0,421.5,421.5,424.7,,421.73,,,2147659,908224015.9,31088,F1,1,,,,,
2026-08-06,2026-08-06,CM,NSE,STK,30108,INE647O01011,ABFRL,EQ,,,,,ADITYA BIRLA FASHION & RT,62.2,64.1,61.15,63.26,63.33,62.1,,63.26,,,12219124,769703726.82,41171,F1,1,,,,,
2026-08-06,2026-08-06,CM,NSE,STK,756843,INE14LE01019,ABLBL,EQ,,,,,ADITYA BIRLA LIFES BRAN L,95.49,95.6,94.11,94.66,94.56,94.6,,94.66,,,495226,46930951.36,5795,F1,1,,,,,
2026-08-06,2026-08-06,CM,NSE,STK,15239,INE865C01022,BIRLAMONEY,EQ,,,,,ADITYA BIRLA MONEY LTD,134.27,134.3,132.5,133.53,133.02,133.37,,133.5,,,34206,4568400.2,846,F1,1,,,,,
2026-08-06,2026-08-06,CM,NSE,STK,625,INE055A01016,ABREL,EQ,,,,,ADITYA BIRLA REAL EST LTD,1428.9,1428.9,1384.1,1390.8,1390.0,1421.2,,1390.76,,,98585,137791010.2,8908,F1,1,,,,,
2026-08-06,2026-08-06,CM,NSE,STK,758858,INE819V01029,CPPLUS,EQ,,,,,ADITYA INFOTECH LIMITED,3563.7,3709.0,3550.1,3656.2,3650.0,3554.7,,3655.98,,,204110,746465444.2,19193,F1,1,,,,,
2026-08-06,2026-08-06,CM,NSE,STK,25984,INE679V01027,AVL,EQ,,,,,ADITYA VISION LIMITED,623.9,634.45,620.3,629.7,629.0,626.2,,629.65,,,145725,91682408.85,10133,F1,1,,,,,
2026-08-06,2026-08-06,CM,NSE,STK,23804,INF209KB18D3,BSLGOLDETF,EQ,,,,,ADITYBIRLA SL GOLD ETF-GR,129.45,130.19,128.95,130.06,129.83,126.96,,130.06,,,961371,124576775.41,4783,F1,1,,,,,
2026-08-06,2026-08-06,CM,NSE,STK,24781,INF209KB19D1,BSLNIFTY,EQ,,,,,ADITYBIRLA SL NIF ETF-GR,29.52,29.52,28.5,29.05,29.18,28.8,,29.05,,,713204,20696844.12,4425,F1,1,,,,,
2026-08-06,2026-08-06,CM,NSE,STK,34,INE045A01017,ADOR,EQ,,,,,ADOR WELDING LTD,1518.0,1518.0,1462.7,1484.8,1471.0,1508.1,,1484.35,,,22159,33097247.4,3480,F1,1,,,,,
2026-08-06,2026-08-06,CM,NSE,STK,4953,INE737B01033,ADROITINFO,EQ,,,,,ADROIT INFOTECH LIMITED,10.02,10.02,9.77,9.81,9.8,10.03,,9.81,,,5796,57072.26,78,F1,1,,,,,
2026-08-06,2026-08-06,CM,NSE,STK,760657,INE0ALI01010,ADVAIT,EQ,,,,,ADVAIT ENRGY TRANSITION L,2293.6,2330.6,2250.2,2313.1,2330.6,2285.4,,2313.11,,,49255,112902859.1,6906,F1,1,,,,,
2026-08-06,2026-08-06,CM,NSE,STK,759402,INE1B0W01010,ADVANCE,EQ,,,,,ADVANCE AGROLIFE LIMITED,137.5,141.5,126.35,129.78,128.3,134.1,,129.77,,,4647623,632857359.94,39909,F1,1,,,,,
2026-08-06,2026-08-06,CM,NSE,STK,18039,INE837H01020,ADVENZYMES,EQ,,,,,ADVANCED ENZYME TECH LTD,332.75,334.2,328.15,329.8,329.05,332.75,,329.86,,,167539,55405840.45,4176,F1,1,,,,,
2026-08-06,2026-08-06,CM,NSE,STK,14745,INE199C01026,ADVANIHOTR,EQ,,,,,ADVANI HOT.& RES.(I) LTD,50.54,51.16,50.36,50.77,50.9,50.53,,50.77,,,26013,1318525.67,573,F1,1,,,,,
2026-08-06,2026-08-06,CM,NSE,STK,759769,INE28GN01010,ADVENTHTL,EQ,,,,,ADVENT HOTELS INTERNATI L,146.29,148.09,145.7,146.8,146.16,146.96,,146.78,,,60150,8841346.21,1242,F1,1,,,,,
2026-08-06,2026-08-06,CM,NSE,STK,762227,INE1SJO01012,RAMBHAJO,EQ,,,,,ADVIT JEWELS LIMITED,184.45,187.7,182.05,186.6,187.69,184.5,,186.59,,,128171,23739021.93,2168,F1,1,,,,,
2026-08-06,2026-08-06,CM,NSE,STK,40,INE208C01025,AEGISLOG,EQ,,,,,AEGIS LOGISTICS LIMITED,1398.0,1497.8,1340.4,1400.0,1395.6,1395.8,,1399.97,,,3282416,4668514386.8,137423,F1,1,,,,,
2026-08-06,2026-08-06,CM,NSE,STK,757336,INE0INX01018,AEGISVOPAK,EQ,,,,,AEGIS VOPAK TERMINALS LTD,280.95,299.95,277.95,288.7,288.8,283.85,,288.49,,,3393107,990477022.3,46762,F1,1,,,,,
2026-08-06,2026-08-06,CM,NSE,STK,761344,INE423A07559,AEL120126,NL,,,,,AEL 0% 2029 SR V,1030.0,1030.0,1030.0,1030.0,1030.0,1030.0,,1030.0,,,29,29870.0,1,F1,1,,,,,
2026-08-06,2026-08-06,CM,NSE,STK,761345,INE423A07518,862AEL31,NM,,,,,AEL 8.62% 2031 SR VI,1011.0,1011.0,1005.55,1005.55,1005.55,1010.0,,1005.28,,,396,399133.69,25,F1,1,,,,,
2026-08-06,2026-08-06,CM,NSE,STK,761343,INE423A07534,875AEL29,NK,,,,,AEL 8.75% 2029 SR IV,1050.0,1050.0,1048.0,1048.0,1048.0,1045.5,,1049.0,,,125,131100.0,5,F1,1,,,,,
2026-08-06,2026-08-06,CM,NSE,STK,757871,INE423A07427,885AEL28,NB,,,,,AEL 8.85% 2028 SR III,1025.0,1025.0,1025.0,1025.0,1025.0,1015.0,,1025.0,,,60,61500.0,5,F1,1,,,,,
2026-08-06,2026-08-06,CM,NSE,STK,761346,INE423A07526,890AEL31,NN,,,,,AEL 8.90% 2031 SR VII,1050.0,1051.0,1049.5,1049.95,1051.0,1050.0,,1049.95,,,1693,1777629.5,14,F1,1,,,,,
2026-08-06,2026-08-06,CM,NSE,STK,757874,INE423A07443,9AEL30,NE,,,,,AEL 9% 2030 SR VI,1030.0,1030.0,1022.5,1022.5,1022.5,1030.0,,1022.5,,,260,267687.5,2,F1,1,,,,,
2026-08-06,2026-08-06,CM,NSE,STK,757872,INE423A07435,915AEL28,NC,,,,,AEL 9.15% 2028 SR IV,1019.99,1019.99,1019.01,1019.24,1019.01,1020.1,,1019.53,,,745,759560.9,10,F1,1,,,,,
2026-08-06,2026-08-06,CM,NSE,STK,757875,INE423A07393,930AEL30,NF,,,,,AEL 9.3% 2030 SR VII,1042.0,1052.45,1042.0,1042.06,1042.0,1042.02,,1042.06,,,216,225491.45,5,F1,1,,,,,
2026-08-06,2026-08-06,CM,NSE,STK,760234,INE947N01017,AEQUS,EQ,,,,,AEQUS LIMITED,240.0,244.15,237.53,239.05,239.5,239.95,,239.05,,,2165682,521428469.25,26772,F1,1,,,,,
2026-08-06,2026-08-06,CM,NSE,STK,12015,INE065D01027,AEROENTER,EQ,,,,,AEROFLEX ENTERPRISES LTD,132.01,133.9,128.07,130.32,130.3,132.14,,130.32,,,367932,48098404.66,5193,F1,1,,,,,
2026-08-06,2026-08-06,CM,NSE,STK,18268,INE024001021,AEROFLEX,EQ,,,,,AEROFLEX INDUSTRIES LTD,459.5,459.5,431.1,438.5,432.0,456.0,,438.53,,,1044958,464047159.65,19496,F1,1,,,,,
2026-08-06,2026-08-06,CM,NSE,STK,13689,INE035801013,AERONEU,EQ,,,,,AEROFLEX NEU LIMITED,87.15,87.15,84.61,85.44,85.4,85.35,,85.44,,,137199,11749619.47,1035,F1,1,,,,,
2026-08-06,2026-08-06,CM,NSE,STK,25065,INE0WL801011,AERON,SM,,,,,AERON COMPOSITE LIMITED,78.3,79.4,76.05,77.55,77.55,77.6,,77.55,,,9000,699600.0,8,F1,1000,,,,,
2026-08-06,2026-08-06,CM,NSE,STK,9810,INE0BWX01014,AETHER,EQ,,,,,AETHER INDUSTRIES LIMITED,1580.0,1619.9,1561.2,1584.4,1597.0,1589.4,,1584.48,,,240048,382882084.2,16450,F1,1,,,,,
2026-08-06,2026-08-06,CM,NSE,STK,25977,INE101I01011,AFCONS,EQ,,,,,AFCONS INFRASTRUCTURE LTD,280.0,287.95,276.5,278.75,279.35,280.9,,278.75,,,1942703,548428736.6,33847,F1,1,,,,,
2026-08-06,2026-08-06,CM,NSE,STK,11343,INE00WC01027,AFFLE,EQ,,,,,AFFLE 3I LIMITED,1676.8,1700.5,1662.2,1688.7,1684.0,1662.6,,1688.72,,,221349,373482960.0,25850,F1,1,,,,,
2026-08-06,2026-08-06,CM,NSE,STK,25857,INE692Z01013,AFFORDABLE,BE,,,,,AFFORD ROBO & AUTO LTD,180.87,190.85,180.01,190.85,190.85,181.77,,190.85,,,17931,3377814.85,181,F1,1,,,,,
2026-08-06,2026-08-06,CM,NSE,STK,760459,INE916Y07065,1150AFIL28,N0,,,,,AFIL 11.50% 2028 SR 05,9815.01,9815.01,9815.01,9815.01,9815.01,9751.0,,9815.01,,,10,98150.1,1,F1,1,,,,,
2026-08-06,2026-08-06,CM,NSE,STK,760641,INE916Y07073,1150AFIL29,N0,,,,,AFIL 11.50% 2029,9826.12,9826.12,9826.12,9826.12,9826.12,9850.0,,9826.12,,,11,108087.32,1,F1,1,,,,,
2026-08-06,2026-08-06,CM,NSE,STK,759283,INE916Y07057,12AFIL28,N0,,,,,AFIL 12% 2028,9882.71,9882.71,9852.0,9852.0,9852.0,9980.0,,9852.0,,,3,29617.42,3,F1,1,,,,,
2026-08-06,2026-08-06,CM,NSE,STK,3389,INE204E01012,AGARIND,EQ,,,,,AGARWAL INDS CORP LTD.,525.0,527.85,515.2,524.2,517.0,523.25,,524.22,,,24208,12616500.75,1609,F1,1,,,,,
2026-08-06,2026-08-06,CM,NSE,STK,27309,INE0P8X01016,AGARWALTUF,SM,,,,,AGARWAL TOUGH GLASS IND L,150.0,153.55,149.0,151.1,152.85,149.55,,151.1,,,136800,20609760.0,74,F1,1200,,,,,
2026-08-06,2026-08-06,CM,NSE,STK,1412,INE415A01038,AGI,EQ,,,,,AGI GREENPAC LIMITED,719.3,719.3,708.0,710.55,708.0,718.7,,710.53,,,36879,26289830.0,1900,F1,1,,,,,
2026-08-06,2026-08-06,CM,NSE,STK,24445,INE976R01033,AGIIL,EQ,,,,,AGI INFRA LIMITED,304.0,309.0,301.3,304.35,303.2,302.0,,304.36,,,1406107,430819749.7,8535,F1,1,,,,,
2026-08-06,2026-08-06,CM,NSE,STK,11076,INE449G01018,AGRITECH,BE,,,,,AGRI-TECH (INDIA) LIMITED,110.0,111.7,108.23,109.02,109.25,111.8,,109.06,,,2743,298369.3,71,F1,1,,,,,
2026-08-06,2026-08-06,CM,NSE,STK,9046,INE740V01019,AGROPHOS,EQ,,,,,AGRO PHOS INDIA LIMITED,28.44,28.5,27.7,28.46,28.5,28.34,,28.46,,,16101,453523.45,173,F1,1,,,,,
2026-08-06,2026-08-06,CM,NSE,STK,759202,INE583L01014,AGSTRA,BZ,,,,,AGS TRANSACT TECH LTD,2.09,2.09,2.0,2.04,2.04,2.1,,2.04,,,371029,754112.59,464,F1,1,,,,,
2026-08-06,2026-08-06,CM,NSE,STK,2004,INE00PV01013,AHLADA,EQ,,,,,AHLADA ENGINEERS LIMITED,37.79,37.8,37.0,37.57,37.58,37.6,,37.57,,,2849,107157.27,50,F1,1,,,,,
2026-08-06,2026-08-06,CM,NSE,STK,17833,INE758C01029,AHLUCONT,EQ,,,,,AHLUWALIA CONT IND LTD,835.6,838.95,825.0,829.25,827.1,835.6,,829.32,,,12407,10291403.25,2199,F1,1,,,,,
2026-08-06,2026-08-06,CM,NSE,STK,13086,INE212H01026,AIAENG,EQ,,,,,AIA ENGINEERING LIMITED,4626.6,4859.8,4602.6,4795.4,4799.9,4646.6,,4795.4,,,82559,395962919.9,16688,F1,1,,,,,
2026-08-06,2026-08-06,CM,NSE,STK,23984,INE0RUV01018,AIMTRON,SM,,,,,AIMTRON ELECTRONICS LTD,1638.65,1650.0,1625.0,1631.95,1630.0,1612.1,,1631.95,,,42800,70042920.0,200,F1,200,,,,,
2026-08-06,2026-08-06,CM,NSE,STK,9878,INE805A01014,GOLDTECH,BE,,,,,AION-TECH SOLUTIONS LTD,54.87,55.39,53.0,54.16,53.55,54.71,,54.16,,,18190,975724.73,204,F1,1,,,,,
2026-08-06,2026-08-06,CM,NSE,STK,9897,INE645W01026,AIRAN,EQ,,,,,AIRAN LIMITED,14.96,15.16,14.96,15.05,15.13,15.16,,15.05,,,23900,359535.0,195,F1,1,,,,,
2026-08-06,2026-08-06,CM,NSE,STK,6068,INE801L01010,AIROLAM,EQ,,,,,AIRO LAM LIMITED,91.19,93.0,88.34,90.8,91.01,91.19,,90.8,,,1040,94817.21,78,F1,1,,,,,
2026-08-06,2026-08-06,CM,NSE,STK,8124,INE031B01049,AJANTPHARM,EQ,,,,,AJANTA PHARMA LIMITED,3445.0,3491.0,3442.5,3470.4,3442.5,3437.5,,3470.48,,,49287,170986089.2,7429,F1,1,,,,,
2026-08-06,2026-08-06,CM,NSE,STK,29624,INE274Y01021,AJAXENGG,EQ,,,,,AJAX ENGINEERING LIMITED,585.0,588.95,555.85,568.05,572.0,607.65,,568.06,,,357055,204814459.4,7176,F1,1,,,,,
2026-08-06,2026-08-06,CM,NSE,STK,17307,INE298G01035,AJMERA,EQ,,,,,AJMERA REALTY & INF I LTD,125.0,125.0,122.83,123.47,123.0,124.0,,123.48,,,184197,22762704.12,2133,F1,1,,,,,
2026-08-06,2026-08-06,CM,NSE,STK,3403,INE820Y01021,AJOONI,EQ,,,,,AJOONI BIOTECH LIMITED,3.96,3.97,3.9,3.91,3.92,3.96,,3.91,,,153583,603065.56,323,F1,1,,,,,
2026-08-06,2026-08-06,CM,NSE,STK,21132,INE0PCY01014,AKANKSHA,ST,,,,,AKANKSHA POWER N INFRA L,105.65,110.9,105.65,110.9,110.9,105.65,,110.9,,,93000,10278350.0,57,F1,1000,,,,,
2026-08-06,2026-08-06,CM,NSE,STK,13510,INE737W01013,AKASH,EQ,,,,,AKASH INFRA-PROJECTS LTD,26.55,27.0,26.43,26.45,26.57,26.55,,26.45,,,11936,316996.44,63,F1,1,,,,,
2026-08-06,2026-08-06,CM,NSE,STK,2176,INE00Y801016,AKG,EQ,,,,,AKG EXIM LIMITED,8.8,8.98,8.43,8.65,8.68,8.43,,8.65,,,102120,882673.27,781,F1,1,,,,,
2026-08-06,2026-08-06,CM,NSE,STK,14890,INE642Z01026,AKI,EQ,,,,,AKI INDIA LIMITED,4.27,5.0,4.21,4.5,4.49,4.22,,4.51,,,1005418,4642577.47,1567,F1,1,,,,,
2026-08-06,2026-08-06,CM,NSE,STK,24307,INE0PMR01017,AKIKO,ST,,,,,AKIKO GLOBAL SERVICES L,321.25,338.6,321.25,337.3,338.6,334.15,,337.3,,,17600,5753920.0,22,F1,800,,,,,
2026-08-06,2026-08-06,CM,NSE,STK,24159,INE916Y01027,AFIL,EQ,,,,,AKME FINTRADE (INDIA) LTD,9.35,9.35,8.8,9.06,9.18,9.41,,9.06,,,827513,7594221.74,1042,F1,1,,,,,
2026-08-06,2026-08-06,CM,NSE,STK,8595,INE523B01011,AKSHOPTFBR,BE,,,,,AKSH OPTIFIBRE  LTD,6.5,6.59,6.48,6.58,6.59,6.28,,6.58,,,438341,2881278.19,502,F1,1,,,,,
2026-08-06,2026-08-06,CM,NSE,STK,9558,INE256Z01025,AKSHAR,EQ,,,,,AKSHAR SPINTEX LIMITED,0.45,0.46,0.44,0.44,0.45,0.44,,0.44,,,563897,252605.16,278,F1,1,,,,,
2026-08-06,2026-08-06,CM,NSE,STK,20194,INE542B01011,AKSHARCHEM,BE,,,,,AKSHARCHEM INDIA LIMITED,273.28,286.5,262.0,280.84,283.1,273.28,,280.84,,,9279,2577189.71,177,F1,1,,,,,
2026-08-06,2026-08-06,CM,NSE,STK,24715,INE09XN01023,AKUMS,EQ,,,,,AKUMS DRUGS AND PHARMA L,670.0,670.95,656.5,662.55,665.0,666.1,,662.55,,,99826,66078644.2,6996,F1,1,,,,,
2026-08-06,2026-08-06,CM,NSE,STK,9921,INE914E01040,ALANKIT,EQ,,,,,ALANKIT LIMITED,7.93,8.1,7.93,8.09,8.1,7.91,,8.09,,,87414,700855.68,431,F1,1,,,,,
2026-08-06,2026-08-06,CM,NSE,STK,17256,INE155C01010,ALBERTDAVD,EQ,,,,,ALBERT DAVID LIMITED,709.0,745.0,696.0,730.55,734.0,692.8,,730.45,,,20899,15143706.75,956,F1,1,,,,,
2026-08-06,2026-08-06,CM,NSE,STK,79,INE426A01027,ALEMBICLTD,EQ,,,,,ALEMBIC LIMITED,87.5,87.5,86.5,86.66,86.7,87.14,,86.66,,,272858,23729046.38,2314,F1,1,,,,,
2026-08-06,2026-08-06,CM,NSE,STK,25328,INE901L01018,APLLTD,EQ,,,,,ALEMBIC PHARMA LTD,818.2,838.4,817.15,834.45,835.0,818.2,,834.47,,,210314,174147937.15,14330,F1,1,,,,,
2026-08-06,2026-08-06,CM,NSE,STK,761270,INE598D01035,ALGOQUANT,EQ,,,,,ALGOQUANT FINTECH LIMITED,68.14,68.14,65.27,66.15,66.25,67.51,,66.17,,,1568371,104054541.31,3070,F1,1,,,,,
2026-08-06,2026-08-06,CM,NSE,STK,13656,INE062D01024,ALICON,EQ,,,,,ALICON CASTALLOY LIMITED,730.0,742.4,700.0,737.9,739.0,718.05,,737.93,,,117208,83145366.65,2624,F1,1,,,,,
2026-08-06,2026-08-06,CM,NSE,STK,5265,INE03Q201024,ALIVUS,EQ,,,,,ALIVUS LIFE SCIENCES LTD,1329.9,1377.9,1312.6,1325.2,1321.5,1331.0,,1325.1,,,167654,225409118.0,15333,F1,1,,,,,
2026-08-06,2026-08-06,CM,NSE,STK,16963,INE773I01017,ALKALI,BE,,,,,ALKALI METALS LTD,68.0,68.96,66.0,68.7,68.7,68.17,,68.7,,,11357,764115.76,125,F1,1,,,,,
2026-08-06,2026-08-06,CM,NSE,STK,11703,INE540L01014,ALKEM,EQ,,,,,ALKEM LABORATORIES LTD.,5692.0,5695.5,5586.0,5597.5,5597.5,5696.5,,5597.5,,,109477,616384798.0,21606,F1,1,,,,,
2026-08-06,2026-08-06,CM,NSE,STK,4487,INE150B01039,ALKYLAMINE,EQ,,,,,ALKYL AMINES CHEM. LTD,1940.0,1969.5,1916.0,1921.9,1919.0,1939.8,,1921.92,,,91905,178103048.4,12733,F1,1,,,,,
2026-08-06,2026-08-06,CM,NSE,STK,13212,INE0M2X01012,ALLETEC,ST,,,,,ALL E TECHNOLOGIES LTD,136.0,136.0,130.0,130.65,130.0,133.0,,130.65,,,19200,2530700.0,38,F1,400,,,,,
2026-08-06,2026-08-06,CM,NSE,STK,758448,INE0GV601021,ALLTIME,EQ,,,,,ALL TIME PLASTICS LIMITED,217.6,221.65,217.09,217.82,218.0,220.6,,217.82,,,80657,17611686.22,1693,F1,1,,,,,
2026-08-06,2026-08-06,CM,NSE,STK,763784,INE1YPB01014,AGL,EQ,,,,,ALLCARGO GLOBAL LIMITED,13.29,14.46,13.12,14.46,14.46,13.15,,14.46,,,12134338,170841904.87,21561,F1,1,,,,,
2026-08-06,2026-08-06,CM,NSE,STK,13501,INE418H01029,ALLCARGO,EQ,,,,,ALLCARGO LOGISTICS LTD,8.35,9.76,8.3,9.76,9.76,8.14,,9.76,,,169686303,1583965030.02,199646,F1,1,,,,,
2026-08-06,2026-08-06,CM,NSE,STK,17778,INE0NN701020,ATL,EQ,,,,,ALLCARGO TERMINALS LTD,23.57,25.95,23.34,25.57,25.66,23.18,,25.56,,,1027024,25750367.49,5185,F1,1,,,,,
2026-08-06,2026-08-06,CM,NSE,STK,11798,INE835G01018,ALLDIGI,EQ,,,,,ALLDIGI TECH LIMITED,815.7,815.7,801.6,808.8,809.0,811.6,,808.8,,,6526,5281943.45,883,F1,1,,,,,
2026-08-06,2026-08-06,CM,NSE,STK,24308,INE552Z01027,ABDL,EQ,,,,,ALLIED BLEND N DISTILS L,615.05,619.65,596.85,605.0,605.7,614.15,,605.0,,,364877,221369775.6,14583,F1,1,,,,,
2026-08-06,2026-08-06,CM,NSE,STK,14813,INE102I01027,ADSL,EQ,,,,,ALLIED DIGITAL SERV. LTD,117.25,119.6,116.0,116.92,116.0,116.97,,116.93,,,169652,20011042.92,2441,F1,1,,,,,
2026-08-06,2026-08-06,CM,NSE,STK,16719,INE326B01035,ALMONDZ,EQ,,,,,ALMONDZ GLOBAL SEC LTD,14.3,14.89,14.15,14.35,14.25,14.61,,14.35,,,93954,1365708.73,322,F1,1,,,,,
2026-08-06,2026-08-06,CM,NSE,STK,17675,INE270A01029,ALOKINDS,EQ,,,,,ALOK INDUSTRIES LIMITED,11.98,12.03,11.95,11.98,11.97,11.97,,11.98,,,1698810,20367268.75,3700,F1,1,,,,,
2026-08-06,2026-08-06,CM,NSE,STK,14848,INE385I01010,ALPA,EQ,,,,,ALPA LABORATORIES LTD,68.9,72.5,67.06,69.97,69.52,67.32,,69.96,,,41530,2925315.46,712,F1,1,,,,,
2026-08-06,2026-08-06,CM,NSE,STK,22688,INE0R4701017,ALPEXSOLAR,SM,,,,,ALPEX SOLAR LIMITED,819.8,830.0,801.0,815.2,821.1,816.95,,815.2,,,36700,29853770.0,291,F1,100,,,,,
2026-08-06,2026-08-06,CM,NSE,STK,14597,INE137C01018,ALPHAGEO,EQ,,,,,ALPHAGEO (INDIA) LIMITED,239.78,240.0,224.1,233.57,231.5,236.16,,233.57,,,29077,6773263.89,729,F1,1,,,,,
2026-08-06,2026-08-06,CM,NSE,STK,764186,INE1JCQ01037,ALPINETEX,EQ,,,,,ALPINE TEXWORLD LIMITED,67.85,68.85,66.0,66.25,66.28,67.82,,66.25,,,283168,18914143.39,3661,F1,1,,,,,
2026-08-06,2026-08-06,CM,NSE,STK,23474,INE0STM01017,ALUWIND,SM,,,,,ALUWIND INFRA-TECH LTD,48.55,51.25,48.5,50.4,49.0,49.75,,50.4,,,19500,974775.0,10,F1,1500,,,,,
2026-08-06,2026-08-06,CM,NSE,STK,760740,INE121R01077,AMAGI,EQ,,,,,AMAGI MEDIA LABS LIMITED,669.5,673.85,645.1,649.1,646.0,674.35,,649.13,,,251570,165359716.3,23012,F1,1,,,,,
2026-08-06,2026-08-06,CM,NSE,STK,758910,INE084K01015,AMANTA,BE,,,,,AMANTA HEALTHCARE LIMITED,169.54,169.54,169.54,169.54,169.54,173.0,,169.62,,,7356,1247136.24,66,F1,1,,,,,
2026-08-06,2026-08-06,CM,NSE,STK,100,INE885A01032,ARE&M,EQ,,,,,AMARA RAJA ENERGY MOB LTD,940.0,944.0,925.0,927.45,928.15,938.85,,927.33,,,494562,462227505.45,24581,F1,1,,,,,
2026-08-06,2026-08-06,CM,NSE,STK,763256,INE293601014,AMBAAUTO,SM,,,,,AMBA AUTO SALES AND SER L,104.95,105.0,101.5,101.5,101.5,106.45,,101.5,,,20000,2091350.0,7,F1,1000,,,,,
2026-08-06,2026-08-06,CM,NSE,STK,762543,INE432A01017,AMBALALSA,EQ,,,,,AMBALAL SARABHAI ENT L,43.3,44.72,42.11,43.7,43.31,42.9,,43.75,,,336057,14707056.18,1752,F1,1,,,,,
2026-08-06,2026-08-06,CM,NSE,STK,1185,INE371P01015,AMBER,EQ,,,,,AMBER ENTERPRISES (I) LTD,7526.0,7550.0,7416.0,7425.0,7425.0,7526.0,,7425.04,,,102768,767333085.5,16978,F1,1,,,,,
2026-08-06,2026-08-06,CM,NSE,STK,11496,INE792B01012,AMBICAAGAR,EQ,,,,,AMBICA AGAR & AROMAINDLTD,25.1,25.4,24.81,24.83,24.83,25.1,,24.86,,,5807,145154.5,28,F1,1,,,,,
2026-08-06,2026-08-06,CM,NSE,STK,15234,INE540G01014,AMBIKCO,EQ,,,,,AMBIKA COTTON MILL LTD.,1827.0,1840.0,1791.0,1826.0,1830.0,1802.3,,1826.04,,,41789,76288312.2,3402,F1,1,,,,,
2026-08-06,2026-08-06,CM,NSE,STK,1270,INE079A01024,AMBUJACEM,EQ,,,,,AMBUJA CEMENTS LTD,447.5,447.5,436.0,436.5,436.5,445.0,,436.5,,,3853693,1694078179.25,32040,F1,1,,,,,
2026-08-06,2026-08-06,CM,NSE,STK,14398,INE005I01014,AMDIND,EQ,,,,,AMD INDUSTRIES LIMITED,47.05,47.5,46.33,46.39,46.4,46.68,,46.39,,,3493,162774.7,89,F1,1,,,,,
2026-08-06,2026-08-06,CM,NSE,STK,19867,INE275D01022,AMNPLST,EQ,,,,,AMINES & PLASTICIZERS LTD,198.0,201.7,192.9,195.43,196.0,198.52,,195.42,,,11501,2244088.6,659,F1,1,,,,,
2026-08-06,2026-08-06,CM,NSE,STK,761670,INE05TO01019,AEROPLANE,EQ,,,,,AMIR CHAND JAG KUM (E) L,201.0,204.0,195.01,196.8,197.0,200.59,,196.84,,,350369,69854360.88,4129,F1,1,,,,,
2026-08-06,2026-08-06,CM,NSE,STK,2598,INE606A01024,AMJLAND,EQ,,,,,AMJ LAND HOLDINGS LIMITED,38.24,39.69,38.24,38.97,39.0,39.16,,38.96,,,5609,218833.72,119,F1,1,,,,,
2026-08-06,2026-08-06,CM,NSE,STK,17547,INE098F01031,AMRUTANJAN,EQ,,,,,AMRUTAJAN HEALTH LTD,522.75,524.65,518.1,520.0,520.0,524.1,,520.0,,,17958,9359126.85,1504,F1,1,,,,,
2026-08-06,2026-08-06,CM,NSE,STK,759956,INE549H01021,ARSSBL,EQ,,,,,ANAND RATHI SH N STK BR L,515.0,518.45,509.3,510.8,510.05,515.35,,510.81,,,66329,33990484.0,2247,F1,1,,,,,
2026-08-06,2026-08-06,CM,NSE,STK,7149,INE463V01026,ANANDRATHI,BL,,,,,ANAND RATHI WEALTH LTD,1975.0,1975.0,1975.0,1975.0,1975.0,2950.05,,1975.0,,,697000,1376575000.0,5,F1,999999999,,,,,
2026-08-06,2026-08-06,CM,NSE,STK,7145,INE463V01026,ANANDRATHI,EQ,,,,,ANAND RATHI WEALTH LTD,2047.0,2080.0,2028.5,2071.5,2070.0,2037.6,,2071.48,,,560790,1146244022.9,19189,F1,1,,,,,
2026-08-06,2026-08-06,CM,NSE,STK,13620,INE242C01024,ANANTRAJ,EQ,,,,,ANANT RAJ LIMITED,629.7,632.2,615.3,617.4,619.0,628.2,,617.35,,,1198644,746472554.2,24248,F1,1,,,,,
2026-08-06,2026-08-06,CM,NSE,STK,759363,INE1UA823019,ANANTAM,IV,,,,,ANANTAM HIGHWAYS TRUST,105.3,109.9,104.7,104.74,104.75,104.9,,104.74,,,429052,45037820.48,257,F1,1,,,,,
2026-08-06,2026-08-06,CM,NSE,STK,758427,INE0VG001016,AMCL,SM,,,,,ANB METAL CAST LIMITED,382.05,396.0,382.05,392.25,396.0,390.75,,392.25,,,4800,1869220.0,9,F1,400,,,,,
2026-08-06,2026-08-06,CM,NSE,STK,15420,INE666E01020,ACL,EQ,,,,,ANDHRA CEMENTS LIMITED,47.43,48.48,47.2,47.99,47.85,47.43,,47.99,,,11990,575802.38,131,F1,1,,,,,
2026-08-06,2026-08-06,CM,NSE,STK,166,INE435A01051,ANDHRAPAP,EQ,,,,,ANDHRA PAPER LIMITED,60.58,61.1,60.26,60.68,60.75,60.62,,60.68,,,91350,5541550.09,832,F1,1,,,,,
2026-08-06,2026-08-06,CM,NSE,STK,136,INE715B01021,ANDHRSUGAR,EQ,,,,,ANDHRA SUGARS LTD,86.75,87.89,86.37,87.12,87.15,86.74,,87.11,,,127361,11092550.01,1595,F1,1,,,,,
2026-08-06,2026-08-06,CM,NSE,STK,324,INE732I01021,ANGELONE,EQ,,,,,ANGEL ONE LIMITED,299.2,300.9,296.45,297.1,297.1,299.2,,297.1,,,2142791,639581002.1,21464,F1,1,,,,,
2026-08-06,2026-08-06,CM,NSE,STK,16657,INE087B01017,ANIKINDS,EQ,,,,,ANIK INDUSTRIES LTD,45.79,45.79,42.0,43.09,43.1,42.23,,43.04,,,2145,92930.28,129,F1,1,,,,,
2026-08-06,2026-08-06,CM,NSE,STK,20453,INE071F01012,APCL,EQ,,,,,ANJANI PORTLAND CEM LTD,108.6,108.6,104.1,105.43,104.1,106.55,,105.46,,,7046,751945.5,211,F1,1,,,,,
2026-08-06,2026-08-06,CM,NSE,STK,25878,INE106I01010,ANKITMETAL,BZ,,,,,ANKIT MET & POW LTD,1.56,1.62,1.56,1.57,1.6,1.55,,1.56,,,36717,58004.19,41,F1,1,,,,,
2026-08-06,2026-08-06,CM,NSE,STK,758968,INE0Y8W01025,AHCL,EQ,,,,,ANLON HEALTHCARE LIMITED,14.5,14.58,13.81,14.21,14.13,14.49,,14.21,,,2562428,36695027.2,3546,F1,1,,,,,
2026-08-06,2026-08-06,CM,NSE,STK,13664,INE0LR101013,ANLON,ST,,,,,ANLON TECHNOLOGY SOL LTD,600.05,600.05,600.0,600.0,600.0,600.0,,600.0,,,800,480020.0,2,F1,400,,,,,
2026-08-06,2026-08-06,CM,NSE,STK,3727,INE02AR01019,ANMOL,EQ,,,,,ANMOL INDIA LIMITED,10.13,10.4,9.9,10.02,10.08,9.98,,10.02,,,17738,177864.03,150,F1,1,,,,,
2026-08-06,2026-08-06,CM,NSE,STK,11198,INE0MGM01017,ANNAPURNA,SM,,,,,ANNAPURNA SWADISHT LTD,138.75,154.95,138.75,150.4,150.3,137.6,,150.4,,,254250,37514325.0,509,F1,250,,,,,
2026-08-06,2026-08-06,CM,NSE,STK,758740,INE0VTV01012,ANONDITA,SM,,,,,ANONDITA MEDICARE LIMITED,1064.0,1064.0,1023.55,1027.4,1023.6,1052.65,,1027.4,,,16200,16874480.0,78,F1,200,,,,,
2026-08-06,2026-08-06,CM,NSE,STK,19677,INE436A01026,ANSALAPI,BZ,,,,,ANSAL PROP & INFRA LTD,3.58,3.58,3.54,3.57,3.58,3.51,,3.56,,,34015,121759.47,48,F1,1,,,,,
2026-08-06,2026-08-06,CM,NSE,STK,5194,INE414B01021,ANTGRAPHIC,EQ,,,,,ANTARCTICA LTD,0.77,0.77,0.74,0.75,0.76,0.75,,0.75,,,66373,50297.7,132,F1,1,,,,,
2026-08-06,2026-08-06,CM,NSE,STK,13598,INE818A01017,ANTELOPUS,EQ,,,,,ANTELOPUS SELAN ENRGY LTD,869.9,895.9,856.0,860.4,861.9,873.65,,860.35,,,138558,120926655.1,5713,F1,1,,,,,
2026-08-06,2026-08-06,CM,NSE,STK,757885,INE0CZ201020,ANTHEM,EQ,,,,,ANTHEM BIOSCIENCES LTD,832.65,837.0,813.0,825.65,826.9,825.65,,825.64,,,799264,656681968.1,40477,F1,1,,,,,
2026-08-06,2026-08-06,CM,NSE,STK,1797,INE01BK01022,AWHCL,EQ,,,,,ANTONY WASTE HDG CELL LTD,427.0,432.9,424.0,426.2,425.85,427.45,,426.22,,,76171,32557640.7,3724,F1,1,,,,,
2026-08-06,2026-08-06,CM,NSE,STK,28314,INE489G01022,ANUHPHR,EQ,,,,,ANUH PHARMA LIMITED,79.0,79.92,78.71,79.31,79.66,79.22,,79.29,,,57112,4514471.02,403,F1,1,,,,,
2026-08-06,2026-08-06,CM,NSE,STK,2829,INE930P01018,ANURAS,EQ,,,,,ANUPAM RASAYAN INDIA LTD,1224.0,1224.0,1210.0,1213.0,1210.6,1216.3,,1213.0,,,88592,107720616.6,3618,F1,1,,,,,
2026-08-06,2026-08-06,CM,NSE,STK,28983,INE0SI601032,ANYA,SM,,,,,ANYA POLYTECH & FERTI LTD,15.35,15.35,15.25,15.25,15.25,15.5,,15.25,,,10000,153000.0,2,F1,5000,,,,,
2026-08-06,2026-08-06,CM,NSE,STK,758904,INF1J2R01114,AONEGOLD,EQ,,,,,AONEAMC - AONEGOLD,13.75,13.86,13.67,13.8,13.79,13.48,,13.8,,,903756,12448459.5,1408,F1,1,,,,,
2026-08-06,2026-08-06,CM,NSE,STK,30472,INF1J2R01056,AONELIQUID,EQ,,,,,AONEAMC - AONELIQUID,1071.35,1071.37,1071.35,1071.36,1071.37,1071.22,,1071.36,,,29025,31096346.35,134,F1,1,,,,,
2026-08-06,2026-08-06,CM,NSE,STK,757096,INF1J2R01064,AONENIFTY,EQ,,,,,AONEAMC - AONENIFTY,10.38,10.38,10.13,10.16,10.18,10.13,,10.16,,,145413,1478488.94,1270,F1,1,,,,,
2026-08-06,2026-08-06,CM,NSE,STK,760193,INF1J2R01171,AONESILVER,EQ,,,,,AONEAMC - AONESILVER,8.55,8.61,8.51,8.57,8.59,8.49,,8.57,,,775067,6643158.63,1491,F1,1,,,,,
2026-08-06,2026-08-06,CM,NSE,STK,759992,INF1J2R01148,AONETMMQ50,EQ,,,,,AONEAMC - AONETMMQ50,10.26,10.26,10.15,10.2,10.21,10.21,,10.2,,,23891,243736.1,212,F1,1,,,,,
2026-08-06,2026-08-06,CM,NSE,STK,29975,INF1J2R01015,AONETOTAL,EQ,,,,,AONEAMC - AONETOTAL,12.25,12.25,12.01,12.1,12.1,12.07,,12.1,,,151531,1835455.0,1501,F1,1,,,,,
2026-08-06,2026-08-06,CM,NSE,STK,11491,INE372A01015,APARINDS,EQ,,,,,APAR INDUSTRIES LTD.,15711.0,16316.0,15531.0,16126.0,16100.0,15666.0,,16125.89,,,207441,3335304026.0,48459,F1,1,,,,,
2026-08-06,2026-08-06,CM,NSE,STK,154,INE116A01032,APCOTEXIND,EQ,,,,,APCOTEX INDUSTRIES LIMITE,632.5,635.0,612.0,620.6,615.0,629.5,,620.58,,,192331,119817230.85,6811,F1,1,,,,,
2026-08-06,2026-08-06,CM,NSE,STK,27291,INE0T4V01015,APEXECO,ST,,,,,APEX ECOTECH LIMITED,279.0,279.0,269.0,271.0,269.0,282.55,,271.0,,,8800,2424400.0,10,F1,800,,,,,
2026-08-06,2026-08-06,CM,NSE,STK,21623,INE346W01013,APEX,EQ,,,,,APEX FROZEN FOODS LIMITED,379.8,381.9,373.5,375.15,373.7,377.75,,375.07,,,49137,18519660.05,2727,F1,1,,,,,
2026-08-06,2026-08-06,CM,NSE,STK,25780,INE702C01027,APLAPOLLO,EQ,,,,,APL APOLLO TUBES LTD,1968.0,1996.0,1945.0,1945.0,1945.0,1948.5,,1945.01,,,824303,1628861105.4,33038,F1,1,,,,,
2026-08-06,2026-08-06,CM,NSE,STK,757182,INE0TLC07069,930APMD29,N0,,,,,APMD 9.30% 2029 STRPP C,101850.01,101850.01,101850.01,101850.01,101850.01,101850.0,,101850.01,,,2,203700.02,1,F1,1,,,,,
2026-08-06,2026-08-06,CM,NSE,STK,757184,INE0TLC07077,930APMD30,N0,,,,,APMD 9.30% 2030 STRPP D,103349.0,103350.0,103349.0,103350.0,103350.0,104825.48,,103350.0,,,61,6304334.0,23,F1,1,,,,,
2026-08-06,2026-08-06,CM,NSE,STK,757170,INE0TLC07101,930APMD32,N0,,,,,APMD 9.30% 2032 STRPP F,106000.0,106000.0,106000.0,106000.0,106000.0,106000.0,,106000.0,,,1,106000.0,1,F1,1,,,,,
2026-08-06,2026-08-06,CM,NSE,STK,157,INE437A01024,APOLLOHOSP,EQ,,,,,APOLLO HOSPITALS ENTER. L,8947.0,9015.0,8880.0,8974.5,8974.5,8910.0,,8974.05,,,399856,3577552921.5,48865,F1,1,,,,,
2026-08-06,2026-08-06,CM,NSE,STK,1134,INE713T01028,APOLLO,EQ,,,,,APOLLO MICRO SYSTEMS LTD,400.15,408.55,396.55,403.95,404.3,399.05,,403.9,,,5525788,2236606934.3,51488,F1,1,,,,,
2026-08-06,2026-08-06,CM,NSE,STK,14361,INE126J01016,APOLLOPIPE,EQ,,,,,APOLLO PIPES LIMITED,538.1,540.0,527.0,527.25,527.0,534.15,,527.25,,,829287,442793046.3,8800,F1,1,,,,,
2026-08-06,2026-08-06,CM,NSE,STK,6302,INE451F01024,APOLSINHOT,EQ,,,,,APOLLO SINDOORI HOTEL LTD,1216.9,1300.0,1195.2,1243.6,1240.0,1200.8,,1243.6,,,2384,2983198.0,239,F1,1,,,,,
2026-08-06,2026-08-06,CM,NSE,STK,163,INE438A01022,APOLLOTYRE,EQ,,,,,APOLLO TYRES LTD,445.25,451.75,441.25,449.7,451.2,444.9,,449.72,,,907493,407026925.7,22547,F1,1,,,,,
2026-08-06,2026-08-06,CM,NSE,STK,24638,INE0LQG01010,APRAMEYA,SM,,,,,APRAMEYA ENGINEERING LTD,145.55,146.0,145.55,146.0,146.0,145.55,,146.0,,,1000,145775.0,2,F1,500,,,,,
2026-08-06,2026-08-06,CM,NSE,STK,760366,INE0M2307370,915APSBC28,N0,,,,,APSBC 9.15% 2028 STRPP C,103346.12,103346.12,103346.12,103346.12,103346.12,103238.65,,103346.12,,,3,310038.36,2,F1,1,,,,,
2026-08-06,2026-08-06,CM,NSE,STK,760372,INE0M2307388,915APSBC31,N0,,,,,APSBC 9.15% 2031 STRPP F,103500.0,103500.0,103500.0,103500.0,103500.0,102361.01,,103500.0,,,2,207000.0,1,F1,1,,,,,
2026-08-06,2026-08-06,CM,NSE,STK,761435,INE1OOJ01011,APSISAERO,ST,,,,,APSIS AEROCOM LIMITED,458.75,458.75,457.0,457.0,457.0,449.8,,457.0,,,40800,18710700.0,18,F1,1200,,,,,
2026-08-06,2026-08-06,CM,NSE,STK,14074,INE266F01018,APTECHT,BE,,,,,APTECH LIMITED,99.0,99.99,96.0,97.0,97.0,98.73,,97.01,,,75380,7448286.43,617,F1,1,,,,,
2026-08-06,2026-08-06,CM,NSE,STK,5435,INE852O01025,APTUS,EQ,,,,,APTUS VALUE HSG FIN I LTD,263.15,265.7,260.05,260.8,260.55,264.3,,260.8,,,824005,215729178.9,26970,F1,1,,,,,
2026-08-06,2026-08-06,CM,NSE,STK,23365,INE416A01051,AQYLON,EQ,,,,,AQYLON NEXUS LIMITED,27.45,28.01,27.21,28.0,28.01,26.68,,28.0,,,11196913,313183422.76,9165,F1,1,,,,,
2026-08-06,2026-08-06,CM,NSE,STK,19253,INE08NJ01024,ARABIAN,SM,,,,,ARABIAN PETROLEUM LIMITED,79.2,94.3,79.2,93.5,94.3,79.2,,93.5,,,138000,12337000.0,67,F1,2000,,,,,
2026-08-06,2026-08-06,CM,NSE,STK,758670,INE0YDV01010,ARCIIL,SM,,,,,ARC INSULATION & INSU LTD,35.0,38.0,35.0,38.0,38.0,35.5,,38.0,,,9000,332850.0,9,F1,1000,,,,,
2026-08-06,2026-08-06,CM,NSE,STK,12024,INE128X01021,ACI,EQ,,,,,ARCHEAN CHEMICAL IND LTD,524.0,526.75,516.1,517.85,518.75,523.85,,517.85,,,194162,101175908.45,8949,F1,1,,,,,
2026-08-06,2026-08-06,CM,NSE,STK,245,INE0CHO01012,ADL,EQ,,,,,ARCHIDPLY DECOR LIMITED,71.75,73.49,70.0,70.1,70.0,71.75,,70.1,,,1377,97094.12,19,F1,1,,,,,
2026-08-06,2026-08-06,CM,NSE,STK,16795,INE877I01016,ARCHIDPLY,EQ,,,,,ARCHIDPLY IND. LTD,83.48,85.95,80.65,82.04,81.11,80.42,,82.04,,,26416,2192114.55,543,F1,1,,,,,
2026-08-06,2026-08-06,CM,NSE,STK,5688,INE731A01020,ARCHIES,EQ,,,,,ARCHIES LTD,14.02,14.44,14.0,14.35,14.44,14.13,,14.35,,,14992,213501.03,108,F1,1,,,,,
2026-08-06,2026-08-06,CM,NSE,STK,758700,INE784R01023,ARFIN,EQ,,,,,ARFIN INDIA LIMITED,85.76,88.74,85.26,86.98,87.0,85.34,,86.97,,,1940966,169531300.8,7671,F1,1,,,,,
2026-08-06,2026-08-06,CM,NSE,STK,13092,INE0L2Y01011,ARHAM,SM,,,,,ARHAM TECHNOLOGIES LTD,175.0,185.0,175.0,184.6,184.95,176.8,,184.6,,,73000,13384250.0,41,F1,1000,,,,,
2026-08-06,2026-08-06,CM,NSE,STK,15204,INE298I01015,ARIES,EQ,,,,,ARIES AGRO LTD.,344.8,348.9,335.2,344.05,343.0,343.1,,344.05,,,11553,3978207.15,608,F1,1,,,,,
2026-08-06,2026-08-06,CM,NSE,STK,3813,INE420B01036,ARIHANTCAP,EQ,,,,,ARIHANT CAPITAL MKTS LTD,77.75,77.75,76.5,76.79,76.5,77.75,,76.79,,,50052,3867452.25,730,F1,1,,,,,
2026-08-06,2026-08-06,CM,NSE,STK,13885,INE413D01011,ARIHANT,EQ,,,,,ARIHANT FOUN & HOU LTD,1102.8,1147.0,1072.0,1130.4,1146.0,1136.6,,1129.83,,,1815,2031574.0,278,F1,1,,,,,
2026-08-06,2026-08-06,CM,NSE,STK,20159,INE643K01018,ARIHANTSUP,EQ,,,,,ARIHANT SUPERSTRUCT LTD,258.0,270.2,256.1,267.3,266.0,260.25,,267.3,,,25583,6832778.25,540,F1,1,,,,,
2026-08-06,2026-08-06,CM,NSE,STK,757614,INE0H9P01028,ARIS,EQ,,,,,ARISINFRA SOLUTIONS LTD,133.7,135.0,125.0,132.03,132.5,130.21,,132.03,,,2775519,360808519.59,18694,F1,1,,,,,
2026-08-06,2026-08-06,CM,NSE,STK,25398,INE0QRL01017,ARKADE,EQ,,,,,ARKADE DEVELOPERS LIMITED,139.0,140.49,138.37,139.75,140.1,139.14,,139.75,,,193019,26945444.88,1634,F1,1,,,,,
2026-08-06,2026-08-06,CM,NSE,STK,17263,INE109C01017,ARMANFIN,EQ,,,,,ARMAN FIN SERV LTD,2064.9,2065.5,2011.0,2031.5,2037.1,2049.8,,2031.28,,,32572,66491254.0,3770,F1,1,,,,,
2026-08-06,2026-08-06,CM,NSE,STK,760752,INE0TZX01019,ARMOUR,ST,,,,,ARMOUR SECURITY (INDIA) L,18.75,19.3,18.75,19.3,19.3,18.75,,19.3,,,8000,151100.0,3,F1,2000,,,,,
2026-08-06,2026-08-06,CM,NSE,STK,14557,INE210C01013,AROGRANITE,EQ,,,,,ARO GRANITE IND. LTD.,25.6,26.9,25.51,26.05,26.1,26.12,,26.02,,,4150,109592.87,87,F1,1,,,,,
2026-08-06,2026-08-06,CM,NSE,STK,9264,INE570D01018,ARROWGREEN,BE,,,,,ARROW GREENTECH LIMITED,766.75,767.0,733.2,746.1,745.0,745.1,,747.53,,,17337,13022317.8,365,F1,1,,,,,
2026-08-06,2026-08-06,CM,NSE,STK,29015,INE968D01022,ARSHIYA,BZ,,,,,ARSHIYA LIMITED,0.93,0.95,0.92,0.94,0.95,0.93,,0.94,,,640074,595722.21,116,F1,1,,,,,
2026-08-06,2026-08-06,CM,NSE,STK,6156,INE738V01013,ARTNIRMAN,EQ,,,,,ART NIRMAN LIMITED,41.38,42.78,40.06,41.75,41.79,40.75,,41.75,,,1839,76320.76,44,F1,1,,,,,
2026-08-06,2026-08-06,CM,NSE,STK,761330,INE757T01025,AEPL,EQ,,,,,ARTEMIS ELECTRICALS & P L,14.53,14.59,14.05,14.52,14.55,14.34,,14.51,,,16796,238432.24,116,F1,1,,,,,
2026-08-06,2026-08-06,CM,NSE,STK,16913,INE025R01021,ARTEMISMED,EQ,,,,,ARTEMIS MED SERVICE LTD,320.2,324.0,310.0,311.7,310.5,322.15,,311.7,,,457583,144280044.95,13451,F1,1,,,,,
2026-08-06,2026-08-06,CM,NSE,STK,756899,INE0TTG01017,ARUNAYA,ST,,,,,ARUNAYA ORGANICS LIMITED,16.0,16.0,16.0,16.0,16.0,16.1,,16.0,,,2000,32000.0,1,F1,2000,,,,,
2026-08-06,2026-08-06,CM,NSE,STK,2814,INE006Z01016,ARVEE,EQ,,,,,ARVEE LABORATORIES I LTD,158.16,160.0,155.0,155.7,155.0,155.06,,155.7,,,662,103178.54,27,F1,1,,,,,
2026-08-06,2026-08-06,CM,NSE,STK,9111,INE955V01021,ARVINDFASN,EQ,,,,,ARVIND FASHIONS LIMITED,461.35,467.6,455.75,459.5,461.95,461.35,,459.49,,,193939,89452549.2,12860,F1,1,,,,,
2026-08-06,2026-08-06,CM,NSE,STK,193,INE034A01011,ARVIND,EQ,,,,,ARVIND LIMITED,547.5,553.95,538.05,546.1,545.5,545.1,,546.14,,,466341,254858390.7,22462,F1,1,,,,,
2026-08-06,2026-08-06,CM,NSE,STK,19579,INE0P4T01013,ARVINDPORT,SM,,,,,ARVIND PORT AND INFRA LTD,29.95,30.85,29.95,30.85,30.85,29.4,,30.85,,,30000,916800.0,13,F1,1500,,,,,
2026-08-06,2026-08-06,CM,NSE,STK,10457,INE034S01021,ARVSMART,EQ,,,,,ARVIND SMARTSPACES LTD,598.0,605.85,590.7,603.3,595.1,596.3,,603.22,,,29048,17423411.15,1252,F1,1,,,,,
2026-08-06,2026-08-06,CM,NSE,STK,5378,INE439A01020,ASAHIINDIA,EQ,,,,,ASAHI INDIA GLASS LIMITED,926.7,932.8,886.15,913.95,911.5,926.7,,913.94,,,588303,533878371.0,31168,F1,1,,,,,
2026-08-06,2026-08-06,CM,NSE,STK,25092,INE228I01012,ASAHISONG,BE,,,,,ASAHI SONGWON COLOR LTD,385.6,385.6,370.0,373.7,371.35,385.6,,373.61,,,21298,7972134.05,335,F1,1,,,,,
2026-08-06,2026-08-06,CM,NSE,STK,24711,INE0LAA01017,ASHALOG,SM,,,,,ASHAPURA LOGISTICS LTD,56.5,57.0,56.5,57.0,57.0,56.5,,57.0,,,41000,2336500.0,3,F1,1000,,,,,
2026-08-06,2026-08-06,CM,NSE,STK,203,INE348A01023,ASHAPURMIN,EQ,,,,,ASHAPURA MINECHEM LTD,739.8,751.95,726.05,729.1,732.15,739.7,,729.08,,,676599,500233980.4,17199,F1,1,,,,,
2026-08-06,2026-08-06,CM,NSE,STK,24403,INE365D01021,ASHIANA,EQ,,,,,ASHIANA HOUSING LTD,386.0,389.95,380.0,381.8,381.0,386.0,,381.76,,,36743,14090111.45,2066,F1,1,,,,,
2026-08-06,2026-08-06,CM,NSE,STK,762548,INE094B01013,ASHIKAG,EQ,,,,,ASHIKA GLOBAL SEC LTD,468.5,478.0,461.25,474.05,475.2,461.3,,474.02,,,420087,197487150.3,5647,F1,1,,,,,
2026-08-06,2026-08-06,CM,NSE,STK,206,INE440A01010,ASHIMASYN,EQ,,,,,ASHIMA LTD,18.25,18.4,17.77,18.12,18.4,17.81,,18.12,,,104672,1888104.04,395,F1,1,,,,,
2026-08-06,2026-08-06,CM,NSE,STK,212,INE208A01029,ASHOKLEY,EQ,,,,,ASHOK LEYLAND LTD,176.99,177.85,175.29,177.5,177.5,177.0,,177.5,,,15063477,2666343196.43,63818,F1,1,,,,,
2026-08-06,2026-08-06,CM,NSE,STK,20182,INE442H01029,ASHOKA,EQ,,,,,ASHOKA BUILDCON LTD,120.9,120.9,119.6,119.83,119.9,119.89,,119.83,,,542817,65078587.6,6037,F1,1,,,,,
2026-08-06,2026-08-06,CM,NSE,STK,16943,INE760Y01011,ASHOKAMET,EQ,,,,,ASHOKA METCAST LIMITED,14.48,14.48,14.08,14.11,14.09,14.18,,14.1,,,4995,70660.42,72,F1,1,,,,,
2026-08-06,2026-08-06,CM,NSE,STK,760418,INE1A6Q01010,ASHWINI,SM,,,,,ASHWINI CONTAINER MOVER L,195.0,195.0,189.0,189.7,189.0,192.5,,189.7,,,18000,3433700.0,13,F1,1000,,,,,
2026-08-06,2026-08-06,CM,NSE,STK,7030,INE276G01015,ASIANENE,EQ,,,,,ASIAN ENERGY SERVICES LTD,398.5,401.8,390.0,391.65,395.0,402.0,,391.6,,,259676,102562511.7,8206,F1,1,,,,,
2026-08-06,2026-08-06,CM,NSE,STK,14889,INE022I01019,ASIANTILES,EQ,,,,,ASIAN GRANITO IND. LTD.,53.05,56.48,53.02,55.98,55.98,53.39,,55.98,,,5759159,317327825.61,13728,F1,1,,,,,
2026-08-06,2026-08-06,CM,NSE,STK,19438,INE926K01017,AHLEAST,EQ,,,,,ASIAN HOTELS (EAST) LTD,141.2,145.8,141.2,142.41,141.51,142.09,,142.78,,,1431,204702.29,49,F1,1,,,,,
2026-08-06,2026-08-06,CM,NSE,STK,18422,INE363A01022,ASIANHOTNR,EQ,,,,,ASIAN HOTELS (NORTH) LTD,307.0,317.85,306.6,316.0,311.05,306.65,,316.01,,,119244,37099593.4,1799,F1,1,,,,,
2026-08-06,2026-08-06,CM,NSE,STK,19370,INE915K01010,AHLWEST,BE,,,,,ASIAN HOTELS (WEST) LTD,519.9,543.0,519.9,542.0,542.0,535.9,,542.0,,,1073,578123.4,24,F1,1,,,,,
2026-08-06,2026-08-06,CM,NSE,STK,236,INE021A01026,ASIANPAINT,EQ,,,,,ASIAN PAINTS LIMITED,2788.0,2788.0,2741.6,2755.0,2755.0,2760.0,,2754.99,,,797083,2196884703.3,67159,F1,1,,,,,
2026-08-06,2026-08-06,CM,NSE,STK,762553,INE194D01017,ASTAR,EQ,,,,,ASIAN STAR CO. LTD.,619.9,619.9,590.0,590.0,590.0,590.1,,590.0,,,63,37264.3,13,F1,1,,,,,
2026-08-06,2026-08-06,CM,NSE,STK,20152,INE491J01022,ASKAUTOLTD,EQ,,,,,ASK AUTOMOTIVE LIMITED,637.55,687.7,626.15,678.8,675.5,637.55,,678.79,,,9246516,6191473588.9,177679,F1,1,,,,,
2026-08-06,2026-08-06,CM,NSE,STK,17270,INE991I01015,ASPINWALL,EQ,,,,,ASPINWALL & CO LTD,249.04,249.04,233.71,242.03,240.0,249.04,,242.03,,,1494,359178.61,131,F1,1,,,,,
2026-08-06,2026-08-06,CM,NSE,STK,23396,INE0S7801010,ASPIRE,SM,,,,,ASPIRE & INNOVATIVE ADV L,14.75,14.75,14.75,14.75,14.75,14.75,,14.75,,,2000,29500.0,1,F1,2000,,,,,
2026-08-06,2026-08-06,CM,NSE,STK,17598,INE073G01016,ASALCBR,EQ,,,,,ASSO ALCOHOLS & BREW LTD,765.0,780.6,764.75,767.25,770.0,764.25,,767.22,,,18234,14071092.45,1811,F1,1,,,,,
2026-08-06,2026-08-06,CM,NSE,STK,17728,INE563J01010,ASTEC,EQ,,,,,ASTEC LIFESCIENCES LTD,618.4,627.9,615.0,620.35,616.2,616.55,,620.34,,,11032,6845048.05,797,F1,1,,,,,
2026-08-06,2026-08-06,CM,NSE,STK,1508,INE914M01019,ASTERDM,EQ,,,,,ASTER DM QUALITY CARE LTD,823.9,874.0,809.6,844.45,837.6,842.1,,844.45,,,2438796,2077571940.55,102159,F1,1,,,,,
2026-08-06,2026-08-06,CM,NSE,STK,11618,INE386C01029,ASTRAMICRO,EQ,,,,,ASTRA MICROWAVE LTD,1822.9,1822.9,1783.0,1802.2,1795.1,1809.4,,1802.18,,,232224,418578955.8,20052,F1,1,,,,,
2026-08-06,2026-08-06,CM,NSE,STK,14418,INE006I01046,ASTRAL,EQ,,,,,ASTRAL LIMITED,1439.6,1456.8,1434.2,1442.0,1442.0,1434.7,,1441.99,,,196726,284509762.2,16361,F1,1,,,,,
2026-08-06,2026-08-06,CM,NSE,STK,5610,INE203A01020,ASTRAZEN,EQ,,,,,ASTRAZENECA PHARMA IND LT,8099.0,8124.5,8050.0,8075.5,8065.5,8108.5,,8076.17,,,3198,25886204.0,1048,F1,1,,,,,
2026-08-06,2026-08-06,CM,NSE,STK,880,INE646X01014,ASTRON,BE,,,,,ASTRON PAPER BORD MIL LTD,3.74,3.77,3.69,3.72,3.72,3.64,,3.72,,,19949,73950.6,89,F1,1,,,,,
2026-08-06,2026-08-06,CM,NSE,STK,15649,INE0ALR01029,ATALREAL,EQ,,,,,ATAL REALTECH LIMITED,34.67,34.89,34.29,34.64,34.75,34.56,,34.64,,,10925158,378325502.56,5644,F1,1,,,,,
2026-08-06,2026-08-06,CM,NSE,STK,15404,INE09KD01013,ATAM,EQ,,,,,ATAM VALVES LIMITED,65.0,65.8,64.5,64.61,65.0,64.74,,64.62,,,3200,207920.16,120,F1,1,,,,,
2026-08-06,2026-08-06,CM,NSE,STK,756405,INE0V0Q01019,ATCENERGY,ST,,,,,ATC ENERGIES SYSTEM LTD,26.65,26.65,26.25,26.4,26.45,25.45,,26.4,,,12000,316860.0,10,F1,1200,,,,,
2026-08-06,2026-08-06,CM,NSE,STK,757645,INE0LEZ01016,ATHERENERG,EQ,,,,,ATHER ENERGY LIMITED,1470.8,1505.0,1440.0,1453.2,1445.0,1470.8,,1453.06,,,4844393,7134313220.4,131695,F1,1,,,,,
2026-08-06,2026-08-06,CM,NSE,STK,760953,IN90NN701011,ATLPP,E1,,,,,ATL RE.0.50 PPD UP,9.17,9.93,8.7,9.14,8.9,9.17,,9.14,,,49066,449491.48,33,F1,1,,,,,
2026-08-06,2026-08-06,CM,NSE,STK,759007,INE0Z4F01028,ATLANTAELE,EQ,,,,,ATLANTA ELECTRICALS LTD,1667.0,1667.0,1580.0,1592.9,1588.0,1634.5,,1592.8,,,49951,80701740.5,5600,F1,1,,,,,
2026-08-06,2026-08-06,CM,NSE,STK,13585,INE285H01022,ATLANTAA,EQ,,,,,ATLANTAA LIMITED,39.71,41.67,39.16,40.31,40.65,40.3,,40.3,,,31647,1288651.8,553,F1,1,,,,,
2026-08-06,2026-08-06,CM,NSE,STK,4568,INE446A01025,ATLASCYCLE,EQ,,,,,ATLAS CYCLE (HARYANA) LTD,97.85,98.3,96.25,97.68,98.0,97.26,,97.7,,,5875,572918.07,97,F1,1,,,,,
2026-08-06,2026-08-06,CM,NSE,STK,22788,INE05DH01017,ATMASTCO,ST,,,,,ATMASTCO LIMITED,146.0,150.0,146.0,148.0,148.0,147.65,,148.0,,,9200,1370100.0,23,F1,400,,,,,
2026-08-06,2026-08-06,CM,NSE,STK,30023,INE951D01028,ATULAUTO,EQ,,,,,ATUL AUTO LIMITED,583.2,586.0,574.6,579.55,577.2,580.95,,579.54,,,239269,138908205.85,9146,F1,1,,,,,
2026-08-06,2026-08-06,CM,NSE,STK,263,INE100A01010,ATUL,EQ,,,,,ATUL LTD,6859.0,6875.0,6770.0,6796.5,6799.5,6794.0,,6796.47,,,85917,586790866.0,8145,F1,1,,,,,
2026-08-06,2026-08-06,CM,NSE,STK,21238,INE949L01017,AUBANK,EQ,,,,,AU SMALL FINANCE BANK LTD,1051.3,1105.9,1045.7,1087.6,1087.6,1051.3,,1087.79,,,4756035,5162426812.2,82712,F1,1,,,,,
2026-08-06,2026-08-06,CM,NSE,STK,12022,INE132H01018,AURIONPRO,EQ,,,,,AURIONPRO SOLN LTD,731.1,737.0,727.0,730.0,729.5,729.0,,729.97,,,192815,141047353.3,4379,F1,1,,,,,
2026-08-06,2026-08-06,CM,NSE,STK,15869,INE0NUL01018,AUROIMPEX,SM,,,,,AURO IMPEX & CHEMICALS L,26.15,26.15,26.15,26.15,26.15,25.7,,26.15,,,1600,41840.0,1,F1,1600,,,,,
2026-08-06,2026-08-06,CM,NSE,STK,275,INE406A01037,AUROPHARMA,EQ,,,,,AUROBINDO PHARMA LTD,1625.0,1634.4,1584.2,1588.9,1588.9,1613.4,,1588.9,,,1299019,2078111218.3,41141,F1,1,,,,,
2026-08-06,2026-08-06,CM,NSE,STK,10310,INE898S01029,AURUM,EQ,,,,,AURUM PROPTECH LIMITED,227.99,227.99,220.0,222.48,221.5,222.88,,222.52,,,197698,44063066.69,4494,F1,1,,,,,
2026-08-06,2026-08-06,CM,NSE,STK,31468,INE142K01011,AURUS,EQ,,,,,AURUS GEM CORP LIMITED,4.79,4.79,4.42,4.56,4.56,4.7,,4.56,,,48050,217818.34,273,F1,1,,,,,
2026-08-06,2026-08-06,CM,NSE,STK,9035,INE218C01016,AUSOMENT,BE,,,,,AUSOM ENTERPRISE LIMITED,145.0,145.65,136.5,138.28,138.3,140.97,,138.32,,,1270,177712.5,19,F1,1,,,,,
2026-08-06,2026-08-06,CM,NSE,STK,21451,INE0P0001010,APS,SM,,,,,AUSTRALIAN PREM SOLAR I L,256.0,257.35,250.1,251.4,251.0,259.4,,251.4,,,45500,11498337.5,163,F1,250,,,,,
2026-08-06,2026-08-06,CM,NSE,STK,23553,INE206F01022,AIIL,EQ,,,,,AUTHUM INVEST & INFRA LTD,575.0,607.7,568.95,596.2,595.05,570.5,,596.2,,,3428888,2033151703.0,47775,F1,1,,,,,
2026-08-06,2026-08-06,CM,NSE,STK,14110,INE718H01014,AUTOIND,BE,,,,,AUTOLINE INDUSTRIES LTD,97.4,98.9,93.61,95.79,96.0,94.61,,95.56,,,168959,16333296.37,1151,F1,1,,,,,
2026-08-06,2026-08-06,CM,NSE,STK,278,INE449A01011,AUTOAXLES,EQ,,,,,AUTOMOTIVE AXLES LIMITED,1900.0,1910.4,1837.8,1848.9,1851.9,1939.2,,1849.16,,,33724,63201229.9,3770,F1,1,,,,,
2026-08-06,2026-08-06,CM,NSE,STK,10634,INE900C01027,ASAL,EQ,,,,,AUTOMOTIVE STAMPINGS & AS,518.0,522.5,507.0,509.9,510.0,517.3,,509.9,,,19693,10069914.35,1307,F1,1,,,,,
2026-08-06,2026-08-06,CM,NSE,STK,21406,INE349W01017,AVADHSUGAR,EQ,,,,,AVADH SUG & ENERGY LTD,600.05,619.85,591.45,602.9,603.0,609.25,,602.94,,,100930,61318480.6,3027,F1,1,,,,,
2026-08-06,2026-08-06,CM,NSE,STK,15058,INE0LCL01028,AVALON,EQ,,,,,AVALON TECHNOLOGIES LTD,1821.0,1871.9,1750.3,1774.5,1780.0,1823.2,,1774.46,,,507302,915401081.7,39628,F1,1,,,,,
2026-08-06,2026-08-06,CM,NSE,STK,760736,INE1KU201016,AVANA,ST,,,,,AVANA ELECTROSYSTEMS LTD,148.25,160.0,148.25,156.0,156.0,156.0,,156.0,,,16000,2452700.0,8,F1,2000,,,,,
2026-08-06,2026-08-06,CM,NSE,STK,24610,INE005B01027,AVANTEL,EQ,,,,,AVANTEL LIMITED,164.87,167.49,163.78,164.44,165.5,164.94,,164.44,,,950624,157312977.68,8382,F1,1,,,,,
2026-08-06,2026-08-06,CM,NSE,STK,7936,INE871C01038,AVANTIFEED,EQ,,,,,AVANTI FEEDS LIMITED,905.0,913.5,884.0,891.9,892.6,899.1,,891.91,,,388968,349319838.8,13261,F1,1,,,,,
2026-08-06,2026-08-06,CM,NSE,STK,20503,INE617I01024,AVATAR,ST,,,,,AVATAR INDUSTRIES LIMITED,193.9,193.9,193.9,193.9,193.9,190.1,,193.9,,,12000,2326800.0,6,F1,2000,,,,,
2026-08-06,2026-08-06,CM,NSE,STK,19913,INE192R01011,DMART,EQ,,,,,AVENUE SUPERMARTS LIMITED,3988.9,3988.9,3927.6,3931.2,3931.2,3946.0,,3931.27,,,250186,988866906.4,21438,F1,1,,,,,
2026-08-06,2026-08-06,CM,NSE,STK,16249,INE483S01020,CCAVENUE,EQ,,,,,AVENUESAI LIMITED,17.39,17.72,17.03,17.13,17.16,17.26,,17.13,,,16128672,280351182.15,15234,F1,1,,,,,
2026-08-06,2026-08-06,CM,NSE,STK,15638,INE680Z01018,AVG,BE,,,,,AVG LOGISTICS LIMITED,205.0,205.0,200.35,202.42,202.1,202.8,,202.5,,,8187,1654947.37,93,F1,1,,,,,
2026-08-06,2026-08-06,CM,NSE,STK,25520,INE0TFB01017,AVIANSH,SM,,,,,AVI ANSH TEXTILE LIMITED,104.5,105.0,104.5,105.0,105.0,104.0,,105.0,,,2000,209500.0,2,F1,1000,,,,,
2026-08-06,2026-08-06,CM,NSE,STK,755092,INE0V9I01017,AVIENCE,SM,,,,,AVIENCE BIOMEDICALS LTD,252.3,252.3,248.0,248.0,248.0,254.0,,248.0,,,14400,3599670.0,15,F1,600,,,,,
2026-08-06,2026-08-06,CM,NSE,STK,14069,INE855F01042,ASMS,BE,,,,,AVIO SMART MRKT STACK LTD,7.5,7.54,7.15,7.21,7.21,7.45,,7.25,,,202555,1465059.24,430,F1,1,,,,,
2026-08-06,2026-08-06,CM,NSE,STK,13557,INE323B01024,AVONMORE,EQ,,,,,AVONMORE CAP&MGT SERV LTD,11.55,11.58,11.02,11.1,11.19,11.37,,11.1,,,163708,1841586.61,327,F1,1,,,,,
2026-08-06,2026-08-06,CM,NSE,STK,23159,INE0R9401019,AVPINFRA,SM,,,,,AVP INFRACON LIMITED,67.5,67.5,65.05,65.75,65.75,66.8,,65.75,,,14400,951480.0,17,F1,800,,,,,
2026-08-06,2026-08-06,CM,NSE,STK,8827,INE652Z01025,AVROIND,EQ,,,,,AVRO INDIA LIMITED,9.15,9.35,8.85,9.11,8.96,9.16,,9.13,,,461290,4197141.24,697,F1,1,,,,,
2026-08-06,2026-08-06,CM,NSE,STK,14008,INE488D01021,AVTNPL,EQ,,,,,AVT NATURAL PRODUCTS LTD,71.0,72.38,70.82,71.59,71.61,70.81,,71.58,,,54031,3881027.51,813,F1,1,,,,,
2026-08-06,2026-08-06,CM,NSE,STK,23864,INE108V01019,AWFIS,EQ,,,,,AWFIS SPACE SOLUTIONS LTD,276.4,277.4,271.05,271.9,271.3,275.2,,271.9,,,180716,49308963.65,5536,F1,1,,,,,
2026-08-06,2026-08-06,CM,NSE,STK,8110,INE699H01024,AWL,EQ,,,,,AWL AGRI BUSINESS LIMITED,193.01,199.33,192.15,197.38,197.89,193.54,,197.37,,,4418267,873855590.4,39936,F1,1,,,,,
2026-08-06,2026-08-06,CM,NSE,STK,5900,INE238A01034,AXISBANK,EQ,,,,,AXIS BANK LIMITED,1256.1,1259.9,1248.3,1256.0,1256.0,1253.9,,1255.99,,,4845792,6084379747.7,104659,F1,1,,,,,
2026-08-06,2026-08-06,CM,NSE,STK,1044,INF846K01X63,BNKETFAXIS,EQ,,,,,AXISAMC-BNKETFAXIS,583.05,624.92,583.05,598.76,598.76,598.01,,598.76,,,56808,33957082.86,40,F1,1,,,,,
2026-08-06,2026-08-06,CM,NSE,STK,5732,INF846K016C7,CONSUMAXIS,EQ,,,,,AXISAMC-CONSUMAXIS,125.51,126.11,125.04,125.12,125.2,125.74,,125.12,,,729,91408.79,27,F1,1,,,,,
2026-08-06,2026-08-06,CM,NSE,STK,20532,INF846K01W80,GOLDAXIS,EQ,,,,,AXISAMC-GOLDAXIS,123.66,124.11,122.21,123.96,123.95,120.65,,123.96,,,2193073,270589183.15,5867,F1,1,,,,,
2026-08-06,2026-08-06,CM,NSE,STK,3608,INF846K01Z12,HEALTHAXIS,EQ,,,,,AXISAMC-HEALTHAXIS,171.01,171.22,169.38,169.9,170.0,169.55,,169.9,,,21552,3678163.55,81,F1,1,,,,,
2026-08-06,2026-08-06,CM,NSE,STK,3010,INF846K01Y96,ITAXIS,EQ,,,,,AXISAMC-ITAXIS,347.0,347.0,341.1,342.62,341.1,346.68,,342.78,,,2918,1007405.56,75,F1,1,,,,,
2026-08-06,2026-08-06,CM,NSE,STK,21252,INF846K01W98,NIFTYAXIS,EQ,,,,,AXISAMC-NIFTYAXIS,274.91,274.91,267.2,272.13,274.0,271.91,,272.13,,,338002,92376433.26,242,F1,1,,,,,
2026-08-06,2026-08-06,CM,NSE,STK,14742,INF846K010Q0,SENSEXAXIS,EQ,,,,,AXISAMC-SENSEXAXIS,80.28,82.9,80.28,81.82,81.8,80.28,,81.83,,,1813,148342.04,90,F1,1,,,,,
2026-08-06,2026-08-06,CM,NSE,STK,11193,INF846K011K1,SILVERAXIS,EQ,,,,,AXISAMC-SILVERAXIS,221.8,223.97,221.67,222.94,222.85,221.8,,222.94,,,1191300,266316705.13,2382,F1,1,,,,,
2026-08-06,2026-08-06,CM,NSE,STK,30155,INF846KA1119,VALUEAXIS,EQ,,,,,AXISAMC-VALUEAXIS,33.64,33.64,33.34,33.48,33.43,33.4,,33.48,,,83753,2797136.8,295,F1,1,,,,,
2026-08-06,2026-08-06,CM,NSE,STK,9436,INE555B01013,AXISCADES,EQ,,,,,AXISCADES TECH LTD,1601.0,1644.0,1574.1,1631.4,1613.0,1590.3,,1631.42,,,168146,270335471.0,9932,F1,1,,,,,
2026-08-06,2026-08-06,CM,NSE,STK,9902,INE02EZ01022,AXITA,EQ,,,,,AXITA COTTON LIMITED,7.39,7.42,7.3,7.3,7.32,7.34,,7.3,,,714393,5238563.07,1248,F1,1,,,,,
2026-08-06,2026-08-06,CM,NSE,STK,760981,INE501X01029,AYE,EQ,,,,,AYE FINANCE LIMITED,167.23,168.85,164.05,166.55,166.0,165.9,,166.54,,,370391,61579764.79,7695,F1,1,,,,,
2026-08-06,2026-08-06,CM,NSE,STK,10285,INE193B01039,AYMSYNTEX,EQ,,,,,AYM SYNTEX LIMITED,252.0,258.4,250.0,251.65,250.85,254.55,,251.63,,,17588,4445033.85,843,F1,1,,,,,
2026-08-06,2026-08-06,CM,NSE,STK,20905,INE02IJ01035,AZAD,EQ,,,,,AZAD ENGINEERING LIMITED,2455.0,2480.0,2426.0,2455.8,2460.0,2446.8,,2455.71,,,292541,720107057.8,19931,F1,1,,,,,
2026-08-06,2026-08-06,CM,NSE,STK,762616,INE489D01011,BNALTD,BE,,,,,B & A LTD.,390.0,390.0,390.0,390.0,390.0,390.0,,397.45,,,1,390.0,1,F1,1,,,,,
2026-08-06,2026-08-06,CM,NSE,STK,12153,INE01EE01011,BBTCL,EQ,,,,,B&B TRIPLEWALL CONT LTD,222.5,227.89,220.0,221.83,221.35,224.02,,221.87,,,18107,4064349.11,300,F1,1,,,,,
2026-08-06,2026-08-06,CM,NSE,STK,11226,INE116D01028,BAGFILMS,EQ,,,,,B.A.G FILMS AND MEDIA LTD,4.36,4.4,4.2,4.35,4.37,4.4,,4.35,,,104176,450331.78,248,F1,1,,,,,
2026-08-06,2026-08-06,CM,NSE,STK,759420,INE17CQ01015,BAGDIGITAL,SM,,,,,B.A.G.CONVERGENCE LIMITED,114.0,115.8,109.55,109.6,109.6,109.0,,109.6,,,54400,6190880.0,15,F1,1600,,,,,
2026-08-06,2026-08-06,CM,NSE,STK,13290,INE350H01032,BLKASHYAP,EQ,,,,,B.L.KASHYAP & SON LTD,53.84,57.0,53.6,55.97,55.75,53.55,,55.97,,,1233121,69100670.12,7556,F1,1,,,,,
2026-08-06,2026-08-06,CM,NSE,STK,25116,INE01FR01028,STYLEBAAZA,BE,,,,,BAAZAR STYLE RETAIL LTD,289.7,305.65,289.3,305.4,305.65,291.1,,305.39,,,379067,114584009.75,1651,F1,1,,,,,
2026-08-06,2026-08-06,CM,NSE,STK,20141,INE0QW501012,BABAFP,SM,,,,,BABA FOOD PROCESSING,25.0,25.0,25.0,25.0,25.0,25.5,,25.0,,,1600,40000.0,1,F1,1600,,,,,
2026-08-06,2026-08-06,CM,NSE,STK,17735,INE878I01022,BAFNAPH,BE,,,,,BAFNA PHARMACEUTICALS LTD,284.55,284.55,284.55,284.55,284.55,279.0,,284.55,,,672182,191269388.1,35,F1,1,,,,,
2026-08-06,2026-08-06,CM,NSE,STK,763363,INE2OVN25015,BAGMANE,RR,,,,,BAGMANE PRIME OFFICE REIT,106.57,107.25,106.38,107.11,107.23,106.57,,107.11,,,386019,41284764.74,9671,F1,1,,,,,
2026-08-06,2026-08-06,CM,NSE,STK,12989,INE029Q01017,BAHETI,SM,,,,,BAHETI RECYCLING IND LTD,771.0,776.95,760.0,763.5,760.0,762.75,,763.5,,,20625,15881381.25,50,F1,375,,,,,
2026-08-06,2026-08-06,CM,NSE,STK,13794,INE020D01022,BAIDFIN,EQ,,,,,BAID FINSERV LIMITED,10.03,10.17,10.0,10.1,10.11,10.1,,10.1,,,22997,232021.5,75,F1,1,,,,,
2026-08-06,2026-08-06,CM,NSE,STK,16669,INE917I01010,BAJAJ-AUTO,EQ,,,,,BAJAJ AUTO LIMITED,11748.0,11778.0,11549.0,11620.0,11620.0,11800.0,,11619.98,,,250127,2913588464.0,39074,F1,1,,,,,
2026-08-06,2026-08-06,CM,NSE,STK,19531,INE933K01021,BAJAJCON,EQ,,,,,BAJAJ CONSUMER CARE LTD,530.0,539.0,527.2,532.6,535.0,530.4,,532.58,,,282091,150605878.15,12033,F1,1,,,,,
2026-08-06,2026-08-06,CM,NSE,STK,15034,INE193E01025,BAJAJELEC,EQ,,,,,BAJAJ ELECT.LTD,348.0,407.5,345.0,382.5,380.0,348.1,,382.52,,,12003859,4700380320.55,177766,F1,1,,,,,
2026-08-06,2026-08-06,CM,NSE,STK,317,INE296A01032,BAJFINANCE,EQ,,,,,BAJAJ FINANCE LIMITED,1155.5,1160.2,1144.6,1144.8,1144.8,1158.8,,1144.81,,,6472397,7461775358.8,125290,F1,1,,,,,
2026-08-06,2026-08-06,CM,NSE,STK,16675,INE918I01026,BAJAJFINSV,EQ,,,,,BAJAJ FINSERV LTD.,2070.0,2103.0,2068.6,2086.0,2086.0,2086.0,,2086.02,,,1819169,3808686154.0,107091,F1,1,,,,,
2026-08-06,2026-08-06,CM,NSE,STK,6863,INE411U01027,BAJAJHCARE,EQ,,,,,BAJAJ HEALTHCARE LIMITED,332.95,335.95,327.1,329.2,328.0,332.95,,329.21,,,97013,32077667.75,2232,F1,1,,,,,
2026-08-06,2026-08-06,CM,NSE,STK,308,INE306A01021,BAJAJHIND,EQ,,,,,BAJAJ HINDUSTHAN SUGAR LT,17.8,17.81,17.46,17.53,17.5,17.79,,17.53,,,4374149,77114044.8,7027,F1,1,,,,,
2026-08-06,2026-08-06,CM,NSE,STK,305,INE118A01012,BAJAJHLDNG,EQ,,,,,BAJAJ HOLDINGS & INVS LTD,11496.0,11583.0,11387.0,11387.0,11387.0,11496.0,,11387.03,,,49087,564813555.0,15331,F1,1,,,,,
2026-08-06,2026-08-06,CM,NSE,STK,25270,INE377Y01014,BAJAJHFL,EQ,,,,,BAJAJ HOUSING FINANCE LTD,86.98,87.1,86.11,86.41,86.25,86.98,,86.43,,,2170026,187873415.31,20254,F1,1,,,,,
2026-08-06,2026-08-06,CM,NSE,STK,762563,INE704G01024,BAJAJST,EQ,,,,,BAJAJ STEEL INDS. LTD.,396.6,398.9,384.05,386.8,386.1,394.3,,386.96,,,16562,6440075.45,1038,F1,1,,,,,
2026-08-06,2026-08-06,CM,NSE,STK,20531,INE0KQN01018,BAJEL,EQ,,,,,BAJEL PROJECTS LIMITED,186.0,196.9,184.31,194.34,193.7,183.8,,194.34,,,1245603,240966253.98,17062,F1,1,,,,,
2026-08-06,2026-08-06,CM,NSE,STK,13441,INE083D01012,BALPHARMA,EQ,,,,,BAL PHARMA LTD.,89.0,90.18,86.21,86.89,86.8,89.03,,86.89,,,15870,1391437.17,942,F1,1,,,,,
2026-08-06,2026-08-06,CM,NSE,STK,14501,INE050E01027,BALAMINES,EQ,,,,,BALAJI AMINES LIMITED,2008.9,2129.8,1998.0,2100.8,2098.5,1998.5,,2100.79,,,299578,623703428.4,24332,F1,1,,,,,
2026-08-06,2026-08-06,CM,NSE,STK,30030,INE0PQ601019,BALAJIPHOS,SM,,,,,BALAJI PHOSPHATES LIMITED,89.0,89.0,89.0,89.0,89.0,88.25,,89.0,,,2000,178000.0,2,F1,1000,,,,,
2026-08-06,2026-08-06,CM,NSE,STK,9158,INE794B01026,BALAJITELE,EQ,,,,,BALAJI TELEFILMS LIMITED.,84.35,86.79,84.12,85.54,84.12,84.66,,85.54,,,68265,5814718.99,1063,F1,1,,,,,
2026-08-06,2026-08-06,CM,NSE,STK,11309,INE618N01022,BALAXI,EQ,,,,,BALAXI PHARMA LTD,24.55,24.8,24.17,24.2,24.21,24.17,,24.2,,,35022,854842.44,191,F1,1,,,,,
2026-08-06,2026-08-06,CM,NSE,STK,335,INE787D01026,BALKRISIND,EQ,,,,,BALKRISHNA IND. LTD,2488.0,2521.7,2397.3,2465.7,2415.0,2501.6,,2462.44,,,126576,314393304.3,16426,F1,1,,,,,
2026-08-06,2026-08-06,CM,NSE,STK,10181,INE875R01011,BALKRISHNA,EQ,,,,,BALKRISHNA PAPER MILLS L,17.5,17.99,17.37,17.37,17.38,17.52,,17.41,,,2210,38859.89,46,F1,1,,,,,
2026-08-06,2026-08-06,CM,NSE,STK,338,INE164A01016,BALMLAWRIE,EQ,,,,,BALMER LAWRIE & CO LTD,175.99,177.2,175.12,176.74,177.0,175.76,,176.74,,,70934,12525662.76,1640,F1,1,,,,,
2026-08-06,2026-08-06,CM,NSE,STK,762603,INE525F01025,BLIL,EQ,,,,,BALMER LAWRIE INVSTS. L,71.33,71.33,70.71,71.12,71.15,70.95,,71.11,,,28704,2040980.6,469,F1,1,,,,,
2026-08-06,2026-08-06,CM,NSE,STK,341,INE119A01028,BALRAMCHIN,EQ,,,,,BALRAMPUR CHINI MILLS LTD,638.15,639.8,623.3,629.3,637.0,635.55,,629.26,,,436928,275487560.65,17874,F1,1,,,,,
2026-08-06,2026-08-06,CM,NSE,STK,23607,INE011E01029,BALUFORGE,EQ,,,,,BALU FORGE INDUSTRIES LTD,448.0,464.9,444.05,458.45,459.0,445.9,,458.48,,,944256,432687842.25,25163,F1,1,,,,,
2026-08-06,2026-08-06,CM,NSE,STK,347,INE655B01011,BANARBEADS,EQ,,,,,BANARAS BEADS LTD,116.35,117.5,112.25,114.23,114.3,114.24,,114.23,,,3865,444092.29,271,F1,1,,,,,
2026-08-06,2026-08-06,CM,NSE,STK,13880,INE213C01025,BANCOINDIA,EQ,,,,,BANCO PRODUCTS (I) LTD,690.0,693.6,677.15,681.85,684.0,686.0,,681.92,,,132280,90732786.65,7112,F1,1,,,,,
2026-08-06,2026-08-06,CM,NSE,STK,2263,INE545U01014,BANDHANBNK,EQ,,,,,BANDHAN BANK LIMITED,173.0,176.8,173.0,174.66,174.66,170.46,,174.67,,,28299072,4968639994.33,121545,F1,1,,,,,
2026-08-06,2026-08-06,CM,NSE,STK,760325,INF194KB1KJ7,GOLDBND,EQ,,,,,BANDHANAMC - GOLDBND,145.04,148.33,145.01,147.78,148.09,144.59,,147.79,,,6508,958618.59,212,F1,1,,,,,
2026-08-06,2026-08-06,CM,NSE,STK,18783,INF194KA1U07,IDFNIFTYET,EQ,,,,,BANDHANAMC - IDFNIFTYET,272.26,278.0,271.61,275.78,275.25,272.26,,275.78,,,2540,691669.63,47,F1,1,,,,,
2026-08-06,2026-08-06,CM,NSE,STK,760328,INF194KB1KI9,SILVERBND,EQ,,,,,BANDHANAMC - SILVERBND,226.25,226.39,223.94,225.09,225.15,224.01,,225.09,,,15165,3414344.63,130,F1,1,,,,,
2026-08-06,2026-08-06,CM,NSE,STK,15303,INE863I01016,BANG,EQ,,,,,BANG OVERSEAS LTD.,30.5,30.5,29.71,30.16,30.16,30.22,,30.16,,,6104,183673.38,54,F1,1,,,,,
2026-08-06,2026-08-06,CM,NSE,STK,4668,INE028A01039,BANKBARODA,EQ,,,,,BANK OF BARODA,246.11,251.0,245.6,251.0,251.0,245.6,,250.94,,,9633422,2395093683.87,60833,F1,1,,,,,
2026-08-06,2026-08-06,CM,NSE,STK,4745,INE084A01016,BANKINDIA,EQ,,,,,BANK OF INDIA,141.7,143.17,140.61,142.66,142.66,141.0,,142.66,,,6155628,875137372.87,29028,F1,1,,,,,
2026-08-06,2026-08-06,CM,NSE,STK,11377,INE457A01014,MAHABANK,EQ,,,,,BANK OF MAHARASHTRA,79.59,79.59,77.75,78.17,78.29,79.2,,78.17,,,9359746,732815179.4,81024,F1,1,,,,,
2026-08-06,2026-08-06,CM,NSE,STK,828,INE862Y01015,BANKA,BE,,,,,BANKA BIOLOO LIMITED,87.0,87.99,86.0,87.22,87.9,88.0,,87.22,,,1694,146348.75,22,F1,1,,,,,
2026-08-06,2026-08-06,CM,NSE,STK,12037,INE186H01022,BASML,BE,,,,,BANNARI AM SPIN MILL LTD.,27.3,27.71,26.75,27.1,27.25,27.29,,27.1,,,45865,1247823.61,149,F1,1,,,,,
2026-08-06,2026-08-06,CM,NSE,STK,350,INE459A01010,BANARISUG,EQ,,,,,BANNARI AMMAN SUGARS LTD,3475.0,3525.0,3475.0,3510.5,3525.0,3475.1,,3510.5,,,1600,5624969.1,92,F1,1,,,,,
2026-08-06,2026-08-06,CM,NSE,STK,24386,INE0B9K01025,BANSALWIRE,EQ,,,,,BANSAL WIRE INDUSTRIES L,324.2,341.0,322.6,331.1,334.9,320.35,,331.31,,,512649,171043346.5,8546,F1,1,,,,,
2026-08-06,2026-08-06,CM,NSE,STK,14511,INE629D01020,BANSWRAS,EQ,,,,,BANSWARA SYNTEX LIMITED,124.8,125.0,123.06,123.78,123.35,122.56,,123.78,,,8095,1005126.2,353,F1,1,,,,,
2026-08-06,2026-08-06,CM,NSE,STK,15073,INE139I01011,BVCL,EQ,,,,,BARAK VALLEY CEM. LTD.,42.85,42.88,41.56,42.53,41.96,41.84,,42.53,,,16624,702740.43,149,F1,1,,,,,
2026-08-06,2026-08-06,CM,NSE,STK,29176,INE0QX401014,BARFLEX,SM,,,,,BARFLEX POLYFILMS LIMITED,55.0,56.0,55.0,56.0,56.0,55.5,,56.0,,,6000,332200.0,3,F1,2000,,,,,
2026-08-06,2026-08-06,CM,NSE,STK,24117,INF251K01TL6,BBNPNBETF,EQ,,,,,BARODABNP - BBNPNBETF,57.44,58.59,57.44,58.44,58.58,58.61,,58.44,,,2614,152834.5,19,F1,1,,,,,
2026-08-06,2026-08-06,CM,NSE,STK,20547,INF251K01SU9,BBNPPGOLD,EQ,,,,,BARODABNP - BBNPPGOLD,141.0,143.5,141.0,142.95,143.0,139.75,,142.95,,,8614,1231154.45,97,F1,1,,,,,
2026-08-06,2026-08-06,CM,NSE,STK,368,INE373A01013,BASF,EQ,,,,,BASF INDIA LTD,4050.0,4186.0,4012.3,4125.0,4119.0,4036.6,,4124.94,,,173703,718764950.5,24387,F1,1,,,,,
2026-08-06,2026-08-06,CM,NSE,STK,18442,INE0OCC01013,BASILIC,SM,,,,,BASILIC FLY STUDIO LTD,196.85,198.85,193.0,194.65,195.0,200.4,,194.65,,,17400,3399780.0,54,F1,300,,,,,
2026-08-06,2026-08-06,CM,NSE,STK,371,INE176A01028,BATAINDIA,EQ,,,,,BATA INDIA LTD,734.45,740.0,725.0,728.1,728.0,730.05,,728.01,,,410022,300346003.65,19724,F1,1,,,,,
2026-08-06,2026-08-06,CM,NSE,STK,762568,INE177C01022,BATLIBOI,EQ,,,,,BATLIBOI LTD.,98.0,106.5,98.0,102.67,101.5,94.3,,102.67,,,1102786,113674232.89,11636,F1,1,,,,,
2026-08-06,2026-08-06,CM,NSE,STK,22574,INE0JFJ01011,BAWEJA,ST,,,,,BAWEJA STUDIOS LIMITED,26.3,26.3,26.0,26.05,26.05,26.7,,26.05,,,7200,188520.0,6,F1,800,,,,,
2026-08-06,2026-08-06,CM,NSE,STK,17927,INE462A01022,BAYERCROP,EQ,,,,,BAYER CROPSCIENCE LTD,4302.0,4338.9,4201.0,4214.9,4215.5,4302.9,,4214.91,,,45900,195276270.1,8231,F1,1,,,,,
2026-08-06,2026-08-06,CM,NSE,STK,2513,INE412G01024,BCLIND,EQ,,,,,BCL INDUSTRIES LIMITED,37.03,37.43,36.6,36.75,36.6,36.85,,36.75,,,511450,18920942.15,3145,F1,1,,,,,
2026-08-06,2026-08-06,CM,NSE,STK,761494,INE00SW01015,BCPL,EQ,,,,,BCPL RAILWAY INFRA LTD,70.1,71.68,68.05,70.09,71.0,69.85,,70.07,,,10467,728625.36,360,F1,1,,,,,
2026-08-06,2026-08-06,CM,NSE,STK,23925,INE639X01027,BEACON,ST,,,,,BEACON TRUSTEESHIP LTD,87.95,88.75,87.95,88.7,88.7,86.75,,88.7,,,14000,1235500.0,13,F1,1000,,,,,
2026-08-06,2026-08-06,CM,NSE,STK,17933,INE520H01022,BEARDSELL,EQ,,,,,BEARDSELL LIMITED,27.26,27.75,26.8,27.29,27.15,27.13,,27.29,,,9298,254804.1,115,F1,1,,,,,
2026-08-06,2026-08-06,CM,NSE,STK,20196,INE844K01012,BEDMUTHA,EQ,,,,,BEDMUTHA INDUST LTD,116.02,119.0,112.0,112.41,112.9,115.0,,114.21,,,2335,268653.19,46,F1,1,,,,,
2026-08-06,2026-08-06,CM,NSE,STK,762573,INE213D01015,BEEKAY,EQ,,,,,BEEKAY STEEL INDS. LTD.,396.45,410.0,394.0,394.45,394.15,402.35,,394.45,,,6638,2632160.65,110,F1,1,,,,,
2026-08-06,2026-08-06,CM,NSE,STK,757938,INE344T01014,BELLACASA,EQ,,,,,BELLA CASA FASH AND RET L,243.65,243.65,239.75,240.39,241.9,239.75,,240.39,,,5597,1349072.67,205,F1,1,,,,,
2026-08-06,2026-08-06,CM,NSE,STK,757102,INE894V01022,BELRISE,EQ,,,,,BELRISE INDUSTRIES LTD,243.25,245.5,240.85,244.61,244.7,241.49,,244.6,,,4084296,997046808.06,31874,F1,1,,,,,
2026-08-06,2026-08-06,CM,NSE,STK,15067,INE0N7W01012,BLAL,EQ,,,,,BEML LAND ASSETS LIMITED,172.63,174.0,172.5,173.37,172.85,172.63,,173.42,,,10563,1830553.69,274,F1,1,,,,,
2026-08-06,2026-08-06,CM,NSE,STK,395,INE258A01024,BEML,EQ,,,,,BEML LIMITED,1680.0,1738.6,1670.5,1725.1,1725.0,1671.6,,1725.11,,,304335,522505743.6,25415,F1,1,,,,,
2026-08-06,2026-08-06,CM,NSE,STK,762578,INE083K01017,BENGALASM,EQ,,,,,BENGAL & ASSAM CO. LTD.,6296.0,6296.0,6200.0,6230.5,6205.0,6296.5,,6230.5,,,582,3635669.5,396,F1,1,,,,,
2026-08-06,2026-08-06,CM,NSE,STK,404,INE463A01038,BERGEPAINT,EQ,,,,,BERGER PAINTS (I) LTD,546.0,557.3,535.6,537.6,537.0,545.2,,537.61,,,1078895,591462856.85,34885,F1,1,,,,,
2026-08-06,2026-08-06,CM,NSE,STK,2306,INE052T01021,BESTAGRO,EQ,,,,,BEST AGROLIFE LIMITED,21.84,21.84,20.0,20.24,20.08,20.97,,20.24,,,6418696,132139719.83,12597,F1,1,,,,,
2026-08-06,2026-08-06,CM,NSE,STK,759842,INE351Y01019,BETA,EQ,,,,,BETA DRUGS LIMITED,2400.0,2550.0,2398.9,2518.9,2542.0,2366.9,,2518.9,,,66076,164673042.8,9238,F1,1,,,,,
2026-08-06,2026-08-06,CM,NSE,STK,5662,INE0HQI01014,BEWLTD,SM,,,,,BEW ENGINEERING LIMITED,56.8,57.2,54.0,55.0,55.0,56.65,,55.0,,,50000,2802825.0,65,F1,500,,,,,
2026-08-06,2026-08-06,CM,NSE,STK,21113,INE878K01010,BFINVEST,EQ,,,,,BF INVESTMENT LIMITED,481.0,485.25,471.0,472.95,471.0,477.4,,472.95,,,35930,17112837.65,1792,F1,1,,,,,
2026-08-06,2026-08-06,CM,NSE,STK,14567,INE243D01012,BFUTILITIE,EQ,,,,,BF UTILITIES LIMITED,560.8,564.95,558.0,560.15,561.0,560.8,,560.15,,,42520,23875031.15,1238,F1,1,,,,,
2026-08-06,2026-08-06,CM,NSE,STK,764183,INF0QA701CI0,BANK10BETF,EQ,,,,,BFAM - BANK10BETF,20.94,21.29,20.94,21.29,21.29,20.88,,21.35,,,2305,48466.28,14,F1,1,,,,,
2026-08-06,2026-08-06,CM,NSE,STK,21986,INF0QA701714,BANKBETF,EQ,,,,,BFAM - BANKBETF,59.41,59.41,58.41,58.96,58.97,58.41,,58.96,,,7334,431812.17,206,F1,1,,,,,
2026-08-06,2026-08-06,CM,NSE,STK,23915,INF0QA701854,LIQUIDBETF,EQ,,,,,BFAM - LIQUIDBETF,1093.4,1093.4,1093.38,1093.38,1093.38,1093.25,,1093.38,,,462508,505699946.09,147,F1,1,,,,,
2026-08-06,2026-08-06,CM,NSE,STK,21959,INF0QA701722,NIFTYBETF,EQ,,,,,BFAM - NIFTYBETF,253.87,254.16,251.53,253.09,251.53,252.22,,253.16,,,2076,526486.15,63,F1,1,,,,,
2026-08-06,2026-08-06,CM,NSE,STK,15193,INE661I01014,BGRENERGY,BE,,,,,BGR ENERGY SYSTEMS LTD,257.95,260.0,246.1,254.1,255.9,258.85,,254.29,,,102680,25747357.1,1339,F1,1,,,,,
2026-08-06,2026-08-06,CM,NSE,STK,758228,INE0ZRC01017,BHADORA,ST,,,,,BHADORA INDUSTRIES LTD,86.45,87.75,86.45,87.75,87.75,86.15,,87.75,,,2400,209040.0,2,F1,1200,,,,,
2026-08-06,2026-08-06,CM,NSE,STK,13427,INE354C01027,BHAGERIA,BE,,,,,BHAGERIA INDUSTRIES LTD,212.4,214.06,203.1,207.07,207.7,210.72,,207.07,,,43484,8995237.2,292,F1,1,,,,,
2026-08-06,2026-08-06,CM,NSE,STK,6164,INE414D01027,BHAGCHEM,EQ,,,,,BHAGIRADHA CHEM & INDS L,281.0,286.4,273.0,275.4,275.0,282.15,,275.4,,,109660,30543128.7,3171,F1,1,,,,,
2026-08-06,2026-08-06,CM,NSE,STK,20799,INE458B01036,BHAGYANGR,BE,,,,,BHAGYANAGAR INDIA LIMITED,383.75,386.5,376.0,382.05,380.65,383.75,,381.98,,,61428,23426032.3,957,F1,1,,,,,
2026-08-06,2026-08-06,CM,NSE,STK,19560,INE474E01029,BHANDARI,BE,,,,,BHANDARI HOSIERY EXP LTD,2.87,2.87,2.83,2.86,2.87,2.87,,2.86,,,67845,193693.06,160,F1,1,,,,,
2026-08-06,2026-08-06,CM,NSE,STK,419,INE922A01025,BEPL,EQ,,,,,BHANSALI ENG. POLYMERS LT,121.98,123.3,120.08,122.42,121.88,121.49,,122.41,,,1506377,183605210.95,11650,F1,1,,,,,
2026-08-06,2026-08-06,CM,NSE,STK,13761,INE464A01036,BBL,EQ,,,,,BHARAT BIJLEE LTD,2330.0,2379.9,2322.0,2345.8,2360.0,2320.1,,2345.75,,,34358,80777564.1,4166,F1,1,,,,,
2026-08-06,2026-08-06,CM,NSE,STK,760726,INE05XR01022,BHARATCOAL,EQ,,,,,BHARAT COKING COAL LTD,34.5,34.5,34.21,34.26,34.3,34.42,,34.26,,,2960617,101521987.15,10816,F1,1,,,,,
2026-08-06,2026-08-06,CM,NSE,STK,2144,INE171Z01026,BDL,EQ,,,,,BHARAT DYNAMICS LIMITED,1243.1,1308.6,1235.2,1299.0,1299.0,1240.0,,1298.89,,,2795990,3588671715.7,76810,F1,1,,,,,
2026-08-06,2026-08-06,CM,NSE,STK,383,INE263A01024,BEL,EQ,,,,,BHARAT ELECTRONICS LTD,389.65,400.9,388.65,399.2,399.2,390.0,,399.2,,,17574744,6976304859.45,174286,F1,1,,,,,
2026-08-06,2026-08-06,CM,NSE,STK,422,INE465A01025,BHARATFORG,EQ,,,,,BHARAT FORGE LTD,2197.1,2222.4,2176.1,2210.0,2210.0,2197.1,,2211.02,,,897784,1978654043.9,35607,F1,1,,,,,
2026-08-06,2026-08-06,CM,NSE,STK,9397,INE561C01019,BHARATGEAR,BE,,,,,BHARAT GEARS LTD,109.0,110.0,106.75,107.63,107.3,111.53,,107.65,,,45196,4883426.34,451,F1,1,,,,,
2026-08-06,2026-08-06,CM,NSE,STK,526,INE029A01011,BPCL,EQ,,,,,BHARAT PETROLEUM CORP  LT,326.5,327.0,322.7,323.7,323.7,326.25,,323.7,,,3694266,1199899764.3,32509,F1,1,,,,,
2026-08-06,2026-08-06,CM,NSE,STK,3834,INE838B01021,BHARATRAS,EQ,,,,,BHARAT RASAYAN LTD,1398.9,1403.0,1365.0,1375.3,1365.0,1385.3,,1375.09,,,9352,12906304.5,1250,F1,1,,,,,
2026-08-06,2026-08-06,CM,NSE,STK,21683,INE727S01012,BRNL,EQ,,,,,BHARAT ROAD NETWORK LTD,17.85,18.1,17.5,17.62,17.69,17.49,,17.62,,,24585,434801.46,196,F1,1,,,,,
2026-08-06,2026-08-06,CM,NSE,STK,30244,INE415D01024,BHARATSE,EQ,,,,,BHARAT SEATS LIMITED,226.0,226.0,221.6,223.47,222.5,226.14,,223.48,,,131260,29295825.92,2597,F1,1,,,,,
2026-08-06,2026-08-06,CM,NSE,STK,16123,INE316L01019,BHARATWIRE,EQ,,,,,BHARAT WIRE ROPES LTD.,203.84,208.0,202.65,205.78,206.8,203.84,,205.72,,,100265,20598048.58,2569,F1,1,,,,,
2026-08-06,2026-08-06,CM,NSE,STK,10604,INE397D01024,BHARTIARTL,EQ,,,,,BHARTI AIRTEL LIMITED,1969.0,1970.0,1944.3,1948.0,1948.0,1978.0,,1950.96,,,5391645,10555335317.8,165789,F1,1,,,,,
2026-08-06,2026-08-06,CM,NSE,STK,23489,INE343G01021,BHARTIHEXA,EQ,,,,,BHARTI HEXACOM LIMITED,1546.0,1552.4,1494.6,1514.5,1515.0,1552.7,,1514.46,,,231683,351369627.1,19180,F1,1,,,,,
2026-08-06,2026-08-06,CM,NSE,STK,7848,INE828A01016,BIL,EQ,,,,,BHARTIYA INTERNATIONAL,811.65,824.9,800.0,809.9,815.0,808.15,,809.9,,,3594,2916299.65,239,F1,1,,,,,
2026-08-06,2026-08-06,CM,NSE,STK,438,INE257A01026,BHEL,EQ,,,,,BHEL,410.1,411.9,404.95,408.15,408.15,412.4,,408.25,,,5362227,2191496331.4,56606,F1,1,,,,,
2026-08-06,2026-08-06,CM,NSE,STK,762621,INE274K01012,BTTL,BE,,,,,BHILWARA TECHNICAL TEXT L,46.41,47.61,45.27,45.53,45.5,47.65,,45.53,,,5396,247485.2,42,F1,1,,,,,
2026-08-06,2026-08-06,CM,NSE,STK,18431,INE412U01025,BIGBLOC,EQ,,,,,BIGBLOC CONSTRUCTION LTD,47.96,47.96,46.0,46.72,46.8,47.96,,46.74,,,92633,4323112.75,934,F1,1,,,,,
2026-08-06,2026-08-06,CM,NSE,STK,11966,INE00E101023,BIKAJI,EQ,,,,,BIKAJI FOODS INTERN LTD,645.05,651.05,621.0,624.25,624.3,650.3,,624.26,,,493064,309108953.3,31160,F1,1,,,,,
2026-08-06,2026-08-06,CM,NSE,STK,25527,INE0SQH01013,BIKEWO,ST,,,,,BIKEWO GREEN TECH LIMITED,74.8,74.8,74.8,74.8,74.8,71.25,,74.8,,,48000,3590400.0,22,F1,2000,,,,,
2026-08-06,2026-08-06,CM,NSE,STK,13622,INE071A01013,BILVYAPAR,BE,,,,,BIL VYAPAR LIMITED,3.96,4.15,3.83,3.9,3.9,3.96,,4.0,,,4261,17224.57,29,F1,1,,,,,
2026-08-06,2026-08-06,CM,NSE,STK,762583,INE986A01012,BI,EQ,,,,,BILCARE LTD.,63.5,63.5,60.61,61.25,61.26,61.32,,61.25,,,6705,416265.09,64,F1,1,,,,,
2026-08-06,2026-08-06,CM,NSE,STK,759806,INE0HOQ01053,GROWW,EQ,,,,,BILLIONBRAINS GARAGE VN L,192.0,193.06,188.11,189.04,188.9,191.84,,189.05,,,16109066,3073602879.37,98216,F1,1,,,,,
2026-08-06,2026-08-06,CM,NSE,STK,762588,INE469A01019,BIMETAL,EQ,,,,,BIMETAL BEARINGS LTD.,638.0,662.0,638.0,660.15,660.0,647.05,,660.24,,,174,113233.5,33,F1,1,,,,,
2026-08-06,2026-08-06,CM,NSE,STK,763598,INE1BKA01015,BMLL,SM,,,,,BIO MEDICA LABORATORIES L,149.1,154.0,149.1,150.05,150.05,151.15,,150.05,,,57000,8561100.0,10,F1,1000,,,,,
2026-08-06,2026-08-06,CM,NSE,STK,11373,INE376G01013,BIOCON,EQ,,,,,BIOCON LIMITED.,428.0,442.5,421.25,436.6,436.6,425.2,,436.62,,,10929015,4757139955.6,97749,F1,1,,,,,
2026-08-06,2026-08-06,CM,NSE,STK,4136,INE829A01014,BIOFILCHEM,EQ,,,,,BIOFIL CHEM & PHARMA LTD,33.41,33.87,32.05,32.23,32.38,33.24,,32.24,,,8739,284034.93,181,F1,1,,,,,
2026-08-06,2026-08-06,CM,NSE,STK,760942,INE0XW001014,BIOPOL,SM,,,,,BIOPOL CHEMICALS LIMITED,101.3,102.5,98.2,99.5,99.0,103.6,,99.5,,,49200,4944600.0,31,F1,1200,,,,,
2026-08-06,2026-08-06,CM,NSE,STK,6815,INE800A01015,BIRLACABLE,BE,,,,,BIRLA CABLE LIMITED,247.72,247.72,247.72,247.72,247.72,235.93,,247.86,,,45827,11352264.44,371,F1,1,,,,,
2026-08-06,2026-08-06,CM,NSE,STK,480,INE340A01012,BIRLACORPN,EQ,,,,,BIRLA CORPORATION LTD,903.0,913.0,894.0,909.1,906.0,903.0,,909.08,,,67934,61380509.55,5180,F1,1,,,,,
2026-08-06,2026-08-06,CM,NSE,STK,762593,INE372E01025,BIRLAPREC,EQ,,,,,BIRLA PRECISION TECH L,34.99,35.7,34.5,34.94,34.7,34.58,,34.85,,,14206,496516.94,131,F1,1,,,,,
2026-08-06,2026-08-06,CM,NSE,STK,1455,INE557A01011,BIRLANU,EQ,,,,,BIRLANU LIMITED,1404.2,1638.0,1360.0,1538.7,1535.1,1396.6,,1538.94,,,473688,739363357.7,41734,F1,1,,,,,
2026-08-06,2026-08-06,CM,NSE,STK,24404,INF209KC1134,ABGSEC,EQ,,,,,BIRLASLAMC - ABGSEC,114.01,114.89,114.01,114.89,114.89,114.01,,114.89,,,232,26458.1,8,F1,1,,,,,
2026-08-06,2026-08-06,CM,NSE,STK,760247,INF209KC1670,ABSL10BANK,EQ,,,,,BIRLASLAMC - ABSL10BANK,171.21,172.5,170.73,171.96,172.5,170.74,,171.96,,,30772,5272962.34,30,F1,1,,,,,
2026-08-06,2026-08-06,CM,NSE,STK,13987,INF209KB17D5,ABSLBANETF,EQ,,,,,BIRLASLAMC - ABSLBANETF,59.3,59.53,59.01,59.43,59.52,59.19,,59.43,,,34064,2023755.22,194,F1,1,,,,,
2026-08-06,2026-08-06,CM,NSE,STK,14518,INF209KB18T9,ABSLLIQUID,EQ,,,,,BIRLASLAMC - ABSLLIQUID,1000.0,1000.01,999.99,999.99,1000.01,999.99,,999.99,,,6398,6397990.82,24,F1,1,,,,,
2026-08-06,2026-08-06,CM,NSE,STK,761066,INF209KC1662,ABSLMSCIN,EQ,,,,,BIRLASLAMC - ABSLMSCIN,30.23,30.25,30.07,30.22,30.22,30.05,,30.22,,,839,25298.18,17,F1,1,,,,,
2026-08-06,2026-08-06,CM,NSE,STK,7339,INF209KB16D7,ABSLNN50ET,EQ,,,,,BIRLASLAMC - ABSLNN50ET,78.11,78.7,78.11,78.38,78.45,78.11,,78.38,,,79396,6223356.35,262,F1,1,,,,,
2026-08-06,2026-08-06,CM,NSE,STK,5957,INF209KB10E8,BSLSENETFG,EQ,,,,,BIRLASLAMC - BSLSENETFG,80.45,80.7,78.0,79.54,79.88,79.26,,79.52,,,3668,291482.35,296,F1,1,,,,,
2026-08-06,2026-08-06,CM,NSE,STK,24847,INF209KC1142,GSEC10ABSL,EQ,,,,,BIRLASLAMC - GSEC10ABSL,113.0,113.27,113.0,113.27,113.27,113.27,,113.27,,,46,5198.27,2,F1,1,,,,,
2026-08-06,2026-08-06,CM,NSE,STK,6297,INF209KB10C2,HEALTHY,EQ,,,,,BIRLASLAMC - HEALTHY,17.31,17.34,17.12,17.17,17.21,17.2,,17.17,,,268436,4626203.97,974,F1,1,,,,,
2026-08-06,2026-08-06,CM,NSE,STK,10693,INF209KB14K7,MOMENTUM,EQ,,,,,BIRLASLAMC - MOMENTUM,31.27,31.4,30.33,30.64,31.13,31.27,,30.65,,,422037,13068934.87,557,F1,1,,,,,
2026-08-06,2026-08-06,CM,NSE,STK,10690,INF209KB15K4,NIFTYQLITY,EQ,,,,,BIRLASLAMC - NIFTYQLITY,21.95,21.95,21.53,21.79,21.65,21.8,,21.8,,,98436,2153353.86,397,F1,1,,,,,
2026-08-06,2026-08-06,CM,NSE,STK,8003,INF209KB19F6,SILVER,EQ,,,,,BIRLASLAMC - SILVER,217.1,224.99,217.1,223.95,224.0,222.67,,223.95,,,939012,210266710.89,7588,F1,1,,,,,
2026-08-06,2026-08-06,CM,NSE,STK,6462,INF209KB11D8,TECH,EQ,,,,,BIRLASLAMC - TECH,35.0,35.0,33.62,34.05,34.05,34.1,,34.05,,,21964,751215.0,295,F1,1,,,,,
2026-08-06,2026-08-06,CM,NSE,STK,23806,INF209KB19Z4,ABSLPSE,EQ,,,,,BIRLASLAMC-ABSLPSE,10.35,10.35,10.29,10.34,10.34,10.32,,10.34,,,90041,928892.97,375,F1,1,,,,,
2026-08-06,2026-08-06,CM,NSE,STK,6994,INE836A01035,BSOFT,EQ,,,,,BIRLASOFT LIMITED,325.25,331.0,317.2,318.25,319.6,323.65,,318.25,,,1713596,553437168.2,29278,F1,1,,,,,
2026-08-06,2026-08-06,CM,NSE,STK,3435,INE676A01027,BBOX,EQ,,,,,BLACK BOX LIMITED,756.0,767.55,739.0,741.7,739.0,748.75,,741.7,,,203591,153184097.35,11164,F1,1,,,,,
2026-08-06,2026-08-06,CM,NSE,STK,762601,INE761G01016,BLACKROSE,BE,,,,,BLACK ROSE INDS. LTD.,111.03,116.99,111.03,114.42,114.39,115.3,,114.4,,,8906,1024518.29,124,F1,1,,,,,
2026-08-06,2026-08-06,CM,NSE,STK,27144,INE0UIZ01018,BLACKBUCK,EQ,,,,,BLACKBUCK LIMITED,555.8,560.55,550.85,557.55,555.5,556.2,,557.68,,,121001,67301514.1,8606,F1,1,,,,,
2026-08-06,2026-08-06,CM,NSE,STK,8132,INE791A01024,BLBLIMITED,EQ,,,,,BLB LIMITED,15.74,16.1,15.74,16.06,16.09,15.67,,16.06,,,43483,696010.61,159,F1,1,,,,,
2026-08-06,2026-08-06,CM,NSE,STK,19269,INE416D01022,BLISSGVS,BE,,,,,BLISS GVS PHARMA LTD,501.0,508.0,491.0,493.65,492.0,497.0,,493.65,,,192304,96217855.5,2028,F1,1,,,,,
2026-08-06,2026-08-06,CM,NSE,STK,22566,INE0NLT01010,BLSE,EQ,,,,,BLS E-SERVICES LIMITED,318.95,324.9,312.2,317.65,318.5,319.15,,317.64,,,637488,202912143.2,12879,F1,1,,,,,
2026-08-06,2026-08-06,CM,NSE,STK,17279,INE153T01027,BLS,EQ,,,,,BLS INTL SERVS LTD,258.6,262.6,252.7,253.98,252.7,255.63,,253.97,,,1538165,393971749.65,26331,F1,1,,,,,
2026-08-06,2026-08-06,CM,NSE,STK,8650,INE657B01025,BLUECHIP,BE,,,,,BLUE CHIP INDIA LIMITED,1.65,1.71,1.65,1.68,1.68,1.68,,1.68,,,20679,34604.88,98,F1,1,,,,,
2026-08-06,2026-08-06,CM,NSE,STK,8552,INE472B01011,BLUECOAST,BE,,,,,BLUE COAST HOTELS LIMITED,25.66,25.66,24.39,25.49,25.49,25.67,,25.49,,,1252,30750.38,14,F1,1,,,,,
2026-08-06,2026-08-06,CM,NSE,STK,495,INE233B01017,BLUEDART,EQ,,,,,BLUE DART EXPRESS LTD,5281.0,5281.0,5061.5,5112.5,5100.0,5293.5,,5112.16,,,38960,201395531.5,6723,F1,1,,,,,
2026-08-06,2026-08-06,CM,NSE,STK,19686,INE0KBH01020,BLUEJET,EQ,,,,,BLUE JET HEALTHCARE LTD,595.0,613.4,584.5,587.9,587.9,591.2,,587.89,,,1676997,1003547140.05,42134,F1,1,,,,,
2026-08-06,2026-08-06,CM,NSE,STK,23410,INE0SAK01011,BLUEPEBBLE,SM,,,,,BLUE PEBBLE LIMITED,69.0,73.0,68.5,73.0,73.0,68.0,,73.0,,,4400,313880.0,11,F1,400,,,,,
2026-08-06,2026-08-06,CM,NSE,STK,8311,INE472A01039,BLUESTARCO,EQ,,,,,BLUE STAR LIMITED,1658.1,1671.6,1549.4,1571.0,1571.0,1665.0,,1571.05,,,2327347,3751531475.9,102972,F1,1,,,,,
2026-08-06,2026-08-06,CM,NSE,STK,758185,INE0X3M01010,BLUEWATER,ST,,,,,BLUE WATER LOGISTICS LTD,425.95,428.0,403.05,423.0,423.0,415.0,,423.0,,,19000,7982450.0,17,F1,1000,,,,,
2026-08-06,2026-08-06,CM,NSE,STK,759291,INE304W01038,BLUESTONE,EQ,,,,,BLUESTONE JEWEL LFSTL LTD,850.0,866.0,812.3,824.4,820.0,856.0,,824.5,,,6203985,5235258233.95,121228,F1,1,,,,,
2026-08-06,2026-08-06,CM,NSE,STK,757520,INE0U4101014,BLUSPRING,EQ,,,,,BLUSPRING ENTERPRISES LTD,116.24,118.0,112.61,115.59,115.47,116.24,,115.59,,,235207,26958380.66,2380,F1,1,,,,,
2026-08-06,2026-08-06,CM,NSE,STK,759256,INE965W01036,BMWVENTLTD,EQ,,,,,BMW VENTURES LIMITED,59.67,61.49,58.15,60.75,60.89,59.97,,60.72,,,242546,14630707.27,3376,F1,1,,,,,
2026-08-06,2026-08-06,CM,NSE,STK,762611,INE00HZ01011,BNAGROCHEM,BE,,,,,BN AGROCHEM LTD.,272.3,275.0,259.3,273.0,273.0,269.95,,272.88,,,31952,8619095.85,65,F1,1,,,,,
2026-08-06,2026-08-06,CM,NSE,STK,25021,INE338D01028,BODALCHEM,BE,,,,,BODAL CHEMICALS LTD,75.19,76.0,71.44,71.44,71.44,75.19,,71.43,,,604089,43530458.31,1337,F1,1,,,,,
2026-08-06,2026-08-06,CM,NSE,STK,14150,INE0EEJ01023,BTML,EQ,,,,,BODHI TREE MULTIMEDIA LTD,6.52,7.29,6.52,7.2,7.07,6.61,,7.2,,,4223298,30198893.58,1314,F1,1,,,,,
2026-08-06,2026-08-06,CM,NSE,STK,11640,INE802W01023,BOHRAIND,EQ,,,,,BOHRA INDUSTRIES LIMITED,14.71,15.59,14.71,14.94,14.72,15.25,,14.94,,,4861,72556.83,30,F1,1,,,,,
2026-08-06,2026-08-06,CM,NSE,STK,380,INE050A01025,BBTC,EQ,,,,,BOMBAY BURMAH TRADING COR,1505.0,1533.8,1495.0,1498.0,1501.0,1501.5,,1497.94,,,29429,44312754.2,3669,F1,1,,,,,
2026-08-06,2026-08-06,CM,NSE,STK,513,INE032A01023,BOMDYEING,EQ,,,,,BOMBAY DYEING & MFG. CO L,120.15,125.48,119.7,120.48,120.85,120.04,,120.47,,,1709754,209109543.58,13704,F1,1,,,,,
2026-08-06,2026-08-06,CM,NSE,STK,812,INE032Z01020,BSHSL,BE,,,,,BOMBAY SUPER HYBRID SEEDS,88.23,88.93,86.0,86.67,87.0,87.63,,86.54,,,1676,146226.41,39,F1,1,,,,,
2026-08-06,2026-08-06,CM,NSE,STK,31128,INE053F07538,810IRFC27,N2,,,,,BOND 8.10% PA TAX FREE S2,1076.0,1076.0,1074.5,1074.5,1074.5,1076.0,,1079.75,,,2000,2149139.75,6,F1,1,,,,,
2026-08-06,2026-08-06,CM,NSE,STK,31040,INE906B07CB9,830NHAI27,N2,,,,,BOND 8.30% PA TAX FREE S2,1053.96,1082.0,1053.96,1080.5,1080.5,1080.99,,1080.5,,,2871,3102147.6,17,F1,1,,,,,
2026-08-06,2026-08-06,CM,NSE,STK,30984,INE020B07HP8,846REC28,N6,,,,,BOND 8.46% TAX FREE S2A,1120.0,1120.0,1120.0,1120.0,1120.0,1113.1,,1120.0,,,25,28000.0,1,F1,1,,,,,
2026-08-06,2026-08-06,CM,NSE,STK,603,INE053F07686,865IRFC29,,,,,,BOND 8.65% PA TF TI-SIIB,1106.99,1107.0,1106.99,1107.0,1107.0,1105.11,,1107.0,,,141,156086.0,4,F1,1,,,,,
2026-08-06,2026-08-06,CM,NSE,STK,1999,INE053F07744,888IRFC29,NE,,,,,BOND 8.88% PA TF TII-SIIB,1124.0,1130.0,1123.5,1124.84,1123.5,1124.0,,1124.84,,,371,417465.38,15,F1,1,,,,,
2026-08-06,2026-08-06,CM,NSE,STK,31970,INE557F07132,901NHB34,N6,,,,,BOND 9.01%PA TF TR-I S 3B,6399.0,6399.0,6350.0,6387.96,6399.0,6350.0,,6387.96,,,116,741004.0,18,F1,1,,,,,
2026-08-06,2026-08-06,CM,NSE,STK,761056,INE0B9A01018,BONLON,EQ,,,,,BONLON INDUSTRIES LIMITED,44.94,44.94,42.0,42.66,43.0,42.81,,42.65,,,11608,499763.63,145,F1,1,,,,,
2026-08-06,2026-08-06,CM,NSE,STK,757919,INE16SF01016,BORANA,EQ,,,,,BORANA WEAVES LIMITED,329.5,353.95,327.05,344.6,344.95,329.5,,344.59,,,103923,35478141.95,3555,F1,1,,,,,
2026-08-06,2026-08-06,CM,NSE,STK,19401,INE02PY01013,BOROLTD,EQ,,,,,BOROSIL LIMITED,243.22,255.0,240.51,247.99,248.0,243.22,,247.92,,,155623,38672171.06,5164,F1,1,,,,,
2026-08-06,2026-08-06,CM,NSE,STK,3149,INE666D01022,BORORENEW,EQ,,,,,BOROSIL RENEWABLES LTD,561.1,563.35,554.0,556.8,554.7,559.45,,556.78,,,179075,99905013.5,6938,F1,1,,,,,
2026-08-06,2026-08-06,CM,NSE,STK,24014,INE02L001032,BOROSCI,EQ,,,,,BOROSIL SCIENTIFIC LTD,141.05,141.06,138.21,138.92,138.21,140.74,,138.88,,,89299,12466893.4,1585,F1,1,,,,,
2026-08-06,2026-08-06,CM,NSE,STK,4491,INE782A01015,BOSCH-HCIL,EQ,,,,,BOSCH HOME COMFRT IND LTD,1541.2,1670.0,1525.1,1645.2,1658.0,1523.8,,1645.19,,,227724,365422880.3,14876,F1,1,,,,,
2026-08-06,2026-08-06,CM,NSE,STK,2181,INE323A01026,BOSCHLTD,EQ,,,,,BOSCH LIMITED,42920.0,42920.0,41870.0,42000.0,42000.0,42920.0,,42003.86,,,30753,1297609090.0,15285,F1,1,,,,,
2026-08-06,2026-08-06,CM,NSE,STK,25119,INE0QNI01012,BOSS,SM,,,,,BOSS PACKAGING SOLU LTD,43.8,43.8,43.4,43.8,43.8,41.75,,43.8,,,10000,437200.0,5,F1,2000,,,,,
2026-08-06,2026-08-06,CM,NSE,STK,530,INE110A01019,BPL,EQ,,,,,BPL LTD,53.11,54.29,53.01,53.42,53.01,53.43,,53.45,,,32002,1720079.15,858,F1,1,,,,,
2026-08-06,2026-08-06,CM,NSE,STK,24905,INE0R4Z01018,BRACEPORT,SM,,,,,BRACE PORT LOGISTICS LTD,71.05,71.05,71.05,71.05,71.05,75.0,,71.05,,,1600,113680.0,1,F1,1600,,,,,
2026-08-06,2026-08-06,CM,NSE,STK,24814,INE02RE01045,FIRSTCRY,EQ,,,,,BRAINBEES SOLUTIONS LTD,215.47,216.29,213.16,213.89,214.5,215.31,,213.88,,,371924,79765239.05,6720,F1,1,,,,,
2026-08-06,2026-08-06,CM,NSE,STK,7780,INE977Y01011,BCONCEPTS,EQ,,,,,BRAND CONCEPTS LIMITED,181.0,184.39,175.05,177.36,176.54,183.6,,177.36,,,17843,3198998.29,825,F1,1,,,,,
2026-08-06,2026-08-06,CM,NSE,STK,760972,INE0XUD01014,BRANDMAN,SM,,,,,BRANDMAN RETAIL LIMITED,174.5,177.0,173.0,176.9,177.0,169.0,,176.9,,,16000,2819880.0,18,F1,800,,,,,
2026-08-06,2026-08-06,CM,NSE,STK,15184,INE791I01019,BRIGADE,EQ,,,,,BRIGADE ENTER. LTD,570.95,579.25,564.1,571.95,576.0,570.3,,572.08,,,196857,112837154.7,11684,F1,1,,,,,
2026-08-06,2026-08-06,CM,NSE,STK,757794,INE03NU01014,BRIGHOTEL,EQ,,,,,BRIGADE HOTEL VENTURE LTD,62.25,62.75,60.75,61.74,61.3,61.34,,61.74,,,278819,17192891.22,5676,F1,1,,,,,
2026-08-06,2026-08-06,CM,NSE,STK,8833,INE425B01027,BCG,EQ,,,,,BRIGHTCOM GROUP LIMITED,9.39,9.4,8.52,9.24,9.25,9.38,,9.24,,,5557161,51377749.59,4862,F1,1,,,,,
2026-08-06,2026-08-06,CM,NSE,STK,547,INE216A01030,BRITANNIA,EQ,,,,,BRITANNIA INDUSTRIES LTD,5440.0,5475.0,5363.5,5404.0,5404.0,5440.0,,5404.02,,,342179,1852991216.5,26103,F1,1,,,,,
2026-08-06,2026-08-06,CM,NSE,STK,2203,INE0FDU25010,BIRET,RR,,,,,BROOKFIELD INDIA RET,344.68,345.0,341.5,344.42,345.0,343.5,,344.42,,,429195,147841203.59,11124,F1,1,,,,,
2026-08-06,2026-08-06,CM,NSE,STK,25140,INE650L01011,BROOKS,BE,,,,,BROOKS LAB LIMITED,61.95,61.95,60.0,60.05,60.5,60.29,,60.05,,,27618,1663254.36,125,F1,1,,,,,
2026-08-06,2026-08-06,CM,NSE,STK,19585,INE118H01025,BSE,EQ,,,,,BSE LIMITED,3534.6,3536.8,3432.0,3435.0,3435.0,3534.6,,3435.0,,,3925729,13674622719.6,235645,F1,1,,,,,
2026-08-06,2026-08-06,CM,NSE,STK,559,INE594B01012,BSL,EQ,,,,,BSL LTD,126.26,127.76,123.13,123.92,123.52,126.26,,123.9,,,3912,487794.38,161,F1,1,,,,,
2026-08-06,2026-08-06,CM,NSE,STK,2716,INE295F01017,BUTTERFLY,EQ,,,,,BTRFLY GANDHI APPL LTD,673.25,698.4,661.3,681.65,682.0,667.6,,681.6,,,49840,33823814.7,3212,F1,1,,,,,
2026-08-06,2026-08-06,CM,NSE,STK,24701,INE0SZ301012,BULKCORP,SM,,,,,BULKCORP INTERNATIONAL L,61.0,64.65,60.0,63.5,64.65,61.7,,63.5,,,8400,526260.0,7,F1,1200,,,,,
2026-08-06,2026-08-06,CM,NSE,STK,760854,INE0SMX01019,CKKRETAIL,SM,,,,,C K K RETAIL MART LIMITED,145.05,146.85,145.0,145.0,145.0,145.2,,145.0,,,4000,581600.0,5,F1,800,,,,,
2026-08-06,2026-08-06,CM,NSE,STK,18372,INE0QBU01012,CPS,SM,,,,,C P S SHAPERS LIMITED,1090.0,1090.0,1075.0,1075.0,1075.0,1090.0,,1075.0,,,450,486000.0,3,F1,150,,,,,
2026-08-06,2026-08-06,CM,NSE,STK,7227,INE0BV301023,MAPMYINDIA,EQ,,,,,C.E. INFO SYSTEMS LIMITED,1050.0,1076.0,1042.5,1070.7,1070.0,1046.4,,1070.68,,,316655,335633247.6,17795,F1,1,,,,,
2026-08-06,2026-08-06,CM,NSE,STK,27274,INE0U7V01015,C2C,SM,,,,,C2C ADVANCED SYSTEMS LTD,269.75,270.7,255.0,266.4,267.5,265.3,,266.4,,,121500,32002350.0,555,F1,150,,,,,
2026-08-06,2026-08-06,CM,NSE,STK,764255,INE11XY01018,CMLL,EQ,,,,,CALIBER MINING AND LOG L,559.95,590.0,557.0,579.95,576.0,559.95,,580.07,,,2270882,1316091525.5,57110,F1,1,,,,,
2026-08-06,2026-08-06,CM,NSE,STK,8400,INE526B01014,CALSOFT,BE,,,,,CALIFORNIA SOFTWARE CO LT,22.19,22.19,21.3,21.72,21.89,21.57,,21.72,,,42231,918344.15,125,F1,1,,,,,
2026-08-06,2026-08-06,CM,NSE,STK,14218,INE627H01017,CTE,EQ,,,,,CAMBRIDGE TECH ENTER LTD,38.0,39.0,36.04,37.97,38.88,37.93,,37.97,,,17520,659901.82,163,F1,1,,,,,
2026-08-06,2026-08-06,CM,NSE,STK,6216,INE052I01032,CAMLINFINE,EQ,,,,,CAMLIN FINE SCIENCES LTD,129.89,131.59,127.1,127.83,127.51,129.42,,127.83,,,303863,39223556.69,3959,F1,1,,,,,
2026-08-06,2026-08-06,CM,NSE,STK,9362,INE278Y01022,CAMPUS,EQ,,,,,CAMPUS ACTIVEWEAR LIMITED,227.0,233.55,216.99,219.0,218.8,226.54,,219.01,,,4382319,991513395.19,72364,F1,1,,,,,
2026-08-06,2026-08-06,CM,NSE,STK,583,INE477A01020,CANFINHOME,EQ,,,,,CAN FIN HOMES LTD,813.5,822.0,806.35,808.25,808.9,811.5,,808.2,,,154598,125540663.6,8124,F1,1,,,,,
2026-08-06,2026-08-06,CM,NSE,STK,10794,INE476A01022,CANBK,EQ,,,,,CANARA BANK,129.0,131.74,128.33,131.7,131.7,128.91,,131.7,,,23441604,3053854813.39,85444,F1,1,,,,,
2026-08-06,2026-08-06,CM,NSE,STK,759477,INE01TY01017,CANHLIFE,EQ,,,,,CANARA HSBC LIFE INS CO L,149.92,153.26,146.5,150.55,149.8,149.93,,150.46,,,631047,95348752.1,13413,F1,1,,,,,
2026-08-06,2026-08-06,CM,NSE,STK,759311,INE218I01013,CRAMC,EQ,,,,,CANARA ROBECO AMC LIMITED,265.3,265.65,262.0,263.05,263.3,265.3,,263.04,,,151966,40111333.6,5589,F1,1,,,,,
2026-08-06,2026-08-06,CM,NSE,STK,19368,INE0QG301017,CANARYS,SM,,,,,CANARYS AUTOMATIONS LTD,23.5,24.2,23.25,23.25,23.25,23.5,,23.25,,,64000,1514000.0,15,F1,4000,,,,,
2026-08-06,2026-08-06,CM,NSE,STK,20160,INE068L01024,CANTABIL,EQ,,,,,CANTABIL RETAIL LTD,244.9,244.9,225.15,228.1,230.0,245.81,,228.1,,,674303,156855135.45,63298,F1,1,,,,,
2026-08-06,2026-08-06,CM,NSE,STK,21749,INE264T01014,CAPACITE,EQ,,,,,CAPACITE INFRAPROJECT LTD,224.36,228.8,221.5,225.92,225.56,221.83,,225.92,,,533583,120293572.43,8405,F1,1,,,,,
2026-08-06,2026-08-06,CM,NSE,STK,759867,INE0ILV01024,CAPILLARY,EQ,,,,,CAPILLARY TECHNO INDIA L,566.0,587.0,560.2,580.6,577.0,576.35,,580.6,,,666934,385470255.4,23018,F1,1,,,,,
2026-08-06,2026-08-06,CM,NSE,STK,756015,INE345H01024,CIFL,EQ,,,,,CAPITAL INDIA FINANCE LTD,21.73,22.75,20.9,21.55,21.45,21.23,,21.49,,,350756,7606173.4,1998,F1,1,,,,,
2026-08-06,2026-08-06,CM,NSE,STK,29157,INE0Z8Z23013,CAPINVIT,IV,,,,,CAPITAL INFRA TRUST,75.39,75.89,75.0,75.52,75.42,75.39,,75.52,,,318496,24040942.58,2299,F1,1,,,,,
2026-08-06,2026-08-06,CM,NSE,STK,22675,INE646H01017,CAPITALSFB,EQ,,,,,CAPITAL SMALL FIN BANK L,295.9,298.2,294.05,295.85,295.85,296.35,,295.84,,,27025,7992123.35,448,F1,1,,,,,
2026-08-06,2026-08-06,CM,NSE,STK,19447,INE707C01018,CAPTRUST,EQ,,,,,CAPITAL TRUST LIMITED,18.08,18.85,18.08,18.44,18.46,19.03,,18.44,,,127205,2329024.47,390,F1,1,,,,,
2026-08-06,2026-08-06,CM,NSE,STK,3906,INE475E01026,CAPLIPOINT,EQ,,,,,CAPLIN POINT LAB LTD.,2542.0,2599.9,2542.0,2585.8,2585.0,2541.8,,2585.71,,,48098,123991908.4,8583,F1,1,,,,,
2026-08-06,2026-08-06,CM,NSE,STK,20329,INE180C01042,CGCL,EQ,,,,,CAPRI GLOBAL CAPITAL LTD,239.5,243.87,238.0,241.07,240.95,238.3,,241.03,,,4519331,1091589157.54,50430,F1,1,,,,,
2026-08-06,2026-08-06,CM,NSE,STK,764203,INE536P01021,CPL,EQ,,,,,CAPTAIN POLYPLAST LIMITED,72.5,73.2,71.11,72.2,72.82,72.88,,72.21,,,29541,2126592.54,735,F1,1,,,,,
2026-08-06,2026-08-06,CM,NSE,STK,595,INE120A01034,CARBORUNIV,EQ,,,,,CARBORUNDUM UNIVERSAL LTD,1091.2,1094.8,1065.2,1069.1,1066.6,1081.7,,1069.1,,,79070,85175639.1,9655,F1,1,,,,,
2026-08-06,2026-08-06,CM,NSE,STK,29113,INE752H01013,CARERATING,EQ,,,,,CARE RATINGS LIMITED,1751.4,1765.0,1722.0,1730.1,1725.0,1749.1,,1730.02,,,50498,88264460.8,10233,F1,1,,,,,
2026-08-06,2026-08-06,CM,NSE,STK,758941,INE0P6P01016,CPEDU,EQ,,,,,CAREER POINT EDUTECH LTD,210.6,216.98,210.6,212.82,212.5,211.62,,212.83,,,9359,1998095.54,207,F1,1,,,,,
2026-08-06,2026-08-06,CM,NSE,STK,28879,INE0V7W01012,CARRARO,EQ,,,,,CARRARO INDIA LIMITED,540.0,554.85,534.0,542.15,539.0,535.95,,542.14,,,305063,165404650.0,15532,F1,1,,,,,
2026-08-06,2026-08-06,CM,NSE,STK,5407,INE290S01011,CARTRADE,EQ,,,,,CARTRADE TECH LIMITED,2837.1,2837.1,2770.2,2788.4,2789.0,2842.2,,2788.38,,,222528,621033645.2,23453,F1,1,,,,,
2026-08-06,2026-08-06,CM,NSE,STK,1879,INE482D01024,CARYSIL,EQ,,,,,CARYSIL LIMITED,1200.0,1228.0,1191.1,1213.9,1207.5,1191.1,,1213.96,,,87856,106517049.6,7231,F1,1,,,,,
2026-08-06,2026-08-06,CM,NSE,STK,758156,INE0WL201014,CUDML,ST,,,,,CASH UR DRIVE MARKETING L,137.0,137.0,133.0,133.0,133.0,137.0,,133.0,,,2000,270000.0,2,F1,1000,,,,,
2026-08-06,2026-08-06,CM,NSE,STK,1250,INE172A01027,CASTROLIND,EQ,,,,,CASTROL INDIA LIMITED,192.45,195.0,191.62,194.17,193.5,191.54,,194.17,,,9762712,1890772687.79,43950,F1,1,,,,,
2026-08-06,2026-08-06,CM,NSE,STK,11452,INE421D01022,CCL,EQ,,,,,CCL PRODUCTS (I) LTD,1129.0,1140.0,1118.0,1131.2,1125.0,1138.9,,1131.19,,,177800,200604982.2,24603,F1,1,,,,,
2026-08-06,2026-08-06,CM,NSE,STK,27134,INE157D07EJ4,1020CCSP27,N0,,,,,CCSP 10.20% 2027 SR 02,107358.39,107358.39,107358.39,107358.39,107358.39,106964.77,,107358.39,,,1,107358.39,1,F1,1,,,,,
2026-08-06,2026-08-06,CM,NSE,STK,15254,INE482A01020,CEATLTD,EQ,,,,,CEAT LIMITED,3703.5,3770.0,3667.0,3755.4,3702.0,3703.5,,3755.24,,,98294,367411881.0,10639,F1,1,,,,,
2026-08-06,2026-08-06,CM,NSE,STK,757690,INE11J101017,CEDAAR,ST,,,,,CEDAAR TEXTILE LIMITED,17.6,17.6,16.5,16.5,16.5,16.85,,16.5,,,9000,156250.0,7,F1,1000,,,,,
2026-08-06,2026-08-06,CM,NSE,STK,24742,INE0AG901020,CEIGALL,EQ,,,,,CEIGALL INDIA LIMITED,341.0,342.4,331.1,331.9,332.5,341.7,,331.9,,,97870,32839146.5,3390,F1,1,,,,,
2026-08-06,2026-08-06,CM,NSE,STK,761037,INE016Q01014,CEINSYS,EQ,,,,,CEINSYS TECH LIMITED,858.0,858.0,840.0,844.5,847.0,858.05,,844.6,,,23017,19562986.05,1507,F1,1,,,,,
2026-08-06,2026-08-06,CM,NSE,STK,13162,INE185H01016,CELEBRITY,EQ,,,,,CELEBRITY FASHIONS LTD,7.3,7.3,6.9,6.98,7.1,7.23,,6.98,,,25640,181407.26,136,F1,1,,,,,
2026-08-06,2026-08-06,CM,NSE,STK,16950,INE0O0001013,CELLPOINT,SM,,,,,CELL POINT (INDIA) LTD,18.0,18.0,18.0,18.0,18.0,18.0,,18.0,,,1200,21600.0,1,F1,1200,,,,,
2026-08-06,2026-08-06,CM,NSE,STK,18811,INE0OMO01025,CELLECOR,ST,,,,,CELLECOR GADGETS LIMITED,31.8,32.25,31.35,31.45,31.5,31.8,,31.45,,,258000,8228850.0,30,F1,3000,,,,,
2026-08-06,2026-08-06,CM,NSE,STK,19795,INE0LMW01024,CELLO,EQ,,,,,CELLO WORLD LIMITED,400.95,403.45,376.0,379.25,377.0,398.95,,379.23,,,5094832,1994194958.7,73482,F1,1,,,,,
2026-08-06,2026-08-06,CM,NSE,STK,5622,INE686A01026,CEMPRO,EQ,,,,,CEMINDIA PROJECTS LIMITED,1290.0,1291.0,1240.0,1245.8,1245.0,1298.2,,1245.71,,,413143,521468149.5,20514,F1,1,,,,,
2026-08-06,2026-08-06,CM,NSE,STK,14894,INE483A01010,CENTRALBK,EQ,,,,,CENTRAL BANK OF INDIA,31.25,31.58,31.22,31.51,31.51,31.29,,31.51,,,5567744,174879614.02,22102,F1,1,,,,,
2026-08-06,2026-08-06,CM,NSE,STK,21174,INE736A01011,CDSL,EQ,,,,,CENTRAL DEPO SER (I) LTD,1327.8,1341.9,1325.1,1331.0,1331.0,1326.5,,1331.0,,,817532,1091221138.1,25616,F1,1,,,,,
2026-08-06,2026-08-06,CM,NSE,STK,761581,INE05HV01027,CMPDI,EQ,,,,,CENTRAL MINE P N D INST L,243.5,247.9,241.5,244.18,243.0,243.42,,244.22,,,832971,204222404.82,11491,F1,1,,,,,
2026-08-06,2026-08-06,CM,NSE,STK,2454,INE660C01027,CENTRUM,EQ,,,,,CENTRUM CAPITAL LIMITED,24.7,24.9,23.86,24.65,24.63,24.07,,24.66,,,415718,10183203.2,797,F1,1,,,,,
2026-08-06,2026-08-06,CM,NSE,STK,14982,INE320B01020,CENTUM,EQ,,,,,CENTUM ELECTRONICS LTD,3785.2,3848.0,3716.0,3790.3,3780.1,3789.5,,3789.95,,,20538,77891990.6,5085,F1,1,,,,,
2026-08-06,2026-08-06,CM,NSE,STK,619,INE485A01015,CENTENKA,EQ,,,,,CENTURY ENKA LTD,613.0,614.95,600.1,602.7,607.8,612.95,,602.77,,,68935,41802981.2,2922,F1,1,,,,,
2026-08-06,2026-08-06,CM,NSE,STK,11511,INE281A01026,CENTEXT,EQ,,,,,CENTURY EXTRUSIONS LTD,23.35,23.65,22.39,22.72,22.71,23.12,,22.72,,,503931,11600631.74,1510,F1,1,,,,,
2026-08-06,2026-08-06,CM,NSE,STK,13305,INE348B01021,CENTURYPLY,EQ,,,,,CENTURY PLYBOARDS (I) LTD,770.0,792.7,770.0,783.75,784.1,768.6,,783.74,,,79648,62457478.8,9190,F1,1,,,,,
2026-08-06,2026-08-06,CM,NSE,STK,15039,INE739E01017,CERA,EQ,,,,,CERA SANITARYWARE LTD,6325.0,6439.0,6263.0,6324.5,6315.0,6294.5,,6322.94,,,6508,41437153.5,2570,F1,1,,,,,
2026-08-06,2026-08-06,CM,NSE,STK,29016,INE345B01019,CEREBRAINT,BZ,,,,,CEREBRA INT TECH LTD,2.91,3.02,2.79,2.79,2.88,2.91,,2.79,,,441094,1245169.58,329,F1,1,,,,,
2026-08-06,2026-08-06,CM,NSE,STK,628,INE486A01021,CESC,EQ,,,,,CESC LTD,163.7,163.83,162.11,162.48,162.26,163.52,,162.48,,,569474,92670673.54,11887,F1,1,,,,,
2026-08-06,2026-08-06,CM,NSE,STK,760,INE067A01029,CGPOWER,EQ,,,,,CG POWER AND IND SOL LTD,880.0,885.9,874.2,876.0,876.0,889.5,,876.13,,,1509786,1328113493.35,31410,F1,1,,,,,
2026-08-06,2026-08-06,CM,NSE,STK,8546,INE427F01016,CHALET,EQ,,,,,CHALET HOTELS LIMITED,837.0,869.0,831.9,863.1,863.0,839.65,,863.09,,,178373,152553152.4,11882,F1,1,,,,,
2026-08-06,2026-08-06,CM,NSE,STK,3482,INE419D01026,CLSEL,EQ,,,,,CHAMAN LAL SETIA EXP LTD,298.7,303.0,291.2,294.15,297.85,294.2,,294.14,,,220417,65732648.5,5211,F1,1,,,,,
2026-08-06,2026-08-06,CM,NSE,STK,13731,INE06PV01010,CMNL,SM,,,,,CHAMAN METALLICS LIMITED,99.7,100.0,97.25,97.25,97.25,97.2,,97.25,,,3000,296212.5,4,F1,750,,,,,
2026-08-06,2026-08-06,CM,NSE,STK,637,INE085A01013,CHAMBLFERT,EQ,,,,,CHAMBAL FERTILIZERS LTD,462.0,466.15,457.5,459.75,458.8,458.65,,459.73,,,488463,225100024.2,12624,F1,1,,,,,
2026-08-06,2026-08-06,CM,NSE,STK,29633,INE0B2N01016,CHANDAN,SM,,,,,CHANDAN HEALTHCARE LTD,244.0,244.0,235.0,240.75,240.0,248.25,,240.75,,,36800,8849440.0,37,F1,800,,,,,
2026-08-06,2026-08-06,CM,NSE,STK,18654,INE0PT101017,CHAVDA,SM,,,,,CHAVDA INFRA LIMITED,133.5,134.8,132.15,133.45,134.0,134.3,,133.45,,,75000,9992900.0,66,F1,1000,,,,,
2026-08-06,2026-08-06,CM,NSE,STK,757991,INE0TGX01019,CHEMBONDCH,BE,,,,,CHEMBOND CHEMICAL LIMITED,229.8,234.2,221.32,231.77,230.0,228.51,,231.78,,,45411,10421191.71,145,F1,1,,,,,
2026-08-06,2026-08-06,CM,NSE,STK,14620,INE995D01025,CHEMBOND,BE,,,,,CHEMBOND MATERIALTECH LTD,177.83,180.0,170.0,178.8,178.8,177.83,,178.74,,,3364,588512.04,57,F1,1,,,,,
2026-08-06,2026-08-06,CM,NSE,STK,276,INE03YM01018,CHEMCON,BE,,,,,CHEMCON SPECIAL CHEM LTD,196.9,196.9,192.0,192.62,193.59,197.14,,192.46,,,14424,2782707.9,299,F1,1,,,,,
2026-08-06,2026-08-06,CM,NSE,STK,2815,INE783X01023,CHEMFAB,BE,,,,,CHEMFAB ALKALIS LIMITED,377.6,377.6,365.0,367.0,367.0,377.6,,367.0,,,1740,638379.5,61,F1,1,,,,,
2026-08-06,2026-08-06,CM,NSE,STK,5449,INE488A01050,CHEMPLASTS,EQ,,,,,CHEMPLAST SANMAR LIMITED,196.6,198.0,193.0,194.61,195.0,195.26,,194.64,,,672129,131128834.55,9998,F1,1,,,,,
2026-08-06,2026-08-06,CM,NSE,STK,2049,INE178A01016,CHENNPETRO,EQ,,,,,CHENNAI PETROLEUM CORP LT,1318.0,1318.0,1278.0,1292.3,1292.7,1303.9,,1292.35,,,1365189,1761303402.7,37770,F1,1,,,,,
2026-08-06,2026-08-06,CM,NSE,STK,24628,INE0U1T01012,CHETANA,ST,,,,,CHETANA EDUCATION LIMITED,47.0,47.0,47.0,47.0,47.0,47.0,,47.0,,,3200,150400.0,2,F1,1600,,,,,
2026-08-06,2026-08-06,CM,NSE,STK,9879,INE974B01016,CHEVIOT,EQ,,,,,CHEVIOT COMPANY LIMITED,1234.9,1236.0,1175.0,1179.4,1175.0,1221.6,,1178.3,,,14522,17520899.5,1428,F1,1,,,,,
2026-08-06,2026-08-06,CM,NSE,STK,8866,INE102B01014,CHOICEIN,EQ,,,,,CHOICE INTERNATIONAL LTD,825.3,841.85,824.5,833.2,832.0,824.35,,833.19,,,684783,572453645.5,13907,F1,1,,,,,
2026-08-06,2026-08-06,CM,NSE,STK,759610,INF2KCX01012,CHOICEGOLD,EQ,,,,,CHOICEAMC - CHOICEGOLD,140.0,149.64,140.0,146.76,146.4,143.11,,146.76,,,3285,480271.22,151,F1,1,,,,,
2026-08-06,2026-08-06,CM,NSE,STK,21740,INE149A01033,CHOLAHLDNG,EQ,,,,,CHOLAMANDALAM FIN HOL LTD,1604.0,1655.0,1595.0,1648.0,1650.3,1603.7,,1648.0,,,196653,321848787.3,21263,F1,1,,,,,
2026-08-06,2026-08-06,CM,NSE,STK,685,INE121A01024,CHOLAFIN,EQ,,,,,CHOLAMANDALAM IN & FIN CO,1882.0,1952.5,1871.3,1940.0,1940.0,1880.0,,1940.0,,,2644332,5105118602.5,72139,F1,1,,,,,
2026-08-06,2026-08-06,CM,NSE,STK,14937,INE536H01010,CIEINDIA,EQ,,,,,CIE AUTOMOTIVE INDIA LTD,415.05,417.7,409.6,410.3,410.0,415.05,,410.31,,,309665,128206799.1,11459,F1,1,,,,,
2026-08-06,2026-08-06,CM,NSE,STK,27161,INE704H01022,CINELINE,EQ,,,,,CINELINE INDIA LIMITED,91.9,91.9,88.03,90.07,90.9,90.7,,90.07,,,14044,1276597.1,202,F1,1,,,,,
2026-08-06,2026-08-06,CM,NSE,STK,8024,INE039B01026,CINEVISTA,EQ,,,,,CINEVISTA LIMITED,14.9,15.13,14.77,14.81,14.81,14.9,,14.73,,,12459,185546.05,50,F1,1,,,,,
2026-08-06,2026-08-06,CM,NSE,STK,694,INE059A01026,CIPLA,EQ,,,,,CIPLA LTD,1461.0,1488.1,1461.0,1477.0,1477.0,1458.8,,1476.99,,,1462279,2161853861.5,73460,F1,1,,,,,
2026-08-06,2026-08-06,CM,NSE,STK,763149,INE2Q7823014,CITIUSINVT,IV,,,,,CITIUS TRANSNET INV TRUST,109.13,110.5,109.13,110.08,110.5,109.87,,110.06,,,562076,61828889.77,1216,F1,1,,,,,
2026-08-06,2026-08-06,CM,NSE,STK,5701,INE491A01021,CUB,EQ,,,,,CITY UNION BANK LTD,205.0,210.1,203.22,208.39,208.25,204.56,,208.39,,,3131786,649523642.69,36412,F1,1,,,,,
2026-08-06,2026-08-06,CM,NSE,STK,20233,INE201M01029,CLEDUCATE,BE,,,,,CL EDUCATE LIMITED,58.99,59.88,57.23,59.77,59.8,58.78,,59.77,,,18582,1097150.45,120,F1,1,,,,,
2026-08-06,2026-08-06,CM,NSE,STK,758739,INE0UQ601012,CLASSICEIL,ST,,,,,CLASSIC ELECTRODE (IND) L,58.4,58.4,56.95,56.95,56.95,59.9,,56.95,,,27200,1554880.0,17,F1,1600,,,,,
2026-08-06,2026-08-06,CM,NSE,STK,754695,INE1QGM01024,CLAYCRAFT,SM,,,,,CLAY CRAFT INDIA LIMITED,178.6,183.0,178.6,182.35,182.0,180.7,,182.35,,,46800,8448630.0,61,F1,600,,,,,
2026-08-06,2026-08-06,CM,NSE,STK,13846,INE376C01038,CLCIND,BE,,,,,CLC INDUSTRIES LIMITED,55.67,55.67,55.67,55.67,55.67,58.59,,39.65,,,557,31008.19,8,F1,1,,,,,
2026-08-06,2026-08-06,CM,NSE,STK,760183,INE647U01026,CLEANMAX,EQ,,,,,CLEAN MAX ENVIRO EN SOL L,1390.2,1415.0,1340.0,1357.8,1354.0,1380.8,,1357.6,,,224976,311032798.8,20005,F1,1,,,,,
2026-08-06,2026-08-06,CM,NSE,STK,5049,INE227W01023,CLEAN,EQ,,,,,CLEAN SCIENCE & TECH LTD,771.95,781.25,765.0,771.65,770.0,768.95,,771.69,,,297900,230211448.0,17971,F1,1,,,,,
2026-08-06,2026-08-06,CM,NSE,STK,760143,INE1EF801010,CSSL,SM,,,,,CLEAR SECURED SERVICES L,105.0,107.0,102.85,104.0,104.0,104.0,,104.0,,,24000,2520450.0,23,F1,1000,,,,,
2026-08-06,2026-08-06,CM,NSE,STK,30893,INE00WV01027,CMRGREEN,EQ,,,,,CMR GREEN TECHNOLOGIES L,227.4,237.0,225.5,231.47,231.5,226.88,,231.45,,,1343882,312639461.06,20179,F1,1,,,,,
2026-08-06,2026-08-06,CM,NSE,STK,7603,INE925R01014,CMSINFO,EQ,,,,,CMS INFO SYSTEMS LIMITED,275.0,279.4,275.0,277.55,277.0,273.9,,277.54,,,350373,97130441.8,8135,F1,1,,,,,
2026-08-06,2026-08-06,CM,NSE,STK,20374,INE522F01014,COALINDIA,EQ,,,,,COAL INDIA LTD,414.5,415.75,412.15,415.6,415.6,415.5,,415.58,,,4753639,1967083944.4,84313,F1,1,,,,,
2026-08-06,2026-08-06,CM,NSE,STK,6006,INE377E01024,COASTCORP,EQ,,,,,COASTAL CORPORATION LTD,47.57,48.54,43.92,45.03,45.07,47.57,,45.03,,,576727,26074096.49,3246,F1,1,,,,,
2026-08-06,2026-08-06,CM,NSE,STK,21508,INE704P01025,COCHINSHIP,EQ,,,,,COCHIN SHIPYARD LIMITED,1425.0,1499.9,1416.5,1490.0,1490.0,1425.0,,1489.9,,,3352181,4942746435.7,95134,F1,1,,,,,
2026-08-06,2026-08-06,CM,NSE,STK,11169,INE335K01011,COFFEEDAY,BE,,,,,COFFEE DAY ENTERPRISE LTD,34.5,34.7,32.5,34.1,34.3,34.12,,34.16,,,581851,19660137.39,1370,F1,1,,,,,
2026-08-06,2026-08-06,CM,NSE,STK,11543,INE591G01025,COFORGE,EQ,,,,,COFORGE LIMITED,1813.9,1813.9,1757.9,1772.8,1772.8,1777.0,,1772.83,,,1606627,2860980410.4,78891,F1,1,,,,,
2026-08-06,2026-08-06,CM,NSE,STK,17945,INE03QK01018,COHANCE,EQ,,,,,COHANCE LIFESCIENCES LTD,417.9,466.95,416.9,438.9,436.0,429.45,,438.93,,,6018027,2662205099.3,122259,F1,1,,,,,
2026-08-06,2026-08-06,CM,NSE,STK,15141,INE259A01022,COLPAL,EQ,,,,,COLGATE PALMOLIVE LTD.,2040.0,2041.6,2025.5,2028.4,2028.4,2040.0,,2028.4,,,280296,569950584.2,26112,F1,1,,,,,
2026-08-06,2026-08-06,CM,NSE,STK,762628,INE819A01049,COMFINTE,EQ,,,,,COMFORT INTECH LTD.,6.4,6.85,6.14,6.72,6.82,6.27,,6.7,,,372628,2435347.72,523,F1,1,,,,,
2026-08-06,2026-08-06,CM,NSE,STK,21578,INE073V01015,COMSYN,EQ,,,,,COMMERCIAL SYN BAGS LTD,210.0,226.4,205.25,209.58,208.0,209.72,,209.57,,,1181335,254428065.61,14708,F1,1,,,,,
2026-08-06,2026-08-06,CM,NSE,STK,19516,INE597Z01014,COMMITTED,ST,,,,,COMMITTED CARGO CARE LTD,340.15,350.0,340.1,350.0,350.0,350.0,,350.0,,,161600,56419080.0,50,F1,800,,,,,
2026-08-06,2026-08-06,CM,NSE,STK,19670,INE070C01037,COMPINFO,BZ,,,,,COMPUAGE INFOCOM LTD,1.1,1.19,1.1,1.1,1.16,1.15,,1.11,,,27364,30547.0,47,F1,1,,,,,
2026-08-06,2026-08-06,CM,NSE,STK,31138,INE453B01029,COMPUSOFT,EQ,,,,,COMPUCOM SOFTWARE LTD,13.42,13.42,12.97,13.08,13.05,13.14,,13.08,,,39131,512973.93,388,F1,1,,,,,
2026-08-06,2026-08-06,CM,NSE,STK,342,INE596I01020,CAMS,EQ,,,,,COMPUTER AGE MNGT SER LTD,812.0,814.55,798.25,799.45,799.45,811.85,,799.45,,,808249,648700440.95,33801,F1,1,,,,,
2026-08-06,2026-08-06,CM,NSE,STK,18060,INE338H01029,CONCORDBIO,EQ,,,,,CONCORD BIOTECH LIMITED,1391.9,1413.0,1365.0,1374.7,1375.0,1385.0,,1374.71,,,112184,155628600.9,11857,F1,1,,,,,
2026-08-06,2026-08-06,CM,NSE,STK,28764,INE037Z01029,CEWATER,EQ,,,,,CONCORD ENVIRO SYSTEMS L,277.3,279.8,275.0,276.65,275.0,278.1,,276.81,,,41336,11449880.95,1682,F1,1,,,,,
2026-08-06,2026-08-06,CM,NSE,STK,10238,INE552D01024,CONFIPET,EQ,,,,,CONFIDENCE PETRO IND LTD.,82.11,82.99,77.77,79.39,79.5,81.8,,79.37,,,1931883,155290418.25,11608,F1,1,,,,,
2026-08-06,2026-08-06,CM,NSE,STK,758453,INE0EAS01014,CONNPLEX,SM,,,,,CONNPLEX CINEMAS LIMITED,198.15,208.0,198.1,204.4,205.1,202.0,,204.4,,,25600,5214040.0,25,F1,800,,,,,
2026-08-06,2026-08-06,CM,NSE,STK,14992,INE429I01024,CCCL,EQ,,,,,CONS. CONST. CONSORT LTD,15.69,15.9,15.52,15.6,15.6,15.69,,15.6,,,155717,2438482.39,386,F1,1,,,,,
2026-08-06,2026-08-06,CM,NSE,STK,11732,INE025A01027,CONSOFINVT,BE,,,,,CONSO. FIN. & HOLD. LTD.,320.0,320.0,298.0,300.3,305.0,312.05,,300.3,,,5602,1700925.85,85,F1,1,,,,,
2026-08-06,2026-08-06,CM,NSE,STK,4749,INE111A01025,CONCOR,EQ,,,,,CONTAINER CORP OF IND LTD,519.0,522.0,510.0,512.0,512.0,516.35,,511.89,,,788586,406517724.1,28710,F1,1,,,,,
2026-08-06,2026-08-06,CM,NSE,STK,17477,INE663B01015,CONTROLPR,EQ,,,,,CONTROL PRINT LIMITED,572.55,572.7,561.3,562.15,562.0,571.0,,562.29,,,12479,7066653.0,1621,F1,1,,,,,
2026-08-06,2026-08-06,CM,NSE,STK,8567,INE0HS001028,COOLCAPS,ST,,,,,COOL CAPS INDUSTRIES LTD,21.0,22.0,21.0,21.9,21.6,21.75,,21.9,,,46250,1007000.0,17,F1,1250,,,,,
2026-08-06,2026-08-06,CM,NSE,STK,4007,INE558D01021,CORALFINAC,EQ,,,,,CORAL INDIA FIN & HOUS LT,33.5,34.99,33.15,33.48,33.4,33.46,,33.76,,,270800,9268716.75,892,F1,1,,,,,
2026-08-06,2026-08-06,CM,NSE,STK,15275,INE792I01017,CORDSCABLE,BE,,,,,CORDS CABLE INDUS LTD.,225.0,229.0,218.2,222.46,222.4,223.29,,222.47,,,21495,4813596.17,276,F1,1,,,,,
2026-08-06,2026-08-06,CM,NSE,STK,739,INE169A01031,COROMANDEL,EQ,,,,,COROMANDEL INTERNTL. LTD,2086.4,2096.2,2043.0,2083.1,2082.0,2086.4,,2082.86,,,93460,193930354.2,12278,F1,1,,,,,
2026-08-06,2026-08-06,CM,NSE,STK,760254,INE02ZQ01018,CORONA,EQ,,,,,CORONA REMEDIES LIMITED,2120.3,2123.9,2035.0,2045.5,2041.0,2096.7,,2045.52,,,44125,91235450.4,6352,F1,1,,,,,
2026-08-06,2026-08-06,CM,NSE,STK,742,INE757A01017,COSMOFIRST,EQ,,,,,COSMO FIRST LIMITED,916.0,919.9,862.0,871.95,877.0,915.8,,871.94,,,176631,155826019.9,9934,F1,1,,,,,
2026-08-06,2026-08-06,CM,NSE,STK,6385,INE652F01027,CCHHL,EQ,,,,,COUNTRY CLUB HOSP HOL LTD,12.72,13.47,12.72,12.78,12.76,12.93,,12.78,,,29499,382443.38,126,F1,1,,,,,
2026-08-06,2026-08-06,CM,NSE,STK,16986,INE695B01025,COUNCODOS,EQ,,,,,COUNTRY CONDO S LIMITED,6.05,6.49,5.8,6.22,6.18,5.93,,6.23,,,56906,348164.69,223,F1,1,,,,,
2026-08-06,2026-08-06,CM,NSE,STK,20090,INE521J01018,CPCAP,BE,,,,,CP CAPITAL LIMITED,113.95,113.95,112.9,112.95,113.0,114.18,,112.66,,,1891,213704.73,22,F1,1,,,,,
2026-08-06,2026-08-06,CM,NSE,STK,2328,INF457M01133,CPSEETF,EQ,,,,,CPSE ETF,96.63,96.63,93.87,94.21,94.3,94.74,,94.21,,,1103837,103954990.46,15429,F1,1,,,,,
2026-08-06,2026-08-06,CM,NSE,STK,2854,INE00LO01017,CRAFTSMAN,EQ,,,,,CRAFTSMAN AUTOMATION LTD,10464.5,10644.0,10316.5,10555.0,10500.0,10408.5,,10555.77,,,40822,429231480.0,12069,F1,1,,,,,
2026-08-06,2026-08-06,CM,NSE,STK,16419,INE0OFK01019,CRAYONS,SM,,,,,CRAYONS ADVERTISING LTD,27.2,28.35,27.2,27.2,27.2,27.0,,27.2,,,12000,327850.0,4,F1,1000,,,,,
2026-08-06,2026-08-06,CM,NSE,STK,9384,INE230B01021,CREATIVEYE,EQ,,,,,CREATIVE EYE LIMITED,6.29,6.7,5.76,6.27,6.49,6.14,,6.27,,,36956,225201.5,206,F1,1,,,,,
2026-08-06,2026-08-06,CM,NSE,STK,23468,INE0R7401011,CGRAPHICS,SM,,,,,CREATIVE GRAPHICS S IND L,144.5,144.5,141.6,142.25,142.85,145.0,,142.25,,,24800,3533080.0,27,F1,800,,,,,
2026-08-06,2026-08-06,CM,NSE,STK,11155,INE985W01018,CNL,EQ,,,,,CREATIVE NEWTECH LIMITED,1142.0,1142.0,1062.0,1089.45,1099.0,1131.65,,1089.4,,,78752,86224302.65,6476,F1,1,,,,,
2026-08-06,2026-08-06,CM,NSE,STK,4425,INE741K01010,CREDITACC,BL,,,,,CREDITACCESS GRAMEEN LTD,1482.0,1482.0,1482.0,1482.0,1482.0,1432.5,,1482.0,,,3657500,5420415000.0,12,F1,999999999,,,,,
2026-08-06,2026-08-06,CM,NSE,STK,4421,INE741K01010,CREDITACC,EQ,,,,,CREDITACCESS GRAMEEN LTD,1527.0,1559.4,1518.4,1547.0,1535.2,1527.6,,1546.99,,,233078,359342160.4,20907,F1,1,,,,,
2026-08-06,2026-08-06,CM,NSE,STK,20878,INE220Q01020,MUFTI,EQ,,,,,CREDO BRANDS MARKETING L,81.69,88.5,81.69,87.44,88.1,81.69,,87.43,,,210664,17973617.3,2668,F1,1,,,,,
2026-08-06,2026-08-06,CM,NSE,STK,13900,INE559D01011,CREST,EQ,,,,,CREST VENTURES LIMITED,388.15,389.95,376.45,378.9,381.95,380.8,,378.9,,,624,236889.3,64,F1,1,,,,,
2026-08-06,2026-08-06,CM,NSE,STK,757,INE007A01025,CRISIL,EQ,,,,,CRISIL LTD,4488.1,4573.0,4425.0,4550.6,4555.0,4475.6,,4550.54,,,88604,400768261.9,13071,F1,1,,,,,
2026-08-06,2026-08-06,CM,NSE,STK,757850,INE0S4R01014,CRIZAC,EQ,,,,,CRIZAC LIMITED,185.2,186.0,181.8,185.12,185.5,183.21,,185.12,,,470782,86447708.63,7247,F1,1,,,,,
2026-08-06,2026-08-06,CM,NSE,STK,17094,INE299U01018,CROMPTON,EQ,,,,,CROMPT GREA CON ELEC LTD,267.4,270.55,265.7,270.0,270.0,266.1,,270.0,,,2143916,575293538.2,21318,F1,1,,,,,
2026-08-06,2026-08-06,CM,NSE,STK,18260,INE00NH01017,CLSL,SM,,,,,CROP LIFE SCIENCE LIMITED,68.0,68.0,68.0,68.0,68.0,68.0,,68.0,,,6000,408000.0,3,F1,2000,,,,,
2026-08-06,2026-08-06,CM,NSE,STK,8083,INE491V01019,CROWN,EQ,,,,,CROWN LIFTERS LIMITED,115.5,115.5,113.06,113.98,114.0,115.42,,113.98,,,4048,463699.6,83,F1,1,,,,,
2026-08-06,2026-08-06,CM,NSE,STK,14966,INE679A01013,CSBBANK,EQ,,,,,CSB BANK LIMITED,327.6,330.5,321.2,323.95,324.9,326.55,,323.92,,,446301,145790760.45,8342,F1,1,,,,,
2026-08-06,2026-08-06,CM,NSE,STK,10350,INE718F01018,CSLFINANCE,EQ,,,,,CSL FINANCE LIMITED,218.0,221.5,211.5,213.04,214.37,217.99,,213.04,,,37857,8154409.44,810,F1,1,,,,,
2026-08-06,2026-08-06,CM,NSE,STK,763753,INE0ZK601013,CSM,EQ,,,,,CSM TECHNOLOGIES LIMITED,100.94,105.1,99.02,102.58,102.5,100.94,,102.6,,,794440,82156016.29,5612,F1,1,,,,,
2026-08-06,2026-08-06,CM,NSE,STK,15078,INE0NR623014,CUBEINVIT,IV,,,,,CUBE HIGHWAYS TRUST,158.2,158.6,157.04,158.35,158.6,157.81,,158.35,,,707726,111513386.68,22989,F1,1,,,,,
2026-08-06,2026-08-06,CM,NSE,STK,4064,INE144D01012,CUBEXTUB,EQ,,,,,CUBEX TUBINGS LTD,79.4,81.79,78.3,80.05,80.5,78.12,,80.01,,,70407,5651175.33,1160,F1,1,,,,,
2026-08-06,2026-08-06,CM,NSE,STK,1901,INE298A01020,CUMMINSIND,EQ,,,,,CUMMINS INDIA LTD,5175.0,5455.0,5175.0,5402.0,5402.0,5440.0,,5402.0,,,2063594,11053233659.0,127586,F1,1,,,,,
2026-08-06,2026-08-06,CM,NSE,STK,18520,INE509F01029,CUPID,EQ,,,,,CUPID LIMITED,254.0,263.0,253.8,262.61,263.0,252.11,,262.61,,,38625175,10059599421.72,202474,F1,1,,,,,
2026-08-06,2026-08-06,CM,NSE,STK,30189,INE117B01020,CURAA,EQ,,,,,CURA TECHNOLOGIES LIMITED,72.0,77.9,72.0,75.1,75.1,72.0,,75.1,,,874,67191.84,42,F1,1,,,,,
2026-08-06,2026-08-06,CM,NSE,STK,759825,INE1BZN01016,CURIS,SM,,,,,CURIS LIFESCIENCES LTD,107.1,107.1,107.0,107.0,107.0,110.0,,107.0,,,2000,214100.0,2,F1,1000,,,,,
2026-08-06,2026-08-06,CM,NSE,STK,758964,INE1CRQ01014,CURRENT,SM,,,,,CURRENT INFRAPROJECTS LTD,106.0,106.0,106.0,106.0,106.0,102.45,,106.0,,,1600,169600.0,1,F1,1600,,,,,
2026-08-06,2026-08-06,CM,NSE,STK,11845,INE278G01037,CYBERMEDIA,BE,,,,,CYBER MEDIA (INDIA) LTD.,15.5,16.39,15.5,16.2,16.2,15.93,,16.2,,,6938,112839.01,29,F1,1,,,,,
2026-08-06,2026-08-06,CM,NSE,STK,11447,INE075Z01011,CMRSL,SM,,,,,CYBER MEDIA RES & SER LTD,64.0,64.0,60.4,60.4,60.4,62.85,,60.4,,,2400,150720.0,2,F1,800,,,,,
2026-08-06,2026-08-06,CM,NSE,STK,6054,INE214A01019,CYBERTECH,BE,,,,,CYBERTECH SYSTEMS & SOFTW,139.95,139.95,137.01,137.49,138.6,138.32,,137.52,,,12290,1695443.25,211,F1,1,,,,,
2026-08-06,2026-08-06,CM,NSE,STK,17187,INE055S01018,CYIENTDLM,EQ,,,,,CYIENT DLM LIMITED,665.0,678.15,650.0,662.5,652.0,664.85,,662.52,,,405473,270395392.6,18463,F1,1,,,,,
2026-08-06,2026-08-06,CM,NSE,STK,5748,INE136B01020,CYIENT,EQ,,,,,CYIENT LIMITED,866.65,872.9,852.05,854.9,855.5,864.55,,854.89,,,327050,280857244.4,20336,F1,1,,,,,
2026-08-06,2026-08-06,CM,NSE,STK,16902,INE864X01013,DPWIRES,BE,,,,,D P WIRES LIMITED,169.99,169.99,166.0,166.43,167.5,166.35,,166.53,,,3907,653413.19,139,F1,1,,,,,
2026-08-06,2026-08-06,CM,NSE,STK,17851,INE250K01012,DLINKINDIA,EQ,,,,,D-LINK INDIA LTD,447.0,448.3,442.0,443.3,442.2,447.0,,443.28,,,75153,33410684.45,2798,F1,1,,,,,
2026-08-06,2026-08-06,CM,NSE,STK,936,INE266Y01019,DPABHUSHAN,EQ,,,,,D. P. ABHUSHAN LIMITED,1509.9,1510.1,1450.1,1458.8,1465.0,1495.2,,1458.57,,,18502,27179769.9,1949,F1,1,,,,,
2026-08-06,2026-08-06,CM,NSE,STK,17881,INE950I01011,DBCORP,EQ,,,,,D.B.CORP LTD,210.38,213.8,209.26,210.65,210.01,210.19,,210.66,,,137968,29217542.15,4859,F1,1,,,,,
2026-08-06,2026-08-06,CM,NSE,STK,772,INE016A01026,DABUR,EQ,,,,,DABUR INDIA LTD,415.0,415.2,411.05,411.3,411.3,414.0,,411.32,,,1596570,660430366.25,29252,F1,1,,,,,
2026-08-06,2026-08-06,CM,NSE,STK,762636,INE928C01010,DAICHI,BE,,,,,DAI-ICHI KARKARIA LTD.,310.0,326.0,310.0,322.2,325.5,318.8,,322.97,,,4315,1347177.25,27,F1,1,,,,,
2026-08-06,2026-08-06,CM,NSE,STK,8075,INE00R701025,DALBHARAT,EQ,,,,,DALMIA BHARAT LIMITED,1835.0,1842.0,1819.8,1822.5,1822.5,1838.1,,1822.52,,,124954,228405551.7,6175,F1,1,,,,,
2026-08-06,2026-08-06,CM,NSE,STK,781,INE495A01022,DALMIASUG,EQ,,,,,DALMIA BHARAT SUG IN LTD,393.4,405.0,388.3,395.8,394.05,393.3,,395.81,,,300066,119011511.5,7278,F1,1,,,,,
2026-08-06,2026-08-06,CM,NSE,STK,28662,INE284H01025,DAMCAPITAL,EQ,,,,,DAM CAPITAL ADVISORS LTD,155.73,155.73,153.1,154.44,154.1,153.41,,154.44,,,148696,22957623.5,2363,F1,1,,,,,
2026-08-06,2026-08-06,CM,NSE,STK,17569,INE497D01022,DAMODARIND,BE,,,,,DAMODAR INDUSTRIES LTD,28.85,28.85,28.0,28.5,28.5,28.05,,28.5,,,1715,48057.85,10,F1,1,,,,,
2026-08-06,2026-08-06,CM,NSE,STK,1110,INE688Y01022,DANGEE,EQ,,,,,DANGEE DUMS LIMITED,2.99,3.05,2.95,2.95,3.0,2.99,,2.95,,,54542,162475.61,100,F1,1,,,,,
2026-08-06,2026-08-06,CM,NSE,STK,25927,INE0YU901016,DANISH,SM,,,,,DANISH POWER LIMITED,827.0,838.0,815.0,825.9,823.1,826.75,,825.9,,,15900,13114650.0,80,F1,150,,,,,
2026-08-06,2026-08-06,CM,NSE,STK,7358,INE0IX101010,DATAPATTNS,EQ,,,,,DATA PATTERNS INDIA LTD,4415.0,4458.1,4271.8,4392.6,4379.0,4446.6,,4392.51,,,1005390,4396226733.6,81847,F1,1,,,,,
2026-08-06,2026-08-06,CM,NSE,STK,11423,INE365B01017,DATAMATICS,EQ,,,,,DATAMATICS GLOBAL SER LTD,860.0,876.15,848.0,853.25,848.25,877.15,,853.23,,,279914,240998956.5,17080,F1,1,,,,,
2026-08-06,2026-08-06,CM,NSE,STK,21794,INE179G01029,DAVANGERE,EQ,,,,,DAVANGERE SUGAR COMPANY L,3.22,3.22,3.08,3.09,3.09,3.12,,3.09,,,6047600,18804118.47,3055,F1,1,,,,,
2026-08-06,2026-08-06,CM,NSE,STK,31111,INE921B01025,DBSTOCKBRO,BE,,,,,DB (INT) STOCK BROKERS,33.37,33.37,32.13,32.66,32.31,33.49,,32.57,,,9601,311222.34,54,F1,1,,,,,
2026-08-06,2026-08-06,CM,NSE,STK,11566,INE0A1101019,DCI,EQ,,,,,DC INFOTECH AND COMUN LTD,355.0,360.2,344.4,350.9,350.05,350.2,,350.86,,,27286,9546325.05,1032,F1,1,,,,,
2026-08-06,2026-08-06,CM,NSE,STK,13725,INE503A01015,DCBBANK,EQ,,,,,DCB BANK LIMITED,189.12,196.71,189.12,194.93,194.95,189.12,,194.93,,,2804380,544513774.09,21524,F1,1,,,,,
2026-08-06,2026-08-06,CM,NSE,STK,761737,INE04Q907181,1275DCCL28,N0,,,,,DCCL 12.75% 2028,9974.67,9974.67,9974.0,9974.67,9974.67,9820.0,,9974.67,,,26,259338.07,4,F1,1,,,,,
2026-08-06,2026-08-06,CM,NSE,STK,23520,INE0S8401018,DCG,SM,,,,,DCG CABLES & WIRES LTD,57.0,57.5,55.65,55.65,55.65,55.9,,55.65,,,18000,1024440.0,13,F1,1200,,,,,
2026-08-06,2026-08-06,CM,NSE,STK,4775,INE891B01012,DCMFINSERV,EQ,,,,,DCM FINANCIAL SERVICES LT,5.02,5.89,5.02,5.55,5.45,5.36,,5.55,,,61809,351415.52,153,F1,1,,,,,
2026-08-06,2026-08-06,CM,NSE,STK,7323,INE498A01018,DCM,BE,,,,,DCM LIMITED,82.58,83.0,81.0,82.21,82.21,82.58,,82.21,,,3114,257772.97,39,F1,1,,,,,
2026-08-06,2026-08-06,CM,NSE,STK,11041,INE08KP01019,DCMNVL,BE,,,,,DCM NOUVELLE LIMITED,154.2,163.79,154.2,160.78,162.9,156.76,,160.78,,,8993,1438440.76,76,F1,1,,,,,
2026-08-06,2026-08-06,CM,NSE,STK,760893,INE0OFM01015,DSFCL,BE,,,,,DCM SHRIRAM FINE CHEM LTD,25.48,25.6,25.48,25.6,25.6,26.0,,25.97,,,82590,2105004.02,94,F1,1,,,,,
2026-08-06,2026-08-06,CM,NSE,STK,7325,INE843D01027,DCMSRIND,EQ,,,,,DCM SHRIRAM IND LTD,43.7,44.2,42.52,42.76,43.29,43.7,,42.73,,,137841,5973932.58,1784,F1,1,,,,,
2026-08-06,2026-08-06,CM,NSE,STK,760898,INE0OU201013,DCMSIL,BE,,,,,DCM SHRIRAM INTERNATNL L,83.87,85.92,83.87,85.92,85.92,81.83,,85.92,,,85831,7371200.44,272,F1,1,,,,,
2026-08-06,2026-08-06,CM,NSE,STK,811,INE499A01024,DCMSHRIRAM,EQ,,,,,DCM SHRIRAM LIMITED,1017.9,1019.0,1006.9,1010.4,1008.0,1010.0,,1010.35,,,53791,54416106.4,6634,F1,1,,,,,
2026-08-06,2026-08-06,CM,NSE,STK,817,INE500A01029,DCW,EQ,,,,,DCW LTD,47.7,48.7,46.5,46.69,46.78,46.56,,46.69,,,1892278,89433740.87,7215,F1,1,,,,,
2026-08-06,2026-08-06,CM,NSE,STK,11895,INE0KL801015,DCXINDIA,EQ,,,,,DCX SYSTEMS LIMITED,180.59,184.8,179.52,181.84,183.1,180.17,,181.82,,,549292,100399512.67,7373,F1,1,,,,,
2026-08-06,2026-08-06,CM,NSE,STK,29098,INE0HR601026,DDEVPLSTIK,EQ,,,,,DDEV PLASTIKS IND LTD,288.4,313.0,287.65,310.6,312.95,288.4,,310.6,,,748894,229441616.05,16149,F1,1,,,,,
2026-08-06,2026-08-06,CM,NSE,STK,15449,INE0JWV01011,DENEERS,SM,,,,,DE NEERS TOOLS LIMITED,176.0,182.9,173.15,179.15,180.0,176.35,,179.15,,,28200,5040750.0,33,F1,600,,,,,
2026-08-06,2026-08-06,CM,NSE,STK,4279,INE244A01016,DENORA,EQ,,,,,DE NORA INDIA LIMITED,885.25,902.65,867.0,869.95,867.0,885.25,,870.54,,,5378,4744334.25,489,F1,1,,,,,
2026-08-06,2026-08-06,CM,NSE,STK,14838,INE583C01021,DECCANCE,EQ,,,,,DECCAN CEMENTS LIMITED,570.35,585.85,570.35,578.25,576.05,571.2,,578.23,,,12116,6995322.8,616,F1,1,,,,,
2026-08-06,2026-08-06,CM,NSE,STK,762638,INE945F01025,DECNGOLD,EQ,,,,,DECCAN GOLD MINES LTD.,202.5,232.0,202.5,225.43,227.0,199.03,,225.45,,,21194506,4749642675.12,174325,F1,1,,,,,
2026-08-06,2026-08-06,CM,NSE,STK,24156,INE841L01016,DEEDEV,BE,,,,,DEE DEVELOPMENT ENG LTD,650.0,662.0,640.4,651.65,649.0,665.9,,651.89,,,137209,89139992.8,4299,F1,1,,,,,
2026-08-06,2026-08-06,CM,NSE,STK,3292,INE0FHS01024,DEEPINDS,EQ,,,,,DEEP INDUSTRIES LIMITED,639.1,642.8,613.05,627.0,622.0,643.6,,626.9,,,526380,329454524.0,15572,F1,1,,,,,
2026-08-06,2026-08-06,CM,NSE,STK,25894,INE0OPA01027,DBEIL,BE,,,,,DEEPAK BUILDERS & ENG I L,7.42,7.42,7.14,7.26,7.29,7.27,,7.26,,,91195,662667.58,207,F1,1,,,,,
2026-08-06,2026-08-06,CM,NSE,STK,827,INE501A01019,DEEPAKFERT,EQ,,,,,DEEPAK FERTILIZERS & PETR,1600.1,1602.0,1545.0,1559.0,1557.4,1594.4,,1558.99,,,320790,500821045.0,21659,F1,1,,,,,
2026-08-06,2026-08-06,CM,NSE,STK,19943,INE288B01029,DEEPAKNTR,EQ,,,,,DEEPAK NITRITE LTD,1737.0,1763.7,1720.5,1750.4,1751.0,1736.7,,1750.33,,,429324,750950957.3,26950,F1,1,,,,,
2026-08-06,2026-08-06,CM,NSE,STK,22527,INE0SK801018,DELAPLEX,SM,,,,,DELAPLEX LIMITED,92.9,92.9,87.7,88.4,87.85,88.5,,88.4,,,19800,1769370.0,19,F1,600,,,,,
2026-08-06,2026-08-06,CM,NSE,STK,9599,INE148O01028,DELHIVERY,EQ,,,,,DELHIVERY LIMITED,470.5,473.45,463.6,463.6,463.6,470.25,,463.6,,,1689564,792328892.9,22882,F1,1,,,,,
2026-08-06,2026-08-06,CM,NSE,STK,24395,INE726L01027,DELPHIFX,BE,,,,,DELPHI WORLD MONEY LTD,7.05,7.15,6.61,6.73,6.95,6.89,,6.75,,,44843,304781.15,135,F1,1,,,,,
2026-08-06,2026-08-06,CM,NSE,STK,29092,INE0XRN01019,DELTIC,SM,,,,,DELTA AUTOCORP LIMITED,35.15,36.3,35.0,36.3,36.3,35.15,,36.3,,,12000,429750.0,8,F1,1000,,,,,
2026-08-06,2026-08-06,CM,NSE,STK,15044,INE124G01033,DELTACORP,EQ,,,,,DELTA CORP LIMITED,64.0,64.0,63.21,63.45,63.35,63.52,,63.45,,,465980,29592517.06,3047,F1,1,,,,,
2026-08-06,2026-08-06,CM,NSE,STK,1214,INE393A01011,DELTAMAGNT,EQ,,,,,DELTA MANUFACTURING LTD,59.4,59.4,57.5,58.44,58.5,57.15,,58.38,,,7539,443630.07,85,F1,1,,,,,
2026-08-06,2026-08-06,CM,NSE,STK,17722,INE947J01015,DEN,EQ,,,,,DEN NETWORKS LTD,27.7,27.87,27.3,27.36,27.33,27.44,,27.36,,,230105,6312040.55,1191,F1,1,,,,,
2026-08-06,2026-08-06,CM,NSE,STK,29256,INE0R4L01018,DENTA,EQ,,,,,DENTA WATER N INFRA SOL L,348.05,350.8,330.6,335.25,334.25,350.45,,335.25,,,386504,129726910.45,10749,F1,1,,,,,
2026-08-06,2026-08-06,CM,NSE,STK,759079,INE0VOV01021,DEVX,EQ,,,,,DEV ACCELERATOR LIMITED,33.77,34.55,33.75,34.04,34.0,33.94,,34.05,,,181453,6192148.62,4400,F1,1,,,,,
2026-08-06,2026-08-06,CM,NSE,STK,8146,INE060X01034,DEVIT,EQ,,,,,DEV INFO TECHNOLOGY LTD,27.01,27.55,27.01,27.06,27.1,27.13,,27.06,,,17498,477362.87,214,F1,1,,,,,
2026-08-06,2026-08-06,CM,NSE,STK,5373,INE872J01023,DEVYANI,EQ,,,,,DEVYANI INTERNATIONAL LTD,124.96,125.4,122.93,123.86,124.15,125.09,,123.86,,,4720615,587368684.05,20401,F1,1,,,,,
2026-08-06,2026-08-06,CM,NSE,STK,10893,INE0I3401014,DBOL,EQ,,,,,DHAMPUR BIO ORGANICS LTD,112.25,112.86,108.35,110.92,110.28,112.27,,110.92,,,133125,14778736.28,1964,F1,1,,,,,
2026-08-06,2026-08-06,CM,NSE,STK,857,INE041A01016,DHAMPURSUG,EQ,,,,,DHAMPUR SUGAR MILLS LTD.,148.45,152.24,147.8,149.41,148.1,149.3,,149.36,,,252333,37885855.64,3984,F1,1,,,,,
2026-08-06,2026-08-06,CM,NSE,STK,11359,INE680A01011,DHANBANK,EQ,,,,,DHANLAXMI BANK LIMITED,32.75,33.18,32.32,32.74,32.52,32.7,,32.74,,,950556,31113206.37,3767,F1,1,,,,,
2026-08-06,2026-08-06,CM,NSE,STK,27723,INE0V9V01010,DHANLAXMI,SM,,,,,DHANLAXMI CROP SCIENCE L,24.7,25.5,24.7,24.75,24.7,26.05,,24.75,,,14000,348000.0,5,F1,2000,,,,,
2026-08-06,2026-08-06,CM,NSE,STK,24409,INE435G01025,DHANUKA,EQ,,,,,DHANUKA AGRITECH LTD,1005.3,1035.0,992.0,1026.6,1029.0,1005.5,,1026.06,,,41872,42534911.5,3285,F1,1,,,,,
2026-08-06,2026-08-06,CM,NSE,STK,18769,INE704V01015,DIRL,SM,,,,,DHANUKA INFRA REALTY LTD,10.55,10.55,10.55,10.55,10.55,10.85,,10.55,,,6000,63300.0,1,F1,6000,,,,,
2026-08-06,2026-08-06,CM,NSE,STK,759203,INE278R01034,DHARAN,BZ,,,,,DHARAN INFRA-EPC LIMITED,0.16,0.16,0.15,0.15,0.16,0.15,,0.15,,,5446044,846965.42,1078,F1,1,,,,,
2026-08-06,2026-08-06,CM,NSE,STK,24747,INE0YRN01025,DHARIWAL,SM,,,,,DHARIWALCORP LIMITED,18.15,22.15,18.15,22.15,22.15,20.15,,22.15,,,1662000,33027900.0,307,F1,3000,,,,,
2026-08-06,2026-08-06,CM,NSE,STK,13001,INE00OQ01016,DHARMAJ,EQ,,,,,DHARMAJ CROP GUARD LTD,270.9,277.7,260.2,264.85,267.0,270.25,,264.8,,,329506,87422109.75,3587,F1,1,,,,,
2026-08-06,2026-08-06,CM,NSE,STK,6860,INE506Z01015,DHRUV,BE,,,,,DHRUV CONSULTANCY SER LTD,25.35,25.35,24.55,24.72,24.72,25.4,,24.72,,,1820,45142.12,64,F1,1,,,,,
2026-08-06,2026-08-06,CM,NSE,STK,22233,INE320L01011,DHUNINV,EQ,,,,,DHUNSERI INVESTMENTS LTD,892.0,937.0,887.5,917.55,913.6,890.25,,917.55,,,389,358597.25,84,F1,1,,,,,
2026-08-06,2026-08-06,CM,NSE,STK,6227,INE341R01014,DTIL,EQ,,,,,DHUNSERI TEA & IND. LTD.,134.16,136.0,131.66,132.98,133.0,133.5,,132.98,,,3434,462500.47,96,F1,1,,,,,
2026-08-06,2026-08-06,CM,NSE,STK,15214,INE477B01010,DVL,EQ,,,,,DHUNSERI VENTURES LIMITED,269.7,277.0,266.0,273.01,273.8,264.0,,272.94,,,30355,8262785.85,1077,F1,1,,,,,
2026-08-06,2026-08-06,CM,NSE,STK,18644,INE591D01014,DIAMINESQ,EQ,,,,,DIAMINES & CHEMICALS LTD,267.15,274.98,260.0,266.95,266.0,262.79,,266.76,,,29496,7928659.57,885,F1,1,,,,,
2026-08-06,2026-08-06,CM,NSE,STK,18545,INE989C01038,DIACABS,BE,,,,,DIAMOND POWER INFRA LTD,338.0,348.8,334.3,348.8,348.8,332.2,,349.01,,,704735,243599474.9,3895,F1,1,,,,,
2026-08-06,2026-08-06,CM,NSE,STK,703,INE303A01010,DICIND,EQ,,,,,DIC INDIA LIMITED,514.95,528.0,504.1,523.25,511.1,514.95,,523.26,,,2558,1330900.0,76,F1,1,,,,,
2026-08-06,2026-08-06,CM,NSE,STK,25672,INE184O01015,DIFFNKG,EQ,,,,,DIFFUSION ENGINEERS LTD,425.9,453.7,422.05,443.9,447.5,424.2,,443.98,,,787650,350755741.1,19250,F1,1,,,,,
2026-08-06,2026-08-06,CM,NSE,STK,10346,INE03JI01017,DGCONTENT,EQ,,,,,DIGICONTENT LIMITED,26.11,27.6,25.1,25.19,25.1,26.01,,25.19,,,135692,3546607.57,364,F1,1,,,,,
2026-08-06,2026-08-06,CM,NSE,STK,21247,INE0PSC01024,DIGIDRIVE,EQ,,,,,DIGIDRIVE DISTRIBUTORS L,18.45,18.45,17.0,17.33,17.22,17.84,,17.34,,,44650,776915.44,385,F1,1,,,,,
2026-08-06,2026-08-06,CM,NSE,STK,19138,INE0QJ901011,DIGIKORE,SM,,,,,DIGIKORE STUDIOS LIMITED,41.05,41.05,38.1,38.6,38.1,41.8,,38.6,,,91200,3592740.0,158,F1,400,,,,,
2026-08-06,2026-08-06,CM,NSE,STK,16687,INE927C01020,DIGISPICE,BE,,,,,DIGISPICE TECHNOLOGIES LT,16.73,17.33,16.73,17.2,17.18,16.98,,17.22,,,64334,1099188.09,176,F1,1,,,,,
2026-08-06,2026-08-06,CM,NSE,STK,757515,INE0U4701011,DIGITIDE,EQ,,,,,DIGITIDE SOLUTIONS LTD,99.02,100.24,98.1,99.0,99.62,99.16,,99.01,,,183547,18187989.16,2078,F1,1,,,,,
2026-08-06,2026-08-06,CM,NSE,STK,6127,INE731U01028,DIGJAMLMTD,EQ,,,,,DIGJAM LTD,49.0,52.5,47.63,48.84,49.9,48.65,,48.8,,,6503,321842.87,100,F1,1,,,,,
2026-08-06,2026-08-06,CM,NSE,STK,641,INE016M01021,DNAMEDIA,EQ,,,,,DILIGENT MEDIA CORP LTD.,2.87,2.87,2.76,2.76,2.78,2.79,,2.76,,,42782,118990.29,73,F1,1,,,,,
2026-08-06,2026-08-06,CM,NSE,STK,18086,INE917M01012,DBL,EQ,,,,,DILIP BUILDCON LIMITED,462.35,466.0,452.5,455.25,454.0,458.45,,455.18,,,225828,103057035.85,7064,F1,1,,,,,
2026-08-06,2026-08-06,CM,NSE,STK,762643,INE131C01011,DISAQ,EQ,,,,,DISA INDIA LTD.,12228.0,12239.0,11621.0,11769.0,11731.0,12199.0,,11750.95,,,874,10399925.0,495,F1,1,,,,,
2026-08-06,2026-08-06,CM,NSE,STK,14540,INE836F01026,DISHTV,BE,,,,,DISH TV INDIA LTD.,2.82,2.84,2.74,2.76,2.75,2.81,,2.76,,,914562,2562300.84,944,F1,1,,,,,
2026-08-06,2026-08-06,CM,NSE,STK,21704,INE385W01011,DCAL,EQ,,,,,DISHMAN CARBO AMCIS LTD,195.41,199.2,190.01,194.66,194.64,195.43,,194.66,,,222101,43563602.03,4823,F1,1,,,,,
2026-08-06,2026-08-06,CM,NSE,STK,14479,INE753U01022,DIVGIITTS,EQ,,,,,DIVGI TORQTRANSFER SYST L,1002.2,1019.0,982.05,988.6,988.0,1002.2,,988.5,,,40463,40415683.5,5007,F1,1,,,,,
2026-08-06,2026-08-06,CM,NSE,STK,10940,INE361B01024,DIVISLAB,EQ,,,,,DIVI S LABORATORIES LTD,8408.0,8448.0,8268.5,8349.0,8349.0,8388.0,,8348.97,,,327434,2743923114.0,29734,F1,1,,,,,
2026-08-06,2026-08-06,CM,NSE,STK,30262,INE0NA501011,DIVINEHIRA,ST,,,,,DIVINE HIRA JEWELLERS LTD,107.9,108.8,107.5,108.8,108.8,108.0,,108.8,,,4800,518640.0,4,F1,1200,,,,,
2026-08-06,2026-08-06,CM,NSE,STK,24286,INE0SCO01019,DPEL,SM,,,,,DIVINE POWER ENERGY LTD,545.05,545.05,525.0,526.8,525.0,542.5,,526.8,,,42500,22675525.0,79,F1,500,,,,,
2026-08-06,2026-08-06,CM,NSE,STK,25680,INE0QYI01019,DIVYADHAN,ST,,,,,DIVYADHAN RECYCLING IND L,53.7,53.7,53.7,53.7,53.7,54.75,,53.7,,,2000,107400.0,1,F1,2000,,,,,
2026-08-06,2026-08-06,CM,NSE,STK,21690,INE935N01020,DIXON,EQ,,,,,DIXON TECHNO (INDIA) LTD,14310.0,14445.0,14137.0,14200.0,14200.0,14310.0,,14200.0,,,207079,2957053859.0,34234,F1,1,,,,,
2026-08-06,2026-08-06,CM,NSE,STK,12749,INE0B1K01014,DJML,EQ,,,,,DJ MEDIAPRINT & LOG LTD,106.7,111.5,104.43,110.78,109.5,105.05,,110.8,,,407091,44376184.26,4648,F1,1,,,,,
2026-08-06,2026-08-06,CM,NSE,STK,14732,INE271C01023,DLF,EQ,,,,,DLF LIMITED,652.65,656.1,636.3,642.0,642.0,649.1,,642.01,,,4883685,3143774498.4,88830,F1,1,,,,,
2026-08-06,2026-08-06,CM,NSE,STK,6973,INE505A01010,DMCC,EQ,,,,,DMCC SPECIALITY CHEMICALS,287.95,292.5,276.35,278.75,280.5,284.5,,278.8,,,135102,38708456.3,2205,F1,1,,,,,
2026-08-06,2026-08-06,CM,NSE,STK,22533,INE0OGG01015,DHTL,SM,,,,,DOCMODE HEALTH TECH LTD,32.25,32.25,32.25,32.25,32.25,32.25,,32.25,,,1600,51600.0,1,F1,800,,,,,
2026-08-06,2026-08-06,CM,NSE,STK,4822,INE021O01019,DODLA,EQ,,,,,DODLA DAIRY LIMITED,1048.0,1052.9,1040.0,1045.5,1045.1,1044.6,,1045.5,,,18015,18834229.7,3867,F1,1,,,,,
2026-08-06,2026-08-06,CM,NSE,STK,12124,INE966A01022,DOLATALGO,EQ,,,,,DOLAT ALGOTECH LIMITED,68.4,68.4,67.1,67.34,67.16,67.65,,67.34,,,117574,7948272.31,1282,F1,1,,,,,
2026-08-06,2026-08-06,CM,NSE,STK,20560,INE325C01035,DOLLAR,EQ,,,,,DOLLAR INDUSTRIES LIMITED,274.0,287.5,272.8,281.9,282.8,272.45,,281.91,,,416827,117666434.9,6860,F1,1,,,,,
2026-08-06,2026-08-06,CM,NSE,STK,13323,INE0JHH01011,DOLLEX,SM,,,,,DOLLEX AGROTECH LIMITED,30.65,30.65,30.3,30.5,30.45,30.5,,30.5,,,464000,14069800.0,17,F1,4000,,,,,
2026-08-06,2026-08-06,CM,NSE,STK,18139,INE920A01037,DOLPHIN,EQ,,,,,DOLPHIN OFF ENT (IND) L,402.0,410.0,401.55,405.75,406.0,402.2,,405.8,,,5051,2049435.7,234,F1,1,,,,,
2026-08-06,2026-08-06,CM,NSE,STK,20551,INE321T01012,DOMS,EQ,,,,,DOMS INDUSTRIES LIMITED,2250.0,2256.3,2226.1,2251.2,2250.0,2250.5,,2251.2,,,42508,95376575.9,7100,F1,1,,,,,
2026-08-06,2026-08-06,CM,NSE,STK,13839,INE668D01028,DONEAR,EQ,,,,,DONEAR IND. LIMITED,85.25,85.44,84.23,84.53,84.37,84.99,,84.53,,,5236,442815.39,118,F1,1,,,,,
2026-08-06,2026-08-06,CM,NSE,STK,15423,INE360C01024,DPSCLTD,BE,,,,,DPSC LIMITED,7.49,7.49,7.31,7.43,7.45,7.42,,7.43,,,56459,418139.32,315,F1,1,,,,,
2026-08-06,2026-08-06,CM,NSE,STK,29452,INE943P01029,AGARWALEYE,EQ,,,,,DR AGARWALS HEALTH CARE L,519.0,549.7,518.0,532.3,526.3,521.05,,532.27,,,241448,129277313.95,15125,F1,1,,,,,
2026-08-06,2026-08-06,CM,NSE,STK,762648,INE934C01018,DRAGARWQ,EQ,,,,,DR. AGARWAL'S EYE HOSP L,5220.0,5300.0,5198.0,5253.0,5255.0,5197.0,,5251.89,,,1730,9087594.5,498,F1,1,,,,,
2026-08-06,2026-08-06,CM,NSE,STK,11654,INE600L01024,LALPATHLAB,EQ,,,,,DR. LAL PATH LABS LTD.,1882.0,1949.0,1880.0,1928.0,1927.3,1887.1,,1927.98,,,427191,823453762.7,36719,F1,1,,,,,
2026-08-06,2026-08-06,CM,NSE,STK,881,INE089A01031,DRREDDY,EQ,,,,,DR. REDDY S LABORATORIES,1174.0,1174.4,1163.0,1171.0,1171.0,1176.0,,1171.02,,,1329196,1555276271.4,49819,F1,1,,,,,
2026-08-06,2026-08-06,CM,NSE,STK,2645,INE03RS01027,DRCSYSTEMS,EQ,,,,,DRC SYSTEMS INDIA LIMITED,13.34,13.96,13.26,13.76,13.89,13.34,,13.76,,,90799,1238929.17,392,F1,1,,,,,
2026-08-06,2026-08-06,CM,NSE,STK,10859,INE0JS101016,DREAMFOLKS,EQ,,,,,DREAMFOLKS SERVICES LTD,69.03,71.27,68.12,70.66,71.05,69.16,,70.67,,,80728,5622937.45,1869,F1,1,,,,,
2026-08-06,2026-08-06,CM,NSE,STK,11271,INE506A01018,DREDGECORP,EQ,,,,,DREDGING CORP OF INDIA,1122.0,1149.0,1089.2,1094.4,1091.2,1122.8,,1094.55,,,142291,159710911.5,8934,F1,1,,,,,
2026-08-06,2026-08-06,CM,NSE,STK,17372,INE0P7201019,DRONE,SM,,,,,DRONE DESTINATION LIMITED,38.5,40.25,38.5,39.55,39.55,40.05,,39.55,,,32000,1264950.0,39,F1,500,,,,,
2026-08-06,2026-08-06,CM,NSE,STK,8772,INE891A01022,DSKULKARNI,BE,,,,,DS KULKARNI DEVELOPERS L,10.44,10.44,10.44,10.44,10.44,9.95,,10.44,,,4,41.76,2,F1,1,,,,,
2026-08-06,2026-08-06,CM,NSE,STK,778,INE055C01020,KEEPLEARN,EQ,,,,,DSJ KEEP LEARNING LTD,2.1,2.35,1.9,2.03,2.08,1.96,,2.03,,,123030,250580.29,101,F1,1,,,,,
2026-08-06,2026-08-06,CM,NSE,STK,1927,INF740KA1EU7,LIQUIDETF,EQ,,,,,DSP LIQUID ETF,1000.0,1000.01,999.99,1000.0,1000.0,1000.0,,1000.0,,,1603864,1603863988.93,414,F1,1,,,,,
2026-08-06,2026-08-06,CM,NSE,STK,761364,INF740KA1YH2,BANK10ADD,EQ,,,,,DSPAMC - BANK10ADD,17.07,17.18,16.95,17.0,16.97,17.07,,16.87,,,108407,1844183.59,138,F1,1,,,,,
2026-08-06,2026-08-06,CM,NSE,STK,13644,INF740KA1RX3,BANKADD,EQ,,,,,DSPAMC - DSPBANK,59.02,59.45,58.8,59.39,58.8,58.93,,59.39,,,4746,281596.36,65,F1,1,,,,,
2026-08-06,2026-08-06,CM,NSE,STK,15356,INF740KA1SW3,GOLDADD,EQ,,,,,DSPAMC - DSPGOLD,142.77,144.1,142.58,143.86,144.0,140.43,,143.86,,,2055515,295047181.82,27919,F1,1,,,,,
2026-08-06,2026-08-06,CM,NSE,STK,17207,INF740KA1SX1,ITADD,EQ,,,,,DSPAMC - DSPIT,33.54,33.54,32.7,32.92,32.7,33.15,,32.92,,,92480,3058908.21,367,F1,1,,,,,
2026-08-06,2026-08-06,CM,NSE,STK,6606,INF740KA1QK2,EQUAL50ADD,EQ,,,,,DSPAMC - DSPNEWETF,351.77,355.07,351.77,352.85,353.0,352.83,,352.74,,,11971,4228657.62,571,F1,1,,,,,
2026-08-06,2026-08-06,CM,NSE,STK,7451,INF740KA1CL0,NIFTYADD,EQ,,,,,DSPAMC - DSPNIFTY,258.7,269.0,257.0,258.89,260.27,258.7,,258.89,,,8132,2114389.08,150,F1,1,,,,,
2026-08-06,2026-08-06,CM,NSE,STK,17616,INF740KA1SY9,PSUBANKADD,EQ,,,,,DSPAMC - DSPPSBKETF,86.05,88.34,86.02,88.02,87.54,85.74,,88.02,,,130325,11394255.93,447,F1,1,,,,,
2026-08-06,2026-08-06,CM,NSE,STK,17576,INF740KA1TA7,PVTBANKADD,EQ,,,,,DSPAMC - DSPPVBKETF,28.27,28.28,28.09,28.12,28.28,28.15,,28.12,,,57591,1622966.74,205,F1,1,,,,,
2026-08-06,2026-08-06,CM,NSE,STK,7456,INF740KA1ZF3,MIDQ50ADD,EQ,,,,,DSPAMC - DSPQ50ETF,25.65,25.7,25.5,25.52,25.52,25.63,,25.52,,,48792,1248891.09,517,F1,1,,,,,
2026-08-06,2026-08-06,CM,NSE,STK,17613,INF740KA1SZ6,SENSEXADD,EQ,,,,,DSPAMC - DSPSENXETF,81.05,81.45,80.97,81.16,81.16,81.15,,81.3,,,4713,382658.07,94,F1,1,,,,,
2026-08-06,2026-08-06,CM,NSE,STK,10761,INF740KA1RE3,SILVERADD,EQ,,,,,DSPAMC - DSPSILVETF,216.72,217.13,214.9,216.17,216.5,214.88,,216.17,,,244504,52849961.4,2976,F1,1,,,,,
2026-08-06,2026-08-06,CM,NSE,STK,759368,INF740KA1WU9,FLEXIADD,EQ,,,,,DSPAMC - FLEXIADD,10.41,10.41,10.3,10.3,10.33,10.36,,10.3,,,70548,730019.33,263,F1,1,,,,,
2026-08-06,2026-08-06,CM,NSE,STK,763530,INF740KA1ZA4,FMCGADD,EQ,,,,,DSPAMC - FMCGADD,49.53,49.67,49.45,49.6,49.6,49.13,,49.6,,,5651,280007.73,43,F1,1,,,,,
2026-08-06,2026-08-06,CM,NSE,STK,22592,INF740KA1ZG1,HEALTHADD,EQ,,,,,DSPAMC - HEALTHADD,16.6,17.47,16.6,16.87,17.0,16.6,,16.87,,,155855,2644562.61,459,F1,1,,,,,
2026-08-06,2026-08-06,CM,NSE,STK,23407,INF740KA1UM0,LIQUIDADD,EQ,,,,,DSPAMC - LIQUIDADD,1139.01,1139.02,1139.0,1139.01,1139.02,1138.86,,1139.01,,,609868,694647135.4,589,F1,1,,,,,
2026-08-06,2026-08-06,CM,NSE,STK,760356,INF740KA1WW5,MIDCAPADD,EQ,,,,,DSPAMC - MIDCAPADD,23.52,23.52,23.42,23.43,23.43,23.26,,23.43,,,2453,57597.63,26,F1,1,,,,,
2026-08-06,2026-08-06,CM,NSE,STK,759978,INF740KA1WV7,MSCIADD,EQ,,,,,DSPAMC - MSCIADD,30.08,30.27,30.08,30.23,30.23,30.18,,30.23,,,1964,59358.02,116,F1,1,,,,,
2026-08-06,2026-08-06,CM,NSE,STK,29464,INF740KA1VE5,NEXT30ADD,EQ,,,,,DSPAMC - NEXT30ADD,43.87,44.21,43.87,44.05,44.05,43.95,,44.05,,,4245,187151.73,253,F1,1,,,,,
2026-08-06,2026-08-06,CM,NSE,STK,760599,INF740KA1XU7,NEXT50ADD,EQ,,,,,DSPAMC - NEXT50ADD,74.34,75.16,74.34,75.11,75.11,74.84,,75.01,,,1160,87080.77,141,F1,1,,,,,
2026-08-06,2026-08-06,CM,NSE,STK,760359,INF740KA1WX3,SMALLADD,EQ,,,,,DSPAMC - SMALLADD,18.54,18.54,18.41,18.43,18.54,18.46,,18.43,,,69412,1283682.47,210,F1,1,,,,,
2026-08-06,2026-08-06,CM,NSE,STK,25171,INF740KA1UR9,TOP10ADD,EQ,,,,,DSPAMC - TOP10ADD,89.45,89.99,88.81,89.27,88.81,89.45,,89.29,,,49409,4419638.22,819,F1,1,,,,,
2026-08-06,2026-08-06,CM,NSE,STK,13766,INE0LZO01015,DUCOL,SM,,,,,DUCOL ORGS AND COLOURS LT,109.0,109.0,107.1,107.1,107.1,115.95,,107.1,,,2400,258600.0,3,F1,800,,,,,
2026-08-06,2026-08-06,CM,NSE,STK,28952,INE741L01018,DUCON,EQ,,,,,DUCON INFRATECHNOLOGIES L,3.01,3.25,2.95,3.08,3.08,2.97,,3.08,,,523977,1620787.59,539,F1,1,,,,,
2026-08-06,2026-08-06,CM,NSE,STK,5457,INE0HPK01020,DUGLOBAL,SM,,,,,DUDIGITAL GLOBAL LIMITED,30.8,30.8,29.0,29.0,29.0,28.75,,29.0,,,10000,299500.0,4,F1,2500,,,,,
2026-08-06,2026-08-06,CM,NSE,STK,24164,INE0OUW01013,DURLAX,SM,,,,,DURLAX TOP SURFACE LTD,54.5,55.05,52.5,53.25,54.0,55.1,,53.25,,,60000,3241700.0,28,F1,2000,,,,,
2026-08-06,2026-08-06,CM,NSE,STK,11667,INE366A01041,DWARKESH,EQ,,,,,DWARIKESH SUGAR IND LTD,40.6,40.9,39.8,40.37,40.49,40.31,,40.37,,,624032,25198679.48,3415,F1,1,,,,,
2026-08-06,2026-08-06,CM,NSE,STK,25690,INE417B01040,DSSL,EQ,,,,,DYNACONS SYS & SOLN LTD,1264.7,1265.0,1226.0,1239.4,1236.7,1243.3,,1239.42,,,13441,16799365.9,1526,F1,1,,,,,
2026-08-06,2026-08-06,CM,NSE,STK,4525,INE221B01012,DYNAMATECH,EQ,,,,,DYNAMATIC TECHNOLOGIES,11005.0,11499.0,10921.0,11403.0,11435.0,10993.0,,11402.31,,,20383,231087555.0,8055,F1,1,,,,,
2026-08-06,2026-08-06,CM,NSE,STK,10417,INE600Y01019,DYCL,EQ,,,,,DYNAMIC CABLES LIMITED,405.0,414.0,398.05,405.0,407.95,405.6,,404.71,,,231635,93253350.9,5401,F1,1,,,,,
2026-08-06,2026-08-06,CM,NSE,STK,6082,INE0DZ701010,DYNAMIC,ST,,,,,DYNAMIC SRVCS & SEC LTD,138.75,141.0,133.6,137.95,138.0,138.95,,137.95,,,8500,1170000.0,13,F1,500,,,,,
2026-08-06,2026-08-06,CM,NSE,STK,21314,INE256H01015,DYNPRO,EQ,,,,,DYNEMIC PRODUCTS LIMITED,269.0,269.0,256.0,260.6,261.0,261.5,,261.04,,,11199,2898152.55,344,F1,1,,,,,
2026-08-06,2026-08-06,CM,NSE,STK,19267,INE0KFF01017,EFACTOR,SM,,,,,E FACTOR EXPERIENCES LTD,186.0,192.0,185.0,185.0,185.0,186.0,,185.0,,,4800,900000.0,11,F1,400,,,,,
2026-08-06,2026-08-06,CM,NSE,STK,760534,INE1CEJ01017,E2ERAIL,ST,,,,,E TO E TRANS INFRA LTD,280.0,280.5,274.0,275.0,275.0,278.7,,275.0,,,10400,2875440.0,13,F1,800,,,,,
2026-08-06,2026-08-06,CM,NSE,STK,8937,INE255Z01027,E2E,EQ,,,,,E2E NETWORKS LIMITED,594.35,627.7,580.5,605.7,600.0,598.65,,605.68,,,3029968,1847462103.1,67117,F1,1,,,,,
2026-08-06,2026-08-06,CM,NSE,STK,9769,INE962C01035,EASTSILK,BE,,,,,EASTERN SILK INDUSTRIES L,63.01,63.5,58.24,60.0,60.0,61.27,,60.0,,,626,38922.74,15,F1,1,,,,,
2026-08-06,2026-08-06,CM,NSE,STK,2792,INE07O001026,EASEMYTRIP,EQ,,,,,EASY TRIP PLANNERS LTD,6.59,6.65,6.55,6.61,6.63,6.56,,6.61,,,7198149,47535973.46,5274,F1,1,,,,,
2026-08-06,2026-08-06,CM,NSE,STK,759974,INE528S07110,888ECL28,N1,,,,,ECL 8.88% 2028 SR V,973.53,988.0,973.53,987.0,987.0,998.5,,987.0,,,482,469370.69,4,F1,1,,,,,
2026-08-06,2026-08-06,CM,NSE,STK,759975,INE528S07128,925ECL28,N2,,,,,ECL 9.25% 2028 SR VI,1020.0,1020.0,1020.0,1020.0,1020.0,1020.0,,1020.0,,,215,219300.0,2,F1,1,,,,,
2026-08-06,2026-08-06,CM,NSE,STK,15179,INE738I01010,ECLERX,EQ,,,,,ECLERX SERVICES LTD,1890.0,1898.0,1811.3,1872.4,1874.0,1917.8,,1872.36,,,773314,1439673605.3,62259,F1,1,,,,,
2026-08-06,2026-08-06,CM,NSE,STK,759964,INE0VBS01016,ECOLINE,ST,,,,,ECOLINE EXIM LIMITED,191.0,201.75,185.55,196.3,198.95,192.15,,196.3,,,37000,7290150.0,29,F1,1000,,,,,
2026-08-06,2026-08-06,CM,NSE,STK,25062,INE06HJ01020,ECOSMOBLTY,BE,,,,,ECOS (INDIA) MOB & HOSP L,133.21,135.44,129.2,131.64,131.98,133.21,,131.6,,,32326,4248743.87,316,F1,1,,,,,
2026-08-06,2026-08-06,CM,NSE,STK,7196,INF754K01OB1,BBETF0432,EQ,,,,,EDELAMC - BBETF0432,1356.95,1356.95,1348.02,1351.96,1348.02,1355.55,,1351.96,,,1596,2159587.09,79,F1,1,,,,,
2026-08-06,2026-08-06,CM,NSE,STK,764378,INF754K01XH9,EBANK10,EQ,,,,,EDELAMC - EBANK10,16.95,17.06,16.88,17.05,17.05,16.95,,17.06,,,1801,30613.24,15,F1,1,,,,,
2026-08-06,2026-08-06,CM,NSE,STK,25258,INF754K01TE4,EBANKNIFTY,EQ,,,,,EDELAMC - EBANKNIFTY,58.4,58.6,58.18,58.43,58.43,58.6,,58.43,,,2096,122241.08,18,F1,1,,,,,
2026-08-06,2026-08-06,CM,NSE,STK,16253,INF754K01KO2,EBBETF0430,EQ,,,,,EDELAMC - EBBETF0430,1618.79,1619.89,1611.0,1613.33,1614.0,1616.61,,1613.34,,,3073,4959287.71,337,F1,1,,,,,
2026-08-06,2026-08-06,CM,NSE,STK,22239,INF754K01LE1,EBBETF0431,EQ,,,,,EDELAMC - EBBETF0431,1443.21,1443.21,1440.05,1441.23,1440.98,1442.33,,1441.23,,,3056,4403533.08,74,F1,1,,,,,
2026-08-06,2026-08-06,CM,NSE,STK,13139,INF754K01QX0,EBBETF0433,EQ,,,,,EDELAMC - EBBETF0433,1319.38,1321.97,1316.13,1320.49,1321.9,1317.54,,1320.49,,,3216,4247046.67,121,F1,1,,,,,
2026-08-06,2026-08-06,CM,NSE,STK,29019,INF754K01TX4,ECAPINSURE,EQ,,,,,EDELAMC - ECAPINSURE,23.79,23.86,23.56,23.67,23.79,23.74,,23.67,,,37337,884929.53,308,F1,1,,,,,
2026-08-06,2026-08-06,CM,NSE,STK,19933,INF754K01SE6,EGOLD,EQ,,,,,EDELAMC - EGOLD,146.1,148.1,146.1,148.0,148.0,144.4,,148.0,,,382317,56557254.25,616,F1,1,,,,,
2026-08-06,2026-08-06,CM,NSE,STK,759466,INF754K01VW2,ELIQUID,EQ,,,,,EDELAMC - ELIQUID,1042.44,1042.46,1042.44,1042.44,1042.44,1042.3,,1042.44,,,12752,13293225.08,13,F1,1,,,,,
2026-08-06,2026-08-06,CM,NSE,STK,758952,INF754K01VV4,ELM250,EQ,,,,,EDELAMC - ELM250,16.72,17.04,16.72,16.98,16.99,16.72,,16.98,,,101769,1729967.27,126,F1,1,,,,,
2026-08-06,2026-08-06,CM,NSE,STK,764367,INF754K01XI7,ELMDIV,EQ,,,,,EDELAMC - ELMDIV,38.15,38.67,36.88,36.91,36.9,37.04,,36.91,,,48736,1827727.36,171,F1,1,,,,,
2026-08-06,2026-08-06,CM,NSE,STK,764288,INF754K01XG1,EMETAL,EQ,,,,,EDELAMC - EMETAL,13.27,13.28,13.17,13.17,13.17,13.16,,13.17,,,15277,201710.74,36,F1,1,,,,,
2026-08-06,2026-08-06,CM,NSE,STK,25996,INF754K01TF1,EMULTIMQ,EQ,,,,,EDELAMC - EMULTIMQ,41.6,41.72,41.4,41.54,41.4,41.59,,41.54,,,16202,674393.75,150,F1,1,,,,,
2026-08-06,2026-08-06,CM,NSE,STK,763540,INF754K01XF3,ENEXT50,EQ,,,,,EDELAMC - ENEXT50,74.4,74.5,74.4,74.4,74.4,74.4,,74.49,,,925,68850.0,10,F1,1,,,,,
2026-08-06,2026-08-06,CM,NSE,STK,759998,INF754K01VX0,ENIFTY,EQ,,,,,EDELAMC - ENIFTY,25.4,25.41,24.23,24.92,25.41,24.79,,24.92,,,9210,229203.24,95,F1,1,,,,,
2026-08-06,2026-08-06,CM,NSE,STK,759995,INF754K01VY8,ESENSEX,EQ,,,,,EDELAMC - ESENSEX,79.19,79.57,79.19,79.55,79.57,78.83,,79.55,,,342,27151.1,13,F1,1,,,,,
2026-08-06,2026-08-06,CM,NSE,STK,20257,INF754K01SF3,ESILVER,EQ,,,,,EDELAMC - ESILVER,224.75,225.06,222.72,223.67,223.6,222.52,,223.67,,,35039,7849212.26,901,F1,1,,,,,
2026-08-06,2026-08-06,CM,NSE,STK,15119,INE532F01054,EDELWEISS,EQ,,,,,EDELWEISS FIN SERV LTD,117.89,124.44,117.78,121.16,120.9,117.78,,121.16,,,11630931,1416190326.6,78662,F1,1,,,,,
2026-08-06,2026-08-06,CM,NSE,STK,758675,INE886D01026,EFCIL,EQ,,,,,EFC (I) LIMITED,192.2,192.2,185.12,188.61,190.05,190.0,,188.58,,,231349,43729126.46,3629,F1,1,,,,,
2026-08-06,2026-08-06,CM,NSE,STK,24438,INE0U9101019,EFFWA,ST,,,,,EFFWA INFRA & RESEARCH L,383.0,383.0,375.0,377.0,377.0,378.75,,377.0,,,6800,2575960.0,17,F1,400,,,,,
2026-08-06,2026-08-06,CM,NSE,STK,910,INE066A01021,EICHERMOT,EQ,,,,,EICHER MOTORS LTD,7986.5,8044.0,7896.5,7967.5,7967.5,7986.5,,7967.41,,,377530,3007423089.0,43034,F1,1,,,,,
2026-08-06,2026-08-06,CM,NSE,STK,916,INE126A01031,EIDPARRY,EQ,,,,,EID PARRY INDIA LTD,824.05,828.0,808.25,809.85,811.0,823.15,,809.86,,,180253,147199305.75,11433,F1,1,,,,,
2026-08-06,2026-08-06,CM,NSE,STK,15399,INE276C01014,EIHAHOTELS,EQ,,,,,EIH ASSOCIATED HOTELS LTD,312.0,314.7,308.2,310.7,311.0,309.4,,310.7,,,18592,5777663.65,591,F1,1,,,,,
2026-08-06,2026-08-06,CM,NSE,STK,919,INE230A01023,EIHOTEL,EQ,,,,,EIH LIMITED,328.0,333.3,324.15,325.65,326.0,328.0,,325.66,,,120225,39400513.3,4604,F1,1,,,,,
2026-08-06,2026-08-06,CM,NSE,STK,4040,INE158B01016,EIMCOELECO,EQ,,,,,EIMCO ELECON (INDIA) LTD,1823.9,1823.9,1801.0,1811.7,1807.2,1814.3,,1811.35,,,8782,15904723.7,1547,F1,1,,,,,
2026-08-06,2026-08-06,CM,NSE,STK,762653,INE280B01018,ELANTAS,EQ,,,,,ELANTAS BECK INDIA LTD.,12347.5,13200.0,12061.5,12376.5,12300.0,11847.5,,12377.03,,,35359,448022338.0,11812,F1,1,,,,,
2026-08-06,2026-08-06,CM,NSE,STK,762658,INE927X01018,ELCIDIN,EQ,,,,,ELCID INVESTMENTS LTD.,114480.0,114480.0,111010.0,112400.0,112000.0,112860.0,,112400.0,,,67,7551325.0,61,F1,1,,,,,
2026-08-06,2026-08-06,CM,NSE,STK,8953,INE668G01021,ELDEHSG,EQ,,,,,ELDECO HSG & IND LTD.,806.9,850.0,701.55,718.95,735.0,774.6,,719.11,,,117466,91962401.25,4584,F1,1,,,,,
2026-08-06,2026-08-06,CM,NSE,STK,13643,INE205B01031,ELECON,EQ,,,,,ELECON ENG. CO. LTD,439.95,452.0,439.85,450.45,451.0,435.3,,450.45,,,874052,391181541.2,23292,F1,1,,,,,
2026-08-06,2026-08-06,CM,NSE,STK,11530,INE02YR01019,EMIL,EQ,,,,,ELECTRONICS MART IND LTD,149.0,153.0,147.53,149.78,150.0,147.56,,149.79,,,9559297,1437848843.94,58174,F1,1,,,,,
2026-08-06,2026-08-06,CM,NSE,STK,928,INE086A01029,ELECTCAST,EQ,,,,,ELECTROSTEEL CASTINGS LTD,72.1,72.8,71.67,72.26,72.18,71.99,,72.26,,,776569,56070279.09,6132,F1,1,,,,,
2026-08-06,2026-08-06,CM,NSE,STK,4469,INE822G01016,ELECTHERM,EQ,,,,,ELECTROTHERM (I) LTD.,992.0,1029.9,992.0,1007.7,995.0,1007.8,,1007.26,,,14919,15118093.9,993,F1,1,,,,,
2026-08-06,2026-08-06,CM,NSE,STK,29595,INE0R9101015,ELGNZ,SM,,,,,ELEGANZ INTERIORS LIMITED,104.0,105.55,96.0,96.95,96.2,101.0,,96.95,,,45000,4514600.0,45,F1,1000,,,,,
2026-08-06,2026-08-06,CM,NSE,STK,937,INE285A01027,ELGIEQUIP,EQ,,,,,ELGI EQUIPMENTS LTD,584.1,592.0,583.0,589.25,588.05,584.1,,589.25,,,140041,82450579.75,23584,F1,1,,,,,
2026-08-06,2026-08-06,CM,NSE,STK,24924,INE819L01012,ELGIRUBCO,EQ,,,,,ELGI RUBBER CO. LTD,63.61,66.66,60.02,60.9,62.0,62.7,,60.9,,,270028,17396078.55,2343,F1,1,,,,,
2026-08-06,2026-08-06,CM,NSE,STK,13423,INE050401020,ELIN,EQ,,,,,ELIN ELECTRONICS LIMITED,101.76,104.0,97.1,102.03,102.0,101.76,,102.03,,,830066,83601185.58,8359,F1,1,,,,,
2026-08-06,2026-08-06,CM,NSE,STK,762663,INE669R01026,ELITECON,EQ,,,,,ELITECON INTERNATIONAL L,19.19,19.84,18.45,18.59,18.59,19.0,,18.59,,,2523843,47699329.49,8414,F1,1,,,,,
2026-08-06,2026-08-06,CM,NSE,STK,758563,INE236E01022,ELLEN,EQ,,,,,ELLENBARRIE INDUS GASES L,284.0,287.95,278.1,281.3,278.1,280.95,,281.26,,,167719,47593817.4,4743,F1,1,,,,,
2026-08-06,2026-08-06,CM,NSE,STK,4471,INE579B01039,ELPROINTL,EQ,,,,,ELPRO INTERNATIONAL LTD,177.14,178.58,177.01,177.98,178.4,178.58,,177.97,,,76236,13561739.55,495,F1,1,,,,,
2026-08-06,2026-08-06,CM,NSE,STK,29229,INE0ZOL01023,EMAPARTNER,SM,,,,,EMA PARTNERS INDIA LTD,79.1,79.75,79.1,79.75,79.75,82.85,,79.75,,,2000,158850.0,2,F1,1000,,,,,
2026-08-06,2026-08-06,CM,NSE,STK,13517,INE548C01032,EMAMILTD,EQ,,,,,EMAMI LIMITED,403.0,411.0,401.9,409.0,408.2,402.35,,409.0,,,1435524,582512173.4,17139,F1,1,,,,,
2026-08-06,2026-08-06,CM,NSE,STK,10084,INE830C01026,EMAMIPAP,BE,,,,,EMAMI PAPER MILLS LIMITED,111.85,115.0,110.0,112.06,112.0,111.88,,112.05,,,70884,7945457.0,358,F1,1,,,,,
2026-08-06,2026-08-06,CM,NSE,STK,19281,INE778K01012,EMAMIREAL,BE,,,,,EMAMI REALTY LIMITED,79.49,80.87,75.2,76.65,76.7,79.01,,76.65,,,47392,3601602.39,151,F1,1,,,,,
2026-08-06,2026-08-06,CM,NSE,STK,14450,INE069I01010,EMBDL,EQ,,,,,EMBASSY DEVELOPMENTS LTD,61.01,61.62,59.81,60.7,60.6,61.11,,60.7,,,2047166,123864644.37,10093,F1,1,,,,,
2026-08-06,2026-08-06,CM,NSE,STK,9383,INE041025011,EMBASSY,RR,,,,,EMBASSY OFFICE PARKS REIT,437.95,443.5,437.01,440.95,440.7,436.84,,440.95,,,382111,168392852.9,21371,F1,1,,,,,
2026-08-06,2026-08-06,CM,NSE,STK,24398,INE168P01015,EMCURE,EQ,,,,,EMCURE PHARMACEUTICALS L,1968.8,1968.8,1912.5,1936.7,1936.0,1959.0,,1936.67,,,270432,524050290.2,25314,F1,1,,,,,
2026-08-06,2026-08-06,CM,NSE,STK,27629,INE0RHD01013,ETML,SM,,,,,EMERALD TYRE MANUF LTD,84.0,84.0,84.0,84.0,84.0,81.85,,84.0,,,1200,100800.0,1,F1,1200,,,,,
2026-08-06,2026-08-06,CM,NSE,STK,13421,INE296H01011,EMKAY,EQ,,,,,EMKAY GLOBAL FIN SERV LTD,252.2,255.0,241.0,243.34,242.2,249.79,,243.34,,,21848,5382553.84,1140,F1,1,,,,,
2026-08-06,2026-08-06,CM,NSE,STK,10253,INE332S01011,EMKAYTOOLS,SM,,,,,EMKAY TAP & CUT. TOOL LTD,89.3,92.0,89.3,91.35,92.0,91.0,,91.35,,,900,81547.5,6,F1,150,,,,,
2026-08-06,2026-08-06,CM,NSE,STK,18146,INE753K01015,EMMBI,BE,,,,,EMMBI INDUSTRIES LIMITED,87.42,88.3,83.0,85.98,85.0,86.99,,85.62,,,12919,1087715.82,89,F1,1,,,,,
2026-08-06,2026-08-06,CM,NSE,STK,759728,INE1C6T01020,EMMVEE,EQ,,,,,EMMVEE PHOTOVOLTAIC PWR L,326.05,333.2,322.5,328.15,327.0,324.6,,328.15,,,1564717,515053043.35,23224,F1,1,,,,,
2026-08-06,2026-08-06,CM,NSE,STK,762673,INE507F01023,EMPOWER,BE,,,,,EMPOWER INDIA LTD.,2.68,2.72,2.55,2.55,2.55,2.68,,2.55,,,7202810,18944784.75,1963,F1,1,,,,,
2026-08-06,2026-08-06,CM,NSE,STK,18593,INE0OV601013,EMSLIMITED,EQ,,,,,EMS LIMITED,402.0,408.6,398.2,406.1,407.4,406.8,,406.07,,,153004,61649300.75,4960,F1,1,,,,,
2026-08-06,2026-08-06,CM,NSE,STK,9756,INE01QM01018,EMUDHRA,EQ,,,,,EMUDHRA LIMITED,523.15,545.9,514.9,540.5,540.1,523.15,,540.4,,,420532,225705175.2,12586,F1,1,,,,,
2026-08-06,2026-08-06,CM,NSE,STK,760321,INE433T01015,ENCOMPAS,SM,,,,,ENCOMPASS DESIGN INDIA L,250.0,259.0,250.0,258.3,259.0,254.05,,258.3,,,5200,1322920.0,13,F1,400,,,,,
2026-08-06,2026-08-06,CM,NSE,STK,18822,INE913H01037,ENDURANCE,EQ,,,,,ENDURANCE TECHNO. LTD.,2879.0,2959.9,2851.1,2877.7,2865.0,2893.4,,2877.61,,,143187,417517429.9,21015,F1,1,,,,,
2026-08-06,2026-08-06,CM,NSE,STK,15049,INE306C01019,ENERGYDEV,EQ,,,,,ENERGY DEVE. CO.LTD,17.27,17.27,16.71,16.79,16.71,16.69,,16.81,,,20019,339207.02,212,F1,1,,,,,
2026-08-06,2026-08-06,CM,NSE,STK,23745,INE0S1L01013,EMMIL,SM,,,,,ENERGY MISSION MACH IND L,129.0,129.0,128.4,128.4,128.4,125.6,,128.4,,,1250,161100.0,4,F1,250,,,,,
2026-08-06,2026-08-06,CM,NSE,STK,23224,INE0S3X01014,ENFUSE,SM,,,,,ENFUSE SOLUTIONS LIMITED,170.0,170.0,165.0,165.0,165.0,165.0,,165.0,,,3600,597000.0,3,F1,600,,,,,
2026-08-06,2026-08-06,CM,NSE,STK,4907,INE510A01028,ENGINERSIN,EQ,,,,,ENGINEERS INDIA LTD,240.27,245.75,236.26,242.39,241.0,240.27,,242.38,,,4137200,1003497365.07,39325,F1,1,,,,,
2026-08-06,2026-08-06,CM,NSE,STK,23230,INE0R9I01021,ENSER,SM,,,,,ENSER COMMUNICATIONS LTD,16.0,16.2,15.9,16.05,16.05,15.65,,16.05,,,100000,1602000.0,20,F1,5000,,,,,
2026-08-06,2026-08-06,CM,NSE,STK,22717,INE010601016,ENTERO,EQ,,,,,ENTERO HEALTHCARE SOLU L,1275.0,1275.0,1226.0,1242.5,1244.5,1258.8,,1242.46,,,65278,81204898.3,9166,F1,1,,,,,
2026-08-06,2026-08-06,CM,NSE,STK,13192,INE265F01028,ENIL,EQ,,,,,ENTERTAIN NET. IND. LTD.,109.1,109.18,106.0,106.51,106.98,109.26,,106.51,,,16925,1812665.93,590,F1,1,,,,,
2026-08-06,2026-08-06,CM,NSE,STK,27213,INE0LLY01014,EIEL,EQ,,,,,ENVIRO INFRA ENGINEERS L,218.0,219.95,214.56,215.5,216.0,218.06,,215.5,,,644558,139199914.57,10435,F1,1,,,,,
2026-08-06,2026-08-06,CM,NSE,STK,25412,INE0SUH01015,ENVIRO,SM,,,,,ENVIROTECH SYSTEMS LTD,75.0,77.75,72.75,76.6,76.35,77.7,,76.6,,,41000,3139100.0,34,F1,1000,,,,,
2026-08-06,2026-08-06,CM,NSE,STK,22463,INE0G5901015,EPACK,EQ,,,,,EPACK DURABLE LIMITED,230.85,231.4,227.1,227.61,227.1,229.57,,227.61,,,300119,68589767.11,3892,F1,1,,,,,
2026-08-06,2026-08-06,CM,NSE,STK,759251,INE0MLS01022,EPACKPEB,EQ,,,,,EPACK PREFAB TECHN LTD,258.95,258.95,246.1,248.35,248.0,255.75,,248.35,,,1047634,262790590.5,15506,F1,1,,,,,
2026-08-06,2026-08-06,CM,NSE,STK,5382,INE071N01016,EPIGRAL,EQ,,,,,EPIGRAL LIMITED,1120.0,1125.0,1091.0,1095.8,1091.0,1119.2,,1095.88,,,43941,48454134.1,3809,F1,1,,,,,
2026-08-06,2026-08-06,CM,NSE,STK,981,INE255A01020,EPL,EQ,,,,,EPL LIMITED,229.5,230.27,227.89,228.98,229.5,229.87,,228.98,,,148654,34052676.96,5700,F1,1,,,,,
2026-08-06,2026-08-06,CM,NSE,STK,758346,INE11HF01010,EEPL,SM,,,,,EPPELTONE ENGINEERS LTD,101.85,119.8,101.85,119.75,119.0,99.85,,119.75,,,572000,68116700.0,340,F1,1000,,,,,
2026-08-06,2026-08-06,CM,NSE,STK,761217,INE1KEC01023,EPWINDIA,ST,,,,,EPW INDIA LIMITED,247.0,247.0,240.0,240.0,240.0,246.75,,240.0,,,4800,1161600.0,4,F1,1200,,,,,
2026-08-06,2026-08-06,CM,NSE,STK,3553,INE217G01035,EQUIPPP,BE,,,,,EQUIPPP SOC IMP TECH LTD,23.92,23.96,22.98,23.34,23.2,23.92,,23.34,,,607,14194.44,15,F1,1,,,,,
2026-08-06,2026-08-06,CM,NSE,STK,913,INE063P01018,EQUITASBNK,EQ,,,,,EQUITAS SMALL FIN BNK LTD,76.4,76.7,75.21,76.09,75.9,75.76,,76.09,,,1197409,90886309.87,12409,F1,1,,,,,
2026-08-06,2026-08-06,CM,NSE,STK,21154,INE406M01024,ERIS,EQ,,,,,ERIS LIFESCIENCES LIMITED,1375.1,1394.2,1368.5,1382.9,1390.0,1375.1,,1383.15,,,53999,74484325.6,7344,F1,1,,,,,
2026-08-06,2026-08-06,CM,NSE,STK,955,INE284A01012,ESABINDIA,EQ,,,,,ESAB INDIA LTD,5657.5,5674.0,5611.0,5624.0,5611.0,5654.0,,5624.04,,,2001,11290597.5,1171,F1,1,,,,,
2026-08-06,2026-08-06,CM,NSE,STK,19878,INE818W01011,ESAFSFB,EQ,,,,,ESAF SMALL FINANCE BANK L,41.72,43.43,41.13,42.54,42.6,41.72,,42.54,,,3800131,161411140.12,11173,F1,1,,,,,
2026-08-06,2026-08-06,CM,NSE,STK,22764,INE0RQZ01017,ESCONET,SM,,,,,ESCONET TECHNOLOGIES LTD,129.05,133.0,125.1,127.5,127.0,130.7,,127.5,,,23600,3046200.0,48,F1,400,,,,,
2026-08-06,2026-08-06,CM,NSE,STK,958,INE042A01014,ESCORTS,EQ,,,,,ESCORTS KUBOTA LIMITED,3099.9,3099.9,3065.0,3081.0,3066.0,3089.2,,3080.91,,,61901,190592670.8,5363,F1,1,,,,,
2026-08-06,2026-08-06,CM,NSE,STK,759296,INE818W08149,113ESFB31,N0,,,,,ESFB 11.3% 2031 SR 2,101000.0,101000.0,101000.0,101000.0,101000.0,101001.0,,101000.0,,,1,101000.0,1,F1,1,,,,,
2026-08-06,2026-08-06,CM,NSE,STK,761461,INE818W08164,1165ESFB32,N0,,,,,ESFB 11.65% 2032 SR 4,103001.0,103001.0,102000.0,102000.0,102000.0,102000.0,,102000.0,,,3,307001.0,3,F1,1,,,,,
2026-08-06,2026-08-06,CM,NSE,STK,24678,INE0SBP01018,ESPRIT,SM,,,,,ESPRIT STONES LIMITED,65.0,68.8,65.0,67.45,68.8,65.5,,67.45,,,22400,1487440.0,13,F1,1600,,,,,
2026-08-06,2026-08-06,CM,NSE,STK,25634,INE122M01019,ESSARSHPNG,EQ,,,,,ESSAR SHIPPING LTD,20.3,20.6,19.75,19.86,19.94,20.1,,19.86,,,249579,4982346.95,1023,F1,1,,,,,
2026-08-06,2026-08-06,CM,NSE,STK,17084,INE0ITO01014,ESFL,SM,,,,,ESSEN SPECIALITY FILMS L,113.6,115.0,112.0,114.8,115.0,112.35,,114.8,,,19800,2246472.0,45,F1,360,,,,,
2026-08-06,2026-08-06,CM,NSE,STK,24265,INE778B01029,ESTER,EQ,,,,,ESTER INDUSTRIES LTD,88.88,89.66,87.12,88.0,88.06,88.2,,88.11,,,28795,2554850.3,669,F1,1,,,,,
2026-08-06,2026-08-06,CM,NSE,STK,5097,INE758T01015,ETERNAL,EQ,,,,,ETERNAL LIMITED,311.0,319.7,310.0,316.25,316.25,310.35,,316.31,,,29960978,9488477826.65,232667,F1,1,,,,,
2026-08-06,2026-08-06,CM,NSE,STK,9750,INE04TZ01018,ETHOSLTD,EQ,,,,,ETHOS LIMITED,2829.1,2900.3,2809.9,2824.5,2809.9,2834.4,,2824.45,,,40277,115028092.9,7579,F1,1,,,,,
2026-08-06,2026-08-06,CM,NSE,STK,25162,INE0KCE01017,EUREKAFORB,EQ,,,,,EUREKA FORBES LIMITED,472.0,480.0,457.0,459.75,457.2,472.9,,459.75,,,187757,87683706.9,10018,F1,1,,,,,
2026-08-06,2026-08-06,CM,NSE,STK,6042,INE546V01010,EIFFL,BE,,,,,EURO (I) FRESH FOODS LTD,256.5,256.5,256.5,256.5,256.5,269.95,,256.5,,,6580,1687770.0,74,F1,1,,,,,
2026-08-06,2026-08-06,CM,NSE,STK,757953,INE505V01016,EUROBOND,EQ,,,,,EURO PANEL PRODUCTS LTD,162.95,164.35,160.3,161.6,160.65,161.98,,161.6,,,4342,704964.87,151,F1,1,,,,,
2026-08-06,2026-08-06,CM,NSE,STK,759797,INE198501012,EUROPRATIK,EQ,,,,,EURO PRATIK SALES LIMITED,311.05,315.0,306.5,309.35,308.5,311.95,,309.18,,,117492,36706698.85,3009,F1,1,,,,,
2026-08-06,2026-08-06,CM,NSE,STK,8886,INE022C01012,EUROTEXIND,BE,,,,,EUROTEX IND & EXPORTS LTD,13.11,13.11,13.11,13.11,13.11,12.86,,13.53,,,111,1455.21,2,F1,1,,,,,
2026-08-06,2026-08-06,CM,NSE,STK,11782,INE128A01029,EVEREADY,EQ,,,,,EVEREADY INDS. IND.  LTD.,361.7,361.7,352.95,357.3,353.55,360.05,,357.3,,,86932,31076486.15,2200,F1,1,,,,,
2026-08-06,2026-08-06,CM,NSE,STK,6017,INE295A01018,EVERESTIND,BE,,,,,EVEREST INDUSTRIES LTD,469.95,483.7,461.0,477.05,482.0,469.95,,477.06,,,11456,5372170.2,250,F1,1,,,,,
2026-08-06,2026-08-06,CM,NSE,STK,13091,INE184H01027,EKC,EQ,,,,,EVEREST KANTO CYLINDERLTD,109.5,113.0,105.92,111.65,111.55,109.53,,111.65,,,248693,27422032.38,3317,F1,1,,,,,
2026-08-06,2026-08-06,CM,NSE,STK,11471,INE369A01029,EXCELINDUS,EQ,,,,,EXCEL INDUSTRIES LTD,1046.0,1049.0,1025.15,1029.55,1025.15,1041.6,,1029.55,,,2795,2892429.95,313,F1,1,,,,,
2026-08-06,2026-08-06,CM,NSE,STK,25327,INE0Y4801011,EXCELLENT,ST,,,,,EXCELLENT WIRES N PACK L,207.0,207.0,207.0,207.0,207.0,205.0,,207.0,,,1600,331200.0,1,F1,1600,,,,,
2026-08-06,2026-08-06,CM,NSE,STK,760007,INE606N01019,EXCELSOFT,EQ,,,,,EXCELSOFT TECHNOLOGIES L,85.01,86.24,82.3,83.09,83.23,83.95,,83.1,,,596088,50302746.77,5024,F1,1,,,,,
2026-08-06,2026-08-06,CM,NSE,STK,22947,INE777F01014,EXICOM,EQ,,,,,EXICOM TELE SYSTEMS LTD,166.0,173.47,164.52,169.56,169.25,166.54,,169.56,,,1784213,303418756.3,16973,F1,1,,,,,
2026-08-06,2026-08-06,CM,NSE,STK,676,INE302A01020,EXIDEIND,EQ,,,,,EXIDE INDUSTRIES LTD,467.2,479.4,462.6,474.25,474.6,467.0,,474.22,,,4895622,2322198053.7,80032,F1,1,,,,,
2026-08-06,2026-08-06,CM,NSE,STK,760422,INE19I001020,EXIMROUTES,SM,,,,,EXIM ROUTES LIMITED,111.05,114.0,109.0,114.0,114.0,114.0,,114.0,,,8800,984200.0,8,F1,800,,,,,
2026-08-06,2026-08-06,CM,NSE,STK,17486,INE201K01015,EXPLEOSOL,EQ,,,,,EXPLEO SOLUTIONS LIMITED,811.6,834.4,809.95,821.05,819.25,811.7,,821.06,,,30113,24828832.65,1986,F1,1,,,,,
2026-08-06,2026-08-06,CM,NSE,STK,5352,INE0GFE01026,EXXARO,EQ,,,,,EXXARO TILES LIMITED,6.09,6.34,6.09,6.27,6.3,6.17,,6.27,,,129044,801479.62,293,F1,1,,,,,
2026-08-06,2026-08-06,CM,NSE,STK,760125,INE0HF201011,FABTECH,EQ,,,,,FABTECH TECHNOLOGIES LTD,152.99,152.99,149.5,150.25,150.88,151.88,,150.34,,,29509,4434699.25,848,F1,1,,,,,
2026-08-06,2026-08-06,CM,NSE,STK,1008,INE188A01015,FACT,EQ,,,,,FACT LTD,844.0,850.25,840.0,843.1,842.0,840.6,,843.09,,,46846,39528233.5,4001,F1,1,,,,,
2026-08-06,2026-08-06,CM,NSE,STK,1619,INE0DNW01011,FAIRCHEMOR,BE,,,,,FAIRCHEM ORGANICS LIMITED,774.0,774.0,765.25,765.25,765.25,780.85,,762.6,,,10809,8277886.0,121,F1,1,,,,,
2026-08-06,2026-08-06,CM,NSE,STK,24150,INE0PQK01013,FALCONTECH,SM,,,,,FALCON TECHNOPROJ IND LTD,11.85,12.5,11.85,12.25,12.45,12.3,,12.25,,,10800,130980.0,9,F1,1200,,,,,
2026-08-06,2026-08-06,CM,NSE,STK,12000,INE963C01033,FAZE3Q,EQ,,,,,FAZE THREE LIMITED,560.0,560.0,536.05,540.6,545.0,550.95,,540.6,,,6436,3503060.4,660,F1,1,,,,,
2026-08-06,2026-08-06,CM,NSE,STK,11999,INE512B01022,FCSSOFT,EQ,,,,,FCS SOFTWARE SOLN. LTD.,1.48,1.49,1.47,1.47,1.48,1.48,,1.47,,,1224077,1807528.35,904,F1,1,,,,,
2026-08-06,2026-08-06,CM,NSE,STK,4898,INE258B01022,FDC,EQ,,,,,FDC LIMITED,386.05,388.95,368.0,370.0,370.65,387.55,,370.01,,,857790,322432155.4,33015,F1,1,,,,,
2026-08-06,2026-08-06,CM,NSE,STK,20322,INE007N01010,FEDFINA,EQ,,,,,FEDBANK FINANCIAL SER L,150.83,152.8,149.03,152.53,152.5,149.31,,152.53,,,816734,123658366.51,14558,F1,1,,,,,
2026-08-06,2026-08-06,CM,NSE,STK,762675,INE417D01020,FEDDERSHOL,EQ,,,,,FEDDERS HOLDING LTD.,42.47,43.0,41.76,42.34,41.8,42.28,,42.33,,,277079,11750360.7,1831,F1,1,,,,,
2026-08-06,2026-08-06,CM,NSE,STK,1023,INE171A01029,FEDERALBNK,EQ,,,,,FEDERAL BANK LTD,356.45,356.45,351.6,353.55,353.55,356.45,,353.52,,,3780768,1336026992.0,52222,F1,1,,,,,
2026-08-06,2026-08-06,CM,NSE,STK,1190,INE529A01010,FMGOETZE,EQ,,,,,FEDERAL-MOGUL GOETZE (IND,488.0,491.15,479.75,485.8,482.0,486.75,,485.81,,,51348,24927121.85,1695,F1,1,,,,,
2026-08-06,2026-08-06,CM,NSE,STK,573,INE901X01013,FELIX,SM,,,,,FELIX INDUSTRIES LTD.,181.8,181.8,177.25,178.6,179.0,181.7,,178.6,,,41000,7328000.0,71,F1,500,,,,,
2026-08-06,2026-08-06,CM,NSE,STK,762680,INE225B01021,FERMENTA,EQ,,,,,FERMENTA BIOTECH LTD.,555.0,557.0,544.9,552.6,553.0,551.1,,552.54,,,82953,45590080.6,3694,F1,1,,,,,
2026-08-06,2026-08-06,CM,NSE,STK,8159,INE296C01020,FIBERWEB,EQ,,,,,FIBERWEB INDIA LIMITED,29.01,29.86,28.9,29.21,29.15,29.73,,29.11,,,20139,588053.69,155,F1,1,,,,,
2026-08-06,2026-08-06,CM,NSE,STK,9858,INE0LQQ01019,FIDEL,SM,,,,,FIDEL SOFTECH LIMITED,141.0,141.0,140.5,140.5,140.5,136.5,,140.5,,,3000,422000.0,3,F1,1000,,,,,
2026-08-06,2026-08-06,CM,NSE,STK,13710,INE737H01014,FIEMIND,EQ,,,,,FIEM INDUSTRIES LIMITED,2530.0,2530.0,2468.3,2479.5,2478.5,2498.0,,2479.48,,,94557,234879638.4,9222,F1,1,,,,,
2026-08-06,2026-08-06,CM,NSE,STK,23651,INE185E01021,FILATFASH,BE,,,,,FILATEX FASHIONS LIMITED,0.19,0.19,0.18,0.18,0.19,0.18,,0.18,,,23235962,4248163.64,1840,F1,1,,,,,
2026-08-06,2026-08-06,CM,NSE,STK,24532,INE816B01035,FILATEX,EQ,,,,,FILATEX INDIA LTD,81.7,83.75,81.15,81.81,81.5,81.36,,81.81,,,4655530,384263834.13,21562,F1,1,,,,,
2026-08-06,2026-08-06,CM,NSE,STK,759776,INE0EDU01014,FINBUD,SM,,,,,FINBUD FINANCIAL SERV LTD,139.05,139.95,135.4,138.35,139.0,138.8,,138.35,,,24000,3309450.0,19,F1,1000,,,,,
2026-08-06,2026-08-06,CM,NSE,STK,3744,INE686Y01026,FINEORG,EQ,,,,,FINE ORGANIC IND. LTD.,4950.0,5014.7,4902.2,4989.0,4967.0,4940.4,,4989.23,,,15029,74850970.2,3907,F1,1,,,,,
2026-08-06,2026-08-06,CM,NSE,STK,6198,INE045J01034,FCL,EQ,,,,,FINEOTEX CHEMICAL LIMITED,39.05,42.51,38.73,41.75,41.8,38.65,,41.76,,,25011385,1038873750.25,46504,F1,1,,,,,
2026-08-06,2026-08-06,CM,NSE,STK,759239,INE734I01027,FINKURVE,EQ,,,,,FINKURVE FINANCIAL SERV L,60.0,60.84,58.72,59.2,59.01,59.05,,59.2,,,25820,1531353.11,535,F1,1,,,,,
2026-08-06,2026-08-06,CM,NSE,STK,6579,INE02NC01014,FINOPB,EQ,,,,,FINO PAYMENTS BANK LTD,161.99,162.54,159.04,159.68,159.05,161.47,,159.73,,,248911,39866996.77,3106,F1,1,,,,,
2026-08-06,2026-08-06,CM,NSE,STK,1038,INE235A01022,FINCABLES,EQ,,,,,FINOLEX CABLES LTD,1010.0,1042.85,1003.35,1034.75,1032.75,1003.35,,1034.74,,,507703,523045892.45,34560,F1,1,,,,,
2026-08-06,2026-08-06,CM,NSE,STK,1041,INE183A01024,FINPIPE,EQ,,,,,FINOLEX INDUSTRIES LTD,168.0,172.0,167.24,171.31,171.0,167.15,,171.34,,,1161951,197996233.66,23384,F1,1,,,,,
2026-08-06,2026-08-06,CM,NSE,STK,14304,INE684F01012,FSL,EQ,,,,,FIRSTSOURCE SOLU. LTD.,339.0,339.0,280.3,293.95,295.0,339.45,,293.95,,,24119467,7269813145.9,267787,F1,1,,,,,
2026-08-06,2026-08-06,CM,NSE,STK,757658,INE771F01041,FISCHER,EQ,,,,,FISCHER MEDICAL VENTURE L,37.5,38.04,37.26,37.45,37.3,37.67,,37.45,,,1817741,68237925.84,1905,F1,1,,,,,
2026-08-06,2026-08-06,CM,NSE,STK,12032,INE128S01021,FIVESTAR,EQ,,,,,FIVE-STAR BUS FIN LTD,547.7,555.75,545.0,553.25,551.55,547.7,,553.25,,,300190,165164667.65,12128,F1,1,,,,,
2026-08-06,2026-08-06,CM,NSE,STK,20372,INE00Y201027,FLAIR,EQ,,,,,FLAIR WRITING INDUST LTD,256.0,259.4,248.5,250.55,249.85,252.1,,250.55,,,293419,74667710.55,4266,F1,1,,,,,
2026-08-06,2026-08-06,CM,NSE,STK,25516,INE060J01017,FLEXITUFF,BE,,,,,FLEXITUFF VENTURES INT L,4.0,4.0,3.65,3.69,3.7,3.82,,3.69,,,118378,448673.5,189,F1,1,,,,,
2026-08-06,2026-08-06,CM,NSE,STK,758208,INE0VCK01011,FLYSBS,SM,,,,,FLYSBS AVIATION LIMITED,440.15,449.0,440.1,443.95,445.5,444.8,,443.95,,,14200,6302620.0,65,F1,200,,,,,
2026-08-06,2026-08-06,CM,NSE,STK,760331,INE0SQZ01015,FWSTC,SM,,,,,FLYWINGS SIMULAT T C LTD,195.0,195.0,185.0,185.45,185.45,195.0,,185.45,,,6600,1242330.0,10,F1,600,,,,,
2026-08-06,2026-08-06,CM,NSE,STK,7385,INE0I7D01019,FOCE,SM,,,,,FOCE INDIA LIMITED,555.0,555.0,555.0,555.0,555.0,540.0,,555.0,,,10080,5594400.0,2,F1,240,,,,,
2026-08-06,2026-08-06,CM,NSE,STK,6839,INE593W01028,FOCUS,BE,,,,,FOCUS LIGHTG & FIXTRS LTD,67.0,68.44,65.6,67.97,68.35,67.01,,67.97,,,27109,1823093.97,275,F1,1,,,,,
2026-08-06,2026-08-06,CM,NSE,STK,22517,INE0Q4701019,FONEBOX,SM,,,,,FONEBOX RETAIL LIMITED,90.5,93.45,90.5,93.45,93.45,89.0,,93.45,,,6000,551900.0,6,F1,1000,,,,,
2026-08-06,2026-08-06,CM,NSE,STK,6673,INE976E01023,FOODSIN,EQ,,,,,FOODS & INNS LIMITED,54.94,54.94,52.41,53.03,52.9,53.44,,53.03,,,96501,5115025.02,901,F1,1,,,,,
2026-08-06,2026-08-06,CM,NSE,STK,24917,INE0U2501017,FORCAS,ST,,,,,FORCAS STUDIO LIMITED,174.9,189.8,174.9,184.35,189.8,184.1,,184.35,,,89600,16312080.0,25,F1,1600,,,,,
2026-08-06,2026-08-06,CM,NSE,STK,11573,INE451A01017,FORCEMOT,EQ,,,,,FORCE MOTORS LIMITED,18550.0,18886.0,18331.0,18690.0,18690.0,18538.0,,18690.0,,,73575,1374823017.0,18308,F1,1,,,,,
2026-08-06,2026-08-06,CM,NSE,STK,25664,INE0YKW01013,FORGEAUTO,SM,,,,,FORGE AUTO INTERNATION L,110.65,110.65,110.6,110.65,110.65,105.4,,110.65,,,32400,3585000.0,23,F1,1200,,,,,
2026-08-06,2026-08-06,CM,NSE,STK,14592,INE061F01013,FORTIS,EQ,,,,,FORTIS HEALTHCARE LTD,926.0,927.0,916.1,920.0,920.0,925.0,,920.72,,,815182,749685128.35,29955,F1,1,,,,,
2026-08-06,2026-08-06,CM,NSE,STK,1073,INE519A01011,FOSECOIND,EQ,,,,,FOSECO INDIA LTD,5336.0,5495.0,5286.0,5409.0,5430.5,5346.5,,5409.46,,,6133,33276924.5,1194,F1,1,,,,,
2026-08-06,2026-08-06,CM,NSE,STK,760961,INE212S01015,FRACTAL,EQ,,,,,FRACTAL ANALYTICS LIMITED,797.0,819.35,789.15,807.6,808.0,798.15,,807.49,,,254449,204646379.65,13526,F1,1,,,,,
2026-08-06,2026-08-06,CM,NSE,STK,18179,INF090I01VX3,FICRF3GP,MF,,,,,FRANTEMAMC - FICRF3GP,578.0,578.0,578.0,578.0,578.0,535.0,,578.0,,,1,578.0,1,F1,1,,,,,
2026-08-06,2026-08-06,CM,NSE,STK,25871,INE0SFW01015,FRESHARA,ST,,,,,FRESHARA AGRO EXPORTS LTD,366.25,372.8,350.0,353.45,350.0,366.25,,353.45,,,76200,27613140.0,97,F1,600,,,,,
2026-08-06,2026-08-06,CM,NSE,STK,11504,INE385O01018,FROG,ST,,,,,FROG INNOVATIONS LIMITED,213.0,213.0,210.0,210.0,210.0,208.95,,210.0,,,6000,1267600.0,6,F1,400,,,,,
2026-08-06,2026-08-06,CM,NSE,STK,762685,INE572D01014,FRONTSP,EQ,,,,,FRONTIER SPRINGS LTD.,1405.4,1428.9,1401.0,1409.7,1406.0,1405.4,,1409.39,,,11068,15594509.9,1493,F1,1,,,,,
2026-08-06,2026-08-06,CM,NSE,STK,6545,INE388Y01029,NYKAA,EQ,,,,,FSN E COMMERCE VENTURES,335.35,335.9,330.0,331.95,331.95,335.35,,332.03,,,6083027,2019782837.45,76175,F1,1,,,,,
2026-08-06,2026-08-06,CM,NSE,STK,759876,INE12UR01024,UTLSOLAR,EQ,,,,,FUJIYAMA POWER SYSTEMS L,390.9,403.75,385.0,400.65,402.35,390.85,,400.66,,,376306,149351470.3,17937,F1,1,,,,,
2026-08-06,2026-08-06,CM,NSE,STK,11932,INE139R01012,FUSION,EQ,,,,,FUSION FINANCE LIMITED,211.0,218.0,210.76,214.99,218.0,209.72,,215.0,,,1077905,231258221.64,18761,F1,1,,,,,
2026-08-06,2026-08-06,CM,NSE,STK,14868,INE452O01016,FLFL,BZ,,,,,FUT LIFESTYLE FASH LTD,1.21,1.22,1.2,1.2,1.2,1.22,,1.21,,,44082,53460.5,54,F1,1,,,,,
2026-08-06,2026-08-06,CM,NSE,STK,13812,INE623B01027,FEL,BZ,,,,,FUTURE ENTERPRISES LTD,0.37,0.38,0.37,0.37,0.38,0.37,,0.37,,,200418,75683.24,95,F1,1,,,,,
2026-08-06,2026-08-06,CM,NSE,STK,30491,IN9623B01058,FELDVR,BZ,,,,,FUTURE ENTERPRISES LTD,2.41,2.57,2.33,2.33,2.33,2.45,,2.33,,,3840,9301.76,24,F1,1,,,,,
2026-08-06,2026-08-06,CM,NSE,STK,21021,INE360L01017,FMNL,BE,,,,,FUTURE MKT NETWORKS LTD,9.5,9.5,9.18,9.39,9.39,9.5,,9.39,,,8930,83698.7,74,F1,1,,,,,
2026-08-06,2026-08-06,CM,NSE,STK,1168,INE075D01018,GMBREW,EQ,,,,,G M BREWERIES LTD,908.95,914.0,905.55,907.5,907.2,908.2,,907.5,,,18095,16469124.55,1321,F1,1,,,,,
2026-08-06,2026-08-06,CM,NSE,STK,5054,INE201P01022,GRINFRA,EQ,,,,,G R INFRAPROJECTS LIMITED,899.0,904.35,882.0,889.95,896.95,897.5,,890.66,,,24525,21814332.8,2300,F1,1,,,,,
2026-08-06,2026-08-06,CM,NSE,STK,1135,INE586X01012,GTECJAINX,BE,,,,,G-TEC JAINX EDUCATION LTD,28.99,30.45,28.5,30.07,30.45,29.0,,30.07,,,6328,190967.16,41,F1,1,,,,,
2026-08-06,2026-08-06,CM,NSE,STK,1085,INE524A01029,GABRIEL,EQ,,,,,GABRIEL INDIA LTD,1585.0,1585.0,1513.8,1531.8,1546.0,1587.7,,1531.94,,,354330,546384204.2,22889,F1,1,,,,,
2026-08-06,2026-08-06,CM,NSE,STK,18018,INE224E01028,GATECH,BE,,,,,GACM TECHNOLOGIES LIMITED,0.64,0.65,0.64,0.64,0.64,0.62,,0.64,,,22637684,14669246.29,2876,F1,1,,,,,
2026-08-06,2026-08-06,CM,NSE,STK,27,INE224E01036,GATECHDVR,BE,,,,,GACM TECHNOLOGIES LIMITED,0.49,0.51,0.49,0.5,0.51,0.49,,0.5,,,453538,228584.78,201,F1,1,,,,,
2026-08-06,2026-08-06,CM,NSE,STK,4717,INE129A01019,GAIL,EQ,,,,,GAIL (INDIA) LTD,176.22,177.7,174.83,176.4,176.4,176.96,,176.4,,,14800641,2613738501.87,44571,F1,1,,,,,
2026-08-06,2026-08-06,CM,NSE,STK,25134,INE0RE001014,GALAPREC,EQ,,,,,GALA PRECISION ENG LTD,1135.0,1184.0,1115.8,1162.2,1160.0,1124.5,,1162.04,,,60231,69409068.2,7270,F1,1,,,,,
2026-08-06,2026-08-06,CM,NSE,STK,759089,INE09A801015,GML,SM,,,,,GALAXY MEDICARE LIMITED,16.1,17.05,15.7,17.0,17.0,16.25,,17.0,,,8000,131700.0,4,F1,2000,,,,,
2026-08-06,2026-08-06,CM,NSE,STK,1315,INE600K01018,GALAXYSURF,EQ,,,,,GALAXY SURFACTANTS LTD,2005.0,2011.3,1969.0,1980.3,1992.8,2005.8,,1980.31,,,11961,23757391.6,1716,F1,1,,,,,
2026-08-06,2026-08-06,CM,NSE,STK,13337,INE297H01019,GALLANTT,EQ,,,,,GALLANTT ISPAT LIMITED,630.0,632.0,609.55,615.35,617.0,624.05,,615.35,,,73173,45178670.35,4135,F1,1,,,,,
2026-08-06,2026-08-06,CM,NSE,STK,20303,INE717W01049,GANDHAR,EQ,,,,,GANDHAR OIL REFINE IND L,233.95,250.0,232.03,242.95,243.9,231.41,,242.97,,,6759414,1655723528.06,70411,F1,1,,,,,
2026-08-06,2026-08-06,CM,NSE,STK,14116,INE524B01027,GANDHITUBE,EQ,,,,,GANDHI SPL. TUBES LTD,872.0,899.1,870.55,893.15,892.8,896.95,,893.15,,,5768,5138410.3,349,F1,1,,,,,
2026-08-06,2026-08-06,CM,NSE,STK,5617,INE388A01029,GANESHBE,BE,,,,,GANESH BENZOPLAST LIMITED,120.98,124.3,119.0,120.02,119.3,120.98,,120.04,,,144168,17497023.25,516,F1,1,,,,,
2026-08-06,2026-08-06,CM,NSE,STK,759012,INE652V01016,GANESHCP,EQ,,,,,GANESH CONSUMER PRODUCT L,172.09,173.37,163.1,164.94,163.48,172.09,,164.93,,,205454,34354683.21,13010,F1,1,,,,,
2026-08-06,2026-08-06,CM,NSE,STK,24439,INE0R8C01018,GGBL,SM,,,,,GANESH GREEN BHARAT LTD,254.0,255.0,250.0,253.65,254.65,255.05,,253.65,,,19200,4855110.0,60,F1,300,,,,,
2026-08-06,2026-08-06,CM,NSE,STK,14339,INE460C01014,GANESHHOU,EQ,,,,,GANESH HOUSING LIMITED,778.75,783.95,755.0,761.85,756.05,778.75,,761.86,,,20068,15470916.35,1367,F1,1,,,,,
2026-08-06,2026-08-06,CM,NSE,STK,27351,INE0TVT01024,GANESHIN,ST,,,,,GANESH INFRAWORLD LIMITED,108.6,120.0,108.6,119.9,120.0,114.3,,119.9,,,639200,76052160.0,388,F1,800,,,,,
2026-08-06,2026-08-06,CM,NSE,STK,6944,INE845D01014,GANECOS,EQ,,,,,GANESHA ECOSPHERE LIMITED,1094.1,1102.3,1072.4,1076.0,1080.0,1094.9,,1075.97,,,100263,108418867.6,9650,F1,1,,,,,
2026-08-06,2026-08-06,CM,NSE,STK,757525,INE0ZI101018,GANGABATH,SM,,,,,GANGA BATH FITTINGS LTD,22.95,23.45,21.85,23.25,23.25,22.55,,23.25,,,45000,1022100.0,13,F1,3000,,,,,
2026-08-06,2026-08-06,CM,NSE,STK,4959,INE691Z01023,GANGAFORGE,BE,,,,,GANGA FORGING LIMITED,2.0,2.03,1.99,2.02,2.03,1.94,,2.02,,,12184856,24675661.32,5274,F1,1,,,,,
2026-08-06,2026-08-06,CM,NSE,STK,21399,INE335W01016,GANGESSECU,EQ,,,,,GANGES SECURITIES LIMITED,120.23,122.49,118.1,118.85,118.8,120.87,,118.85,,,1647,196134.29,108,F1,1,,,,,
2026-08-06,2026-08-06,CM,NSE,STK,5475,INE382Z01011,GRSE,EQ,,,,,GARDEN REACH SHIP&ENG LTD,2508.0,2644.5,2471.7,2599.4,2602.0,2507.3,,2599.38,,,1437003,3712776746.2,79838,F1,1,,,,,
2026-08-06,2026-08-06,CM,NSE,STK,25800,INE0JVO01026,GARUDA,EQ,,,,,GARUDA CONSTRUCT N ENG L,179.1,185.1,178.9,182.45,182.85,178.36,,182.45,,,597321,109128829.39,7422,F1,1,,,,,
2026-08-06,2026-08-06,CM,NSE,STK,7982,INE291A01017,GRWRHITECH,EQ,,,,,GARWARE HI-TECH FILMS LTD,7540.0,7990.0,7152.5,7338.5,7300.0,7409.5,,7338.6,,,566953,4312464858.0,93910,F1,1,,,,,
2026-08-06,2026-08-06,CM,NSE,STK,1100,INE276A01018,GARFIBRES,EQ,,,,,GARWARE TECH FIBRES LTD,799.7,863.4,765.55,838.85,838.5,797.35,,838.85,,,544036,455347113.2,31905,F1,1,,,,,
2026-08-06,2026-08-06,CM,NSE,STK,8510,INE079J01017,GATEWAY,EQ,,,,,GATEWAY DISTRIPARKS LTD,56.0,58.0,55.85,56.79,56.62,55.91,,56.79,,,4579049,260201986.36,20768,F1,1,,,,,
2026-08-06,2026-08-06,CM,NSE,STK,760179,INE0P8B01020,GAUDIUMIVF,BE,,,,,GAUDIUM IVF N WOMEN H L,129.01,133.62,129.01,133.62,133.62,131.0,,133.06,,,125853,16524245.84,478,F1,1,,,,,
2026-08-06,2026-08-06,CM,NSE,STK,3693,INE287Z01012,GAYAHWS,EQ,,,,,GAYATRI HIGHWAYS LIMITED,2.02,2.02,1.95,1.98,1.99,1.94,,1.98,,,188912,372830.5,268,F1,1,,,,,
2026-08-06,2026-08-06,CM,NSE,STK,25027,INE336H01023,GAYAPROJ,BE,,,,,GAYATRI PROJECTS LTD,19.0,19.94,18.5,19.8,19.8,19.0,,19.79,,,300009,5846648.74,1201,F1,1,,,,,
2026-08-06,2026-08-06,CM,NSE,STK,14055,INE0LVM01018,GRCL,ST,,,,,GAYATRI RUBB AND CHEM LTD,516.1,516.1,511.8,511.8,511.8,538.7,,511.8,,,5000,2565550.0,18,F1,250,,,,,
2026-08-06,2026-08-06,CM,NSE,STK,7862,INE878A01011,GVPIL,EQ,,,,,GE POWER INDIA LIMITED,740.1,750.9,724.9,726.6,729.15,742.5,,726.64,,,131591,96391984.8,7010,F1,1,,,,,
2026-08-06,2026-08-06,CM,NSE,STK,16783,INE200A01026,GVT&D,EQ,,,,,GE VERNOVA T&D INDIA LTD,4150.0,4452.0,4051.0,4366.7,4366.7,4410.0,,4367.57,,,2343579,10023558889.3,147774,F1,1,,,,,
2026-08-06,2026-08-06,CM,NSE,STK,13662,INE916G01016,GEECEE,BE,,,,,GEECEE VENTURES LIMITED,364.0,368.0,360.0,360.25,364.0,359.55,,360.5,,,8372,3043392.7,99,F1,1,,,,,
2026-08-06,2026-08-06,CM,NSE,STK,17922,INE669X01032,GEEKAYWIRE,EQ,,,,,GEEKAY WIRES LIMITED,22.3,22.87,22.15,22.52,22.46,22.3,,22.52,,,53585,1208129.47,615,F1,1,,,,,
2026-08-06,2026-08-06,CM,NSE,STK,759461,INE06XZ01023,GEMAROMA,EQ,,,,,GEM AROMATICS LIMITED,186.15,186.49,182.0,182.87,182.05,184.63,,182.86,,,44776,8239822.27,1050,F1,1,,,,,
2026-08-06,2026-08-06,CM,NSE,STK,277,INE481Y01014,GICRE,EQ,,,,,GENERAL INS CORP OF INDIA,360.0,361.95,358.55,358.85,358.85,359.65,,358.85,,,593786,213463117.6,18007,F1,1,,,,,
2026-08-06,2026-08-06,CM,NSE,STK,2188,INE854S01022,GENCON,EQ,,,,,GENERIC ENG CONS PROJ LTD,39.43,40.2,38.5,39.38,38.56,39.49,,39.35,,,297602,11793337.13,3156,F1,1,,,,,
2026-08-06,2026-08-06,CM,NSE,STK,10905,INE727B01026,GENESYS,EQ,,,,,GENESYS INTL CORPN LTD,215.05,232.95,215.05,229.0,230.0,328.7,,228.99,,,1029321,231553004.85,22788,F1,1,,,,,
2026-08-06,2026-08-06,CM,NSE,STK,758842,INE06H201014,GENSOL,BZ,,,,,GENSOL ENGINEERING LTD,17.93,18.29,17.55,17.71,17.87,18.02,,17.67,,,89000,1579610.08,886,F1,1,,,,,
2026-08-06,2026-08-06,CM,NSE,STK,6600,INE949P01018,GENUSPAPER,EQ,,,,,GENUS P&B LIMITED,12.5,12.75,12.4,12.56,12.59,12.65,,12.56,,,51708,649814.45,265,F1,1,,,,,
2026-08-06,2026-08-06,CM,NSE,STK,11905,INE955D01029,GENUSPOWER,EQ,,,,,GENUS POWER INFRASTRU LTD,312.0,312.25,307.05,309.45,310.0,309.55,,309.45,,,1165184,360334632.8,15422,F1,1,,,,,
2026-08-06,2026-08-06,CM,NSE,STK,31942,INE1W0N01014,GENXAI,SM,,,,,GENXAI ANALYTICS LIMITED,80.0,80.85,78.0,78.55,78.9,81.3,,78.55,,,30000,2376540.0,25,F1,1200,,,,,
2026-08-06,2026-08-06,CM,NSE,STK,11896,INE007B01023,GEOJITFSL,EQ,,,,,GEOJIT FINANCIAL SER L,77.0,79.8,76.62,78.54,78.6,76.95,,78.53,,,345365,27101760.61,4471,F1,1,,,,,
2026-08-06,2026-08-06,CM,NSE,STK,1289,INE538A01037,GFLLIMITED,EQ,,,,,GFL LIMITED,50.75,52.0,49.01,51.94,52.0,49.81,,51.94,,,152484,7824348.82,1696,F1,1,,,,,
2026-08-06,2026-08-06,CM,NSE,STK,1127,INE539A01019,GHCL,EQ,,,,,GHCL LIMITED,440.0,443.95,436.5,438.0,436.5,438.15,,437.98,,,68657,30127639.55,2249,F1,1,,,,,
2026-08-06,2026-08-06,CM,NSE,STK,16696,INE0PA801013,GHCLTEXTIL,EQ,,,,,GHCL TEXTILES LIMITED,115.59,121.0,114.95,120.0,120.36,114.96,,120.0,,,1855411,220045624.26,13403,F1,1,,,,,
2026-08-06,2026-08-06,CM,NSE,STK,1139,INE289B01019,GICHSGFIN,EQ,,,,,GIC HOUSING FINANCE LTD,150.0,150.0,148.01,149.59,148.5,149.83,,149.59,,,63528,9474125.92,954,F1,1,,,,,
2026-08-06,2026-08-06,CM,NSE,STK,17839,INE047B01011,GILLANDERS,EQ,,,,,GILLANDERS ARBUTHNOT LTD,88.0,94.9,88.0,88.55,88.04,90.76,,88.54,,,11025,993545.73,110,F1,1,,,,,
2026-08-06,2026-08-06,CM,NSE,STK,1576,INE322A01010,GILLETTE,EQ,,,,,GILLETTE INDIA LTD,7690.0,7739.5,7678.0,7694.0,7709.0,7688.0,,7694.03,,,8660,66716626.0,2697,F1,1,,,,,
2026-08-06,2026-08-06,CM,NSE,STK,9294,INE424C01010,GINNIFILA,BE,,,,,GINNIFILAMENTS LTD.,45.01,46.24,44.3,44.94,44.99,46.2,,44.94,,,33849,1528708.66,170,F1,1,,,,,
2026-08-06,2026-08-06,CM,NSE,STK,2365,INE614Z01017,GIRIRAJ,SM,,,,,GIRIRAJ CIVIL DEVP LTD,57.95,58.5,54.9,55.25,54.9,57.75,,55.25,,,13750,771087.5,48,F1,250,,,,,
2026-08-06,2026-08-06,CM,NSE,STK,759048,INE1AG301022,GKENERGY,EQ,,,,,GK ENERGY LIMITED,132.51,133.37,129.0,130.15,129.0,131.73,,130.13,,,323708,42500416.87,3489,F1,1,,,,,
2026-08-06,2026-08-06,CM,NSE,STK,17357,INE528A01020,GKWLIMITED,EQ,,,,,GKW LIMITED,1627.3,1655.0,1624.0,1629.7,1626.5,1646.8,,1629.7,,,75,122772.0,29,F1,1,,,,,
2026-08-06,2026-08-06,CM,NSE,STK,1186,INE068V01023,GLAND,EQ,,,,,GLAND PHARMA LIMITED,2570.0,2626.4,2557.0,2608.3,2590.0,2545.1,,2610.13,,,503618,1309962802.5,41831,F1,1,,,,,
2026-08-06,2026-08-06,CM,NSE,STK,1153,INE159A01016,GLAXO,EQ,,,,,GLAXOSMITHKLINE PHARMA LT,2546.9,2591.0,2540.5,2579.5,2580.0,2569.7,,2579.5,,,40361,103896080.6,6192,F1,1,,,,,
2026-08-06,2026-08-06,CM,NSE,STK,7406,INE935A01035,GLENMARK,EQ,,,,,GLENMARK PHARMACEUTICALS,2270.0,2290.0,2247.0,2270.0,2270.0,2259.0,,2271.4,,,556267,1263121150.1,28348,F1,1,,,,,
2026-08-06,2026-08-06,CM,NSE,STK,1415,INE291W01037,GLOBAL,EQ,,,,,GLOBAL EDUCATION LIMITED,105.8,105.8,99.01,100.47,100.12,104.01,,100.47,,,59664,6049610.0,704,F1,1,,,,,
2026-08-06,2026-08-06,CM,NSE,STK,11956,INE474Q01031,MEDANTA,EQ,,,,,GLOBAL HEALTH LIMITED,1412.9,1460.0,1405.8,1444.3,1453.0,1410.3,,1441.13,,,362251,521174674.3,21709,F1,1,,,,,
2026-08-06,2026-08-06,CM,NSE,STK,17170,INE0PS501019,GLOBALPET,ST,,,,,GLOBAL PET INDUSTRIES LTD,159.9,162.0,159.9,162.0,162.0,159.9,,162.0,,,2250,361350.0,3,F1,750,,,,,
2026-08-06,2026-08-06,CM,NSE,STK,14599,INE0JSX01015,GSLSU,EQ,,,,,GLOBAL SURFACES LIMITED,29.33,29.5,28.32,29.21,29.1,28.65,,29.21,,,26327,762993.94,344,F1,1,,,,,
2026-08-06,2026-08-06,CM,NSE,STK,13735,INE792H01019,GLOBALVECT,EQ,,,,,GLOBAL VEC HELICORP LTD,162.0,165.31,162.0,163.79,163.0,162.58,,163.78,,,3746,612987.29,195,F1,1,,,,,
2026-08-06,2026-08-06,CM,NSE,STK,24934,INE0URU01010,GLOBALE,BE,,,,,GLOBALE TESSILE LIMITED,10.66,10.95,10.35,10.8,10.8,10.66,,10.29,,,1945,20972.33,21,F1,1,,,,,
2026-08-06,2026-08-06,CM,NSE,STK,758572,INE0V3U01015,GLOBECIVIL,EQ,,,,,GLOBE CIVIL PROJECTS LTD,39.75,39.99,39.0,39.73,39.94,39.21,,39.73,,,11274,446639.46,134,F1,1,,,,,
2026-08-06,2026-08-06,CM,NSE,STK,393,INE581X01021,GLOBE,EQ,,,,,GLOBE ENTERPRISE (I) LTD,2.05,2.1,2.0,2.03,2.03,2.05,,2.03,,,313699,640878.83,327,F1,1,,,,,
2026-08-06,2026-08-06,CM,NSE,STK,761025,INE947T01022,GICL,EQ,,,,,GLOBE INTL CARRIERS LTD,19.0,19.69,19.0,19.59,19.64,19.0,,19.59,,,244080,4758732.61,339,F1,1,,,,,
2026-08-06,2026-08-06,CM,NSE,STK,9764,INE00WS01056,GSTL,SM,,,,,GLOBESECURE TECHNO LTD,16.3,16.35,16.0,16.0,16.0,16.35,,16.0,,,5000,81350.0,4,F1,1000,,,,,
2026-08-06,2026-08-06,CM,NSE,STK,17424,INE615I01010,GLOBUSSPR,EQ,,,,,GLOBUS SPIRITS LTD,900.0,936.0,895.1,903.75,907.0,891.55,,903.75,,,263446,242144183.45,12179,F1,1,,,,,
2026-08-06,2026-08-06,CM,NSE,STK,23590,INE350Z01018,GLOSTERLTD,EQ,,,,,GLOSTER LIMITED,683.9,685.0,677.45,679.55,680.0,674.95,,679.73,,,1101,749803.95,151,F1,1,,,,,
2026-08-06,2026-08-06,CM,NSE,STK,760118,INE0TQE01026,GLOTTIS,BE,,,,,GLOTTIS LIMITED,67.09,67.97,66.5,67.51,67.69,67.09,,67.51,,,30228,2038340.14,235,F1,1,,,,,
2026-08-06,2026-08-06,CM,NSE,STK,1570,INE541A01023,GMMPFAUDLR,EQ,,,,,GMM PFAUDLER LIMITED,865.0,1028.5,850.9,979.85,982.0,857.1,,979.94,,,6204622,6051674179.1,172171,F1,1,,,,,
2026-08-06,2026-08-06,CM,NSE,STK,13528,INE776C01039,GMRAIRPORT,EQ,,,,,GMR AIRPORTS LIMITED,106.99,106.99,105.45,106.59,106.59,107.0,,106.56,,,5850034,621178772.17,30646,F1,1,,,,,
2026-08-06,2026-08-06,CM,NSE,STK,8529,INE0CU601026,GMRP&UI,EQ,,,,,GMR POW AND URBAN INFRA L,96.19,98.8,95.8,97.83,97.27,95.67,,97.82,,,748526,72862388.16,7417,F1,1,,,,,
2026-08-06,2026-08-06,CM,NSE,STK,18571,INE934S01014,GNA,EQ,,,,,GNA AXLES LIMITED,529.7,541.45,526.35,530.25,532.2,529.7,,530.24,,,298194,158916314.8,9699,F1,1,,,,,
2026-08-06,2026-08-06,CM,NSE,STK,757862,INE18JU01028,EBGNG,EQ,,,,,GNG ELECTRONICS LIMITED,535.0,545.0,519.0,523.9,521.25,527.4,,523.88,,,553303,294269696.55,17880,F1,1,,,,,
2026-08-06,2026-08-06,CM,NSE,STK,23799,INE03JT01014,GODIGIT,EQ,,,,,GO DIGIT GENERAL INS LTD,279.1,280.15,269.0,270.1,270.75,280.4,,270.19,,,385430,105692713.6,11911,F1,1,,,,,
2026-08-06,2026-08-06,CM,NSE,STK,6964,INE0BJS01011,GOCOLORS,EQ,,,,,GO FASHION INDIA LTD,328.2,334.8,326.9,327.95,328.5,324.35,,327.96,,,228521,75535092.0,5307,F1,1,,,,,
2026-08-06,2026-08-06,CM,NSE,STK,14687,INE426D01013,GOACARBON,EQ,,,,,GOA CARBON LIMITED,386.95,386.95,377.25,380.0,379.3,384.35,,380.01,,,6913,2649318.55,511,F1,1,,,,,
2026-08-06,2026-08-06,CM,NSE,STK,3963,INE077F01035,GOCLCORP,EQ,,,,,GOCL CORPORATION LIMITED,412.35,414.05,408.6,410.55,410.0,412.35,,410.54,,,22976,9434035.85,944,F1,1,,,,,
2026-08-06,2026-08-06,CM,NSE,STK,25941,INE497S01012,GODAVARIB,EQ,,,,,GODAVARI BIOREFINERIES L,260.0,262.0,250.1,255.35,255.45,267.4,,255.4,,,280590,71500324.65,6446,F1,1,,,,,
2026-08-06,2026-08-06,CM,NSE,STK,13409,INE177H01039,GPIL,EQ,,,,,GODAWARI POW & ISP LTD,248.4,251.89,240.1,244.76,241.9,246.33,,244.7,,,2039264,504670197.3,37740,F1,1,,,,,
2026-08-06,2026-08-06,CM,NSE,STK,1181,INE260B01028,GODFRYPHLP,EQ,,,,,GODFREY PHILLIPS INDIA LT,2325.0,2338.3,2288.2,2290.0,2290.0,2325.0,,2290.32,,,278917,644162675.1,19692,F1,1,,,,,
2026-08-06,2026-08-06,CM,NSE,STK,144,INE850D01014,GODREJAGRO,EQ,,,,,GODREJ AGROVET LIMITED,557.9,557.9,534.3,545.55,544.2,566.45,,545.53,,,435682,237492599.1,17481,F1,1,,,,,
2026-08-06,2026-08-06,CM,NSE,STK,10099,INE102D01028,GODREJCP,EQ,,,,,GODREJ CONSUMER PRODUCTS,1075.0,1084.8,1071.2,1077.3,1077.3,1069.0,,1077.31,,,493543,532724818.8,19929,F1,1,,,,,
2026-08-06,2026-08-06,CM,NSE,STK,10925,INE233A01035,GODREJIND,EQ,,,,,GODREJ INDUSTRIES LTD,1326.9,1333.7,1300.1,1304.8,1306.8,1320.4,,1304.81,,,33908,44616206.6,4612,F1,1,,,,,
2026-08-06,2026-08-06,CM,NSE,STK,17875,INE484J01027,GODREJPROP,EQ,,,,,GODREJ PROPERTIES LTD,2099.0,2109.0,2072.2,2081.9,2081.9,2099.0,,2082.26,,,291365,609215428.4,14279,F1,1,,,,,
2026-08-06,2026-08-06,CM,NSE,STK,28530,IN0020240183,675GS2029,GS,,,,,GOI LOAN   6.75% 2029,100.0,100.0,100.0,100.0,100.0,100.0,,100.0,,,100,10000.0,1,F1,1,,,,,
2026-08-06,2026-08-06,CM,NSE,STK,27170,IN0020240142,709GS2074,GS,,,,,GOI LOAN   7.09% 2074,95.55,95.55,95.46,95.46,95.46,95.57,,95.49,,,8695,830515.73,17,F1,1,,,,,
2026-08-06,2026-08-06,CM,NSE,STK,21735,IN0020230176,737GR2054,GS,,,,,GOI LOAN   7.37% 2054,101.25,101.25,101.25,101.25,101.25,101.25,,101.25,,,594,60142.5,2,F1,1,,,,,
2026-08-06,2026-08-06,CM,NSE,STK,6695,IN0020210186,574GS2026,GS,,,,,GOI LOAN  5.74% 2026,101.0,101.45,100.53,100.99,100.53,100.52,,100.99,,,1015,102508.87,13,F1,1,,,,,
2026-08-06,2026-08-06,CM,NSE,STK,757753,IN0020250034,591GS2028,GS,,,,,GOI LOAN  5.91% 2028,98.32,98.36,98.32,98.36,98.36,98.45,,98.36,,,6490,638100.4,4,F1,1,,,,,
2026-08-06,2026-08-06,CM,NSE,STK,757983,IN0020250067,601GS2030,GS,,,,,GOI LOAN  6.01% 2030,101.9,101.9,101.87,101.87,101.87,98.9,,101.87,,,12,1222.49,3,F1,1,,,,,
2026-08-06,2026-08-06,CM,NSE,STK,5012,IN0020210095,610GS2031,GS,,,,,GOI LOAN  6.10% 2031,105.5,105.5,105.5,105.5,105.5,105.5,,105.5,,,1,105.5,1,F1,1,,,,,
2026-08-06,2026-08-06,CM,NSE,STK,761020,IN0020250141,636GS2031,GS,,,,,GOI LOAN  6.36% 2031,102.5,102.5,102.5,102.5,102.5,102.02,,102.5,,,100,10250.0,1,F1,1,,,,,
2026-08-06,2026-08-06,CM,NSE,STK,759396,IN0020250091,648GS2035,GS,,,,,GOI LOAN  6.48% 2035,101.2,101.2,101.2,101.2,101.2,99.11,,101.2,,,1,101.2,1,F1,1,,,,,
2026-08-06,2026-08-06,CM,NSE,STK,7843,IN0020210244,654GS2032,GS,,,,,GOI LOAN  6.54% 2032,100.0,101.0,100.0,101.0,101.0,100.0,,101.0,,,5001,500101.0,2,F1,1,,,,,
2026-08-06,2026-08-06,CM,NSE,STK,760623,IN0020250133,668GS2033,GS,,,,,GOI LOAN  6.68% 2033,98.7,98.7,98.7,98.7,98.7,98.6,,98.7,,,10,987.0,1,F1,1,,,,,
2026-08-06,2026-08-06,CM,NSE,STK,757847,IN0020250042,668GS2040,GS,,,,,GOI LOAN  6.68% 2040,98.0,98.24,97.05,98.19,98.24,98.0,,98.19,,,1648,161492.77,54,F1,1,,,,,
2026-08-06,2026-08-06,CM,NSE,STK,2317,IN0020200401,676GS2061,GS,,,,,GOI LOAN  6.76% 2061,93.4,93.4,92.7,92.7,93.25,93.47,,92.64,,,50035,4644518.16,40,F1,1,,,,,
2026-08-06,2026-08-06,CM,NSE,STK,22438,IN0020200187,68GS2060,GS,,,,,GOI LOAN  6.8% 2060,94.84,94.84,93.4,93.4,93.4,90.33,,93.4,,,208,19430.08,9,F1,1,,,,,
2026-08-06,2026-08-06,CM,NSE,STK,756014,IN0020250018,690GS2065,GS,,,,,GOI LOAN  6.90% 2065,93.89,93.89,93.5,93.8,93.8,93.91,,93.8,,,30500,2857800.09,27,F1,1,,,,,
2026-08-06,2026-08-06,CM,NSE,STK,763340,IN0020260025,694GS2036,GS,,,,,GOI LOAN  6.94% 2036,101.5,101.5,101.5,101.5,101.5,101.15,,101.5,,,3800,385700.0,3,F1,1,,,,,
2026-08-06,2026-08-06,CM,NSE,STK,6817,IN0020210202,695GS2061,GS,,,,,GOI LOAN  6.95% 2061,94.0,94.0,93.01,93.2,93.2,93.2,,93.2,,,2824,262836.81,5,F1,1,,,,,
2026-08-06,2026-08-06,CM,NSE,STK,6696,IN0020210194,699GS2051,GS,,,,,GOI LOAN  6.99% 2051,95.5,97.92,95.15,97.92,97.92,95.5,,97.92,,,9004,857437.84,6,F1,1,,,,,
2026-08-06,2026-08-06,CM,NSE,STK,14970,IN0020230010,706GS2028,GS,,,,,GOI LOAN  7.06% 2028,103.0,103.0,103.0,103.0,103.0,103.3,,103.0,,,421,43363.0,3,F1,1,,,,,
2026-08-06,2026-08-06,CM,NSE,STK,764295,IN0020260041,706GS2041,GS,,,,,GOI LOAN  7.06% 2041,100.0,100.0,100.0,100.0,100.0,99.5,,100.0,,,100,10000.0,1,F1,1,,,,,
2026-08-06,2026-08-06,CM,NSE,STK,24949,IN0020240118,709GS2054,GS,,,,,GOI LOAN  7.09% 2054,99.2,99.2,96.95,96.99,96.99,96.35,,96.99,,,39149,3797568.81,37,F1,1,,,,,
2026-08-06,2026-08-06,CM,NSE,STK,15050,IN0020230036,717GS2030,GS,,,,,GOI LOAN  7.17% 2030,103.51,103.51,103.51,103.51,103.51,103.5,,103.51,,,2000,207020.0,1,F1,1,,,,,
2026-08-06,2026-08-06,CM,NSE,STK,18025,IN0020230085,718GS2033,GS,,,,,GOI LOAN  7.18% 2033,106.3,106.3,106.3,106.3,106.3,105.5,,106.3,,,1000,106300.0,1,F1,1,,,,,
2026-08-06,2026-08-06,CM,NSE,STK,17398,IN0020230077,718GS2037,GS,,,,,GOI LOAN  7.18% 2037,102.7,102.7,102.2,102.2,102.2,102.62,,102.2,,,58782,6015911.9,8,F1,1,,,,,
2026-08-06,2026-08-06,CM,NSE,STK,23518,IN0020240027,723GS2039,GS,,,,,GOI LOAN  7.23% 2039,104.5,104.5,104.5,104.5,104.5,104.55,,104.5,,,200,20900.0,1,F1,1,,,,,
2026-08-06,2026-08-06,CM,NSE,STK,758674,IN0020250075,724GS2055,GS,,,,,GOI LOAN  7.24% 2055,101.3,101.6,100.25,101.24,101.24,101.3,,101.07,,,57988,5871186.5,37,F1,1,,,,,
2026-08-06,2026-08-06,CM,NSE,STK,16733,IN0020230044,725GS2063,GS,,,,,GOI LOAN  7.25% 2063,97.8,97.8,97.58,97.59,97.6,97.58,,97.59,,,235112,22946344.93,128,F1,1,,,,,
2026-08-06,2026-08-06,CM,NSE,STK,10722,IN0020220060,726GS2032,GS,,,,,GOI LOAN  7.26% 2032,107.0,107.2,107.0,107.09,107.2,106.79,,107.09,,,1850,198120.0,2,F1,1,,,,,
2026-08-06,2026-08-06,CM,NSE,STK,16865,IN0020230051,73GS2053,GS,,,,,GOI LOAN  7.3% 2053,99.45,99.5,99.2,99.5,99.5,99.38,,99.5,,,23893,2376968.41,15,F1,1,,,,,
2026-08-06,2026-08-06,CM,NSE,STK,20136,IN0020230135,732GS2030,GS,,,,,GOI LOAN  7.32% 2030,103.2,103.2,103.2,103.2,103.2,103.0,,103.2,,,200,20640.0,1,F1,1,,,,,
2026-08-06,2026-08-06,CM,NSE,STK,23558,IN0020240035,734GS2064,GS,,,,,GOI LOAN  7.34% 2064,99.47,99.49,99.0,99.15,99.0,99.4,,99.17,,,56463,5611325.62,24,F1,1,,,,,
2026-08-06,2026-08-06,CM,NSE,STK,10931,IN0020220086,736GS2052,GS,,,,,GOI LOAN  7.36% 2052,103.0,103.0,103.0,103.0,103.0,103.45,,103.0,,,100,10300.0,2,F1,1,,,,,
2026-08-06,2026-08-06,CM,NSE,STK,19566,IN0020230101,737GS2028,GS,,,,,GOI LOAN  7.37% 2028,103.7,103.7,103.7,103.7,103.7,103.7,,103.7,,,200,20740.0,2,F1,1,,,,,
2026-08-06,2026-08-06,CM,NSE,STK,10981,IN0020220094,74GS2062,GS,,,,,GOI LOAN  7.4% 2062,102.5,102.5,100.5,101.74,101.6,102.0,,101.74,,,4831,489986.61,16,F1,1,,,,,
2026-08-06,2026-08-06,CM,NSE,STK,13194,IN0020220102,741GS2036,GS,,,,,GOI LOAN  7.41% 2036,104.56,104.65,104.31,104.65,104.65,105.0,,104.65,,,904,94358.51,13,F1,1,,,,,
2026-08-06,2026-08-06,CM,NSE,STK,760649,IN0020250117,743GS2076,GS,,,,,GOI LOAN  7.43% 2076,100.0,100.0,99.5,100.0,100.0,99.5,,100.0,,,10162,1014317.6,19,F1,1,,,,,
2026-08-06,2026-08-06,CM,NSE,STK,19808,IN0020230127,746GS2073,GS,,,,,GOI LOAN  7.46% 2073,100.7,100.95,100.25,100.95,100.95,100.71,,100.73,,,10107,1013282.2,30,F1,1,,,,,
2026-08-06,2026-08-06,CM,NSE,STK,9585,IN0020220029,754GS2036,GS,,,,,GOI LOAN  7.54% 2036,106.65,106.7,106.33,106.5,106.48,106.59,,106.51,,,459376,48930923.73,129,F1,1,,,,,
2026-08-06,2026-08-06,CM,NSE,STK,763489,IN0020260033,771GS2066,GS,,,,,GOI LOAN  7.71% 2066,104.5,104.99,103.6,104.49,104.5,104.5,,104.49,,,3613,378373.98,15,F1,1,,,,,
2026-08-06,2026-08-06,CM,NSE,STK,6833,IN0020010081,1018GS2026,GS,,,,,GOI LOAN 10.18% 2026,104.5,104.5,104.01,104.01,104.01,104.24,,104.45,,,2,208.51,2,F1,1,,,,,
2026-08-06,2026-08-06,CM,NSE,STK,6866,IN0020020247,601GS2028,GS,,,,,GOI LOAN 6.01% 2028,100.21,102.0,100.21,102.0,102.0,101.0,,102.0,,,12,1213.26,2,F1,1,,,,,
2026-08-06,2026-08-06,CM,NSE,STK,9047,IN0020220011,710GS2029,GS,,,,,GOI LOAN 7.10% 2029,103.4,103.65,103.4,103.65,103.65,103.9,,103.65,,,200,20705.0,2,F1,1,,,,,
2026-08-06,2026-08-06,CM,NSE,STK,9913,IN0020220037,738GS2027,GS,,,,,GOI LOAN 7.38% 2027,102.24,102.25,102.15,102.15,102.16,102.2,,102.15,,,172001,17570464.66,23,F1,1,,,,,
2026-08-06,2026-08-06,CM,NSE,STK,7136,IN0020150077,772GS2055,GS,,,,,GOI LOAN 7.72% 2055,102.3,106.0,102.3,106.0,106.0,101.2,,106.0,,,3903,404707.65,12,F1,1,,,,,
2026-08-06,2026-08-06,CM,NSE,STK,6884,IN0020060078,824GS2027,GS,,,,,GOI LOAN 8.24%2027,105.5,105.5,105.1,105.1,105.1,105.1,,105.1,,,5,527.1,2,F1,1,,,,,
2026-08-06,2026-08-06,CM,NSE,STK,6885,IN0020060086,828GS2032,GS,,,,,GOI LOAN 8.28%2032,111.6,111.6,109.56,109.94,110.0,111.0,,109.94,,,10193,1120470.2,16,F1,1,,,,,
2026-08-06,2026-08-06,CM,NSE,STK,7011,IN0020110055,897GS2030,GS,,,,,GOI LOAN 8.97% 2030,111.0,111.0,110.95,111.0,111.0,111.1,,111.0,,,4051,449651.95,37,F1,1,,,,,
2026-08-06,2026-08-06,CM,NSE,STK,7039,IN0020130053,92GS2030,GS,,,,,GOI LOAN 9.20% 2030,115.0,115.0,114.0,114.0,114.0,114.55,,113.58,,,1085,124590.0,3,F1,1,,,,,
2026-08-06,2026-08-06,CM,NSE,STK,763288,IN002026Y055,182D051126,TB,,,,,GOI TBILL 182D-05/11/26,97.81,98.0,97.81,98.0,98.0,97.85,,98.0,,,200,19581.0,2,F1,100,,,,,
2026-08-06,2026-08-06,CM,NSE,STK,763078,IN002026Y030,182D221026,TB,,,,,GOI TBILL 182D-22/10/26,98.2,98.2,98.2,98.2,98.2,97.0,,98.12,,,100,9820.0,1,F1,100,,,,,
2026-08-06,2026-08-06,CM,NSE,STK,760941,IN002025Z450,364D110227,TB,,,,,GOI TBILL 364D-11/02/27,97.17,97.17,97.17,97.17,97.17,96.15,,97.17,,,2900,281793.0,1,F1,100,,,,,
2026-08-06,2026-08-06,CM,NSE,STK,758414,IN002025Z203,364D130826,TB,,,,,GOI TBILL 364D-13/08/26,99.8,99.8,99.8,99.8,99.8,98.85,,99.8,,,500,49900.0,1,F1,100,,,,,
2026-08-06,2026-08-06,CM,NSE,STK,760391,IN002025Z385,364D171226,TB,,,,,GOI TBILL 364D-17/12/26,98.01,98.01,98.01,98.01,98.01,97.39,,98.01,,,1500,147015.0,1,F1,100,,,,,
2026-08-06,2026-08-06,CM,NSE,STK,758835,IN002025Z302,364D231026,TB,,,,,GOI TBILL 364D-23/10/26,98.7,98.7,98.7,98.7,98.7,97.42,,98.7,,,100,9870.0,1,F1,100,,,,,
2026-08-06,2026-08-06,CM,NSE,STK,763740,IN002026X099,91D030926,TB,,,,,GOI TBILL 91D-03/09/26,99.4,99.5,99.0,99.27,99.27,98.95,,99.27,,,6000,595066.0,6,F1,100,,,,,
2026-08-06,2026-08-06,CM,NSE,STK,764047,IN002026X149,91D081026,TB,,,,,GOI TBILL 91D-08/10/26,98.95,98.95,98.95,98.95,98.95,98.3,,98.95,,,200,19790.0,1,F1,100,,,,,
2026-08-06,2026-08-06,CM,NSE,STK,31717,IN002026X107,91D100926,TB,,,,,GOI TBILL 91D-10/09/26,99.49,99.49,99.05,99.3,99.3,98.79,,99.3,,,1900,188905.0,3,F1,100,,,,,
2026-08-06,2026-08-06,CM,NSE,STK,764328,IN002026X172,91D291026,TB,,,,,GOI TBILL 91D-29/10/26,103.63,103.63,103.63,103.63,103.63,98.7,,103.63,,,100,10363.0,1,F1,100,,,,,
2026-08-06,2026-08-06,CM,NSE,STK,11778,INE887G01027,GOKEX,EQ,,,,,GOKALDAS EXPORTS LTD.,810.0,813.4,792.8,796.7,793.25,805.7,,796.69,,,354969,283765256.1,14149,F1,1,,,,,
2026-08-06,2026-08-06,CM,NSE,STK,14480,INE314T01033,GOKULAGRO,EQ,,,,,GOKUL AGRO RESOURCES LTD,229.0,231.24,223.22,224.53,225.4,227.53,,224.52,,,175123,39754464.09,4141,F1,1,,,,,
2026-08-06,2026-08-06,CM,NSE,STK,16705,INE020J01029,GOKUL,EQ,,,,,GOKUL REFOILS & SOLV LTD,39.79,40.7,39.41,40.04,40.4,39.46,,40.05,,,141015,5662026.48,496,F1,1,,,,,
2026-08-06,2026-08-06,CM,NSE,STK,11619,INE973A01010,GOLDENTOBC,BZ,,,,,GOLDEN TOBACCO LIMITED,24.5,24.92,23.94,24.01,24.01,24.92,,24.47,,,941,22739.95,17,F1,1,,,,,
2026-08-06,2026-08-06,CM,NSE,STK,11971,INE025B01025,GOLDIAM,EQ,,,,,GOLDIAM INTERNATIONAL LTD,363.5,382.5,360.15,376.15,377.5,362.15,,376.14,,,1555115,584631371.45,26994,F1,1,,,,,
2026-08-06,2026-08-06,CM,NSE,STK,1,INE405Y01021,GOLDSTAR,SM,,,,,GOLDSTAR POWER LIMITED,6.85,6.85,6.75,6.8,6.75,6.75,,6.8,,,45000,307125.0,4,F1,11250,,,,,
2026-08-06,2026-08-06,CM,NSE,STK,6125,INE127I01024,GOODLUCK,EQ,,,,,GOODLUCK INDIA LIMITED,1506.0,1574.1,1445.0,1534.1,1539.0,1497.6,,1534.06,,,1035469,1562443569.8,64673,F1,1,,,,,
2026-08-06,2026-08-06,CM,NSE,STK,1205,INE533A01012,GOODYEAR,EQ,,,,,GOODYEAR INDIA LIMITED,826.15,852.0,794.45,814.95,807.6,826.85,,814.77,,,43257,35047319.05,2751,F1,1,,,,,
2026-08-06,2026-08-06,CM,NSE,STK,23066,INE0L9R01028,GOPAL,EQ,,,,,GOPAL SNACKS LIMITED,278.5,279.55,272.0,273.9,273.0,274.55,,273.94,,,152522,42135321.8,2831,F1,1,,,,,
2026-08-06,2026-08-06,CM,NSE,STK,11787,INE705X01026,GOYALALUM,EQ,,,,,GOYAL ALUMINIUMS LIMITED,6.58,6.62,6.46,6.49,6.46,6.52,,6.49,,,53526,349760.12,276,F1,1,,,,,
2026-08-06,2026-08-06,CM,NSE,STK,19356,INE0QFE01017,GOYALSALT,SM,,,,,GOYAL SALT LIMITED,114.0,116.0,114.0,114.25,114.0,113.0,,114.25,,,12600,1439250.0,6,F1,600,,,,,
2026-08-06,2026-08-06,CM,NSE,STK,24113,INE0S7E01015,GPECO,ST,,,,,GP ECO SOLUTIONS INDIA L,417.1,421.9,408.0,413.4,415.0,417.8,,413.4,,,14600,6057840.0,45,F1,200,,,,,
2026-08-06,2026-08-06,CM,NSE,STK,11584,INE586G01017,GULFPETRO,BE,,,,,GP PETROLEUMS LIMITED,52.08,54.68,52.0,54.68,54.68,52.08,,54.72,,,207798,11257712.92,747,F1,1,,,,,
2026-08-06,2026-08-06,CM,NSE,STK,22846,INE486R01017,GPTHEALTH,EQ,,,,,GPT HEALTHCARE LIMITED,164.5,167.63,163.09,165.03,165.2,164.7,,165.04,,,121651,20165274.72,1851,F1,1,,,,,
2026-08-06,2026-08-06,CM,NSE,STK,17685,INE390G01014,GPTINFRA,EQ,,,,,GPT INFRAPROJECTS LTD,117.25,119.43,116.0,117.99,117.6,117.25,,117.98,,,106456,12476254.85,2002,F1,1,,,,,
2026-08-06,2026-08-06,CM,NSE,STK,763301,INE361K01017,GRADIENTE,BE,,,,,GRADIENTE INFOTAINMENT L,2.65,2.72,2.6,2.68,2.7,2.65,,2.68,,,634078,1703467.23,100,F1,1,,,,,
2026-08-06,2026-08-06,CM,NSE,STK,30289,INE12E301017,GCHOTELS,ST,,,,,GRAND CONTINENT HOTELS L,107.95,108.35,103.25,105.0,105.0,108.65,,105.0,,,61800,6492720.0,78,F1,600,,,,,
2026-08-06,2026-08-06,CM,NSE,STK,762695,INE926B01016,GRANDOAK,EQ,,,,,GRAND OAK CANYONS DIST L,39.0,41.84,39.0,41.75,41.84,39.85,,41.75,,,5804,239946.77,73,F1,1,,,,,
2026-08-06,2026-08-06,CM,NSE,STK,11872,INE101D01020,GRANULES,EQ,,,,,GRANULES INDIA LIMITED,850.0,858.15,835.05,838.65,840.2,845.1,,838.64,,,447705,377566203.25,15853,F1,1,,,,,
2026-08-06,2026-08-06,CM,NSE,STK,20454,INE0POU01017,GRAPHISAD,SM,,,,,GRAPHISADS LIMITED,29.0,29.0,28.75,28.75,28.75,28.75,,28.75,,,7200,208500.0,2,F1,1200,,,,,
2026-08-06,2026-08-06,CM,NSE,STK,592,INE371A01025,GRAPHITE,EQ,,,,,GRAPHITE INDIA LTD,709.9,729.0,703.8,722.05,723.0,709.15,,722.02,,,1656518,1191116635.15,35179,F1,1,,,,,
2026-08-06,2026-08-06,CM,NSE,STK,1232,INE047A01021,GRASIM,EQ,,,,,GRASIM INDUSTRIES LTD,3223.1,3232.8,3183.6,3220.0,3220.0,3224.0,,3219.99,,,365593,1172930119.4,28616,F1,1,,,,,
2026-08-06,2026-08-06,CM,NSE,STK,5200,INE266D01021,GRAUWEIL,EQ,,,,,GRAUER & WEIL IND LTD,69.35,71.35,68.81,69.24,69.01,68.78,,69.24,,,571504,39921798.47,4096,F1,1,,,,,
2026-08-06,2026-08-06,CM,NSE,STK,762700,INE214F01026,GRAVISSHO,EQ,,,,,GRAVISS HOSPITALITY LTD.,30.51,31.65,29.01,29.26,29.26,30.82,,29.51,,,15698,462940.75,30,F1,1,,,,,
2026-08-06,2026-08-06,CM,NSE,STK,20534,INE024L01027,GRAVITA,EQ,,,,,GRAVITA INDIA LIMITED,1697.9,1725.8,1680.5,1719.1,1710.5,1688.8,,1718.93,,,223625,382060284.9,22582,F1,1,,,,,
2026-08-06,2026-08-06,CM,NSE,STK,1235,INE224A01026,GREAVESCOT,EQ,,,,,GREAVES COTTON LTD.,196.75,204.49,196.4,201.55,202.15,195.92,,201.55,,,2270377,456531283.09,21823,F1,1,,,,,
2026-08-06,2026-08-06,CM,NSE,STK,17092,INE0O7P01015,GREENCHEF,SM,,,,,GREENCHEF APPLIANCES LTD,53.0,53.0,51.65,51.75,51.75,53.0,,51.75,,,6400,333240.0,8,F1,800,,,,,
2026-08-06,2026-08-06,CM,NSE,STK,6848,INE544R01021,GREENLAM,EQ,,,,,GREENLAM INDUSTRIES LTD.,267.7,278.55,267.7,273.15,274.0,266.7,,273.14,,,424695,116227808.2,11067,F1,1,,,,,
2026-08-06,2026-08-06,CM,NSE,STK,13810,INE08ZM01014,GREENPANEL,EQ,,,,,GREENPANEL INDUSTRIES LTD,200.38,204.0,197.29,202.27,202.38,199.39,,202.27,,,89880,18050004.97,3764,F1,1,,,,,
2026-08-06,2026-08-06,CM,NSE,STK,3987,INE461C01038,GREENPLY,EQ,,,,,GREENPLY INDUSTRIES LTD,296.95,296.95,284.85,286.85,288.95,293.3,,286.86,,,377490,109884490.95,4316,F1,1,,,,,
2026-08-06,2026-08-06,CM,NSE,STK,758986,INE199P01028,GCSL,EQ,,,,,GRETEX CORPORATE SERVICES,523.95,542.8,523.95,529.65,528.0,523.05,,529.65,,,882382,469573930.05,8407,F1,1,,,,,
2026-08-06,2026-08-06,CM,NSE,STK,18741,INE985P01012,GRETEX,SM,,,,,GRETEX INDUSTRIES LTD.,278.0,289.0,278.0,289.0,289.0,276.65,,289.0,,,14250,3969750.0,2,F1,750,,,,,
2026-08-06,2026-08-06,CM,NSE,STK,13560,INE536A01023,GRINDWELL,EQ,,,,,GRINDWELL NORTON LIMITED,2094.0,2124.0,2076.0,2107.6,2101.0,2100.7,,2107.36,,,31623,66423503.1,7154,F1,1,,,,,
2026-08-06,2026-08-06,CM,NSE,STK,10871,INE192H01020,GRMOVER,EQ,,,,,GRM OVERSEAS LIMITED,90.9,91.87,89.75,90.09,89.94,90.89,,90.24,,,1342331,121078406.03,7759,F1,1,,,,,
2026-08-06,2026-08-06,CM,NSE,STK,760971,INE1TY801010,GJL,ST,,,,,GROVER JEWELLS LIMITED,177.0,181.0,177.0,180.0,180.0,172.4,,180.0,,,4000,718360.0,5,F1,800,,,,,
2026-08-06,2026-08-06,CM,NSE,STK,764285,INF666M01PH7,CEMNTGROWW,EQ,,,,,GROWWAMC - CEMNTGROWW,16.27,16.27,15.43,15.51,15.55,15.61,,15.51,,,412920,6418898.2,622,F1,1,,,,,
2026-08-06,2026-08-06,CM,NSE,STK,760051,INF666M01MM4,GROWWCAPM,EQ,,,,,GROWWAMC - GROWWCAPM,11.39,11.39,11.02,11.04,11.1,11.09,,11.04,,,500635,5535425.02,933,F1,1,,,,,
2026-08-06,2026-08-06,CM,NSE,STK,760673,INF666M01NP5,GROWWCHEM,EQ,,,,,GROWWAMC - GROWWCHEM,30.07,31.12,30.03,30.97,30.89,30.48,,30.97,,,4953575,153381420.82,471,F1,1,,,,,
2026-08-06,2026-08-06,CM,NSE,STK,25758,INF666M01IO8,GROWWDEFNC,EQ,,,,,GROWWAMC - GROWWDEFNC,94.39,97.03,94.01,96.73,96.32,94.39,,96.72,,,429451,41259695.02,3363,F1,1,,,,,
2026-08-06,2026-08-06,CM,NSE,STK,24798,INF666M01IH2,GROWWEV,EQ,,,,,GROWWAMC - GROWWEV,34.64,34.64,33.42,33.6,33.6,33.9,,33.6,,,669703,22494603.38,5049,F1,1,,,,,
2026-08-06,2026-08-06,CM,NSE,STK,25872,INF666M01OE7,GROWWGOLD,EQ,,,,,GROWWAMC - GROWWGOLD,14.46,14.49,14.35,14.46,14.46,14.11,,14.46,,,2172354,31312971.95,3390,F1,1,,,,,
2026-08-06,2026-08-06,CM,NSE,STK,760874,INF666M01OD9,GROWWHOSPI,EQ,,,,,GROWWAMC - GROWWHOSPI,54.94,54.98,53.8,53.99,54.12,54.3,,53.99,,,278761,15040994.49,980,F1,1,,,,,
2026-08-06,2026-08-06,CM,NSE,STK,25447,INF666M01IP5,GROWWLIQID,EQ,,,,,GROWWAMC - GROWWLIQID,110.23,110.23,110.22,110.22,110.23,110.2,,110.22,,,321774,35466437.2,204,F1,1,,,,,
2026-08-06,2026-08-06,CM,NSE,STK,758300,INF666M01LB9,GROWWLOVOL,EQ,,,,,GROWWAMC - GROWWLOVOL,10.55,10.88,10.55,10.64,10.64,10.68,,10.64,,,8788,93699.91,137,F1,1,,,,,
2026-08-06,2026-08-06,CM,NSE,STK,759719,INF666M01MV5,GROWWMC150,EQ,,,,,GROWWAMC - GROWWMC150,231.58,236.15,231.54,232.9,232.29,235.52,,232.9,,,747,175234.57,50,F1,1,,,,,
2026-08-06,2026-08-06,CM,NSE,STK,760438,INF666M01NI0,GROWWMETAL,EQ,,,,,GROWWAMC - GROWWMETAL,12.59,12.97,12.49,12.59,12.54,12.59,,12.59,,,1123677,14153716.73,2001,F1,1,,,,,
2026-08-06,2026-08-06,CM,NSE,STK,756086,INF666M01KJ4,GROWWMOM50,EQ,,,,,GROWWAMC - GROWWMOM50,11.13,11.13,10.77,10.85,10.9,10.86,,10.85,,,501757,5442645.34,444,F1,1,,,,,
2026-08-06,2026-08-06,CM,NSE,STK,29872,INF666M01JV1,GROWWN200,EQ,,,,,GROWWAMC - GROWWN200,11.55,11.63,11.51,11.54,11.58,11.55,,11.54,,,98728,1140332.32,314,F1,1,,,,,
2026-08-06,2026-08-06,CM,NSE,STK,757814,INF666M01LI4,GROWWNET,EQ,,,,,GROWWAMC - GROWWNET,10.47,10.47,10.16,10.32,10.26,10.26,,10.32,,,757978,7841912.61,1790,F1,1,,,,,
2026-08-06,2026-08-06,CM,NSE,STK,758697,INF666M01LL8,GROWWNIFTY,EQ,,,,,GROWWAMC - GROWWNIFTY,10.19,10.19,9.95,9.98,10.0,9.95,,9.98,,,500520,4994707.13,6462,F1,1,,,,,
2026-08-06,2026-08-06,CM,NSE,STK,759458,INF666M01LZ8,GROWWNXT50,EQ,,,,,GROWWAMC - GROWWNXT50,74.97,76.0,74.4,75.18,74.81,74.97,,75.18,,,9859,740143.17,100,F1,1,,,,,
2026-08-06,2026-08-06,CM,NSE,STK,758165,INF666M01LM6,GROWWPOWER,EQ,,,,,GROWWAMC - GROWWPOWER,11.61,11.64,11.45,11.47,11.51,11.6,,11.47,,,3550965,40804524.38,4652,F1,1,,,,,
2026-08-06,2026-08-06,CM,NSE,STK,760976,INF666M01NQ3,GROWWPSE,EQ,,,,,GROWWAMC - GROWWPSE,99.82,101.48,99.13,100.04,100.14,99.91,,100.04,,,3993,399101.83,125,F1,1,,,,,
2026-08-06,2026-08-06,CM,NSE,STK,761514,INF666M01OG2,GROWWPSUBK,EQ,,,,,GROWWAMC - GROWWPSUBK,85.37,87.89,85.37,87.81,87.27,85.58,,87.81,,,17947,1556412.16,94,F1,1,,,,,
2026-08-06,2026-08-06,CM,NSE,STK,29527,INF666M01JJ6,GROWWRAIL,EQ,,,,,GROWWAMC - GROWWRAIL,29.53,29.62,29.1,29.5,29.5,29.48,,29.5,,,438482,12927830.04,2676,F1,1,,,,,
2026-08-06,2026-08-06,CM,NSE,STK,759428,INF666M01MN2,GROWWRLTY,EQ,,,,,GROWWAMC - GROWWRLTY,10.21,10.21,9.92,9.97,10.04,10.1,,9.97,,,345018,3456107.18,1144,F1,1,,,,,
2026-08-06,2026-08-06,CM,NSE,STK,759522,INF666M01MO0,GROWWSC250,EQ,,,,,GROWWAMC - GROWWSC250,10.59,10.7,10.47,10.64,10.62,10.59,,10.64,,,193117,2052398.19,528,F1,1,,,,,
2026-08-06,2026-08-06,CM,NSE,STK,756827,INF666M01OF4,GROWWSLVR,EQ,,,,,GROWWAMC - GROWWSLVR,22.04,22.1,21.85,21.98,21.99,21.89,,21.98,,,1915015,42125361.38,2327,F1,1,,,,,
2026-08-06,2026-08-06,CM,NSE,STK,763572,INF666M01OT5,PVTBKGROWW,EQ,,,,,GROWWAMC - PVTBKGROWW,27.76,27.98,27.7,27.9,27.82,27.76,,27.9,,,13222,368936.34,145,F1,1,,,,,
2026-08-06,2026-08-06,CM,NSE,STK,751745,INF666M01PG9,SMALLGROWW,EQ,,,,,GROWWAMC - SMALLGROWW,48.69,48.69,48.3,48.3,48.31,48.38,,48.3,,,2677,129676.39,56,F1,1,,,,,
2026-08-06,2026-08-06,CM,NSE,STK,6543,INE137I01015,GRPLTD,EQ,,,,,GRP LIMITED,1977.0,2074.0,1950.0,2042.2,2072.0,1977.3,,2042.42,,,5989,12043705.3,975,F1,1,,,,,
2026-08-06,2026-08-06,CM,NSE,STK,23888,INE0SQY01018,GSMFOILS,SM,,,,,GSM FOILS LIMITED,132.7,132.7,132.7,132.7,132.7,139.65,,132.7,,,21000,2786700.0,39,F1,500,,,,,
2026-08-06,2026-08-06,CM,NSE,STK,762239,INE713R01022,GSPCROP,EQ,,,,,GSP CROP SCIENCE LIMITED,596.25,600.0,580.05,592.35,599.8,593.3,,592.32,,,383694,228311270.75,9296,F1,1,,,,,
2026-08-06,2026-08-06,CM,NSE,STK,15347,INE871H01011,GSS,EQ,,,,,GSS INFOTECH LIMITED,13.54,14.29,13.32,13.54,13.4,14.02,,13.53,,,46784,641270.24,175,F1,1,,,,,
2026-08-06,2026-08-06,CM,NSE,STK,13745,INE221H01019,GTLINFRA,EQ,,,,,GTL INFRA.LTD,1.28,1.28,1.22,1.23,1.23,1.27,,1.23,,,80513830,101039879.09,21043,F1,1,,,,,
2026-08-06,2026-08-06,CM,NSE,STK,1162,INE043A01012,GTL,EQ,,,,,GTL LTD,7.54,7.54,7.34,7.38,7.39,7.45,,7.38,,,275988,2056007.59,763,F1,1,,,,,
2026-08-06,2026-08-06,CM,NSE,STK,21195,INE869I01013,GTPL,EQ,,,,,GTPL HATHWAY LIMITED,60.77,60.77,59.8,59.86,59.82,59.91,,59.86,,,14586,874151.45,279,F1,1,,,,,
2026-08-06,2026-08-06,CM,NSE,STK,11606,INE742B01025,GUFICBIO,EQ,,,,,GUFIC BIOSCIENCES LTD.,394.15,408.0,394.15,404.35,400.1,394.35,,404.35,,,102721,41392629.35,3512,F1,1,,,,,
2026-08-06,2026-08-06,CM,NSE,STK,1145,INE162A01010,GIPCL,EQ,,,,,GUJ IND POW CO. LTD,160.79,162.0,158.51,159.21,158.51,160.79,,159.2,,,340905,54539462.73,3384,F1,1,,,,,
2026-08-06,2026-08-06,CM,NSE,STK,1174,INE113A01013,GNFC,EQ,,,,,GUJ NAR VAL FER & CHEM L,545.0,561.95,539.0,542.95,543.0,538.3,,542.93,,,2522027,1384976732.2,51962,F1,1,,,,,
2026-08-06,2026-08-06,CM,NSE,STK,1247,INE026A01025,GSFC,EQ,,,,,GUJ STATE FERT & CHEM LTD,163.75,165.74,161.99,162.43,162.2,162.23,,162.44,,,413416,67486758.53,5971,F1,1,,,,,
2026-08-06,2026-08-06,CM,NSE,STK,14677,INE826C01016,GUJAPOLLO,EQ,,,,,GUJ. APOLLO IND. LTD.,367.15,370.0,360.75,367.6,369.8,367.1,,367.6,,,6028,2211462.15,178,F1,1,,,,,
2026-08-06,2026-08-06,CM,NSE,STK,1267,INE186A01019,GUJALKALI,EQ,,,,,GUJARAT ALKALIES & CHEM,685.9,700.0,675.5,680.8,680.5,677.35,,680.81,,,81514,55926928.45,5281,F1,1,,,,,
2026-08-06,2026-08-06,CM,NSE,STK,8828,INE036B01030,GAEL,EQ,,,,,GUJARAT AMBUJA EXPORTS LT,173.0,180.0,172.95,177.72,176.92,174.83,,177.72,,,1888741,335133402.47,27092,F1,1,,,,,
2026-08-06,2026-08-06,CM,NSE,STK,10599,INE844O01030,GUJENERGY,EQ,,,,,GUJARAT ENERGY LIMITED,272.55,278.7,272.55,275.6,275.95,272.55,,275.59,,,695173,192122718.7,13202,F1,1,,,,,
2026-08-06,2026-08-06,CM,NSE,STK,13750,INE09N301011,FLUOROCHEM,EQ,,,,,GUJARAT FLUOROCHEM LTD,4498.1,4589.8,4490.0,4548.0,4521.0,4498.1,,4547.9,,,70208,319979837.6,14635,F1,1,,,,,
2026-08-06,2026-08-06,CM,NSE,STK,761197,INE0V0W01025,GKSL,EQ,,,,,GUJARAT KIDNEY N SUP SP L,134.0,140.27,131.75,133.95,133.83,134.57,,133.94,,,1028884,140390406.99,5909,F1,1,,,,,
2026-08-06,2026-08-06,CM,NSE,STK,8412,INE540A01017,GLFL,BE,,,,,GUJARAT LEASE FINANCING L,5.53,5.84,5.36,5.4,5.4,5.64,,5.79,,,3259,17652.75,16,F1,1,,,,,
2026-08-06,2026-08-06,CM,NSE,STK,5204,INE131A01031,GMDCLTD,EQ,,,,,GUJARAT MINERAL DEV CORP,585.0,603.65,581.35,596.75,594.6,579.9,,596.76,,,4412031,2624650485.45,73177,F1,1,,,,,
2026-08-06,2026-08-06,CM,NSE,STK,762690,INE207H01018,GNRL,EQ,,,,,GUJARAT NATURAL RES L,93.91,97.0,93.0,95.25,94.65,94.07,,95.25,,,65685,6277043.32,1187,F1,1,,,,,
2026-08-06,2026-08-06,CM,NSE,STK,19731,INE517F01014,GPPL,EQ,,,,,GUJARAT PIPAVAV PORT LTD,152.14,152.36,151.01,151.26,151.01,151.68,,151.26,,,597571,90616761.29,8080,F1,1,,,,,
2026-08-06,2026-08-06,CM,NSE,STK,4548,INE610B01024,GUJRAFFIA,EQ,,,,,GUJARAT RAFFIA INDUST LTD,39.95,40.5,39.1,39.93,40.0,39.94,,39.93,,,4124,165952.9,76,F1,1,,,,,
2026-08-06,2026-08-06,CM,NSE,STK,29731,INE942C01045,GUJTHEM,EQ,,,,,GUJARAT THEMIS BIOSYN LTD,357.1,366.0,352.15,361.9,359.7,355.95,,361.79,,,32491,11724976.6,1393,F1,1,,,,,
2026-08-06,2026-08-06,CM,NSE,STK,4391,INE635Q01029,GULFOILLUB,EQ,,,,,GULF OIL LUB. IND. LTD.,1189.0,1230.4,1186.7,1204.5,1204.0,1179.6,,1204.51,,,205723,249716157.7,13797,F1,1,,,,,
2026-08-06,2026-08-06,CM,NSE,STK,6286,INE255D01024,GULPOLY,EQ,,,,,GULSHAN POLYOLS LIMITED,209.0,211.0,202.55,207.21,206.7,208.91,,207.21,,,1141312,236975212.54,14055,F1,1,,,,,
2026-08-06,2026-08-06,CM,NSE,STK,13229,INE251H01024,GVKPIL,BE,,,,,GVK POW. & INFRA LTD.,2.41,2.45,2.39,2.4,2.42,2.42,,2.4,,,381439,919938.81,640,F1,1,,,,,
2026-08-06,2026-08-06,CM,NSE,STK,10865,INE382T01030,GVPTECH,EQ,,,,,GVP INFOTECH LIMITED,7.08,7.08,6.85,6.9,6.97,7.03,,6.9,,,40133,278956.96,237,F1,1,,,,,
2026-08-06,2026-08-06,CM,NSE,STK,764050,INE724A01017,GYFTR,EQ,,,,,GYFTR LIMITED,160.13,162.1,157.2,159.4,160.0,161.31,,159.5,,,42413,6774026.77,339,F1,1,,,,,
2026-08-06,2026-08-06,CM,NSE,STK,762712,INE640B01021,HBESD,EQ,,,,,H B ESTATE DEVELOPERS L,78.0,78.0,74.1,75.28,76.79,78.0,,75.86,,,10624,805486.99,52,F1,1,,,,,
2026-08-06,2026-08-06,CM,NSE,STK,1672,INE926X01010,HGINFRA,EQ,,,,,H.G.INFRA ENGINEERING LTD,542.9,560.0,542.9,552.3,550.0,542.9,,552.32,,,110578,61194876.75,6880,F1,1,,,,,
2026-08-06,2026-08-06,CM,NSE,STK,760715,INE115S01010,HALDER,EQ,,,,,HALDER VENTURE LIMITED,261.0,265.0,255.8,260.77,256.0,256.56,,260.84,,,27448,7067869.96,226,F1,1,,,,,
2026-08-06,2026-08-06,CM,NSE,STK,762708,INE506D01020,HALDYNGL,BE,,,,,HALDYN GLASS LTD.,133.0,134.0,131.15,132.79,132.98,137.5,,132.63,,,52816,7014132.66,341,F1,1,,,,,
2026-08-06,2026-08-06,CM,NSE,STK,21551,INE320X01016,HALEOSLABS,EQ,,,,,HALEOS LABS LIMITED,1431.0,1500.0,1430.0,1438.7,1437.9,1427.7,,1438.72,,,1201,1746314.5,124,F1,1,,,,,
2026-08-06,2026-08-06,CM,NSE,STK,13592,INE596H01014,HGM,EQ,,,,,HANDSON GBL MNGMNT LTD,49.64,50.63,49.04,49.1,49.04,49.64,,49.12,,,2180,107407.56,62,F1,1,,,,,
2026-08-06,2026-08-06,CM,NSE,STK,48,INE419U01012,HAPPSTMNDS,EQ,,,,,HAPPIEST MINDS TECHNO LTD,400.8,417.0,400.0,406.15,406.95,400.8,,406.17,,,1653011,674232183.7,34854,F1,1,,,,,
2026-08-06,2026-08-06,CM,NSE,STK,20854,INE330T01021,HAPPYFORGE,EQ,,,,,HAPPY FORGINGS LIMITED,1860.0,1908.0,1831.5,1870.0,1868.0,1817.0,,1870.0,,,154871,291615329.2,16306,F1,1,,,,,
2026-08-06,2026-08-06,CM,NSE,STK,757665,INE0TLP01015,WHITEFORCE,SM,,,,,HAPPY SQUARE OUTSOURC S L,37.2,39.0,37.2,39.0,39.0,39.0,,39.0,,,57600,2243520.0,2,F1,1600,,,,,
2026-08-06,2026-08-06,CM,NSE,STK,764131,INE1GFG01011,HAPPY,SM,,,,,HAPPY STEELS LIMITED,59.2,61.95,59.2,61.75,61.95,58.55,,61.75,,,66000,4004100.0,32,F1,2000,,,,,
2026-08-06,2026-08-06,CM,NSE,STK,8962,INE626Z01029,HARDWYN,EQ,,,,,HARDWYN INDIA LIMITED,11.3,11.39,11.23,11.27,11.24,11.24,,11.27,,,2477682,27921259.0,1163,F1,1,,,,,
2026-08-06,2026-08-06,CM,NSE,STK,8968,INE00EV01017,HARIOMPIPE,EQ,,,,,HARIOM PIPE INDUSTRIES L,405.65,407.0,393.15,396.7,395.4,405.55,,396.72,,,86156,34606751.6,2375,F1,1,,,,,
2026-08-06,2026-08-06,CM,NSE,STK,1313,INE544A01019,HARRMALAYA,EQ,,,,,HARRISON MALAYALAM LTD,224.8,228.0,215.0,222.27,222.05,223.12,,222.3,,,36047,7980569.96,1267,F1,1,,,,,
2026-08-06,2026-08-06,CM,NSE,STK,11162,INE0JUS01029,HARSHA,EQ,,,,,HARSHA ENGINEERS INT LTD,418.0,428.0,417.5,425.0,425.7,419.75,,424.99,,,110076,46775579.15,4007,F1,1,,,,,
2026-08-06,2026-08-06,CM,NSE,STK,18154,INE982F01036,HATHWAY,EQ,,,,,HATHWAY CABLE & DATACOM,10.9,10.98,10.8,10.83,10.8,10.9,,10.83,,,1055693,11483826.19,1977,F1,1,,,,,
2026-08-06,2026-08-06,CM,NSE,STK,3892,INE473B01035,HATSUN,EQ,,,,,HATSUN AGRO PRODUCT LTD.,910.6,939.0,909.0,927.25,925.0,910.6,,927.13,,,51026,47293641.6,3089,F1,1,,,,,
2026-08-06,2026-08-06,CM,NSE,STK,9819,INE176B01034,HAVELLS,EQ,,,,,HAVELLS INDIA LIMITED,1290.0,1290.0,1277.1,1285.5,1285.5,1290.0,,1285.5,,,1078858,1384796039.5,22481,F1,1,,,,,
2026-08-06,2026-08-06,CM,NSE,STK,4444,INE979B01015,HAWKINCOOK,EQ,,,,,HAWKINS COOKERS LTD,8517.5,8578.5,8402.0,8465.0,8402.0,8526.5,,8464.32,,,1032,8790917.0,395,F1,1,,,,,
2026-08-06,2026-08-06,CM,NSE,STK,4116,INE550B01022,HBSL,EQ,,,,,HB STOCKHOLDINGS LIMITED,59.15,59.93,57.0,58.11,58.5,59.08,,58.11,,,5287,305884.13,122,F1,1,,,,,
2026-08-06,2026-08-06,CM,NSE,STK,13966,INE292B01021,HBLENGINE,EQ,,,,,HBL ENGINEERING LTD,740.0,743.85,730.5,736.15,736.1,736.5,,736.16,,,599935,442261512.2,21784,F1,1,,,,,
2026-08-06,2026-08-06,CM,NSE,STK,1327,INE236A01020,HCL-INSYS,EQ,,,,,HCL INFOSYSTEMS LTD,11.75,11.75,11.44,11.6,11.65,11.59,,11.6,,,79205,922322.95,447,F1,1,,,,,
2026-08-06,2026-08-06,CM,NSE,STK,7229,INE860A01027,HCLTECH,EQ,,,,,HCL TECHNOLOGIES LTD,1349.9,1363.2,1332.5,1335.0,1335.0,1350.0,,1335.15,,,3821560,5118093030.5,113551,F1,1,,,,,
2026-08-06,2026-08-06,CM,NSE,STK,757772,INE756I01012,HDBFS,EQ,,,,,HDB FINANCIAL SERVICES L,675.25,682.6,673.25,674.9,675.0,675.25,,674.9,,,361024,244083086.45,17941,F1,1,,,,,
2026-08-06,2026-08-06,CM,NSE,STK,4244,INE127D01025,HDFCAMC,EQ,,,,,HDFC AMC LIMITED,2560.0,2566.0,2533.9,2538.1,2538.1,2562.0,,2538.11,,,400755,1019284173.9,20516,F1,1,,,,,
2026-08-06,2026-08-06,CM,NSE,STK,1333,INE040A01034,HDFCBANK,EQ,,,,,HDFC BANK LTD,739.0,740.5,733.55,734.3,734.3,735.0,,734.82,,,44772122,32938832886.35,392473,F1,1,,,,,
2026-08-06,2026-08-06,CM,NSE,STK,19543,INF179KC1981,HDFCGOLD,EQ,,,,,HDFC GOLD ETF,126.52,126.9,125.12,126.44,126.38,123.44,,126.44,,,3633878,457811343.68,11350,F1,1,,,,,
2026-08-06,2026-08-06,CM,NSE,STK,467,INE795G01014,HDFCLIFE,EQ,,,,,HDFC LIFE INS CO LTD,545.0,545.0,538.3,542.5,542.5,545.0,,542.5,,,2727203,1478868711.85,62192,F1,1,,,,,
2026-08-06,2026-08-06,CM,NSE,STK,14230,INF179KC1EZ4,HDFCBSE500,EQ,,,,,HDFCAMC - HDFCBSE500,38.2,38.38,38.11,38.27,38.38,38.21,,38.27,,,613785,23479825.07,236,F1,1,,,,,
2026-08-06,2026-08-06,CM,NSE,STK,11241,INF179KC1DJ0,HDFCGROWTH,EQ,,,,,HDFCAMC - HDFCGROWTH,123.0,123.76,122.2,122.4,122.2,122.94,,122.4,,,8172,1004571.27,169,F1,1,,,,,
2026-08-06,2026-08-06,CM,NSE,STK,18279,INF179KC1JG3,HDFCLIQUID,EQ,,,,,HDFCAMC - HDFCLIQUID,1070.25,1072.49,1070.25,1072.48,1072.49,1072.35,,1072.48,,,25608,27463647.73,53,F1,1,,,,,
2026-08-06,2026-08-06,CM,NSE,STK,11547,INF179KC1HU8,HDFCLOWVOL,EQ,,,,,HDFCAMC - HDFCLOWVOL,21.75,21.75,21.17,21.18,21.17,21.22,,21.18,,,10009,212957.19,329,F1,1,,,,,
2026-08-06,2026-08-06,CM,NSE,STK,14236,INF179KC1HT0,HDFCMID150,EQ,,,,,HDFCAMC - HDFCMID150,23.71,23.85,23.56,23.66,23.85,23.71,,23.71,,,621380,14724209.38,1310,F1,1,,,,,
2026-08-06,2026-08-06,CM,NSE,STK,11538,INF179KC1HV6,HDFCMOMENT,EQ,,,,,HDFCAMC - HDFCMOMENT,32.0,32.0,30.8,31.03,31.15,31.22,,31.03,,,157328,4900221.26,905,F1,1,,,,,
2026-08-06,2026-08-06,CM,NSE,STK,10619,INF179KC1HS2,HDFCNEXT50,EQ,,,,,HDFCAMC - HDFCNEXT50,76.0,76.21,75.53,75.89,75.97,75.39,,75.89,,,739359,56265233.91,1072,F1,1,,,,,
2026-08-06,2026-08-06,CM,NSE,STK,10633,INF179KC1HR4,HDFCNIF100,EQ,,,,,HDFCAMC - HDFCNIF100,26.58,26.66,26.3,26.55,26.31,26.36,,26.55,,,27026,719537.69,268,F1,1,,,,,
2026-08-06,2026-08-06,CM,NSE,STK,22433,INF179KC1HY0,HDFCNIFBAN,EQ,,,,,HDFCAMC - HDFCNIFBAN,61.0,61.0,59.45,59.63,59.51,59.68,,59.63,,,53757,3207149.38,758,F1,1,,,,,
2026-08-06,2026-08-06,CM,NSE,STK,12101,INF179KC1IA8,HDFCNIFIT,EQ,,,,,HDFCAMC - HDFCNIFIT,33.77,33.85,32.9,33.25,33.08,33.22,,33.25,,,157880,5277820.65,598,F1,1,,,,,
2026-08-06,2026-08-06,CM,NSE,STK,11591,INF179KC1965,HDFCNIFTY,EQ,,,,,HDFCAMC - HDFCNIFTY,279.39,279.39,274.9,276.66,274.9,276.09,,276.67,,,247297,68627702.88,1081,F1,1,,,,,
2026-08-06,2026-08-06,CM,NSE,STK,764336,INF179KC1KT4,HDFCNIMEG,EQ,,,,,HDFCAMC - HDFCNIMEG,132.68,132.95,131.28,132.02,131.28,132.67,,132.01,,,45508,6002433.69,218,F1,1,,,,,
2026-08-06,2026-08-06,CM,NSE,STK,12108,INF179KC1HZ7,HDFCPVTBAN,EQ,,,,,HDFCAMC - HDFCPVTBAN,28.26,28.47,27.9,28.25,27.9,28.25,,28.25,,,150786,4268675.22,497,F1,1,,,,,
2026-08-06,2026-08-06,CM,NSE,STK,11255,INF179KC1DL6,HDFCQUAL,EQ,,,,,HDFCAMC - HDFCQUAL,59.9,60.03,59.2,59.38,59.2,59.68,,59.37,,,21394,1280005.58,376,F1,1,,,,,
2026-08-06,2026-08-06,CM,NSE,STK,11593,INF179KC1HX2,HDFCSENSEX,EQ,,,,,HDFCAMC - HDFCSENSEX,89.13,89.54,89.0,89.26,89.01,89.13,,89.26,,,86179,7695034.0,577,F1,1,,,,,
2026-08-06,2026-08-06,CM,NSE,STK,10876,INF179KC1DI2,HDFCSILVER,EQ,,,,,HDFCAMC - HDFCSILVER,214.52,215.61,213.36,214.75,214.6,213.52,,214.75,,,2640249,566860326.54,12392,F1,1,,,,,
2026-08-06,2026-08-06,CM,NSE,STK,14233,INF179KC1FB2,HDFCSML250,EQ,,,,,HDFCAMC - HDFCSML250,185.1,185.73,184.85,185.47,185.69,185.1,,185.47,,,1027788,190545198.62,7413,F1,1,,,,,
2026-08-06,2026-08-06,CM,NSE,STK,11260,INF179KC1DK8,HDFCVALUE,EQ,,,,,HDFCAMC - HDFCVALUE,126.92,128.71,126.92,128.52,128.71,127.55,,128.52,,,2755,353233.17,82,F1,1,,,,,
2026-08-06,2026-08-06,CM,NSE,STK,22595,INF179KC1HW4,HDFCPSUBK,EQ,,,,,HDFCAMC HDFCPSUBK,86.74,88.21,85.51,87.69,86.1,86.31,,87.7,,,516460,45156325.29,533,F1,1,,,,,
2026-08-06,2026-08-06,CM,NSE,STK,19205,INE759V01019,HEADSUP,EQ,,,,,HEADS UP VENTURES LIMITED,7.08,7.09,6.87,7.02,7.08,7.04,,7.02,,,5289,37026.04,45,F1,1,,,,,
2026-08-06,2026-08-06,CM,NSE,STK,20063,INE019J01013,HEALTHX,EQ,,,,,HEALTH X PLATFORM LIMITED,306.1,318.5,306.0,308.9,306.0,306.2,,308.92,,,12752,3960887.85,234,F1,1,,,,,
2026-08-06,2026-08-06,CM,NSE,STK,15555,INE075I01017,HCG,EQ,,,,,HEALTHCARE GLOB. ENT. LTD,666.9,685.0,652.6,678.5,674.0,669.5,,678.4,,,167093,112671450.9,14817,F1,1,,,,,
2026-08-06,2026-08-06,CM,NSE,STK,7425,INE558R01013,HECPROJECT,EQ,,,,,HEC INFRA PROJECTS LTD,130.22,134.4,130.0,131.74,130.0,131.8,,131.74,,,4107,543835.31,193,F1,1,,,,,
2026-08-06,2026-08-06,CM,NSE,STK,1336,INE545A01024,HEG,EQ,,,,,HEG LTD,689.95,694.4,676.45,685.1,684.0,686.2,,685.13,,,1107334,760081261.5,23326,F1,1,,,,,
2026-08-06,2026-08-06,CM,NSE,STK,2316,INE578A01017,HEIDELBERG,EQ,,,,,HEIDELBERGCEMENT (I) LTD,156.75,157.75,156.02,157.17,156.9,156.49,,157.16,,,34254,5372478.47,1163,F1,1,,,,,
2026-08-06,2026-08-06,CM,NSE,STK,701,INE0AJG01018,HEMIPROP,EQ,,,,,HEMISPHERE PROP IND LTD,138.3,138.68,137.8,137.93,137.8,138.22,,137.93,,,136917,18907592.26,1338,F1,1,,,,,
2026-08-06,2026-08-06,CM,NSE,STK,2614,INE694N01015,HERANBA,EQ,,,,,HERANBA INDUSTRIES LTD,179.43,182.38,178.1,179.05,178.22,179.18,,179.16,,,30476,5497220.48,772,F1,1,,,,,
2026-08-06,2026-08-06,CM,NSE,STK,4598,INE978A01027,HERITGFOOD,EQ,,,,,HERITAGE FOODS LTD,337.0,360.95,337.0,358.55,359.0,337.9,,358.54,,,1597774,567335685.25,28027,F1,1,,,,,
2026-08-06,2026-08-06,CM,NSE,STK,1348,INE158A01026,HEROMOTOCO,EQ,,,,,HERO MOTOCORP LIMITED,5680.0,5755.0,5550.5,5550.5,5550.5,5690.0,,5551.08,,,533656,2999804732.5,58385,F1,1,,,,,
2026-08-06,2026-08-06,CM,NSE,STK,7048,INE782E01017,HESTERBIO,EQ,,,,,HESTER BIOSCIENCES LTD,2413.5,2470.0,2412.2,2458.5,2470.0,2433.3,,2458.4,,,3165,7731893.9,450,F1,1,,,,,
2026-08-06,2026-08-06,CM,NSE,STK,27008,INE750M01017,HEXATRADEX,EQ,,,,,HEXA TRADEX LIMITED,159.01,164.85,159.01,164.01,164.47,160.22,,164.01,,,4318,704614.91,317,F1,1,,,,,
2026-08-06,2026-08-06,CM,NSE,STK,750116,INE0JUI01012,HEXAGON,BE,,,,,HEXAGON NUTRITION LIMITED,66.56,66.9,64.5,65.16,65.25,66.56,,65.09,,,171999,11271664.46,738,F1,1,,,,,
2026-08-06,2026-08-06,CM,NSE,STK,29666,INE093A01041,HEXT,EQ,,,,,HEXAWARE TECHNOLOGIES LTD,574.9,574.95,554.5,556.0,554.5,570.6,,556.0,,,416438,233311944.3,17718,F1,1,,,,,
2026-08-06,2026-08-06,CM,NSE,STK,21951,INE548A01028,HFCL,EQ,,,,,HFCL LIMITED,212.4,213.45,203.0,203.67,204.0,212.23,,203.68,,,19195935,3998441761.13,87636,F1,1,,,,,
2026-08-06,2026-08-06,CM,NSE,STK,18794,INE0PIC01017,HIGREEN,SM,,,,,HI GREEN CARBON LIMITED,139.0,141.05,137.65,138.95,138.3,138.5,,138.95,,,29600,4121640.0,37,F1,800,,,,,
2026-08-06,2026-08-06,CM,NSE,STK,2868,INE106T01025,HITECH,EQ,,,,,HI-TECH PIPES LIMITED,85.4,86.18,84.8,84.99,85.0,85.34,,84.99,,,381157,32481726.92,3685,F1,1,,,,,
2026-08-06,2026-08-06,CM,NSE,STK,759103,INE00RL01028,HILINFRA,EQ,,,,,HIGHWAY INFRASTRUCTURE L,45.98,46.49,45.13,45.53,46.04,45.45,,45.54,,,41642,1907055.22,485,F1,1,,,,,
2026-08-06,2026-08-06,CM,NSE,STK,9668,INE475B01022,HIKAL,EQ,,,,,HIKAL LIMITED,233.9,239.9,216.05,221.43,216.99,232.58,,221.46,,,3163619,725070652.48,56656,F1,1,,,,,
2026-08-06,2026-08-06,CM,NSE,STK,14631,INE788H01017,HILTON,BE,,,,,HILTON METAL FORGING LTD,21.39,21.39,20.9,21.05,20.95,20.89,,21.05,,,17630,372788.62,113,F1,1,,,,,
2026-08-06,2026-08-06,CM,NSE,STK,14334,INE019C01026,HSCL,EQ,,,,,HIMADRI SPECIALITY CHEM L,753.05,769.4,748.15,761.0,760.5,748.95,,760.99,,,2555878,1941138995.95,37124,F1,1,,,,,
2026-08-06,2026-08-06,CM,NSE,STK,1360,INE049A01027,HIMATSEIDE,EQ,,,,,HIMATSINGKA SEIDE LTD,79.89,80.09,79.2,79.53,79.35,79.89,,79.53,,,346574,27595997.59,3120,F1,1,,,,,
2026-08-06,2026-08-06,CM,NSE,STK,13890,INE835D01023,HIRECT,EQ,,,,,HIND RECTIFIER LIMITED,1330.0,1331.5,1286.0,1297.2,1303.0,1330.4,,1297.21,,,88612,116057165.3,6497,F1,1,,,,,
2026-08-06,2026-08-06,CM,NSE,STK,1363,INE038A01020,HINDALCO,EQ,,,,,HINDALCO  INDUSTRIES  LTD,1044.0,1044.0,1016.0,1027.0,1027.0,1040.0,,1027.0,,,6345953,6508273539.95,136169,F1,1,,,,,
2026-08-06,2026-08-06,CM,NSE,STK,4920,INE642Y01029,HINDCON,EQ,,,,,HINDCON CHEMICALS LIMITED,23.4,23.4,22.8,22.85,22.81,22.97,,22.85,,,7908,181323.68,110,F1,1,,,,,
2026-08-06,2026-08-06,CM,NSE,STK,11796,INE05X901010,HPIL,EQ,,,,,HINDPRAKASH INDUSTRY LTD,129.61,130.99,125.0,128.85,128.85,129.61,,128.85,,,2518,324486.55,55,F1,1,,,,,
2026-08-06,2026-08-06,CM,NSE,STK,14712,INE170I01016,HGS,EQ,,,,,HINDUJA GLOBAL SOLS. LTD.,423.5,429.0,422.0,423.05,422.8,423.5,,423.05,,,19812,8421126.55,871,F1,1,,,,,
2026-08-06,2026-08-06,CM,NSE,STK,2303,INE066F01020,HAL,EQ,,,,,HINDUSTAN AERONAUTICS LTD,4695.3,4950.0,4685.4,4920.0,4920.0,4645.0,,4920.09,,,4796689,23413846344.3,228817,F1,1,,,,,
2026-08-06,2026-08-06,CM,NSE,STK,1372,INE310C01029,HINDCOMPOS,EQ,,,,,HINDUSTAN COMPOSITES LTD.,430.0,432.65,415.0,419.9,419.85,424.85,,419.94,,,6035,2536464.25,545,F1,1,,,,,
2026-08-06,2026-08-06,CM,NSE,STK,1375,INE549A01026,HCC,EQ,,,,,HINDUSTAN CONSTRUCTION CO,22.0,22.06,21.45,21.55,21.55,21.91,,21.55,,,12654859,275474722.08,20620,F1,1,,,,,
2026-08-06,2026-08-06,CM,NSE,STK,17939,INE531E01026,HINDCOPPER,EQ,,,,,HINDUSTAN COPPER LTD,542.45,551.0,525.55,545.95,543.0,533.8,,546.0,,,19838083,10653559479.55,223095,F1,1,,,,,
2026-08-06,2026-08-06,CM,NSE,STK,12173,INE254N01026,HNDFDS,EQ,,,,,HINDUSTAN FOODS LIMITED,577.9,592.0,572.2,575.0,572.2,576.95,,575.12,,,95173,55466548.2,8670,F1,1,,,,,
2026-08-06,2026-08-06,CM,NSE,STK,19211,INE871K01015,HMVL,EQ,,,,,HINDUSTAN MEDIA VENT LTD,105.0,107.8,101.73,103.81,104.15,104.05,,103.8,,,92987,9643682.89,1430,F1,1,,,,,
2026-08-06,2026-08-06,CM,NSE,STK,1403,INE345A01011,HINDOILEXP,EQ,,,,,HINDUSTAN OIL EXPLORATION,158.8,159.08,156.0,157.41,156.5,158.41,,157.43,,,297314,46793607.72,3612,F1,1,,,,,
2026-08-06,2026-08-06,CM,NSE,STK,1406,INE094A01015,HINDPETRO,EQ,,,,,HINDUSTAN PETROLEUM CORP,396.9,398.9,392.5,395.0,395.0,394.95,,395.01,,,4603878,1821686231.45,52130,F1,1,,,,,
2026-08-06,2026-08-06,CM,NSE,STK,1394,INE030A01027,HINDUNILVR,EQ,,,,,HINDUSTAN UNILEVER LTD.,2081.0,2094.0,2075.2,2079.5,2079.5,2085.3,,2079.51,,,1160270,2418496302.9,55937,F1,1,,,,,
2026-08-06,2026-08-06,CM,NSE,STK,1424,INE267A01025,HINDZINC,EQ,,,,,HINDUSTAN ZINC LIMITED,604.25,606.2,587.45,590.0,590.0,596.95,,590.0,,,6577691,3918536395.9,84828,F1,1,,,,,
2026-08-06,2026-08-06,CM,NSE,STK,15883,INE05AN01011,HINDWAREAP,EQ,,,,,HINDWARE HME INOVATON LTD,220.72,221.68,217.5,218.59,218.0,218.17,,218.56,,,44036,9669324.9,1255,F1,1,,,,,
2026-08-06,2026-08-06,CM,NSE,STK,19322,INE598C01011,HISARMETAL,EQ,,,,,HISAR METAL IND. LIMITED,148.0,150.89,148.0,148.25,150.8,147.38,,148.25,,,1058,157694.33,32,F1,1,,,,,
2026-08-06,2026-08-06,CM,NSE,STK,18457,INE07Y701011,POWERINDIA,EQ,,,,,HITACHI ENERGY INDIA LTD,32000.0,32145.0,31140.0,31900.0,31900.0,32400.0,,31906.63,,,78579,2502084905.0,24330,F1,1,,,,,
2026-08-06,2026-08-06,CM,NSE,STK,15165,INE120D01012,HITECHCORP,BE,,,,,HITECH CORPORATION LTD,320.4,323.4,316.4,320.1,320.1,320.2,,320.1,,,8212,2633688.5,81,F1,1,,,,,
2026-08-06,2026-08-06,CM,NSE,STK,2289,INE461D01028,HLEGLAS,EQ,,,,,HLE GLASCOAT LIMITED,430.0,466.0,425.0,454.4,463.1,428.4,,454.43,,,1064006,473953622.65,36636,F1,1,,,,,
2026-08-06,2026-08-06,CM,NSE,STK,1448,INE102A01024,HLVLTD,EQ,,,,,HLV LIMITED,7.13,7.34,7.12,7.25,7.25,7.22,,7.25,,,122981,892405.71,413,F1,1,,,,,
2026-08-06,2026-08-06,CM,NSE,STK,17053,INE0ECP01024,HMAAGRO,EQ,,,,,HMA AGRO INDUSTRIES LTD,20.68,21.29,20.5,20.92,20.85,20.67,,20.92,,,735329,15377157.33,1592,F1,1,,,,,
2026-08-06,2026-08-06,CM,NSE,STK,761833,INE2T2Q07097,87HMDA32,N0,,,,,HMDA 8.7% 2032 STRPP C,103713.29,103713.29,103713.29,103713.29,103713.29,103689.45,,103713.29,,,1,103713.29,1,F1,1,,,,,
2026-08-06,2026-08-06,CM,NSE,STK,761841,INE2T2Q07121,87HMDA34,N0,,,,,HMDA 8.7% 2034 STRPP E,104408.29,104408.29,104408.29,104408.29,104408.29,100000.0,,104408.29,,,50,5220414.5,1,F1,1,,,,,
2026-08-06,2026-08-06,CM,NSE,STK,761839,INE2T2Q07113,87HMDA33,N0,,,,,HMDA 8.70% 2033 STRPP D,104073.29,104073.29,104073.29,104073.29,104073.29,102070.0,,104073.29,,,50,5203664.5,1,F1,1,,,,,
2026-08-06,2026-08-06,CM,NSE,STK,19698,INE262A01018,HMT,BZ,,,,,HMT LTD -,61.4,61.4,60.31,61.16,60.75,61.48,,60.6,,,4782,290982.4,52,F1,1,,,,,
2026-08-06,2026-08-06,CM,NSE,STK,23826,INE0S6S01017,HOACFOODS,ST,,,,,HOAC FOODS INDIA LIMITED,725.0,747.9,715.0,720.05,720.05,725.0,,720.05,,,1500,1090481.25,4,F1,375,,,,,
2026-08-06,2026-08-06,CM,NSE,STK,18649,INE0LXA01019,HOLMARC,SM,,,,,HOLMARC OPTO MECHATRO L,105.3,110.4,103.0,110.4,110.4,105.15,,110.4,,,6000,642675.0,8,F1,750,,,,,
2026-08-06,2026-08-06,CM,NSE,STK,2056,INE481N01025,HOMEFIRST,EQ,,,,,HOME FIRST FIN CO IND LTD,1188.2,1196.0,1182.3,1191.1,1192.0,1186.9,,1191.11,,,57718,68687035.7,7231,F1,1,,,,,
2026-08-06,2026-08-06,CM,NSE,STK,13526,INE0N7F01017,HOMESFY,SM,,,,,HOMESFY REALTY LIMITED,111.15,121.1,111.15,119.05,121.1,117.0,,119.05,,,2700,304845.0,8,F1,300,,,,,
2026-08-06,2026-08-06,CM,NSE,STK,19813,INE0J5401028,HONASA,EQ,,,,,HONASA CONSUMER LIMITED,462.8,469.0,459.85,465.65,465.15,459.65,,465.64,,,628711,292350855.35,16898,F1,1,,,,,
2026-08-06,2026-08-06,CM,NSE,STK,3138,INE634A01018,HONDAPOWER,EQ,,,,,HONDA I POWER PRODUCT LTD,2110.7,2125.3,2082.0,2090.5,2087.0,2099.6,,2090.47,,,5642,11831940.0,598,F1,1,,,,,
2026-08-06,2026-08-06,CM,NSE,STK,3417,INE671A01010,HONAUT,EQ,,,,,HONEYWELL AUTOMATION IND,38325.0,38695.0,38080.0,38315.0,38395.0,38375.0,,38305.42,,,2587,99379265.0,1881,F1,1,,,,,
2026-08-06,2026-08-06,CM,NSE,STK,17920,INE191I01012,HDIL,BZ,,,,,HOUSING DEV & INFRA LTD,1.61,1.64,1.59,1.6,1.6,1.61,,1.6,,,99208,158954.44,157,F1,1,,,,,
2026-08-06,2026-08-06,CM,NSE,STK,7376,INE0GSL01024,HPAL,EQ,,,,,HP ADHESIVES LIMITED,34.88,35.32,33.6,35.15,35.19,34.02,,35.16,,,42143,1458387.3,492,F1,1,,,,,
2026-08-06,2026-08-06,CM,NSE,STK,29875,INE0VA601019,HPTL,SM,,,,,HP TELECOM INDIA LIMITED,296.1,296.1,296.05,296.05,296.05,311.6,,296.05,,,1200,355290.0,2,F1,600,,,,,
2026-08-06,2026-08-06,CM,NSE,STK,18679,INE495S01016,HPL,EQ,,,,,HPL ELECTRIC & POWER LTD,347.95,351.0,342.1,344.4,342.55,347.95,,344.42,,,99090,34238734.55,3226,F1,1,,,,,
2026-08-06,2026-08-06,CM,NSE,STK,761506,INF336L01RX2,HSBCGOLD,EQ,,,,,HSBCAMC - HSBCGOLD,126.4,129.0,126.4,128.59,128.6,125.97,,128.93,,,2609,334945.28,50,F1,1,,,,,
2026-08-06,2026-08-06,CM,NSE,STK,20825,INE031A01017,HUDCO,EQ,,,,,HSG & URBAN DEV CORPN LTD,202.0,204.24,200.97,202.11,201.25,202.84,,202.12,,,2002727,405446109.28,18742,F1,1,,,,,
2026-08-06,2026-08-06,CM,NSE,STK,11979,INE501G01024,HTMEDIA,EQ,,,,,HT MEDIA LIMITED,28.8,29.4,26.66,26.91,26.83,28.66,,26.91,,,771516,21388883.01,3998,F1,1,,,,,
2026-08-06,2026-08-06,CM,NSE,STK,14203,INE703H01016,HUBTOWN,EQ,,,,,HUBTOWN LIMITED,182.0,183.25,178.15,179.7,178.15,181.47,,179.7,,,295581,53517474.58,3919,F1,1,,,,,
2026-08-06,2026-08-06,CM,NSE,STK,2562,INE275B01026,HUHTAMAKI,EQ,,,,,HUHTAMAKI INDIA LIMITED,283.5,296.0,283.4,289.95,286.2,284.1,,289.88,,,257774,75084472.5,5955,F1,1,,,,,
2026-08-06,2026-08-06,CM,NSE,STK,12814,INE965B01022,HYBRIDFIN,BE,,,,,HYBRID FINANCIAL SERVICE,18.08,18.5,17.1,17.5,17.51,18.0,,17.52,,,15514,270770.99,79,F1,1,,,,,
2026-08-06,2026-08-06,CM,NSE,STK,25844,INE0V6F01027,HYUNDAI,EQ,,,,,HYUNDAI MOTOR INDIA LTD,2208.2,2233.0,2181.6,2212.0,2212.0,2218.5,,2211.86,,,694415,1538276865.5,35909,F1,1,,,,,
2026-08-06,2026-08-06,CM,NSE,STK,14086,INE204A01010,IGPL,EQ,,,,,I G PETROCHEMICALS LTD,521.6,532.45,490.55,503.0,504.75,514.45,,503.01,,,373464,190955407.1,15399,F1,1,,,,,
2026-08-06,2026-08-06,CM,NSE,STK,21348,INE0O7401018,IBLFL,SM,,,,,IBL FINANCE LIMITED,61.0,61.0,61.0,61.0,61.0,61.0,,61.0,,,10000,610000.0,3,F1,2000,,,,,
2026-08-06,2026-08-06,CM,NSE,STK,764064,INE0XE501015,ICELCO,SM,,,,,IC ELECTRICALS COMPANY L,149.6,152.0,145.0,147.2,148.95,152.7,,147.2,,,67200,9917880.0,56,F1,1200,,,,,
2026-08-06,2026-08-06,CM,NSE,STK,6977,INE613B01010,ICDSLTD,EQ,,,,,ICDS LTD,43.52,47.6,40.13,40.72,40.73,43.52,,41.25,,,2285,102325.1,66,F1,1,,,,,
2026-08-06,2026-08-06,CM,NSE,STK,489,INE520Y01019,ICEMAKE,EQ,,,,,ICE MAKE REFRIGERAT LTD,817.85,834.0,810.0,828.1,824.4,817.85,,828.1,,,15044,12391659.8,1458,F1,1,,,,,
2026-08-06,2026-08-06,CM,NSE,STK,4963,INE090A01021,ICICIBANK,EQ,,,,,ICICI BANK LTD.,1460.0,1460.0,1448.3,1457.5,1457.5,1450.1,,1466.22,,,14954726,21769766618.4,191250,F1,1,,,,,
2026-08-06,2026-08-06,CM,NSE,STK,21770,INE765G01017,ICICIGI,EQ,,,,,ICICI LOMBARD GIC LIMITED,1676.0,1691.4,1638.0,1658.0,1658.0,1684.0,,1657.99,,,1843593,3064438322.0,39600,F1,1,,,,,
2026-08-06,2026-08-06,CM,NSE,STK,21254,INF109KC19U5,LOWVOLIETF,EQ,,,,,ICICI PR NIF LW VL 30 ETF,23.09,23.29,22.82,22.82,22.82,22.83,,22.82,,,2486029,56783169.6,1072,F1,1,,,,,
2026-08-06,2026-08-06,CM,NSE,STK,18652,INE726G01019,ICICIPRULI,EQ,,,,,ICICI PRU LIFE INS CO LTD,516.0,516.0,504.4,507.0,507.0,516.55,,507.01,,,3072294,1558523034.45,26544,F1,1,,,,,
2026-08-06,2026-08-06,CM,NSE,STK,17702,INF109KC10W0,MIDSELIETF,EQ,,,,,ICICI PRUD MIDCAP SEL ETF,19.81,19.87,19.71,19.75,19.85,19.81,,19.75,,,422262,8356711.28,605,F1,1,,,,,
2026-08-06,2026-08-06,CM,NSE,STK,30392,INF109KC16V9,NIF100IETF,EQ,,,,,ICICI PRUD NIFTY 100 ETF,27.88,28.86,27.88,28.71,28.69,28.6,,28.71,,,110238,3166550.55,2084,F1,1,,,,,
2026-08-06,2026-08-06,CM,NSE,STK,29553,INF109K012R6,NIFTYIETF,EQ,,,,,ICICI PRUD NIFTY ETF,278.48,279.8,278.0,279.06,278.0,278.47,,279.05,,,445128,124275532.55,13497,F1,1,,,,,
2026-08-06,2026-08-06,CM,NSE,STK,4378,INF346A01034,SENSEXIETF,EQ,,,,,ICICI PRUD SENSEX ETF,908.96,909.0,903.94,908.01,909.0,901.85,,907.97,,,28140,25537937.18,382,F1,1,,,,,
2026-08-06,2026-08-06,CM,NSE,STK,760407,INE346A01027,ICICIAMC,EQ,,,,,ICICI PRUDENTIAL AMC LTD,3087.0,3095.0,3061.0,3080.4,3080.0,3081.8,,3080.37,,,123997,381822975.7,12928,F1,1,,,,,
2026-08-06,2026-08-06,CM,NSE,STK,19679,INF109KC1NT3,GOLDIETF,EQ,,,,,ICICI PRUDENTIAL GOLD ETF,125.0,127.2,123.88,127.05,126.7,123.88,,127.05,,,9006241,1139863671.24,35028,F1,1,,,,,
2026-08-06,2026-08-06,CM,NSE,STK,17475,INF109KC11V0,NV20IETF,EQ,,,,,ICICI PRUDENTIAL NV20 ETF,14.24,14.24,13.7,13.84,13.89,13.85,,13.84,,,292275,4057730.36,1575,F1,1,,,,,
2026-08-06,2026-08-06,CM,NSE,STK,522,INF109KB15Y7,ICICIB22,EQ,,,,,ICICIPRAMC - BHARATIWIN,118.0,118.0,116.86,117.42,117.54,117.34,,117.42,,,245630,28834729.26,2816,F1,1,,,,,
2026-08-06,2026-08-06,CM,NSE,STK,30139,INF109K1A021,CASHIETF,EQ,,,,,ICICIPRAMC - CASHIETF,1073.43,1074.05,1072.99,1074.03,1074.05,1073.9,,1074.03,,,602998,647624645.68,725,F1,1,,,,,
2026-08-06,2026-08-06,CM,NSE,STK,755881,INF109K1A153,EVIETF,EQ,,,,,ICICIPRAMC - EVIETF,34.66,34.66,33.6,33.68,33.81,33.98,,33.68,,,346996,11693834.55,1650,F1,1,,,,,
2026-08-06,2026-08-06,CM,NSE,STK,13143,INF109KC18O0,GSEC10IETF,EQ,,,,,ICICIPRAMC - ICICI10GS,263.68,265.45,263.68,265.0,265.0,263.03,,265.0,,,62,16404.95,11,F1,1,,,,,
2026-08-06,2026-08-06,CM,NSE,STK,3001,INF109KC1V59,BSE500IETF,EQ,,,,,ICICIPRAMC - ICICI500,39.96,40.27,39.96,40.18,40.22,39.96,,40.18,,,88312,3550124.9,1811,F1,1,,,,,
2026-08-06,2026-08-06,CM,NSE,STK,8342,INF109KC14A8,GSEC5IETF,EQ,,,,,ICICIPRAMC - ICICI5GSEC,66.35,67.06,66.22,66.51,66.51,66.14,,66.51,,,1535,102182.5,30,F1,1,,,,,
2026-08-06,2026-08-06,CM,NSE,STK,22344,INF109KC17V7,ALPL30IETF,EQ,,,,,ICICIPRAMC - ICICIALPLV,28.46,28.65,28.2,28.47,28.5,28.46,,28.44,,,251434,7176818.9,918,F1,1,,,,,
2026-08-06,2026-08-06,CM,NSE,STK,7844,INF109KC10V2,AUTOIETF,EQ,,,,,ICICIPRAMC - ICICIAUTO,30.36,30.5,30.11,30.16,30.19,30.36,,30.16,,,596505,18039576.81,2510,F1,1,,,,,
2026-08-06,2026-08-06,CM,NSE,STK,11386,INF109KC18U7,PVTBANIETF,EQ,,,,,ICICIPRAMC - ICICIBANKP,28.03,28.14,27.99,28.03,28.08,28.03,,28.03,,,3417849,95850616.41,1555,F1,1,,,,,
2026-08-06,2026-08-06,CM,NSE,STK,13198,INF109KC19O8,COMMOIETF,EQ,,,,,ICICIPRAMC - ICICICOMMO,101.68,101.97,101.27,101.32,101.29,101.72,,101.32,,,26264,2665305.54,531,F1,1,,,,,
2026-08-06,2026-08-06,CM,NSE,STK,6446,INF109KC1V42,CONSUMIETF,EQ,,,,,ICICIPRAMC - ICICICONSU,126.17,126.73,124.16,125.77,125.96,126.17,,125.77,,,13189,1664102.37,194,F1,1,,,,,
2026-08-06,2026-08-06,CM,NSE,STK,5306,INF109KC19V3,FMCGIETF,EQ,,,,,ICICIPRAMC - ICICIFMCG,52.93,53.28,52.69,53.04,53.05,53.15,,53.04,,,820037,43539579.82,2933,F1,1,,,,,
2026-08-06,2026-08-06,CM,NSE,STK,10723,INF109KC16E5,INFRAIETF,EQ,,,,,ICICIPRAMC - ICICIINFRA,96.93,97.47,96.93,97.35,97.0,97.13,,97.35,,,69972,6806954.91,2014,F1,1,,,,,
2026-08-06,2026-08-06,CM,NSE,STK,4838,INF109KC1KT9,LIQUIDIETF,EQ,,,,,ICICIPRAMC - ICICILIQ,1000.0,1000.01,999.99,999.99,1000.0,999.99,,999.99,,,161626,161625633.47,188,F1,1,,,,,
2026-08-06,2026-08-06,CM,NSE,STK,17152,INF109KC11W8,MIDCAPIETF,EQ,,,,,ICICIPRAMC - ICICIM150,24.24,24.34,24.17,24.17,24.17,24.24,,24.17,,,659583,15973962.48,2273,F1,1,,,,,
2026-08-06,2026-08-06,CM,NSE,STK,10585,INF109KC17C7,MOM30IETF,EQ,,,,,ICICIPRAMC - ICICIMOM30,31.48,31.6,31.36,31.46,31.42,31.48,,31.46,,,404372,12719729.76,2262,F1,1,,,,,
2026-08-06,2026-08-06,CM,NSE,STK,4529,INF109KC1NS5,NEXT50IETF,EQ,,,,,ICICIPRAMC - ICICINXT50,78.26,78.83,78.23,78.51,78.6,78.21,,78.51,,,539736,42427118.4,4204,F1,1,,,,,
2026-08-06,2026-08-06,CM,NSE,STK,3626,INF109KC1Q72,HEALTHIETF,EQ,,,,,ICICIPRAMC - ICICIPHARM,170.78,172.47,170.64,171.24,170.78,170.78,,171.24,,,72709,12483195.85,1433,F1,1,,,,,
2026-08-06,2026-08-06,CM,NSE,STK,17808,INF109KC18V5,QUAL30IETF,EQ,,,,,ICICIPRAMC - ICICIQTY30,21.77,21.77,21.41,21.65,21.65,21.58,,21.65,,,158021,3425639.27,201,F1,1,,,,,
2026-08-06,2026-08-06,CM,NSE,STK,7942,INF109KC1Y56,SILVERIETF,EQ,,,,,ICICIPRAMC - ICICISILVE,225.9,228.16,218.11,223.8,223.89,222.6,,223.8,,,3649189,816653340.5,17250,F1,1,,,,,
2026-08-06,2026-08-06,CM,NSE,STK,22365,INF109KC16I6,ITIETF,EQ,,,,,ICICIPRAMC - ICICITECH,34.85,35.23,34.27,34.54,34.61,34.82,,34.54,,,669590,23243340.44,1350,F1,1,,,,,
2026-08-06,2026-08-06,CM,NSE,STK,764364,INF109K1A567,INSUREIETF,EQ,,,,,ICICIPRAMC - INSUREIETF,15.73,16.46,15.55,15.6,15.63,15.73,,15.6,,,684822,10694522.83,162,F1,1,,,,,
2026-08-06,2026-08-06,CM,NSE,STK,11037,INF109KC15I8,BANKIETF,EQ,,,,,ICICIPRAMC - IPRU5008,60.48,60.48,59.1,59.49,59.1,59.01,,59.49,,,229997,13679541.35,974,F1,1,,,,,
2026-08-06,2026-08-06,CM,NSE,STK,24861,INF109KC19W1,METALIETF,EQ,,,,,ICICIPRAMC - METALIETF,13.51,13.51,13.21,13.23,13.27,13.32,,13.23,,,7764069,103168536.22,10274,F1,1,,,,,
2026-08-06,2026-08-06,CM,NSE,STK,24533,INF109KC18W3,OILIETF,EQ,,,,,ICICIPRAMC - OILIETF,11.55,11.55,11.36,11.5,11.54,11.27,,11.5,,,3364780,38604887.54,2401,F1,1,,,,,
2026-08-06,2026-08-06,CM,NSE,STK,14584,INF109KC10S8,PSUBNKIETF,EQ,,,,,ICICIPRAMC - PSUBANKICI,86.98,88.5,86.46,88.27,88.34,86.29,,88.27,,,633808,55690199.24,1106,F1,1,,,,,
2026-08-06,2026-08-06,CM,NSE,STK,754612,INF109K1A476,SMALLIETF,EQ,,,,,ICICIPRAMC - SMALLIETF,18.54,18.54,18.32,18.41,18.45,18.32,,18.41,,,16365,301090.85,97,F1,1,,,,,
2026-08-06,2026-08-06,CM,NSE,STK,757781,INF109K1A344,TOP15IETF,EQ,,,,,ICICIPRAMC - TOP15IETF,10.14,10.17,10.11,10.13,10.11,10.11,,10.13,,,58552,593938.64,155,F1,1,,,,,
2026-08-06,2026-08-06,CM,NSE,STK,25851,INF109KC16X5,VAL30IETF,EQ,,,,,ICICIPRAMC - VAL30IETF,15.67,15.67,15.51,15.55,15.59,15.56,,15.55,,,177880,2767853.88,468,F1,1,,,,,
2026-08-06,2026-08-06,CM,NSE,STK,12578,INF109KC17L8,FINIETF,EQ,,,,,ICICIPRAMC-ICICIFIN,33.87,34.1,33.4,33.72,33.86,33.87,,33.72,,,426038,14436212.83,1221,F1,1,,,,,
2026-08-06,2026-08-06,CM,NSE,STK,14523,INE725G01011,ICRA,EQ,,,,,ICRA LIMITED,5122.0,5205.0,5089.3,5175.4,5165.3,5121.9,,5174.87,,,32116,166058082.2,6280,F1,1,,,,,
2026-08-06,2026-08-06,CM,NSE,STK,1476,INE008A01015,IDBI,EQ,,,,,IDBI BANK LIMITED,84.32,84.99,84.1,84.54,84.44,84.32,,84.54,,,2634487,222791447.37,14126,F1,1,,,,,
2026-08-06,2026-08-06,CM,NSE,STK,17142,INE349Y01013,IDEAFORGE,BE,,,,,IDEAFORGE TECHNO LTD,871.6,916.0,860.0,916.0,916.0,872.4,,917.73,,,114348,103672410.95,2902,F1,1,,,,,
2026-08-06,2026-08-06,CM,NSE,STK,24950,INE0T9I01011,IDEALTECHO,SM,,,,,IDEAL TECHNOPLAST IND LTD,190.95,191.0,170.5,170.5,170.5,180.0,,170.5,,,5000,892475.0,7,F1,500,,,,,
2026-08-06,2026-08-06,CM,NSE,STK,28574,INE0TD101011,IDENTICAL,SM,,,,,IDENTICAL BRAINS STUDIO L,19.55,19.55,19.55,19.55,19.55,18.4,,19.55,,,2000,39100.0,1,F1,2000,,,,,
2026-08-06,2026-08-06,CM,NSE,STK,11184,INE092T01019,IDFCFIRSTB,EQ,,,,,IDFC FIRST BANK LIMITED,85.21,85.54,84.65,85.35,85.35,85.3,,85.35,,,10687868,909281119.78,36675,F1,1,,,,,
2026-08-06,2026-08-06,CM,NSE,STK,9300,INE076C01018,IFBAGRO,BE,,,,,IFB AGRO INDUSTRIES LTD,989.95,989.95,960.2,968.25,968.0,978.35,,967.78,,,3396,3294595.95,154,F1,1,,,,,
2026-08-06,2026-08-06,CM,NSE,STK,1485,INE559A01017,IFBIND,EQ,,,,,IFB INDUSTRIES LTD,1449.6,1468.0,1420.1,1440.9,1440.0,1443.0,,1440.93,,,95344,137487921.0,11284,F1,1,,,,,
2026-08-06,2026-08-06,CM,NSE,STK,1491,INE039A01010,IFCI,EQ,,,,,IFCI LTD,75.64,75.95,74.35,74.91,74.71,75.64,,74.91,,,8317737,624402972.39,26078,F1,1,,,,,
2026-08-06,2026-08-06,CM,NSE,STK,436,INE133Y01011,IFGLEXPOR,EQ,,,,,IFGL REFRACTORIES LIMITED,220.4,228.5,217.85,225.45,224.0,219.62,,225.75,,,93478,21086866.23,3052,F1,1,,,,,
2026-08-06,2026-08-06,CM,NSE,STK,759897,INE01XO07017,1225IFL27,N0,,,,,IFL 12.25% 2027,7011.0,7011.0,6201.0,6201.0,6201.0,7675.0,,6201.0,,,2,13212.0,2,F1,1,,,,,
2026-08-06,2026-08-06,CM,NSE,STK,634,INE188B01013,IGARASHI,EQ,,,,,IGARASHI MOTORS INDIA LTD,461.05,537.9,451.75,493.8,493.95,461.05,,493.8,,,7802657,4045625404.25,162338,F1,1,,,,,
2026-08-06,2026-08-06,CM,NSE,STK,761118,INE530B07633,865IIFL31,Y6,,,,,IIFL 8.65% TR I SR III,990.0,990.0,990.0,990.0,990.0,990.0,,990.0,,,435,430650.0,4,F1,1,,,,,
2026-08-06,2026-08-06,CM,NSE,STK,761119,INE530B07617,870IIFL28,Y7,,,,,IIFL 8.70% TR I SR IV,1029.91,1029.91,1029.91,1029.91,1029.91,1011.5,,1029.91,,,35,36046.85,1,F1,1,,,,,
2026-08-06,2026-08-06,CM,NSE,STK,761121,INE530B07609,9IIFL31,Y9,,,,,IIFL 9.00% TR I SR VI,981.0,995.0,980.0,994.75,994.75,1000.0,,994.75,,,695,684013.0,30,F1,1,,,,,
2026-08-06,2026-08-06,CM,NSE,STK,756153,INE530B07484,960IIFL30,Y2,,,,,IIFL 9.60% TR I SR VIII,1040.0,1040.0,1040.0,1040.0,1040.0,1049.0,,1040.0,,,29,30160.0,1,F1,1,,,,,
2026-08-06,2026-08-06,CM,NSE,STK,13072,INE489L01022,IIFLCAPS,EQ,,,,,IIFL CAPITAL SERVICES LTD,335.4,336.25,335.1,335.45,336.0,335.35,,335.45,,,152334,51096704.3,6863,F1,1,,,,,
2026-08-06,2026-08-06,CM,NSE,STK,11809,INE530B01024,IIFL,EQ,,,,,IIFL FINANCE LIMITED,612.9,616.7,603.35,609.35,610.0,610.2,,609.34,,,1097633,669245361.6,20017,F1,1,,,,,
2026-08-06,2026-08-06,CM,NSE,STK,761122,INE530B07583,IIFL060326,YA,,,,,IIFL TR I SR VII,1025.0,1025.0,1025.0,1025.0,1025.0,1002.0,,1025.0,,,1,1025.0,1,F1,1,,,,,
2026-08-06,2026-08-06,CM,NSE,STK,16822,INE0LOJ01019,IKIO,EQ,,,,,IKIO TECHNOLOGIES LIMITED,207.9,207.9,200.01,201.65,200.12,205.26,,201.67,,,99577,20271147.46,1802,F1,1,,,,,
2026-08-06,2026-08-06,CM,NSE,STK,9380,INE369I01014,IL&FSENGG,BZ,,,,,IL&FS ENG AND CONS CO LTD,35.0,35.75,34.51,35.52,35.75,35.0,,35.54,,,59660,2095175.58,52,F1,1,,,,,
2026-08-06,2026-08-06,CM,NSE,STK,6711,INE050B01023,IVC,EQ,,,,,IL&FS INVESTMENT MANAGERS,8.15,8.28,8.0,8.09,8.09,8.0,,8.09,,,199267,1614598.56,973,F1,1,,,,,
2026-08-06,2026-08-06,CM,NSE,STK,9381,INE975G01012,IL&FSTRANS,BZ,,,,,IL&FS TRANS NET LTD,2.11,2.14,2.03,2.09,2.1,2.13,,2.09,,,32863,68275.51,84,F1,1,,,,,
2026-08-06,2026-08-06,CM,NSE,STK,7672,INE172N01012,IMAGICAA,EQ,,,,,IMAGICAAWORLD ENT LTD,49.3,51.5,49.04,51.1,51.1,49.61,,51.1,,,1434634,72694915.65,5193,F1,1,,,,,
2026-08-06,2026-08-06,CM,NSE,STK,25881,INE691G01015,IMPEXFERRO,BZ,,,,,IMPEX FERRO TECH LIMITED,3.02,3.02,3.02,3.02,3.02,2.88,,3.02,,,8166,24661.32,14,F1,1,,,,,
2026-08-06,2026-08-06,CM,NSE,STK,17507,INE452L01012,INCREDIBLE,EQ,,,,,INCREDIBLE INDUSTRIES LTD,32.86,33.84,32.86,33.04,33.7,33.02,,33.04,,,6349,212658.86,59,F1,1,,,,,
2026-08-06,2026-08-06,CM,NSE,STK,12009,INE547E01014,IMPAL,EQ,,,,,IND MOTOR PART & ACC LTD,1081.1,1122.5,1081.1,1096.9,1094.3,1115.3,,1096.9,,,1313,1447967.9,264,F1,1,,,,,
2026-08-06,2026-08-06,CM,NSE,STK,4870,INE915B01019,INDSWFTLAB,EQ,,,,,IND SWIFT LABORATORIES LT,230.45,234.5,225.0,226.48,225.0,230.42,,226.48,,,324739,74429677.47,5879,F1,1,,,,,
2026-08-06,2026-08-06,CM,NSE,STK,21957,INE611L01021,INDTERRAIN,EQ,,,,,IND TERRAIN FASHIONS LTD,31.84,33.3,31.0,32.32,32.21,31.84,,32.3,,,50380,1620540.42,458,F1,1,,,,,
2026-08-06,2026-08-06,CM,NSE,STK,16933,INE841B01017,INDBANK,EQ,,,,,INDBANK MERCH BANK,32.88,32.88,31.75,32.26,32.39,32.4,,32.25,,,15603,503949.05,214,F1,1,,,,,
2026-08-06,2026-08-06,CM,NSE,STK,29678,INE0O9T01021,BAJAJINDEF,EQ,,,,,INDEF MANUFACTURING LTD,232.1,238.0,231.21,236.77,237.9,230.89,,236.78,,,11072,2602045.56,324,F1,1,,,,,
2026-08-06,2026-08-06,CM,NSE,STK,23696,INE065X01017,INDGN,BL,,,,,INDEGENE LIMITED,525.0,525.0,525.0,525.0,525.0,452.0,,525.0,,,21052478,11052550950.0,11,F1,999999999,,,,,
2026-08-06,2026-08-06,CM,NSE,STK,23693,INE065X01017,INDGN,EQ,,,,,INDEGENE LIMITED,550.3,564.4,539.5,550.2,550.9,540.3,,550.26,,,3351725,1840734115.85,56089,F1,1,,,,,
2026-08-06,2026-08-06,CM,NSE,STK,1521,INE560A01023,INDIAGLYCO,EQ,,,,,INDIA GLYCOLS LTD,1155.0,1163.2,1148.0,1151.0,1149.5,1155.3,,1151.03,,,64880,74895531.1,5201,F1,1,,,,,
2026-08-06,2026-08-06,CM,NSE,STK,4747,INE092B01025,INDNIPPON,EQ,,,,,INDIA NIPPON ELECT  LTD,1137.0,1175.0,1136.2,1152.5,1175.0,1136.6,,1152.51,,,31621,36492493.4,3847,F1,1,,,,,
2026-08-06,2026-08-06,CM,NSE,STK,4934,INE0D6701023,IPL,EQ,,,,,INDIA PESTICIDES LIMITED,145.51,146.99,145.01,145.61,145.1,145.4,,145.61,,,92080,13432994.22,1801,F1,1,,,,,
2026-08-06,2026-08-06,CM,NSE,STK,20556,INE922K01024,INDIASHLTR,EQ,,,,,INDIA SHELTER FIN CORP L,730.05,741.3,728.1,734.85,730.0,732.75,,734.78,,,222679,163462663.5,12543,F1,1,,,,,
2026-08-06,2026-08-06,CM,NSE,STK,19299,INE353K01014,ITDC,EQ,,,,,INDIA TOUR. DEV. CO. LTD.,706.0,717.05,705.3,708.2,708.65,705.35,,708.23,,,117032,83103455.6,7214,F1,1,,,,,
2026-08-06,2026-08-06,CM,NSE,STK,25003,INE126M01010,IBULLSLTD,BE,,,,,INDIABULLS LIMITED,29.89,30.5,29.63,30.5,30.5,29.05,,30.51,,,4589185,138849609.75,2633,F1,1,,,,,
2026-08-06,2026-08-06,CM,NSE,STK,10726,INE933S01016,INDIAMART,EQ,,,,,INDIAMART INTERMESH LTD,1775.7,1789.9,1759.4,1763.5,1764.0,1775.7,,1763.46,,,94108,166778661.5,15188,F1,1,,,,,
2026-08-06,2026-08-06,CM,NSE,STK,14309,INE562A01011,INDIANB,EQ,,,,,INDIAN BANK,856.0,879.4,849.3,877.9,877.9,854.0,,877.59,,,2583415,2244941640.55,58533,F1,1,,,,,
2026-08-06,2026-08-06,CM,NSE,STK,4422,INE061A01014,INDIANCARD,EQ,,,,,INDIAN CARD CLOTHING CO.,222.0,226.99,216.51,220.15,220.0,222.0,,220.15,,,2158,472751.97,69,F1,1,,,,,
2026-08-06,2026-08-06,CM,NSE,STK,23789,INE0RRU01016,IEML,SM,,,,,INDIAN EMULSIFIERS LTD,40.0,42.45,40.0,41.95,42.0,40.45,,41.95,,,42000,1749450.0,64,F1,500,,,,,
2026-08-06,2026-08-06,CM,NSE,STK,220,INE022Q01020,IEX,EQ,,,,,INDIAN ENERGY EXC LTD,129.59,130.32,127.74,128.83,128.83,129.59,,128.81,,,2460962,317609568.29,27387,F1,1,,,,,
2026-08-06,2026-08-06,CM,NSE,STK,1530,INE323C01030,INDIANHUME,EQ,,,,,INDIAN HUME PIPE CO. LTD.,388.1,398.1,382.85,387.8,385.45,390.3,,387.72,,,38937,15215807.15,2106,F1,1,,,,,
2026-08-06,2026-08-06,CM,NSE,STK,19235,INE919H01018,IMFA,EQ,,,,,INDIAN METALS & FERRO,1500.0,1541.5,1500.0,1510.1,1507.0,1489.9,,1510.04,,,388975,590248073.9,23911,F1,1,,,,,
2026-08-06,2026-08-06,CM,NSE,STK,1624,INE242A01010,IOC,EQ,,,,,INDIAN OIL CORP LTD,144.0,144.75,142.3,142.66,142.66,144.0,,142.66,,,9474034,1358808862.45,55289,F1,1,,,,,
2026-08-06,2026-08-06,CM,NSE,STK,9348,INE565A01014,IOB,EQ,,,,,INDIAN OVERSEAS BANK,34.37,35.0,34.01,34.8,34.78,34.2,,34.8,,,3157439,109003109.15,11866,F1,1,,,,,
2026-08-06,2026-08-06,CM,NSE,STK,25033,INE0DHF01018,IPHL,SM,,,,,INDIAN PHOSPHATE LIMITED,74.3,74.3,70.05,70.15,70.15,72.85,,70.15,,,10800,784740.0,7,F1,1200,,,,,
2026-08-06,2026-08-06,CM,NSE,STK,13611,INE335Y01020,IRCTC,EQ,,,,,INDIAN RAIL TOUR CORP LTD,511.0,523.0,509.8,520.45,520.75,510.25,,520.45,,,1584430,821348739.5,37837,F1,1,,,,,
2026-08-06,2026-08-06,CM,NSE,STK,2029,INE053F01010,IRFC,EQ,,,,,INDIAN RAILWAY FIN CORP L,88.9,89.95,88.75,89.29,89.29,88.9,,89.29,,,7130936,636265905.25,36539,F1,1,,,,,
2026-08-06,2026-08-06,CM,NSE,STK,20261,INE202E01016,IREDA,EQ,,,,,INDIAN RENEWABLE ENERGY,120.25,122.13,120.0,121.02,121.02,120.7,,121.04,,,6669871,806959304.9,31070,F1,1,,,,,
2026-08-06,2026-08-06,CM,NSE,STK,762727,INE586E01020,IWP,EQ,,,,,INDIAN WOOD PRODUCTS CO L,36.5,36.5,33.6,33.6,33.6,33.62,,33.74,,,3385,118098.79,85,F1,1,,,,,
2026-08-06,2026-08-06,CM,NSE,STK,21058,INE0PS301014,INDIFRA,SM,,,,,INDIFRA LIMITED,11.95,11.95,11.95,11.95,11.95,11.4,,11.95,,,2000,23900.0,1,F1,2000,,,,,
2026-08-06,2026-08-06,CM,NSE,STK,2048,INE09VQ01012,INDIGOPNTS,EQ,,,,,INDIGO PAINTS LIMITED,1091.7,1133.8,1090.7,1128.6,1130.0,1090.8,,1128.59,,,94430,105936834.6,10652,F1,1,,,,,
2026-08-06,2026-08-06,CM,NSE,STK,20988,INE219X23014,INDIGRID,IV,,,,,INDIGRID INFRASTRUCT TRST,178.41,178.8,177.51,178.49,178.65,177.88,,178.49,,,993504,176978681.52,10192,F1,1,,,,,
2026-08-06,2026-08-06,CM,NSE,STK,757845,INE06ST01018,INDIQUBE,EQ,,,,,INDIQUBE SPACES LIMITED,175.16,182.99,171.91,181.75,182.94,173.7,,181.87,,,66036,11879500.66,1335,F1,1,,,,,
2026-08-06,2026-08-06,CM,NSE,STK,9120,INE760F01028,INDOAMIN,BE,,,,,INDO AMINES LIMITED,129.99,135.0,129.5,132.11,134.7,128.84,,132.16,,,143387,19089636.92,873,F1,1,,,,,
2026-08-06,2026-08-06,CM,NSE,STK,8614,INE803D01021,INDOBORAX,EQ,,,,,INDO BORAX & CHEMICAL LTD,413.0,414.2,405.7,410.25,406.0,412.25,,410.24,,,91647,37577991.05,3619,F1,1,,,,,
2026-08-06,2026-08-06,CM,NSE,STK,11987,INE483B01026,ICIL,EQ,,,,,INDO COUNT INDUSTRIES LTD,418.65,426.4,410.0,421.55,422.0,418.65,,421.52,,,314507,131811475.4,12962,F1,1,,,,,
2026-08-06,2026-08-06,CM,NSE,STK,29025,INE622H01018,INDOFARM,EQ,,,,,INDO FARM EQUIPMENT LTD,161.15,166.5,160.81,163.97,163.65,162.74,,164.02,,,197711,32440948.93,3672,F1,1,,,,,
2026-08-06,2026-08-06,CM,NSE,STK,10993,INE156A01020,INDORAMA,EQ,,,,,INDO RAMA SYNTHETICS LTD,63.0,64.0,59.51,60.37,60.64,62.84,,60.37,,,399250,24242241.3,3133,F1,1,,,,,
2026-08-06,2026-08-06,CM,NSE,STK,13278,INE332H01014,INDOTECH,BE,,,,,INDO TECH TRANSFORM LTD.,3640.0,3787.5,3550.0,3787.5,3787.5,3607.2,,3788.25,,,22967,85300738.9,1291,F1,1,,,,,
2026-08-06,2026-08-06,CM,NSE,STK,25608,INE337M01021,INDOTHAI,EQ,,,,,INDO THAI SEC LTD,110.65,110.65,110.65,110.65,110.65,122.94,,110.58,,,82995,9183396.75,968,F1,1,,,,,
2026-08-06,2026-08-06,CM,NSE,STK,25503,INE250Z01010,INDOUS,EQ,,,,,INDO US BIOTECH LTD,83.77,83.77,79.67,80.35,80.94,81.5,,80.35,,,14043,1135255.24,560,F1,1,,,,,
2026-08-06,2026-08-06,CM,NSE,STK,764301,INE084101034,INDOMIM,EQ,,,,,INDO-MIM LIMITED,809.0,882.1,804.0,878.75,882.1,801.95,,879.26,,,9644015,8268513808.5,208912,F1,1,,,,,
2026-08-06,2026-08-06,CM,NSE,STK,6782,INE567A01028,NIPPOBATRY,EQ,,,,,INDO-NATIONAL LIMITED,328.0,335.0,320.2,333.45,334.0,327.05,,333.45,,,3904,1292892.65,138,F1,1,,,,,
2026-08-06,2026-08-06,CM,NSE,STK,11677,INE873D01024,INDOCO,EQ,,,,,INDOCO REMEDIES LTD.,224.62,226.25,221.0,221.83,221.0,222.72,,221.83,,,68629,15337136.57,1631,F1,1,,,,,
2026-08-06,2026-08-06,CM,NSE,STK,757801,INE05J901018,IGCL,EQ,,,,,INDOGULF CROPSCIENCES LTD,74.73,75.9,74.1,74.72,75.3,75.06,,74.72,,,52606,3940109.15,898,F1,1,,,,,
2026-08-06,2026-08-06,CM,NSE,STK,19955,INE866K01023,WAAREEINDO,EQ,,,,,INDOSOLAR LIMITED,329.0,345.45,329.0,344.8,343.0,329.0,,344.85,,,259128,88347582.85,3982,F1,1,,,,,
2026-08-06,2026-08-06,CM,NSE,STK,3088,INE896L01010,INDOSTAR,EQ,,,,,INDOSTAR CAPITAL FIN LTD,235.0,236.45,230.7,233.4,232.15,233.7,,233.37,,,209403,48854473.8,2249,F1,1,,,,,
2026-08-06,2026-08-06,CM,NSE,STK,14956,INE227G01018,INDOWIND,BE,,,,,INDOWIND ENERGY LTD,9.17,9.18,9.0,9.08,9.09,9.1,,9.06,,,55987,508367.12,262,F1,1,,,,,
2026-08-06,2026-08-06,CM,NSE,STK,11262,INE203G01027,IGL,EQ,,,,,INDRAPRASTHA GAS LTD,155.0,155.31,153.72,154.33,154.66,154.08,,154.33,,,788950,122004185.07,16996,F1,1,,,,,
2026-08-06,2026-08-06,CM,NSE,STK,4751,INE681B01017,INDRAMEDCO,EQ,,,,,INDRAPRASTHA MEDICAL CORP,368.3,370.7,360.8,361.85,363.9,368.3,,361.89,,,220817,80456952.6,5592,F1,1,,,,,
2026-08-06,2026-08-06,CM,NSE,STK,23036,INE0NHL23019,INDUSINVIT,IV,,,,,INDUS INFRA TRUST,132.94,138.0,132.07,136.06,137.99,132.07,,136.05,,,372995,49730848.84,6059,F1,1,,,,,
2026-08-06,2026-08-06,CM,NSE,STK,29135,INE121J01017,INDUSTOWER,EQ,,,,,INDUS TOWERS LIMITED,386.95,389.6,383.3,383.3,383.3,385.85,,383.31,,,5731783,2215898298.4,43799,F1,1,,,,,
2026-08-06,2026-08-06,CM,NSE,STK,5258,INE095A01012,INDUSINDBK,EQ,,,,,INDUSIND BANK LIMITED,1016.0,1033.9,1011.0,1016.2,1016.2,1019.0,,1016.17,,,769423,786807277.0,26595,F1,1,,,,,
2026-08-06,2026-08-06,CM,NSE,STK,762717,INE620D01011,INDPRUD,EQ,,,,,INDUSTRIAL & PRU INV CO L,6560.0,6560.0,6405.0,6472.5,6442.0,6346.0,,6473.61,,,62,402516.0,28,F1,1,,,,,
2026-08-06,2026-08-06,CM,NSE,STK,19525,INE886A01014,IITL,EQ,,,,,INDUSTRIAL INV TRUST LTD,141.0,146.59,141.0,141.83,142.0,142.58,,141.83,,,168088,24095655.72,1995,F1,1,,,,,
2026-08-06,2026-08-06,CM,NSE,STK,15036,INE0MRE01011,INFINIUM,SM,,,,,INFINIUM PHARMACHEM LTD,208.5,210.0,208.5,209.95,210.0,205.0,,209.95,,,3500,732600.0,7,F1,500,,,,,
2026-08-06,2026-08-06,CM,NSE,STK,757602,INE0MYZ01012,INFLUX,SM,,,,,INFLUX HEALTHTECH LIMITED,296.95,298.0,287.5,291.75,292.5,297.65,,291.75,,,18000,5261490.0,27,F1,600,,,,,
2026-08-06,2026-08-06,CM,NSE,STK,13751,INE663F01032,NAUKRI,EQ,,,,,INFO EDGE (I) LTD,1245.0,1257.0,1229.5,1240.0,1240.0,1242.0,,1240.0,,,1210220,1506979466.2,60990,F1,1,,,,,
2026-08-06,2026-08-06,CM,NSE,STK,11027,INE344S01016,INFOBEAN,EQ,,,,,INFOBEANS TECHNO. LTD.,169.62,171.49,167.2,167.77,167.2,169.62,,167.77,,,184932,31154125.72,3297,F1,1,,,,,
2026-08-06,2026-08-06,CM,NSE,STK,16588,INE0NNZ01013,INFOLLION,SM,,,,,INFOLLION RESEARCH SER L,161.9,161.9,156.0,157.75,160.1,157.7,,157.75,,,8000,1274420.0,17,F1,400,,,,,
2026-08-06,2026-08-06,CM,NSE,STK,13693,INE669A01022,INFOMEDIA,EQ,,,,,INFOMEDIA PRESS LIMITED,5.53,5.53,5.26,5.4,5.43,5.43,,5.4,,,7265,39069.1,41,F1,1,,,,,
2026-08-06,2026-08-06,CM,NSE,STK,1594,INE009A01021,INFY,EQ,,,,,INFOSYS LIMITED,1174.1,1185.8,1163.0,1165.0,1165.0,1174.0,,1165.0,,,8521064,9963700971.8,175674,F1,1,,,,,
2026-08-06,2026-08-06,CM,NSE,STK,1597,INE177A01018,INGERRAND,EQ,,,,,INGERSOLL-RAND INDIA LTD,4275.6,4370.8,4275.6,4337.9,4328.0,4304.7,,4338.68,,,3173,13789913.3,939,F1,1,,,,,
2026-08-06,2026-08-06,CM,NSE,STK,25323,INE0S1D01010,INNOMET,ST,,,,,INNOMET ADVANCED MATERI L,179.5,186.8,179.5,186.8,186.8,183.15,,186.8,,,30000,5505960.0,38,F1,600,,,,,
2026-08-06,2026-08-06,CM,NSE,STK,21062,INE0DUT01020,INNOVACAP,EQ,,,,,INNOVA CAPTAB LIMITED,949.9,970.0,942.55,954.05,950.2,945.0,,954.09,,,24212,23202687.9,2930,F1,1,,,,,
2026-08-06,2026-08-06,CM,NSE,STK,27754,INE403Y01018,INNOVANA,EQ,,,,,INNOVANA THINKLABS LTD,331.15,337.95,327.95,331.8,337.75,331.05,,331.8,,,1891,627013.0,64,F1,1,,,,,
2026-08-06,2026-08-06,CM,NSE,STK,27266,INE070Y01023,ITTL,ST,,,,,INNOVATIVE TYRE & TUBE LT,68.0,68.0,67.9,67.9,67.9,69.25,,67.9,,,315,21399.0,3,F1,105,,,,,
2026-08-06,2026-08-06,CM,NSE,STK,761528,INE0ADB01012,INNOVISION,EQ,,,,,INNOVISION LIMITED,285.2,286.45,285.0,285.1,285.0,285.8,,285.08,,,9389,2679235.5,444,F1,1,,,,,
2026-08-06,2026-08-06,CM,NSE,STK,12193,INE510W01014,INOXGREEN,BE,,,,,INOX GREEN ENERGY SER LTD,178.28,180.0,171.5,175.96,178.5,178.28,,175.94,,,901176,158643787.68,2207,F1,1,,,,,
2026-08-06,2026-08-06,CM,NSE,STK,20607,INE616N01034,INOXINDIA,EQ,,,,,INOX INDIA LIMITED,1928.1,1967.9,1924.0,1954.4,1946.0,1937.5,,1954.06,,,130519,255249050.8,15924,F1,1,,,,,
2026-08-06,2026-08-06,CM,NSE,STK,7852,INE066P01011,INOXWIND,EQ,,,,,INOX WIND LIMITED,79.3,79.3,78.01,78.2,78.2,78.86,,78.23,,,5653025,444370337.94,26361,F1,1,,,,,
2026-08-06,2026-08-06,CM,NSE,STK,14657,INE070I01018,INSECTICID,EQ,,,,,INSECTICIDES (I) LTD,645.6,659.0,640.2,650.65,658.95,649.0,,650.68,,,11255,7307623.5,1136,F1,1,,,,,
2026-08-06,2026-08-06,CM,NSE,STK,761099,INE0LGX01024,INA,EQ,,,,,INSOLATION ENERGY LIMITED,114.23,114.23,111.41,112.44,112.34,113.34,,112.45,,,197108,22172353.61,2193,F1,1,,,,,
2026-08-06,2026-08-06,CM,NSE,STK,19157,INE0NDX01019,INSPIRE,ST,,,,,INSPIRE FILMS LIMITED,9.05,9.05,9.05,9.05,9.05,9.05,,9.05,,,2000,18100.0,1,F1,2000,,,,,
2026-08-06,2026-08-06,CM,NSE,STK,13734,INE020G01017,INSPIRISYS,BE,,,,,INSPIRISYS SOLUTIONS LTD,99.5,99.5,97.0,97.6,98.38,98.73,,97.85,,,2356,228710.39,17,F1,1,,,,,
2026-08-06,2026-08-06,CM,NSE,STK,30327,INE418N01035,ESSENTIA,BE,,,,,INTEGRA ESSENTIA LIMITED,1.31,1.32,1.22,1.23,1.25,1.26,,1.23,,,2704193,3479970.65,1194,F1,1,,,,,
2026-08-06,2026-08-06,CM,NSE,STK,5926,INE306R01017,INTELLECT,EQ,,,,,INTELLECT DESIGN ARENA,745.0,759.8,718.05,721.65,722.0,746.2,,721.66,,,554196,404522571.4,27388,F1,1,,,,,
2026-08-06,2026-08-06,CM,NSE,STK,20071,INE781A01025,INTENTECH,EQ,,,,,INTENSE TECHNOLOGIES LTD,87.3,87.3,82.25,82.99,83.02,85.23,,82.99,,,18120,1518563.32,732,F1,1,,,,,
2026-08-06,2026-08-06,CM,NSE,STK,24909,INE00M901018,INTERARCH,EQ,,,,,INTERARCH BLDNG SOLTN LTD,1855.0,1900.0,1826.3,1860.4,1859.0,1846.0,,1860.38,,,66069,122673167.7,6347,F1,1,,,,,
2026-08-06,2026-08-06,CM,NSE,STK,11195,INE646L01027,INDIGO,EQ,,,,,INTERGLOBE AVIATION LTD,5400.5,5424.0,5315.0,5318.5,5318.5,5400.0,,5318.53,,,486230,2610276342.0,35789,F1,1,,,,,
2026-08-06,2026-08-06,CM,NSE,STK,22770,INE0OPC01015,INM,SM,,,,,INTERIORS & MORE LIMITED,165.1,166.0,165.0,166.0,166.0,171.0,,166.0,,,1800,297660.0,3,F1,600,,,,,
2026-08-06,2026-08-06,CM,NSE,STK,5606,INE575C01027,INTLCONV,EQ,,,,,INTL CONVEYORS LIMITED,76.1,76.3,74.6,75.14,75.46,75.67,,75.16,,,18194,1368671.76,631,F1,1,,,,,
2026-08-06,2026-08-06,CM,NSE,STK,28378,INE0Q9301021,IGIL,EQ,,,,,INTL GEMOLOGICAL INST LTD,363.65,367.5,357.0,360.35,360.0,363.85,,360.35,,,713810,258934014.0,16459,F1,1,,,,,
2026-08-06,2026-08-06,CM,NSE,STK,18479,INE566K01011,ISFT,EQ,,,,,INTRASOFT TECH. LTD,80.28,80.28,78.2,78.65,78.22,79.89,,78.66,,,2610,206534.93,87,F1,1,,,,,
2026-08-06,2026-08-06,CM,NSE,STK,24870,INE878H01024,INVENTURE,EQ,,,,,INVENTURE GRO & SEC LTD,0.91,0.93,0.91,0.92,0.92,0.91,,0.92,,,567731,524030.66,296,F1,1,,,,,
2026-08-06,2026-08-06,CM,NSE,STK,28125,INE115Q01022,IKS,EQ,,,,,INVENTURUS KNOWLEDGE SO L,1890.0,1907.4,1757.7,1763.1,1765.0,1877.7,,1763.13,,,590774,1062442255.4,49259,F1,1,,,,,
2026-08-06,2026-08-06,CM,NSE,STK,18292,INF205KA1BP1,IVZINGOLD,EQ,,,,,INVESCO INDIA GOLD ETF,128.35,128.9,127.7,128.7,128.8,125.6,,128.78,,,23775,3052581.9,263,F1,1,,,,,
2026-08-06,2026-08-06,CM,NSE,STK,24217,INF205KA1CC7,IVZINNIFTY,EQ,,,,,INVESCO INDIA NIFTY ETF,291.34,298.4,277.13,283.31,283.0,284.24,,283.31,,,21849,6186374.77,124,F1,1,,,,,
2026-08-06,2026-08-06,CM,NSE,STK,762725,INE155E01016,INVPRECQ,BE,,,,,INVESTMENT & PREC CAST L,1160.0,1160.0,1090.1,1136.5,1140.0,1130.8,,1135.84,,,2289,2593804.6,110,F1,1,,,,,
2026-08-06,2026-08-06,CM,NSE,STK,760139,INE0XJ501010,INVICTA,SM,,,,,INVICTA DIAGNOSTIC LTD,76.0,80.0,75.5,79.0,79.0,78.0,,79.0,,,9600,743600.0,6,F1,1600,,,,,
2026-08-06,2026-08-06,CM,NSE,STK,20413,INE485C01029,IOLCP,EQ,,,,,IOL CHEM AND PHARMA LTD,162.9,166.0,158.41,163.18,165.0,163.41,,163.18,,,2373584,383315882.42,21794,F1,1,,,,,
2026-08-06,2026-08-06,CM,NSE,STK,1630,INE570A01022,IONEXCHANG,EQ,,,,,ION EXCHANGE (INDIA) LTD,388.5,397.7,382.0,386.4,386.95,415.7,,386.43,,,2208794,859225369.75,51822,F1,1,,,,,
2026-08-06,2026-08-06,CM,NSE,STK,1633,INE571A01038,IPCALAB,EQ,,,,,IPCA LABORATORIES LTD,1775.0,1785.0,1728.1,1734.2,1740.3,1765.0,,1734.16,,,151963,265917308.8,14405,F1,1,,,,,
2026-08-06,2026-08-06,CM,NSE,STK,15313,INE821I01022,IRB,EQ,,,,,IRB INFRA DEV LTD.,20.08,20.08,19.92,19.93,19.96,20.09,,19.93,,,4352770,86951187.76,16596,F1,1,,,,,
2026-08-06,2026-08-06,CM,NSE,STK,20817,INE183W23014,IRBINVIT,IV,,,,,IRB INVIT FUND,63.62,63.95,63.4,63.87,63.9,63.62,,63.87,,,1107215,70655820.38,5717,F1,1,,,,,
2026-08-06,2026-08-06,CM,NSE,STK,4986,INE962Y01021,IRCON,EQ,,,,,IRCON INTERNATIONAL LTD,131.36,132.95,130.44,132.11,132.35,131.36,,132.13,,,1444747,190756527.32,13911,F1,1,,,,,
2026-08-06,2026-08-06,CM,NSE,STK,1391,INE202E07138,880IREDA29,N5,,,,,IREDA 8.80NCDTR I SR II B,1120.0,1120.0,1114.0,1114.0,1114.0,1120.0,,1114.0,,,572,637340.0,6,F1,1,,,,,
2026-08-06,2026-08-06,CM,NSE,STK,2275,INE01GN01025,IRISDOREME,EQ,,,,,IRIS CLOTHINGS LIMITED,53.52,54.5,53.4,54.02,53.9,53.48,,54.02,,,320450,17300142.49,1624,F1,1,,,,,
2026-08-06,2026-08-06,CM,NSE,STK,6489,INE864K01010,IRIS,EQ,,,,,IRIS REGTECH SOLUTION LTD,271.0,271.9,260.0,261.54,261.0,266.96,,261.54,,,12209,3216299.82,503,F1,1,,,,,
2026-08-06,2026-08-06,CM,NSE,STK,19597,INE07U701015,IRMENERGY,EQ,,,,,IRM ENERGY LIMITED,277.05,303.0,266.1,293.0,291.0,277.05,,293.04,,,621106,179845197.85,10748,F1,1,,,,,
2026-08-06,2026-08-06,CM,NSE,STK,760901,INE413U07459,920ISF28B,N0,,,,,ISF 9.20% 2028 SR A,10000.0,10000.0,10000.0,10000.0,10000.0,9999.99,,10000.0,,,1,10000.0,1,F1,1,,,,,
2026-08-06,2026-08-06,CM,NSE,STK,761208,INE413U07442,925ISF28,N0,,,,,ISF 9.25% 2028,9882.0,9882.0,9882.0,9882.0,9882.0,9882.0,,9882.0,,,10,98820.0,1,F1,1,,,,,
2026-08-06,2026-08-06,CM,NSE,STK,757708,INE413U07426,950ISF27C,N0,,,,,ISF 9.50% 2027,10005.01,10005.01,10005.01,10005.01,10005.01,10015.0,,10005.01,,,1,10005.01,1,F1,1,,,,,
2026-08-06,2026-08-06,CM,NSE,STK,759100,INE413U07434,965ISF28,N0,,,,,ISF 9.65% 2028,100182.8,100182.8,100182.8,100182.8,100182.8,100182.83,,100182.8,,,5,500914.0,1,F1,1,,,,,
2026-08-06,2026-08-06,CM,NSE,STK,3329,INE858B01029,ISGEC,EQ,,,,,ISGEC HEAVY ENG LTD,832.05,838.35,815.8,820.35,820.0,830.95,,820.45,,,31532,26065429.85,2839,F1,1,,,,,
2026-08-06,2026-08-06,CM,NSE,STK,30249,INE561M01018,ISHANCH,EQ,,,,,ISHAN DYES N CHEMICALS L,50.5,50.99,48.4,49.0,48.95,50.97,,48.99,,,41619,2063680.04,264,F1,1,,,,,
2026-08-06,2026-08-06,CM,NSE,STK,10995,INE0LCW01025,ISHAN,SM,,,,,ISHAN INTERNATIONAL LTD,0.45,0.5,0.45,0.5,0.5,0.5,,0.5,,,144000,67200.0,3,F1,48000,,,,,
2026-08-06,2026-08-06,CM,NSE,STK,22645,INE0R7R01018,ITALIANE,SM,,,,,ITALIAN EDIBLES LIMITED,31.1,31.1,31.1,31.1,31.1,31.1,,31.1,,,2000,62200.0,1,F1,2000,,,,,
2026-08-06,2026-08-06,CM,NSE,STK,29251,INE379A01028,ITCHOTELS,EQ,,,,,ITC HOTELS LIMITED,169.0,171.7,168.6,171.08,170.5,168.93,,171.08,,,2261618,385615389.95,33560,F1,1,,,,,
2026-08-06,2026-08-06,CM,NSE,STK,1660,INE154A01025,ITC,EQ,,,,,ITC LTD,285.45,286.35,283.7,285.9,285.9,286.95,,285.89,,,12447629,3546375925.85,324464,F1,1,,,,,
2026-08-06,2026-08-06,CM,NSE,STK,1675,INE248A01017,ITI,EQ,,,,,ITI LTD,281.55,289.7,280.3,287.25,286.75,281.6,,287.24,,,573736,163947610.8,10954,F1,1,,,,,
2026-08-06,2026-08-06,CM,NSE,STK,759041,INE056801025,IVALUE,EQ,,,,,IVALUE INFOSOLUTIONS LTD,274.9,276.2,272.2,274.4,275.5,275.2,,274.39,,,301726,82936616.4,4095,F1,1,,,,,
2026-08-06,2026-08-06,CM,NSE,STK,8857,INE043C01018,IVP,BE,,,,,IVP LIMITED,161.0,166.0,157.9,160.68,163.75,158.66,,160.64,,,19616,3171531.71,222,F1,1,,,,,
2026-08-06,2026-08-06,CM,NSE,STK,757644,INE1AII01014,IWARE,ST,,,,,IWARE SUPPLYCHAIN SER LTD,457.05,474.9,457.05,463.0,463.0,460.0,,463.0,,,8400,3917430.0,14,F1,600,,,,,
2026-08-06,2026-08-06,CM,NSE,STK,14174,INE848A01014,IZMO,EQ,,,,,IZMO LIMITED,1061.85,1083.35,1018.95,1023.0,1023.9,1031.8,,1023.22,,,216918,228555610.8,7089,F1,1,,,,,
2026-08-06,2026-08-06,CM,NSE,STK,5633,INE168A01041,J&KBANK,EQ,,,,,J & K BANK LTD.,157.0,164.3,157.0,160.08,160.0,156.46,,160.08,,,6458285,1040126438.58,47743,F1,1,,,,,
2026-08-06,2026-08-06,CM,NSE,STK,23056,INE0MB501011,JGCHEM,EQ,,,,,J.G.CHEMICALS LIMITED,549.95,560.0,535.0,539.5,537.0,548.25,,539.5,,,455971,249188847.0,15527,F1,1,,,,,
2026-08-06,2026-08-06,CM,NSE,STK,13211,INE199G01027,JAGRAN,EQ,,,,,JAGRAN PRAKASHAN LIMITED,63.09,63.3,62.6,62.78,62.8,62.85,,62.79,,,188877,11855111.83,1995,F1,1,,,,,
2026-08-06,2026-08-06,CM,NSE,STK,4410,INE048B01035,JAGSNPHARM,EQ,,,,,JAGSONPAL PHARMACEUTICALS,238.97,244.99,233.0,238.05,237.0,239.62,,238.04,,,173712,41617620.27,4832,F1,1,,,,,
2026-08-06,2026-08-06,CM,NSE,STK,14076,INE091G01026,JAIBALAJI,BE,,,,,JAI BALAJI INDUSTRIES LTD,63.99,63.99,61.0,62.93,62.2,62.26,,62.91,,,236864,14732729.71,771,F1,1,,,,,
2026-08-06,2026-08-06,CM,NSE,STK,5143,INE070D01027,JAICORPLTD,EQ,,,,,JAI CORP LIMITED,104.33,105.33,103.5,103.95,103.9,104.33,,103.94,,,341699,35711448.11,3998,F1,1,,,,,
2026-08-06,2026-08-06,CM,NSE,STK,25684,IN9175A01010,JISLDVREQS,EQ,,,,,JAIN DVR EQUITY SHARES,22.97,23.38,22.7,23.15,23.0,22.64,,23.39,,,8895,206062.94,97,F1,1,,,,,
2026-08-06,2026-08-06,CM,NSE,STK,10397,INE175A01038,JISLJALEQS,EQ,,,,,JAIN IRRIGATION SYSTEMS,31.15,31.89,31.13,31.44,31.54,31.25,,31.44,,,1027555,32402519.72,4243,F1,1,,,,,
2026-08-06,2026-08-06,CM,NSE,STK,759244,INE0YD401026,JAINREC,EQ,,,,,JAIN RESOURCE RECYCLING L,324.05,325.0,311.3,315.35,312.0,322.55,,315.37,,,1605551,510470168.55,43326,F1,1,,,,,
2026-08-06,2026-08-06,CM,NSE,STK,6012,INE02KC01010,JAINAM,SM,,,,,JAINAM FER ALLOYS (I) LTD,239.0,239.0,239.0,239.0,239.0,228.5,,239.0,,,1000,239000.0,1,F1,500,,,,,
2026-08-06,2026-08-06,CM,NSE,STK,758303,INE0XIL01012,JAINIK,SM,,,,,JAINIK POWER CABLES LTD,190.0,190.0,185.1,187.45,187.45,190.75,,187.45,,,7200,1349700.0,6,F1,1200,,,,,
2026-08-06,2026-08-06,CM,NSE,STK,11763,INE351F01018,JPPOWER,EQ,,,,,JAIPRAKASH POWER VEN. LTD,18.32,18.48,18.06,18.1,18.07,18.32,,18.1,,,59560961,1086016213.43,37804,F1,1,,,,,
2026-08-06,2026-08-06,CM,NSE,STK,20778,INE039C01032,JAMNAAUTO,EQ,,,,,JAMNA AUTO IND LTD,144.0,145.5,143.21,143.97,143.95,143.27,,143.97,,,2153995,311056767.76,21800,F1,1,,,,,
2026-08-06,2026-08-06,CM,NSE,STK,22663,INE953L01027,JSFB,EQ,,,,,JANA SMALL FIN BANK LTD,574.95,581.8,557.2,560.95,557.2,572.55,,560.93,,,486432,276651912.6,13371,F1,1,,,,,
2026-08-06,2026-08-06,CM,NSE,STK,759951,INE00YJ01010,JARO,EQ,,,,,JARO INS OF TEC MG N RE L,458.7,462.1,450.7,453.65,452.1,453.85,,453.64,,,66127,30100407.55,2732,F1,1,,,,,
2026-08-06,2026-08-06,CM,NSE,STK,13982,INE039O01029,JASH,EQ,,,,,JASH ENGINEERING LIMITED,495.0,503.0,490.0,493.0,490.35,494.25,,492.98,,,58844,29236702.95,3817,F1,1,,,,,
2026-08-06,2026-08-06,CM,NSE,STK,25037,INE0SMY01017,JAYBEE,SM,,,,,JAY BEE LAMINATIONS LTD,89.4,89.4,86.7,86.75,86.75,86.7,,86.75,,,9500,834875.0,16,F1,500,,,,,
2026-08-06,2026-08-06,CM,NSE,STK,1708,INE571B01036,JAYBARMARU,EQ,,,,,JAY BHARAT MARUTI LTD,146.65,146.65,146.65,146.65,146.65,154.36,,146.65,,,101111,14827928.15,766,F1,1,,,,,
2026-08-06,2026-08-06,CM,NSE,STK,10889,INE0J6801010,KORE,SM,,,,,JAY JALARAM TECHNO LTD,174.2,180.95,170.0,177.5,180.95,177.5,,177.5,,,4500,776825.0,14,F1,250,,,,,
2026-08-06,2026-08-06,CM,NSE,STK,4041,INE785A01026,JAYAGROGN,EQ,,,,,JAYANT AGRO ORGANICS LTD,224.3,227.5,221.41,224.47,225.0,224.2,,224.47,,,9566,2150444.6,262,F1,1,,,,,
2026-08-06,2026-08-06,CM,NSE,STK,2331,INE854B01010,JAYNECOIND,EQ,,,,,JAYASWAL NECO INDUSTR LTD,92.9,93.44,91.84,92.57,92.5,91.77,,92.58,,,2897273,268682898.78,16842,F1,1,,,,,
2026-08-06,2026-08-06,CM,NSE,STK,759159,INE1AE401014,JAYESH,SM,,,,,JAYESH LOGISTICS LIMITED,143.8,145.95,138.5,138.5,138.5,140.8,,138.5,,,7000,989750.0,7,F1,1000,,,,,
2026-08-06,2026-08-06,CM,NSE,STK,760073,INE903A01025,JAYKAY,EQ,,,,,JAYKAY ENTERPRISES LTD,155.05,160.6,154.4,156.42,156.68,156.91,,156.42,,,245405,38533366.61,4467,F1,1,,,,,
2026-08-06,2026-08-06,CM,NSE,STK,1720,INE364A01020,JAYSREETEA,EQ,,,,,JAYSHREE TEA & INDUSTRIES,90.6,91.79,88.8,89.69,89.45,89.29,,89.69,,,40982,3677560.12,876,F1,1,,,,,
2026-08-06,2026-08-06,CM,NSE,STK,11655,INE927D01051,JBMA,EQ,,,,,JBM AUTO LIMITED,665.0,666.4,652.15,657.55,656.4,663.05,,657.59,,,167082,110358045.55,7786,F1,1,,,,,
2026-08-06,2026-08-06,CM,NSE,STK,758115,INE0J5801029,JSLL,EQ,,,,,JEENA SIKHO LIFECARE LTD,583.2,610.0,576.85,604.25,599.95,579.25,,604.25,,,960929,575588885.9,26539,F1,1,,,,,
2026-08-06,2026-08-06,CM,NSE,STK,7211,INE982V01025,JETFREIGHT,EQ,,,,,JET FREIGHT LOGISTICS LTD,22.74,23.35,22.61,22.94,23.06,22.6,,22.93,,,96248,2212931.32,591,F1,1,,,,,
2026-08-06,2026-08-06,CM,NSE,STK,25150,INE0RXB01022,JEYYAM,ST,,,,,JEYYAM GLOBAL FOODS LTD,23.5,23.9,23.0,23.75,23.8,23.8,,23.75,,,186000,4412800.0,18,F1,2000,,,,,
2026-08-06,2026-08-06,CM,NSE,STK,10885,INE0LA901015,JFLLIFE,SM,,,,,JFL LIFE SCIENCES LIMITED,13.15,13.45,13.1,13.1,13.1,13.75,,13.1,,,90000,1183800.0,13,F1,6000,,,,,
2026-08-06,2026-08-06,CM,NSE,STK,13720,INE544H01014,JHS,EQ,,,,,JHS SVEND. LAB. LTD,7.7,7.85,7.6,7.8,7.85,7.76,,7.8,,,32612,253841.03,96,F1,1,,,,,
2026-08-06,2026-08-06,CM,NSE,STK,24145,INE03DD01011,RETAIL,EQ,,,,,JHS SVENDGAARD RETAIL V L,17.6,17.78,16.5,17.25,17.25,17.5,,17.25,,,5208,89895.73,62,F1,1,,,,,
2026-08-06,2026-08-06,CM,NSE,STK,31507,INE147P01019,JPOLYINVST,EQ,,,,,JIND POL INV & FIN CO LTD,1049.9,1084.5,1038.3,1065.8,1060.5,1044.1,,1065.56,,,52573,55348226.5,1066,F1,1,,,,,
2026-08-06,2026-08-06,CM,NSE,STK,13875,INE742C01031,JINDRILL,EQ,,,,,JINDAL DRILLING IND. LTD,623.0,631.85,610.35,615.85,610.35,620.35,,615.76,,,203271,126785004.85,7186,F1,1,,,,,
2026-08-06,2026-08-06,CM,NSE,STK,11743,INE796G01012,JINDALPHOT,EQ,,,,,JINDAL PHOTO LIMITED,1088.9,1089.9,1058.1,1063.6,1083.9,1068.6,,1063.7,,,1077,1154024.8,214,F1,1,,,,,
2026-08-06,2026-08-06,CM,NSE,STK,1756,INE197D01010,JINDALPOLY,EQ,,,,,JINDAL POLY FILMS LIMITED,626.45,648.0,625.55,632.75,630.1,626.45,,632.75,,,19802,12582289.25,1345,F1,1,,,,,
2026-08-06,2026-08-06,CM,NSE,STK,3024,INE324A01032,JINDALSAW,EQ,,,,,JINDAL SAW LIMITED,265.0,269.1,261.6,265.25,264.4,265.6,,265.26,,,1690905,448138036.25,41589,F1,1,,,,,
2026-08-06,2026-08-06,CM,NSE,STK,11236,INE220G01021,JSL,EQ,,,,,JINDAL STAINLESS LIMITED,746.0,747.6,730.0,732.5,734.4,744.5,,732.48,,,359503,264564497.05,21394,F1,1,,,,,
2026-08-06,2026-08-06,CM,NSE,STK,6733,INE749A01030,JINDALSTEL,EQ,,,,,JINDAL STEEL LIMITED,1122.0,1124.5,1097.7,1101.0,1101.0,1113.4,,1101.0,,,1715023,1896109452.9,31222,F1,1,,,,,
2026-08-06,2026-08-06,CM,NSE,STK,20642,INE247D01039,JINDWORLD,EQ,,,,,JINDAL WORLDWIDE LTD,39.1,39.24,38.11,38.5,38.3,39.15,,38.5,,,5231452,201609579.9,10717,F1,1,,,,,
2026-08-06,2026-08-06,CM,NSE,STK,759206,INE1FF001016,JKIPL,BE,,,,,JINKUSHAL INDUSTRIES LTD,99.01,101.0,97.01,97.97,98.0,100.99,,97.85,,,11832,1170823.08,159,F1,1,,,,,
2026-08-06,2026-08-06,CM,NSE,STK,18143,INE758E01017,JIOFIN,EQ,,,,,JIO FIN SERVICES LTD,262.2,266.35,260.3,263.1,263.1,261.95,,263.11,,,15775224,4167041090.5,96581,F1,1,,,,,
2026-08-06,2026-08-06,CM,NSE,STK,19691,INE863T01013,JITFINFRA,EQ,,,,,JITF INFRALOGISTICS LTD,355.25,355.25,331.0,336.8,336.9,346.85,,336.82,,,26621,9060380.35,1079,F1,1,,,,,
2026-08-06,2026-08-06,CM,NSE,STK,18558,INE0N5H01017,JIWANRAM,SM,,,,,JIWANRAM SHEODUTTRA IND L,4.95,4.95,4.95,4.95,4.95,5.0,,4.95,,,6000,29700.0,1,F1,6000,,,,,
2026-08-06,2026-08-06,CM,NSE,STK,13270,INE823G01014,JKCEMENT,EQ,,,,,JK CEMENT LIMITED,5485.0,5504.5,5405.0,5421.0,5410.0,5484.5,,5420.71,,,22983,125118912.5,6083,F1,1,,,,,
2026-08-06,2026-08-06,CM,NSE,STK,13491,INE786A01032,JKLAKSHMI,EQ,,,,,JK LAKSHMI CEMENT LTD,580.0,622.0,567.2,571.25,569.7,571.25,,571.24,,,3679483,2195470798.85,88553,F1,1,,,,,
2026-08-06,2026-08-06,CM,NSE,STK,11860,INE789E01012,JKPAPER,EQ,,,,,JK PAPER LIMITED,387.0,392.0,385.1,389.2,388.1,385.25,,389.28,,,229091,89023630.6,7458,F1,1,,,,,
2026-08-06,2026-08-06,CM,NSE,STK,14435,INE573A01042,JKTYRE,EQ,,,,,JK TYRE & INDUSTRIES LTD,417.9,418.9,411.3,413.25,413.05,415.2,,413.25,,,565965,234629443.0,13915,F1,1,,,,,
2026-08-06,2026-08-06,CM,NSE,STK,15266,INE576I01022,JKIL,EQ,,,,,JKUMAR INFR.LTD.,492.0,499.0,471.05,491.75,478.0,490.1,,491.65,,,359777,174944827.85,10461,F1,1,,,,,
2026-08-06,2026-08-06,CM,NSE,STK,13637,INE780C01023,JMFINANCIL,EQ,,,,,JM FINANCIAL LIMITED,126.81,129.99,126.32,129.78,129.7,126.12,,129.78,,,5439998,700580863.47,34740,F1,1,,,,,
2026-08-06,2026-08-06,CM,NSE,STK,23621,INE0OAF01028,JNKINDIA,EQ,,,,,JNK INDIA LIMITED,418.0,428.15,416.0,420.9,416.0,418.8,,420.91,,,199835,84364136.45,4930,F1,1,,,,,
2026-08-06,2026-08-06,CM,NSE,STK,16931,INE839G01010,JOCIL,BE,,,,,JOCIL LIMITED,149.0,151.7,145.0,149.55,150.0,147.0,,149.55,,,1662,249714.92,39,F1,1,,,,,
2026-08-06,2026-08-06,CM,NSE,STK,762623,INE515A01019,COCKERILL,EQ,,,,,JOHN COCKERILL INDIA LTD.,8894.5,9725.0,8871.0,9462.0,9423.0,8897.0,,9460.75,,,13096,123327256.0,4317,F1,1,,,,,
2026-08-06,2026-08-06,CM,NSE,STK,758460,INE718I01012,JSWCEMENT,EQ,,,,,JSW CEMENT LIMITED,132.47,134.45,131.9,132.62,132.55,132.04,,132.62,,,1142669,151869285.28,11560,F1,1,,,,,
2026-08-06,2026-08-06,CM,NSE,STK,1467,INE133A01011,JSWDULUX,EQ,,,,,JSW DULUX LIMITED,3048.0,3109.9,3023.0,3077.0,3083.9,3022.1,,3077.06,,,22234,68072723.5,5931,F1,1,,,,,
2026-08-06,2026-08-06,CM,NSE,STK,17869,INE121E01018,JSWENERGY,EQ,,,,,JSW ENERGY LIMITED,564.95,568.6,561.5,561.5,561.5,566.0,,562.1,,,989604,558488009.5,18561,F1,1,,,,,
2026-08-06,2026-08-06,CM,NSE,STK,11880,INE824G01012,JSWHL,EQ,,,,,JSW HOLDINGS LIMITED,12355.0,12450.0,12001.0,12082.0,12003.0,12327.0,,12080.02,,,6338,77786994.0,3091,F1,1,,,,,
2026-08-06,2026-08-06,CM,NSE,STK,19020,INE880J01026,JSWINFRA,EQ,,,,,JSW INFRASTRUCTURE LTD,335.0,335.0,324.5,327.5,326.0,334.4,,327.45,,,1090704,360027930.55,20604,F1,1,,,,,
2026-08-06,2026-08-06,CM,NSE,STK,11723,INE019A01038,JSWSTEEL,EQ,,,,,JSW STEEL LIMITED,1330.0,1335.0,1303.5,1307.9,1307.9,1330.0,,1307.9,,,2307926,3040755432.5,76545,F1,1,,,,,
2026-08-06,2026-08-06,CM,NSE,STK,3237,INE643A01035,JTEKTINDIA,EQ,,,,,JTEKT INDIA LIMITED,141.7,142.39,140.48,141.16,141.0,140.82,,141.16,,,71584,10111947.59,1420,F1,1,,,,,
2026-08-06,2026-08-06,CM,NSE,STK,7287,INE391J01032,JTLIND,EQ,,,,,JTL INDUSTRIES LIMITED,78.5,80.5,76.5,76.81,76.95,78.13,,76.81,,,3275518,256459763.0,23269,F1,1,,,,,
2026-08-06,2026-08-06,CM,NSE,STK,29590,INE03CC01015,JUBLCPL,EQ,,,,,JUBILANT AGRI N CON PRO L,1910.3,1917.0,1880.0,1890.3,1898.0,1893.8,,1890.3,,,1896,3604950.3,333,F1,1,,,,,
2026-08-06,2026-08-06,CM,NSE,STK,18096,INE797F01020,JUBLFOOD,EQ,,,,,JUBILANT FOODWORKS LTD,480.0,482.5,470.1,473.0,473.0,485.0,,473.01,,,3933013,1877038868.85,43725,F1,1,,,,,
2026-08-06,2026-08-06,CM,NSE,STK,2783,INE0BY001018,JUBLINGREA,EQ,,,,,JUBILANT INGREVIA LIMITED,746.1,769.7,744.4,757.0,755.1,746.1,,756.95,,,379357,287777037.15,21897,F1,1,,,,,
2026-08-06,2026-08-06,CM,NSE,STK,3637,INE700A01033,JUBLPHARMA,EQ,,,,,JUBILANT PHARMOVA LTD,924.5,938.7,916.3,926.25,928.0,924.7,,926.16,,,158398,147327003.15,17229,F1,1,,,,,
2026-08-06,2026-08-06,CM,NSE,STK,7109,INE412C01023,JMA,EQ,,,,,JULLUNDUR MOT AGENCY LTD,90.4,90.4,86.0,87.29,86.98,89.47,,87.29,,,17641,1543227.99,286,F1,1,,,,,
2026-08-06,2026-08-06,CM,NSE,STK,764408,INE05C901015,JNPR,EQ,,,,,JUNIPER GREEN ENERGY LTD,245.0,264.72,232.11,259.71,262.5,225.0,,259.71,,,69638657,17267755155.71,1232508,F1,1,,,,,
2026-08-06,2026-08-06,CM,NSE,STK,22824,INE696F01016,JUNIPER,EQ,,,,,JUNIPER HOTELS LIMITED,202.0,219.01,196.66,198.05,197.64,199.9,,198.05,,,1746581,358645051.29,20831,F1,1,,,,,
2026-08-06,2026-08-06,CM,NSE,STK,18553,INE682M01020,JLHL,EQ,,,,,JUPITER LIFE LINE HOSP L,323.0,325.55,317.0,319.25,321.8,323.95,,319.27,,,158043,50613140.85,9609,F1,1,,,,,
2026-08-06,2026-08-06,CM,NSE,STK,20224,INE209L01016,JWL,EQ,,,,,JUPITER WAGONS LIMITED,259.4,263.0,258.15,262.1,262.0,258.85,,262.1,,,783328,204640303.5,14127,F1,1,,,,,
2026-08-06,2026-08-06,CM,NSE,STK,29962,INE599M01018,JUSTDIAL,EQ,,,,,JUSTDIAL LTD.,685.1,689.8,675.0,681.55,683.7,683.0,,681.57,,,193598,132125168.4,6099,F1,1,,,,,
2026-08-06,2026-08-06,CM,NSE,STK,15146,INE668F01031,JYOTHYLAB,EQ,,,,,JYOTHY LABS LIMITED,204.85,207.45,204.36,205.87,205.4,204.17,,205.86,,,489212,100738465.83,13602,F1,1,,,,,
2026-08-06,2026-08-06,CM,NSE,STK,21334,INE980O01024,JYOTICNC,EQ,,,,,JYOTI CNC AUTOMATION LTD,861.4,870.25,852.15,865.05,866.1,859.75,,865.1,,,442570,381160785.75,17347,F1,1,,,,,
2026-08-06,2026-08-06,CM,NSE,STK,758221,INE1M3T01017,JYOTIGLOBL,SM,,,,,JYOTI GLOBAL PLAST LTD,34.3,39.45,34.3,38.35,38.35,35.9,,38.35,,,34000,1309600.0,17,F1,2000,,,,,
2026-08-06,2026-08-06,CM,NSE,STK,1802,INE197A01024,JYOTISTRUC,EQ,,,,,JYOTI STRUCTURES LTD,12.21,12.28,11.6,11.71,11.77,12.12,,11.71,,,6298833,75368404.48,8038,F1,1,,,,,
2026-08-06,2026-08-06,CM,NSE,STK,14667,INE157H01023,KMSUGAR,EQ,,,,,K M SUGAR MILLS LTD,28.23,28.99,28.16,28.37,28.55,28.58,,28.37,,,83580,2385275.61,616,F1,1,,,,,
2026-08-06,2026-08-06,CM,NSE,STK,27079,INE127T01021,KPEL,EQ,,,,,K.P. ENERGY LIMITED,312.25,314.5,302.6,304.2,306.0,310.65,,304.25,,,239296,73028289.35,5451,F1,1,,,,,
2026-08-06,2026-08-06,CM,NSE,STK,23462,INE0DEZ01013,K2INFRA,ST,,,,,K2 INFRAGEN LIMITED,52.75,54.45,52.0,53.95,54.45,54.45,,53.95,,,16200,861150.0,24,F1,600,,,,,
2026-08-06,2026-08-06,CM,NSE,STK,1805,INE900B01029,KABRAEXTRU,EQ,,,,,KABRA EXTRUSION TECHNIK L,457.0,485.45,452.85,477.6,472.7,454.4,,477.57,,,1101775,520156487.15,32744,F1,1,,,,,
2026-08-06,2026-08-06,CM,NSE,STK,29192,INE0XOW01017,KKJEWELS,SM,,,,,KABRA JEWELS LIMITED,103.0,103.0,100.15,100.35,100.15,102.45,,100.35,,,9000,906800.0,9,F1,1000,,,,,
2026-08-06,2026-08-06,CM,NSE,STK,1808,INE217B01036,KAJARIACER,EQ,,,,,KAJARIA CERAMICS LTD,1185.9,1192.8,1166.4,1175.4,1180.0,1185.9,,1175.39,,,177094,208555293.4,13371,F1,1,,,,,
2026-08-06,2026-08-06,CM,NSE,STK,8945,INE437B01014,KAKATCEM,BE,,,,,KAKATIYA CEM SUGAR &IND L,116.3,120.85,116.3,116.55,118.49,119.75,,117.22,,,2671,312695.55,60,F1,1,,,,,
2026-08-06,2026-08-06,CM,NSE,STK,25443,INE0T0L01014,KALANA,SM,,,,,KALANA ISPAT LIMITED,19.05,19.15,18.5,18.7,18.5,18.5,,18.7,,,22000,417600.0,11,F1,2000,,,,,
2026-08-06,2026-08-06,CM,NSE,STK,758558,INE227J01012,KALPATARU,EQ,,,,,KALPATARU LIMITED,284.4,286.95,282.0,283.0,282.0,286.85,,283.02,,,37424,10637846.85,1162,F1,1,,,,,
2026-08-06,2026-08-06,CM,NSE,STK,1814,INE220B01022,KPIL,EQ,,,,,KALPATARU PROJECT INT LTD,1289.9,1300.0,1267.2,1294.1,1291.1,1283.0,,1294.09,,,198579,254816586.9,9752,F1,1,,,,,
2026-08-06,2026-08-06,CM,NSE,STK,2955,INE303R01014,KALYANKJIL,EQ,,,,,KALYAN JEWELLERS IND LTD,575.0,600.0,561.25,598.0,598.0,569.5,,598.0,,,24595955,14305656920.15,194449,F1,1,,,,,
2026-08-06,2026-08-06,CM,NSE,STK,15156,INE314G01014,KALYANIFRG,EQ,,,,,KALYANI FORGE LIMITED,612.4,613.8,595.05,606.35,611.0,614.7,,606.36,,,2365,1432762.2,106,F1,1,,,,,
2026-08-06,2026-08-06,CM,NSE,STK,21119,INE029L01018,KICL,EQ,,,,,KALYANI INVEST CO LTD,5545.0,5660.5,5500.0,5528.0,5505.5,5522.0,,5527.83,,,2143,11980437.5,360,F1,1,,,,,
2026-08-06,2026-08-06,CM,NSE,STK,18889,INE907A01026,KSL,EQ,,,,,KALYANI STEELS LIMITED,885.0,899.0,877.0,882.25,877.0,882.45,,882.24,,,22097,19678992.0,1718,F1,1,,,,,
2026-08-06,2026-08-06,CM,NSE,STK,762732,INE411F01010,KAMAHOLD,EQ,,,,,KAMA HOLDINGS LTD.,2514.2,2522.9,2487.1,2510.4,2510.0,2509.2,,2510.61,,,731,1833374.3,217,F1,1,,,,,
2026-08-06,2026-08-06,CM,NSE,STK,1826,INE967C01018,KAMATHOTEL,EQ,,,,,KAMAT HOTELS (I) LTD,175.0,175.0,171.25,172.06,172.0,172.76,,172.04,,,21459,3698894.52,712,F1,1,,,,,
2026-08-06,2026-08-06,CM,NSE,STK,13461,INE390H01020,KAMDHENU,BE,,,,,KAMDHENU LIMITED,34.4,35.7,34.15,35.05,35.3,34.61,,35.05,,,295702,10338820.16,944,F1,1,,,,,
2026-08-06,2026-08-06,CM,NSE,STK,13814,INE0BTI01037,KAMOPAINTS,EQ,,,,,KAMDHENU VENTURES LIMITED,4.52,4.61,4.52,4.56,4.57,4.59,,4.56,,,162722,743341.71,500,F1,1,,,,,
2026-08-06,2026-08-06,CM,NSE,STK,25786,INE879E01037,KANANIIND,EQ,,,,,KANANI INDUSTRIES LTD,1.53,1.53,1.5,1.51,1.51,1.52,,1.51,,,51953,78689.67,149,F1,1,,,,,
2026-08-06,2026-08-06,CM,NSE,STK,762740,INE081G01019,KANCHI,BE,,,,,KANCHI KARPOORAM LTD.,361.9,363.7,354.0,361.9,361.9,361.9,,358.31,,,344,122616.8,24,F1,1,,,,,
2026-08-06,2026-08-06,CM,NSE,STK,11208,INE0MOT01016,KANDARP,SM,,,,,KANDARP DG SMART BPO LTD,102.75,102.75,95.25,98.5,101.75,98.0,,98.5,,,29000,2869350.0,21,F1,1000,,,,,
2026-08-06,2026-08-06,CM,NSE,STK,9805,INE138C01024,KANORICHEM,BE,,,,,KANORIACHEMICALS-,149.4,156.99,147.65,151.07,152.0,149.52,,151.74,,,29049,4448517.03,346,F1,1,,,,,
2026-08-06,2026-08-06,CM,NSE,STK,1782,INE694E01014,KANPRPLA,EQ,,,,,KANPUR PLASTIPACK LIMITED,209.99,211.59,205.0,207.03,207.99,209.57,,207.04,,,17184,3580969.13,621,F1,1,,,,,
2026-08-06,2026-08-06,CM,NSE,STK,1196,INE531A01024,KANSAINER,EQ,,,,,KANSAI NEROLAC PAINTS LTD,210.49,212.14,208.22,211.12,211.0,210.38,,211.12,,,371479,78293414.86,7980,F1,1,,,,,
2026-08-06,2026-08-06,CM,NSE,STK,18967,INE542Z01028,KAPSTON,EQ,,,,,KAPSTON SERVICES LIMITED,535.0,535.0,508.55,515.5,522.15,532.85,,515.5,,,80046,41688437.1,3555,F1,1,,,,,
2026-08-06,2026-08-06,CM,NSE,STK,24385,INE725L01011,KARMAENG,EQ,,,,,KARMA ENERGY LIMITED,39.8,39.8,38.2,39.03,39.4,38.71,,39.03,,,5634,217823.54,82,F1,1,,,,,
2026-08-06,2026-08-06,CM,NSE,STK,8054,INE614B01018,KTKBANK,EQ,,,,,KARNATAKA BANK LIMITED,299.55,316.8,297.3,306.8,304.65,299.65,,306.79,,,7797697,2407444951.35,78228,F1,1,,,,,
2026-08-06,2026-08-06,CM,NSE,STK,19465,INE0MGA01012,KARNIKA,SM,,,,,KARNIKA INDUSTRIES LTD,116.8,117.9,112.2,116.5,116.0,116.7,,116.5,,,32000,3720800.0,25,F1,1000,,,,,
2026-08-06,2026-08-06,CM,NSE,STK,1838,INE036D01028,KARURVYSYA,EQ,,,,,KARUR VYSYA BANK LTD,339.9,343.75,332.0,337.5,333.8,337.65,,337.45,,,1675844,568886303.45,32781,F1,1,,,,,
2026-08-06,2026-08-06,CM,NSE,STK,15140,INE234I01028,KAUSHALYA,BE,,,,,KAUSHALYA INFRA DEV LTD.,923.0,970.0,903.0,951.05,969.0,923.9,,951.02,,,733,687998.3,68,F1,1,,,,,
2026-08-06,2026-08-06,CM,NSE,STK,21186,INE0Q2V01012,KLL,SM,,,,,KAUSHALYA LOGISTICS LTD,22.7,23.0,21.85,22.6,22.2,22.7,,22.6,,,52000,1175800.0,46,F1,800,,,,,
2026-08-06,2026-08-06,CM,NSE,STK,14972,INE455I01029,KSCL,EQ,,,,,KAVERI SEED CO. LTD.,790.0,790.95,768.0,770.85,768.1,781.5,,770.85,,,94653,73492270.45,5570,F1,1,,,,,
2026-08-06,2026-08-06,CM,NSE,STK,15244,INE641C01019,KAVDEFENCE,EQ,,,,,KAVVERI DFS & WIR TEC LTD,57.85,58.19,56.51,57.16,57.38,57.33,,57.14,,,95345,5473809.0,1385,F1,1,,,,,
2026-08-06,2026-08-06,CM,NSE,STK,21173,INE0RCG01017,KCEIL,SM,,,,,KAY CEE ENERGY & INFRA L,87.65,87.65,83.0,83.95,83.0,86.1,,83.95,,,25500,2182975.0,32,F1,500,,,,,
2026-08-06,2026-08-06,CM,NSE,STK,10276,INE587G01015,KAYA,EQ,,,,,KAYA LIMITED,282.0,287.9,271.0,273.7,275.0,273.75,,273.7,,,25132,7009660.85,614,F1,1,,,,,
2026-08-06,2026-08-06,CM,NSE,STK,12092,INE918Z01012,KAYNES,EQ,,,,,KAYNES TECHNOLOGY IND LTD,3900.0,3928.5,3822.0,3830.0,3830.0,3898.0,,3829.59,,,942467,3644836663.5,59140,F1,1,,,,,
2026-08-06,2026-08-06,CM,NSE,STK,758868,INE13ZD01013,KAYTEX,SM,,,,,KAYTEX FABRICS LIMITED,58.05,58.65,58.05,58.65,58.65,57.5,,58.65,,,2400,139960.0,3,F1,800,,,,,
2026-08-06,2026-08-06,CM,NSE,STK,10293,INE0J1E01027,KCK,SM,,,,,KCK INDUSTRIES LTD,17.3,17.3,16.55,16.55,16.55,17.4,,16.55,,,112500,1888375.0,37,F1,2500,,,,,
2026-08-06,2026-08-06,CM,NSE,STK,1841,INE805C01028,KCP,EQ,,,,,KCP LTD,154.99,155.68,150.65,151.35,151.9,154.86,,151.35,,,115647,17635347.77,2030,F1,1,,,,,
2026-08-06,2026-08-06,CM,NSE,STK,4809,INE790B01024,KCPSUGIND,EQ,,,,,KCP SUGAR IND CORP LTD.,31.47,31.84,30.16,30.73,30.8,31.47,,30.73,,,281176,8704159.4,1563,F1,1,,,,,
2026-08-06,2026-08-06,CM,NSE,STK,14908,INE291D01011,KDDL,EQ,,,,,KDDL LIMITED,3695.0,3799.0,3654.5,3706.1,3676.0,3704.4,,3705.9,,,57633,213928736.4,7032,F1,1,,,,,
2026-08-06,2026-08-06,CM,NSE,STK,13260,INE389H01022,KEC,EQ,,,,,KEC INTL. LIMITED,478.8,480.3,472.6,477.7,478.8,475.55,,477.72,,,626161,298416189.55,17755,F1,1,,,,,
2026-08-06,2026-08-06,CM,NSE,STK,13310,INE878B01027,KEI,EQ,,,,,KEI INDUSTRIES LTD.,5525.0,5595.0,5485.5,5595.0,5595.0,5577.0,,5595.0,,,374795,2075404389.7,31389,F1,1,,,,,
2026-08-06,2026-08-06,CM,NSE,STK,13430,INE164B01030,KELLTONTEC,EQ,,,,,KELLTON TECH SOL LTD,14.17,14.34,14.1,14.19,14.21,14.17,,14.19,,,1222987,17362739.29,2166,F1,1,,,,,
2026-08-06,2026-08-06,CM,NSE,STK,29547,INE15DO01012,KEN,SM,,,,,KEN ENTERPRISES LIMITED,37.95,39.95,37.95,38.05,38.05,38.5,,38.05,,,14400,557700.0,12,F1,1200,,,,,
2026-08-06,2026-08-06,CM,NSE,STK,11841,INE717A01029,KENNAMET,EQ,,,,,KENNAMETAL INDIA LIMITED,3088.0,3182.8,3088.0,3123.7,3132.0,3058.6,,3124.07,,,28478,89575752.6,3140,F1,1,,,,,
2026-08-06,2026-08-06,CM,NSE,STK,13121,INE202H01019,KERNEX,EQ,,,,,KERNEX MICROSYS(I) LTD,2568.8,2580.0,2380.0,2432.5,2452.0,2549.2,,2433.02,,,227314,567001050.8,18088,F1,1,,,,,
2026-08-06,2026-08-06,CM,NSE,STK,4981,INE087A01019,KESORAMIND,BE,,,,,KESORAM INDUSTRIES LTD,13.0,13.0,13.0,13.0,13.0,13.26,,12.97,,,225717,2934321.0,202,F1,1,,,,,
2026-08-06,2026-08-06,CM,NSE,STK,13381,INE401H01017,KKCL,EQ,,,,,KEWAL KIRAN CLOTHING LTD,544.0,549.55,513.75,522.5,528.0,546.5,,522.24,,,95132,50358801.9,4164,F1,1,,,,,
2026-08-06,2026-08-06,CM,NSE,STK,4157,INE681C01015,KEYFINSERV,EQ,,,,,KEYNOTE FIN SERV LTD.,264.75,264.75,250.25,252.45,253.95,258.35,,252.45,,,1440,365870.1,61,F1,1,,,,,
2026-08-06,2026-08-06,CM,NSE,STK,12219,INE263M01029,RUSTOMJEE,EQ,,,,,KEYSTONE REALTORS LIMITED,388.4,393.05,381.0,383.9,383.0,388.3,,383.9,,,492346,191372043.05,5294,F1,1,,,,,
2026-08-06,2026-08-06,CM,NSE,STK,13359,INE138Y01010,KFINTECH,EQ,,,,,KFIN TECHNOLOGIES LIMITED,950.4,950.4,923.2,930.0,930.0,948.75,,929.98,,,591577,552913138.8,16009,F1,1,,,,,
2026-08-06,2026-08-06,CM,NSE,STK,433,INE834I01025,KHADIM,BE,,,,,KHADIM INDIA LIMITED,96.78,99.0,95.5,97.04,97.04,96.78,,96.81,,,7823,755659.11,111,F1,1,,,,,
2026-08-06,2026-08-06,CM,NSE,STK,3912,INE731C01018,KHAITANLTD,EQ,,,,,KHAITAN (INDIA)LTD.,158.99,162.4,153.0,157.13,158.45,155.3,,157.13,,,23099,3656182.61,412,F1,1,,,,,
2026-08-06,2026-08-06,CM,NSE,STK,896,INE745B01028,KHAICHEM,EQ,,,,,KHAITAN CHEM & FERT LTD,53.49,53.8,52.99,53.56,53.5,52.68,,53.54,,,142316,7597965.81,930,F1,1,,,,,
2026-08-06,2026-08-06,CM,NSE,STK,9641,INE060B01014,KHANDSE,EQ,,,,,KHANDWALA SECURITIES LTD,17.75,17.75,16.75,17.05,17.45,17.4,,17.05,,,2553,43492.73,61,F1,1,,,,,
2026-08-06,2026-08-06,CM,NSE,STK,762747,INE338F01015,KLBRENG-B,EQ,,,,,KILBURN ENGINEERING LTD.,396.2,402.0,379.5,399.05,399.0,397.85,,399.08,,,411822,160281990.2,14594,F1,1,,,,,
2026-08-06,2026-08-06,CM,NSE,STK,19941,INE729D01010,KILITCH,BE,,,,,KILITCH DRUGS INDIA LTD,192.33,194.09,191.38,192.23,193.82,191.38,,192.23,,,18884,3644194.07,188,F1,1,,,,,
2026-08-06,2026-08-06,CM,NSE,STK,18944,INE473D01015,KINGFA,EQ,,,,,KINGFA SCI & TEC IND LTD.,5200.0,5450.0,5102.5,5344.0,5335.0,5163.5,,5343.91,,,24750,132093483.5,5127,F1,1,,,,,
2026-08-06,2026-08-06,CM,NSE,STK,19126,INE880L01014,KIOCL,EQ,,,,,KIOCL LIMITED,395.9,409.6,391.0,394.45,391.0,391.95,,394.45,,,297023,118682888.6,11877,F1,1,,,,,
2026-08-06,2026-08-06,CM,NSE,STK,762742,INE555P01013,KIRANVYPAR,EQ,,,,,KIRAN VYAPAR LTD.,202.0,203.0,196.5,197.57,196.55,203.6,,197.57,,,1033,205746.08,29,F1,1,,,,,
2026-08-06,2026-08-06,CM,NSE,STK,16639,INE415I01015,KIRIINDUS,EQ,,,,,KIRI INDUSTRIES LIMITED,420.15,445.85,419.25,436.55,437.05,419.2,,436.57,,,900788,393477257.95,23511,F1,1,,,,,
2026-08-06,2026-08-06,CM,NSE,STK,18581,INE732A01036,KIRLOSBROS,EQ,,,,,KIRLOSKAR BROTHERS LTD,1990.0,1992.7,1947.1,1959.4,1958.0,1984.9,,1959.71,,,72989,143242097.8,7763,F1,1,,,,,
2026-08-06,2026-08-06,CM,NSE,STK,18220,INE134B01017,KECL,EQ,,,,,KIRLOSKAR ELECTRIC CO LTD,152.8,155.0,147.01,148.39,148.0,150.21,,148.38,,,905006,136797023.13,14918,F1,1,,,,,
2026-08-06,2026-08-06,CM,NSE,STK,14466,INE884B01025,KIRLFER,EQ,,,,,KIRLOSKAR FERROUS IND LTD,455.4,465.0,441.3,444.35,445.25,461.25,,444.37,,,170312,76941706.8,7774,F1,1,,,,,
2026-08-06,2026-08-06,CM,NSE,STK,19025,INE250A01039,KIRLOSIND,EQ,,,,,KIRLOSKAR INDUSTRIES LTD,3803.8,3846.0,3750.0,3767.2,3794.0,3803.8,,3766.88,,,7482,28349605.7,1537,F1,1,,,,,
2026-08-06,2026-08-06,CM,NSE,STK,20936,INE146L01010,KIRLOSENG,EQ,,,,,KIRLOSKAR OIL ENG LTD,2221.4,2278.5,2200.0,2248.9,2236.9,2241.4,,2248.51,,,372981,837937246.8,33381,F1,1,,,,,
2026-08-06,2026-08-06,CM,NSE,STK,15180,INE811A01020,KIRLPNU,EQ,,,,,KIRLOSKAR PNEUMATIC COM L,1468.0,1484.3,1450.0,1455.2,1451.0,1458.0,,1455.23,,,94058,137963766.6,14546,F1,1,,,,,
2026-08-06,2026-08-06,CM,NSE,STK,28899,INE602G01020,KITEX,EQ,,,,,KITEX GARMENTS LTD,145.3,145.8,144.2,144.74,145.33,145.15,,144.77,,,257914,37326150.05,3040,F1,1,,,,,
2026-08-06,2026-08-06,CM,NSE,STK,17781,INE239T01016,KKVAPOW,SM,,,,,KKV AGRO POWERS LTD.,451.4,451.4,451.4,451.4,451.4,475.15,,451.4,,,171,77189.4,1,F1,171,,,,,
2026-08-06,2026-08-06,CM,NSE,STK,760923,INE0KNW01016,KNAGRI,EQ,,,,,KN AGRI RESOURCES LIMITED,209.6,212.0,207.0,211.65,212.0,207.94,,211.65,,,14930,3120244.15,123,F1,1,,,,,
2026-08-06,2026-08-06,CM,NSE,STK,763839,INE17QZ01016,KNACK,EQ,,,,,KNACK PACKAGING LIMITED,214.8,215.98,205.5,207.71,207.7,213.35,,207.73,,,1880069,393903860.49,17970,F1,1,,,,,
2026-08-06,2026-08-06,CM,NSE,STK,27084,INE0CJD01029,KMEW,EQ,,,,,KNOWLEDGE MARINE & EN W L,2535.0,2595.0,2502.0,2519.2,2520.0,2542.2,,2519.0,,,49820,126971867.8,7791,F1,1,,,,,
2026-08-06,2026-08-06,CM,NSE,STK,758431,INE1JAR25012,KRT,RR,,,,,KNOWLEDGE REALTY TRUST,117.3,117.55,117.0,117.1,117.1,117.0,,117.11,,,214999,25195681.1,4063,F1,1,,,,,
2026-08-06,2026-08-06,CM,NSE,STK,15283,INE634I01029,KNRCON,EQ,,,,,KNR CONSTRU LTD.,133.53,142.0,132.11,140.35,140.05,132.96,,140.34,,,5496409,764554585.5,39221,F1,1,,,,,
2026-08-06,2026-08-06,CM,NSE,STK,18751,INE0Q7P01013,KODYTECH,SM,,,,,KODY TECHNOLAB LIMITED,1399.0,1400.5,1360.1,1371.45,1375.0,1393.2,,1371.45,,,7000,9699585.0,60,F1,100,,,,,
2026-08-06,2026-08-06,CM,NSE,STK,3009,INE080B01012,KOHINOOR,EQ,,,,,KOHINOOR FOODS LIMITED,23.48,23.48,22.85,23.14,23.17,23.04,,23.15,,,57666,1332184.19,1553,F1,1,,,,,
2026-08-06,2026-08-06,CM,NSE,STK,16827,INE760A01029,KOKUYOCMLN,EQ,,,,,KOKUYO CAMLIN LIMITED,87.81,92.4,87.3,89.95,90.0,88.28,,89.95,,,216698,19556113.22,1822,F1,1,,,,,
2026-08-06,2026-08-06,CM,NSE,STK,15124,INE094I01018,KOLTEPATIL,EQ,,,,,KOLTE PATIL DEV. LTD.,402.25,438.0,402.25,429.3,432.25,392.6,,429.36,,,1221264,516529623.0,29705,F1,1,,,,,
2026-08-06,2026-08-06,CM,NSE,STK,22475,INE0QEI01011,KONSTELEC,ST,,,,,KONSTELEC ENGINEERS LTD,63.25,65.0,63.0,65.0,65.0,65.25,,65.0,,,30000,1919600.0,22,F1,1000,,,,,
2026-08-06,2026-08-06,CM,NSE,STK,19287,INE0KZ301010,KONTOR,SM,,,,,KONTOR SPACE LIMITED,55.25,55.25,55.0,55.05,55.0,57.0,,55.05,,,2400,132180.0,4,F1,600,,,,,
2026-08-06,2026-08-06,CM,NSE,STK,4951,INE082A01010,KOPRAN,BE,,,,,KOPRAN LTD,192.5,195.9,188.25,190.66,191.0,195.9,,190.64,,,98071,18749800.36,904,F1,1,,,,,
2026-08-06,2026-08-06,CM,NSE,STK,16758,INE0O4R01018,KDL,SM,,,,,KORE DIGITAL LIMITED,107.5,107.5,102.1,102.9,103.45,107.45,,102.9,,,60600,6236977.5,226,F1,150,,,,,
2026-08-06,2026-08-06,CM,NSE,STK,14858,INF174KA1HJ8,GOLD1,EQ,,,,,KOTAK GOLD ETF,122.9,123.65,121.75,123.49,123.47,120.57,,123.49,,,4277296,526690817.94,8548,F1,1,,,,,
2026-08-06,2026-08-06,CM,NSE,STK,1922,INE237A01036,KOTAKBANK,EQ,,,,,KOTAK MAHINDRA BANK LTD,397.25,398.8,393.75,394.0,394.0,400.0,,394.0,,,10378024,4107147425.4,122453,F1,1,,,,,
2026-08-06,2026-08-06,CM,NSE,STK,18102,INF174K014P6,NIFTY1,EQ,,,,,KOTAK NIFTY ETF,274.0,274.0,271.7,272.83,271.7,272.44,,272.63,,,45851,12532898.29,1520,F1,1,,,,,
2026-08-06,2026-08-06,CM,NSE,STK,15061,INF174KA1A86,PSUBANK,EQ,,,,,KOTAK PSU BANK,85.53,87.32,85.4,86.96,86.4,85.29,,86.96,,,320894,27761624.5,693,F1,1,,,,,
2026-08-06,2026-08-06,CM,NSE,STK,759885,INF174KA1XV0,CHEMICAL,EQ,,,,,KOTAKMAMC - CHEMICAL,29.9,30.95,29.75,30.9,30.8,30.36,,30.9,,,477562,14717086.81,1074,F1,1,,,,,
2026-08-06,2026-08-06,CM,NSE,STK,7412,INF174KA1IA5,ALPHA,EQ,,,,,KOTAKMAMC - KOTAKALPHA,53.2,53.6,52.62,53.51,53.6,53.2,,53.51,,,810315,43270944.49,2804,F1,1,,,,,
2026-08-06,2026-08-06,CM,NSE,STK,10512,INF174KA1ZF8,CONS,EQ,,,,,KOTAKMAMC - KOTAKCONS,12.57,12.59,12.4,12.55,12.59,12.51,,12.55,,,24961,313002.69,351,F1,1,,,,,
2026-08-06,2026-08-06,CM,NSE,STK,2627,INF174KA1GC5,IT,EQ,,,,,KOTAKMAMC - KOTAKIT,35.3,35.3,34.24,34.44,34.25,34.61,,34.44,,,507264,17641538.23,1305,F1,1,,,,,
2026-08-06,2026-08-06,CM,NSE,STK,13950,INF174KA1LV5,LIQUID1,EQ,,,,,KOTAKMAMC - KOTAKLIQ,1117.73,1117.73,1115.8,1116.87,1116.89,1116.73,,1116.87,,,408295,456015511.61,459,F1,1,,,,,
2026-08-06,2026-08-06,CM,NSE,STK,8632,INF174KA1IY5,LOWVOL1,EQ,,,,,KOTAKMAMC - KOTAKLOVOL,21.91,21.97,21.6,21.78,21.87,21.97,,21.78,,,54653,1192507.25,214,F1,1,,,,,
2026-08-06,2026-08-06,CM,NSE,STK,8077,INF174KA1ZC5,MIDCAP,EQ,,,,,KOTAKMAMC - KOTAKMID50,18.64,18.88,18.5,18.54,18.59,18.64,,18.54,,,361169,6718367.62,950,F1,1,,,,,
2026-08-06,2026-08-06,CM,NSE,STK,10676,INF174KA1JF2,MNC,EQ,,,,,KOTAKMAMC - KOTAKMNC,34.64,34.64,34.2,34.4,34.32,34.55,,34.4,,,66973,2310134.4,666,F1,1,,,,,
2026-08-06,2026-08-06,CM,NSE,STK,13082,INF174KA1ZD3,SILVER1,EQ,,,,,KOTAKMAMC - KOTAKSILVE,22.21,22.21,21.61,21.77,21.81,21.67,,21.77,,,5600108,121829858.42,4797,F1,1,,,,,
2026-08-06,2026-08-06,CM,NSE,STK,11457,INF174KA1ZE1,NV20,EQ,,,,,KOTAKMAMC - KTKNV20ETF,14.33,14.33,14.1,14.22,14.3,14.28,,14.22,,,73776,1052266.59,198,F1,1,,,,,
2026-08-06,2026-08-06,CM,NSE,STK,30469,INF174KA1VW2,MID150,EQ,,,,,KOTAKMAMC - MID150,23.87,23.87,23.7,23.75,23.76,23.73,,23.75,,,30572,726850.46,176,F1,1,,,,,
2026-08-06,2026-08-06,CM,NSE,STK,759488,INF174KA1XS6,MOMENTUM30,EQ,,,,,KOTAKMAMC - MOMENTUM30,30.97,31.07,30.78,30.88,31.0,30.97,,30.88,,,191378,5915725.81,322,F1,1,,,,,
2026-08-06,2026-08-06,CM,NSE,STK,29758,INF174KA1VD2,MSCIINDIA,EQ,,,,,KOTAKMAMC - MSCIINDIA,30.43,30.53,30.43,30.5,30.52,30.28,,30.5,,,111375,3396514.92,95,F1,1,,,,,
2026-08-06,2026-08-06,CM,NSE,STK,760709,INF174KA1YO3,NEXT50ETF,EQ,,,,,KOTAKMAMC - NEXT50ETF,76.57,76.57,74.44,75.17,75.45,76.79,,75.17,,,152331,11440590.9,338,F1,1,,,,,
2026-08-06,2026-08-06,CM,NSE,STK,29944,INF174KA1UW4,NIFTY100EW,EQ,,,,,KOTAKMAMC - NIFTY100EW,36.08,36.17,35.75,36.05,35.99,35.91,,36.05,,,22447,808983.43,166,F1,1,,,,,
2026-08-06,2026-08-06,CM,NSE,STK,764195,INF174KA1A94,PVTBANK,EQ,,,,,KOTAKMAMC - PVTBANK,27.95,28.1,27.7,27.84,27.7,27.75,,27.84,,,12197,340592.1,21,F1,1,,,,,
2026-08-06,2026-08-06,CM,NSE,STK,757946,INF174KA1WT6,QUALITY30,EQ,,,,,KOTAKMAMC - QUALITY30,21.62,21.62,20.84,21.22,21.22,21.2,,21.22,,,4165,88556.07,30,F1,1,,,,,
2026-08-06,2026-08-06,CM,NSE,STK,5851,INF174KA1ZB7,BANKNIFTY1,EQ,,,,,KOTAKMAMC-KOTAKBKETF,59.91,60.46,59.91,60.35,60.2,59.91,,60.35,,,238638,14364672.81,769,F1,1,,,,,
2026-08-06,2026-08-06,CM,NSE,STK,762752,INE972A01020,KOTIC,EQ,,,,,KOTHARI INDUSTRIAL CORP L,154.99,157.0,152.0,154.73,156.0,154.06,,154.73,,,10200,1578652.03,391,F1,1,,,,,
2026-08-06,2026-08-06,CM,NSE,STK,4594,INE720A01015,KOTHARIPET,EQ,,,,,KOTHARI PETROCHEM LTD,145.77,151.68,143.22,149.53,149.9,144.12,,149.53,,,312232,46315502.58,4315,F1,1,,,,,
2026-08-06,2026-08-06,CM,NSE,STK,5528,INE823A01017,KOTHARIPRO,EQ,,,,,KOTHARI PRODUCTS LTD,68.6,68.6,67.61,68.0,68.0,68.26,,68.0,,,3046,207375.89,37,F1,1,,,,,
2026-08-06,2026-08-06,CM,NSE,STK,11647,INE419A01022,KOTARISUG,EQ,,,,,KOTHARI SUG & CHEM LTD.,25.5,26.25,25.5,26.07,26.01,25.95,,26.07,,,39834,1035608.47,270,F1,1,,,,,
2026-08-06,2026-08-06,CM,NSE,STK,761337,INE0J0B01017,KOTYARK,BE,,,,,KOTYARK INDUSTRIES LTD,40.38,40.38,40.38,40.38,40.38,38.46,,40.88,,,115721,4672813.98,261,F1,1,,,,,
2026-08-06,2026-08-06,CM,NSE,STK,5192,INE177F01017,KOVAI,EQ,,,,,KOVAI MEDICAL CENTER & HO,5950.5,5989.0,5833.5,5893.5,5887.0,5927.0,,5892.53,,,3575,21064166.5,876,F1,1,,,,,
2026-08-06,2026-08-06,CM,NSE,STK,5108,INE542W01025,KPIGREEN,EQ,,,,,KPI GREEN ENERGY LIMITED,377.0,378.9,373.75,375.35,375.95,377.0,,375.35,,,418329,157274678.5,13752,F1,1,,,,,
2026-08-06,2026-08-06,CM,NSE,STK,9683,INE04I401011,KPITTECH,EQ,,,,,KPIT TECHNOLOGIES LIMITED,628.9,640.7,619.7,623.0,623.0,623.0,,623.0,,,3620699,2284036674.45,53843,F1,1,,,,,
2026-08-06,2026-08-06,CM,NSE,STK,14912,INE930H01031,KPRMILL,EQ,,,,,KPR MILL LTD.,1077.2,1092.9,1069.0,1086.0,1084.1,1078.5,,1085.96,,,169826,183982700.5,17559,F1,1,,,,,
2026-08-06,2026-08-06,CM,NSE,STK,10577,INE001B01026,KRBL,EQ,,,,,KRBL LIMITED,375.8,377.2,370.25,374.05,373.4,374.9,,374.05,,,238847,89410668.2,5921,F1,1,,,,,
2026-08-06,2026-08-06,CM,NSE,STK,1937,INE268B01013,KREBSBIO,EQ,,,,,KREBS BIOCHEMICALS & IND,54.15,55.85,54.01,54.51,54.23,54.12,,54.13,,,3238,176823.07,81,F1,1,,,,,
2026-08-06,2026-08-06,CM,NSE,STK,11488,INE524L01026,KRIDHANINF,BE,,,,,KRIDHAN INFRA LIMITED,2.37,2.39,2.28,2.28,2.29,2.34,,2.28,,,54109,125801.73,70,F1,1,,,,,
2026-08-06,2026-08-06,CM,NSE,STK,12847,INE506W01020,KRISHANA,EQ,,,,,KRISHANA PHOSCHEM LIMITED,178.99,180.99,178.03,179.41,179.4,178.74,,179.41,,,381699,68476087.54,6824,F1,1,,,,,
2026-08-06,2026-08-06,CM,NSE,STK,16133,INE0NR701018,KRISHCA,SM,,,,,KRISHCA STRAPPING SLTN L,165.0,168.0,161.1,161.55,162.0,163.7,,161.55,,,10500,1720075.0,21,F1,500,,,,,
2026-08-06,2026-08-06,CM,NSE,STK,756782,INE0GGO01015,KRISHIVAL,EQ,,,,,KRISHIVAL FOODS LIMITED,391.0,391.2,388.0,390.1,391.2,387.75,,390.09,,,360,140426.2,45,F1,1,,,,,
2026-08-06,2026-08-06,CM,NSE,STK,761192,INE0J5601015,KRISHNADEF,EQ,,,,,KRISHNA DEF AND ALD IND L,1145.9,1194.0,1115.1,1176.9,1185.0,1140.1,,1176.9,,,142262,165058553.9,12583,F1,1,,,,,
2026-08-06,2026-08-06,CM,NSE,STK,4847,INE967H01025,KIMS,EQ,,,,,KRISHNA INST OF MED SCI L,803.0,819.8,801.0,808.6,807.0,802.15,,808.56,,,504230,408780411.5,15910,F1,1,,,,,
2026-08-06,2026-08-06,CM,NSE,STK,6420,INE479D01038,KRITI,BE,,,,,KRITI INDUSTRIES IND LTD,70.1,72.3,68.26,69.31,71.9,69.73,,69.58,,,9871,683813.7,37,F1,1,,,,,
2026-08-06,2026-08-06,CM,NSE,STK,11432,INE798K01010,KRITINUT,EQ,,,,,KRITI NUTRIENTS LIMITED,95.0,95.7,91.5,94.09,94.0,89.15,,94.13,,,200864,18678247.16,2072,F1,1,,,,,
2026-08-06,2026-08-06,CM,NSE,STK,9288,INE00Z501029,KRITIKA,EQ,,,,,KRITIKA WIRES LIMITED,5.65,5.85,5.51,5.74,5.75,5.78,,5.74,,,206366,1171718.76,637,F1,1,,,,,
2026-08-06,2026-08-06,CM,NSE,STK,760627,INE1MTV01019,KRMAYURVED,ST,,,,,KRM AYURVEDA LIMITED,299.0,305.0,297.05,298.7,298.7,297.3,,298.7,,,12000,3603650.0,10,F1,1000,,,,,
2026-08-06,2026-08-06,CM,NSE,STK,25645,INE0Q3J01015,KRN,BE,,,,,KRN HEAT EXCHANGE N REF L,1201.1,1222.0,1201.1,1214.7,1216.9,1213.7,,1214.55,,,43487,52759931.4,2440,F1,1,,,,,
2026-08-06,2026-08-06,CM,NSE,STK,24025,INE0ATZ01017,KRONOX,EQ,,,,,KRONOX LAB SCIENCES LTD,162.19,170.0,160.09,166.78,166.0,161.73,,166.78,,,306885,51136395.68,6514,F1,1,,,,,
2026-08-06,2026-08-06,CM,NSE,STK,25252,INE0O6601022,KROSS,EQ,,,,,KROSS LIMITED,204.94,205.76,199.0,200.09,199.0,204.94,,200.12,,,206663,41685733.16,4669,F1,1,,,,,
2026-08-06,2026-08-06,CM,NSE,STK,5359,INE08LI01020,KRSNAA,EQ,,,,,KRSNAA DIAGNOSTICS LTD,560.0,563.3,553.5,559.9,560.9,561.45,,559.89,,,33332,18635772.05,2430,F1,1,,,,,
2026-08-06,2026-08-06,CM,NSE,STK,23175,INE0QN801017,KRYSTAL,EQ,,,,,KRYSTAL INTEGRATED SER L,600.05,602.9,600.0,600.05,600.0,600.1,,600.05,,,7347,4411812.85,161,F1,1,,,,,
2026-08-06,2026-08-06,CM,NSE,STK,1949,INE999A01023,KSB,EQ,,,,,KSB LIMITED,801.0,805.0,782.1,788.05,784.0,791.9,,788.05,,,201763,159852776.55,15944,F1,1,,,,,
2026-08-06,2026-08-06,CM,NSE,STK,760433,INE987S01020,KSHINTL,EQ,,,,,KSH INTERNATIONAL LIMITED,899.9,909.9,887.55,899.35,899.0,903.65,,899.29,,,118245,106154097.1,9556,F1,1,,,,,
2026-08-06,2026-08-06,CM,NSE,STK,10412,INE013801027,KSHITIJPOL,BE,,,,,KSHITIJ POLYLINE LIMITED,2.99,2.99,2.8,2.86,2.88,2.9,,2.86,,,860894,2450342.13,1035,F1,1,,,,,
2026-08-06,2026-08-06,CM,NSE,STK,11060,INE0D6I01023,KSOLVES,EQ,,,,,KSOLVES INDIA LIMITED,280.1,285.0,280.0,283.0,281.2,279.75,,282.94,,,25107,7099381.2,1078,F1,1,,,,,
2026-08-06,2026-08-06,CM,NSE,STK,759987,INE1SPP01016,KSR,EQ,,,,,KSR FOOTWEAR LIMITED,29.5,30.3,28.65,29.05,29.05,29.48,,29.05,,,42277,1256326.82,152,F1,1,,,,,
2026-08-06,2026-08-06,CM,NSE,STK,13870,INE529I01021,KUANTUM,EQ,,,,,KUANTUM PAPERS LIMITED,80.74,82.44,79.62,80.61,80.28,80.05,,80.62,,,137017,11092382.81,1466,F1,1,,,,,
2026-08-06,2026-08-06,CM,NSE,STK,764116,INE0ISX01025,KUSUMGAR,EQ,,,,,KUSUMGAR LIMITED,643.9,657.75,623.0,650.5,649.8,639.9,,650.48,,,976578,624804871.05,27541,F1,1,,,,,
2026-08-06,2026-08-06,CM,NSE,STK,762757,INE552U01010,KPL,EQ,,,,,KWALITY PHARMACEUTICALS L,2550.0,2690.0,2550.0,2652.1,2653.0,2559.1,,2652.15,,,30735,81361783.8,4297,F1,1,,,,,
2026-08-06,2026-08-06,CM,NSE,STK,760946,INE2KCE01013,KWIL,EQ,,,,,KWALITY WALL'S (INDIA) L,32.33,35.05,32.01,34.82,34.65,32.53,,34.82,,,27827650,951458402.06,56789,F1,1,,,,,
2026-08-06,2026-08-06,CM,NSE,STK,24948,INE498L01015,LTF,EQ,,,,,L&T FINANCE LIMITED,320.55,322.2,316.65,316.65,316.65,318.4,,316.86,,,1807929,577355575.6,29327,F1,1,,,,,
2026-08-06,2026-08-06,CM,NSE,STK,18564,INE010V01017,LTTS,EQ,,,,,L&T TECHNOLOGY SER. LTD.,3564.1,3627.0,3540.0,3555.4,3550.0,3575.3,,3555.4,,,79100,284606884.0,12144,F1,1,,,,,
2026-08-06,2026-08-06,CM,NSE,STK,14423,INE059D01020,LAOPALA,EQ,,,,,LA OPALA RG LIMITED,196.56,200.37,192.3,193.79,193.55,196.1,,193.79,,,689122,135260874.31,9956,F1,1,,,,,
2026-08-06,2026-08-06,CM,NSE,STK,5865,INE548Z01017,LAGNAM,EQ,,,,,LAGNAM SPINTEX LIMITED,86.31,86.9,84.5,84.54,84.51,86.43,,84.54,,,14382,1230118.62,248,F1,1,,,,,
2026-08-06,2026-08-06,CM,NSE,STK,762762,INE515C01023,LAHOTIOV,EQ,,,,,LAHOTI OVERSEAS LTD.,41.97,42.0,41.26,41.26,41.97,41.97,,41.26,,,2959,122119.18,15,F1,1,,,,,
2026-08-06,2026-08-06,CM,NSE,STK,7902,INE850E01012,LFIC,EQ,,,,,LAKSHMI FIN IND CORP LTD,140.6,147.7,138.1,139.33,139.51,142.01,,139.33,,,836,116184.1,53,F1,1,,,,,
2026-08-06,2026-08-06,CM,NSE,STK,4774,INE651C01018,LAKPRE,BZ,,,,,LAKSHMI PRE SCRE LTD,4.81,5.2,4.81,5.2,5.2,5.05,,5.2,,,165,822.4,3,F1,1,,,,,
2026-08-06,2026-08-06,CM,NSE,STK,25860,INE0VZS01015,LAKSHYA,SM,,,,,LAKSHYA POWERTECH LIMITED,89.1,92.0,88.0,90.0,90.0,92.45,,90.0,,,8800,789320.0,10,F1,800,,,,,
2026-08-06,2026-08-06,CM,NSE,STK,6407,INE112F01022,LAMBODHARA,EQ,,,,,LAMBODHARA TEXTILES LTD.,115.0,115.7,110.96,114.27,112.31,115.7,,114.27,,,2081,236584.95,121,F1,1,,,,,
2026-08-06,2026-08-06,CM,NSE,STK,27225,INE0R0201012,LAMOSAIC,ST,,,,,LAMOSAIC INDIA LIMITED,53.75,55.0,51.0,54.2,53.15,52.9,,54.2,,,121800,6460590.0,53,F1,600,,,,,
2026-08-06,2026-08-06,CM,NSE,STK,23027,INE572G01025,LANCORHOL,EQ,,,,,LANCOR HOLDINGS LIMITED,27.25,27.25,24.66,25.51,25.5,26.3,,25.51,,,110570,2833287.83,1122,F1,1,,,,,
2026-08-06,2026-08-06,CM,NSE,STK,13276,INE559R01029,LANDMARK,EQ,,,,,LANDMARK CARS LIMITED,548.0,555.0,542.05,546.9,545.85,547.05,,546.9,,,140202,77079797.4,6548,F1,1,,,,,
2026-08-06,2026-08-06,CM,NSE,STK,16863,INE197J01017,LPDC,EQ,,,,,LANDMARK PR.DEV.CO.LTD,6.38,6.48,6.2,6.42,6.45,6.37,,6.46,,,14608,92988.79,230,F1,1,,,,,
2026-08-06,2026-08-06,CM,NSE,STK,17376,INE688J01023,LANDSMILL,EQ,,,,,LANDSMILL GREEN LIMITED,0.81,0.82,0.8,0.8,0.81,0.81,,0.8,,,1513371,1221828.14,840,F1,1,,,,,
2026-08-06,2026-08-06,CM,NSE,STK,11483,INE018A01030,LT,EQ,,,,,LARSEN & TOUBRO LTD.,4056.0,4070.0,4045.0,4061.8,4061.8,4057.0,,4061.66,,,1401341,5687883595.8,95461,F1,1,,,,,
2026-08-06,2026-08-06,CM,NSE,STK,21713,INE670X01014,LASA,EQ,,,,,LASA SUPERGENERICS LTD,7.92,8.3,7.73,7.85,7.76,7.66,,7.85,,,88299,706404.39,524,F1,1,,,,,
2026-08-06,2026-08-06,CM,NSE,STK,764126,INE17IR01028,LASERPOWER,EQ,,,,,LASER POWER & INFRA LTD,292.7,303.2,289.3,292.0,294.9,290.2,,292.02,,,1654581,490964549.45,19225,F1,1,,,,,
2026-08-06,2026-08-06,CM,NSE,STK,6818,INE0I7C01011,LATENTVIEW,EQ,,,,,LATENT VIEW ANALYTICS LTD,295.45,301.55,295.0,297.8,298.3,295.0,,297.76,,,487788,145441870.0,9629,F1,1,,,,,
2026-08-06,2026-08-06,CM,NSE,STK,15848,INE262Z01023,LATTEYS,BE,,,,,LATTEYS INDUSTRIES LTD,20.05,20.69,19.8,20.41,20.35,19.78,,20.41,,,46269,938572.89,168,F1,1,,,,,
2026-08-06,2026-08-06,CM,NSE,STK,19234,INE947Q01028,LAURUSLABS,EQ,,,,,LAURUS LABS LIMITED,1843.0,1854.9,1830.0,1830.0,1830.0,1835.0,,1830.24,,,2037418,3751456982.7,54558,F1,1,,,,,
2026-08-06,2026-08-06,CM,NSE,STK,6568,INE801V01019,LAXMICOT,EQ,,,,,LAXMI COTSPIN LIMITED,14.3,14.97,14.1,14.78,14.8,14.16,,14.78,,,4070,59554.0,60,F1,1,,,,,
2026-08-06,2026-08-06,CM,NSE,STK,29171,INE0WO601020,LAXMIDENTL,EQ,,,,,LAXMI DENTAL LIMITED,220.4,220.5,215.83,218.58,218.49,219.6,,218.57,,,53415,11630131.53,1861,F1,1,,,,,
2026-08-06,2026-08-06,CM,NSE,STK,19876,INE258Y01016,LGHL,EQ,,,,,LAXMI GOLDORNA HOUSE LTD,206.77,206.8,196.01,201.83,197.32,201.98,,201.83,,,20437,4125006.11,331,F1,1,,,,,
2026-08-06,2026-08-06,CM,NSE,STK,758865,INE06WU01026,LAXMIINDIA,BE,,,,,LAXMI INDIA FINANCE LTD,132.76,136.5,131.0,133.26,134.0,132.76,,133.28,,,47193,6298027.54,448,F1,1,,,,,
2026-08-06,2026-08-06,CM,NSE,STK,2841,INE576O01020,LXCHEM,EQ,,,,,LAXMI ORGANIC INDUS LTD,182.4,183.85,179.0,179.67,179.9,181.57,,179.69,,,863609,156787655.02,10666,F1,1,,,,,
2026-08-06,2026-08-06,CM,NSE,STK,7529,INE938A01021,LCCINFOTEC,EQ,,,,,LCC INFOTECH LTD,4.11,4.13,3.86,3.88,3.89,4.05,,3.88,,,56785,224042.05,141,F1,1,,,,,
2026-08-06,2026-08-06,CM,NSE,STK,760300,INE0G1L01025,LEMERITE,EQ,,,,,LE MERITE EXPORTS LIMITED,23.7,23.88,23.26,23.79,23.82,23.38,,23.79,,,474526,11182548.73,774,F1,1,,,,,
2026-08-06,2026-08-06,CM,NSE,STK,24067,INE0HV901016,IXIGO,EQ,,,,,LE TRAVENUES TECHNOLOGY L,206.49,207.35,195.0,202.67,198.96,204.76,,202.6,,,490116,100206613.61,11536,F1,1,,,,,
2026-08-06,2026-08-06,CM,NSE,STK,757014,INE0AQ201015,THELEELA,EQ,,,,,LEELA PALACES HOTEL LTD,500.0,523.5,498.3,511.0,512.0,502.25,,510.97,,,1027540,526999630.25,30597,F1,1,,,,,
2026-08-06,2026-08-06,CM,NSE,STK,2606,INE970X01018,LEMONTREE,EQ,,,,,LEMON TREE HOTELS LTD,112.9,113.75,112.32,112.79,112.7,112.68,,112.79,,,2126094,240422127.86,16858,F1,1,,,,,
2026-08-06,2026-08-06,CM,NSE,STK,759605,INE956O01016,LENSKART,EQ,,,,,LENSKART SOLUTIONS LTD,574.7,575.0,563.65,565.0,565.0,572.65,,565.0,,,1594454,902341050.7,39115,F1,1,,,,,
2026-08-06,2026-08-06,CM,NSE,STK,14459,INE500X01013,LEXUS,EQ,,,,,LEXUS GRANITO (INDIA) LTD,14.93,14.94,14.16,14.79,14.85,14.55,,14.79,,,21753,321606.06,65,F1,1,,,,,
2026-08-06,2026-08-06,CM,NSE,STK,18321,INE337A01034,LGBBROSLTD,EQ,,,,,LG BALAKRISHNAN & BROS,1522.6,1531.3,1515.0,1520.4,1520.0,1514.7,,1520.33,,,9092,13846274.2,1316,F1,1,,,,,
2026-08-06,2026-08-06,CM,NSE,STK,760213,INE324D01010,LGEINDIA,EQ,,,,,LG ELECTRONICS INDIA LTD,1576.1,1593.0,1565.0,1578.3,1571.9,1578.6,,1578.37,,,196103,310995063.2,20614,F1,1,,,,,
2026-08-06,2026-08-06,CM,NSE,STK,11082,INE908V01012,LIBAS,EQ,,,,,LIBAS CONSU PRODUCTS LTD,10.0,10.0,9.62,9.71,9.7,9.75,,9.71,,,14141,138306.15,144,F1,1,,,,,
2026-08-06,2026-08-06,CM,NSE,STK,1994,INE557B01019,LIBERTSHOE,EQ,,,,,LIBERTY SHOES LTD,268.5,268.8,262.9,264.25,262.9,268.2,,264.25,,,21496,5710132.95,867,F1,1,,,,,
2026-08-06,2026-08-06,CM,NSE,STK,1997,INE115A01026,LICHSGFIN,EQ,,,,,LIC HOUSING FINANCE LTD,513.5,515.0,504.8,505.0,505.0,512.05,,505.03,,,2575192,1309480056.55,41616,F1,1,,,,,
2026-08-06,2026-08-06,CM,NSE,STK,25640,INF767K01SM1,LICMFGOLD,EQ,,,,,LIC MF - LIC GOLD ETF,131.3,133.25,131.3,132.95,133.0,129.95,,132.93,,,208180,27663030.9,608,F1,1,,,,,
2026-08-06,2026-08-06,CM,NSE,STK,11319,INF767K01OS7,LICNETFN50,EQ,,,,,LICNAMC - LICNFENGP,269.04,278.7,269.04,275.59,275.58,275.94,,275.67,,,648,179342.02,35,F1,1,,,,,
2026-08-06,2026-08-06,CM,NSE,STK,11441,INF767K01OT5,LICNETFSEN,EQ,,,,,LICNAMC - LICNFESGP,892.15,893.66,892.0,893.0,893.0,891.74,,893.0,,,23,20530.81,7,F1,1,,,,,
2026-08-06,2026-08-06,CM,NSE,STK,15229,INF767K01PC8,LICNFNHGP,EQ,,,,,LICNAMC - LICNFNHGP,282.34,282.34,275.16,281.79,282.0,282.13,,281.79,,,871,244423.3,18,F1,1,,,,,
2026-08-06,2026-08-06,CM,NSE,STK,6062,INF767K01MV5,LICNETFGSC,EQ,,,,,LICNAMC - LICNMFET,29.54,29.6,29.4,29.56,29.6,29.5,,29.56,,,37980,1123085.1,103,F1,1,,,,,
2026-08-06,2026-08-06,CM,NSE,STK,22722,INF767K01RN1,LICNMID100,EQ,,,,,LICNAMC - LICNMID100,64.2,64.5,63.57,63.94,63.99,64.2,,63.73,,,24181,1555421.76,103,F1,1,,,,,
2026-08-06,2026-08-06,CM,NSE,STK,9480,INE0J1Y01017,LICI,EQ,,,,,LIFE INSURA CORP OF INDIA,387.25,391.4,387.25,387.55,387.55,393.0,,387.55,,,57401466,22313737229.2,236165,F1,1,,,,,
2026-08-06,2026-08-06,CM,NSE,STK,578,INE060901027,LIKHITHA,EQ,,,,,LIKHITHA INFRASTRUC LTD,224.55,224.55,218.0,220.06,220.0,220.8,,220.06,,,22706,4989134.16,665,F1,1,,,,,
2026-08-06,2026-08-06,CM,NSE,STK,6951,INE802B01027,LINC,EQ,,,,,LINC LIMITED,104.0,104.0,101.01,101.3,101.5,100.97,,101.3,,,21044,2145576.39,463,F1,1,,,,,
2026-08-06,2026-08-06,CM,NSE,STK,11596,INE405C01035,LINCOLN,EQ,,,,,LINCOLN PHARMA LTD,616.9,622.2,600.65,606.2,601.35,610.85,,606.31,,,31762,19459057.0,1574,F1,1,,,,,
2026-08-06,2026-08-06,CM,NSE,STK,1627,INE473A01011,LINDEINDIA,EQ,,,,,LINDE INDIA LIMITED,7085.0,7188.5,7026.5,7152.5,7185.0,7088.0,,7151.42,,,14507,103252875.0,3868,F1,1,,,,,
2026-08-06,2026-08-06,CM,NSE,STK,17801,INE093R01011,LLOYDSENGG,EQ,,,,,LLOYDS ENGG WORK LIMITED,93.25,94.98,86.25,88.46,89.4,93.28,,88.46,,,24459058,2234016249.1,80312,F1,1,,,,,
2026-08-06,2026-08-06,CM,NSE,STK,25807,INE080I01025,LLOYDSENT,EQ,,,,,LLOYDS ENTERPRISES LTD,81.44,82.1,79.2,79.48,79.8,81.44,,79.48,,,3518310,284127859.99,15531,F1,1,,,,,
2026-08-06,2026-08-06,CM,NSE,STK,11476,INE0DTQ01028,LLOYDS,ST,,,,,LLOYDS LUXURIES LIMITED,68.9,69.0,64.25,64.7,64.65,67.55,,64.7,,,7000,460200.0,7,F1,1000,,,,,
2026-08-06,2026-08-06,CM,NSE,STK,17313,INE281B01032,LLOYDSME,EQ,,,,,LLOYDS METALS N ENERGY L,2093.4,2104.0,2051.0,2059.0,2051.2,2087.1,,2059.02,,,345815,717548455.9,22055,F1,1,,,,,
2026-08-06,2026-08-06,CM,NSE,STK,1979,INE269B01029,LMW,EQ,,,,,LMW LIMITED,16399.0,16980.0,16372.0,16635.0,16695.0,16372.0,,16637.36,,,6652,111091531.0,2378,F1,1,,,,,
2026-08-06,2026-08-06,CM,NSE,STK,3220,INE670K01029,LODHA,EQ,,,,,LODHA DEVELOPERS LIMITED,1255.0,1255.0,1214.0,1214.0,1214.0,1250.0,,1214.03,,,1279323,1573980609.2,40272,F1,1,,,,,
2026-08-06,2026-08-06,CM,NSE,STK,764296,INE0QJW01029,LCL,EQ,,,,,LOHIA CORP LIMITED,520.0,543.7,514.0,531.45,531.7,513.9,,531.58,,,1939474,1029645406.25,48842,F1,1,,,,,
2026-08-06,2026-08-06,CM,NSE,STK,13439,INE397H01017,LOKESHMACH,BE,,,,,LOKESH MACHINES LTD,344.85,344.85,344.85,344.85,344.85,338.1,,344.58,,,15328,5285860.8,109,F1,1,,,,,
2026-08-06,2026-08-06,CM,NSE,STK,18232,INE846D01012,LORDSCHLO,EQ,,,,,LORDS CHLORO ALKALI LTD,146.0,147.64,142.64,144.63,147.0,142.64,,144.7,,,10615,1538221.05,468,F1,1,,,,,
2026-08-06,2026-08-06,CM,NSE,STK,14924,INE740X01023,LAL,EQ,,,,,LORENZINI APPARELS LTD,8.21,9.1,8.21,8.8,8.64,8.45,,8.8,,,316590,2736041.82,488,F1,1,,,,,
2026-08-06,2026-08-06,CM,NSE,STK,16807,INE947I01017,LOTUSEYE,EQ,,,,,LOTUS EYE HOSP & INST L,117.01,118.49,116.7,117.24,117.01,117.83,,117.33,,,2460,288642.52,128,F1,1,,,,,
2026-08-06,2026-08-06,CM,NSE,STK,22415,INE597L01014,LOVABLE,EQ,,,,,LOVABLE LINGERIE LTD,73.0,75.59,73.0,74.08,73.71,73.62,,74.11,,,14932,1111745.4,363,F1,1,,,,,
2026-08-06,2026-08-06,CM,NSE,STK,10590,INE970D01010,LOYALTEX,EQ,,,,,LOYAL TEXTILE MILLS LTD,212.0,219.3,212.0,214.53,215.0,210.0,,213.98,,,831,178161.6,43,F1,1,,,,,
2026-08-06,2026-08-06,CM,NSE,STK,13816,INE818H01020,LTFOODS,EQ,,,,,LT FOODS LIMITED,416.0,422.3,413.1,419.4,421.0,417.15,,419.31,,,255995,106941269.35,14286,F1,1,,,,,
2026-08-06,2026-08-06,CM,NSE,STK,17818,INE214T01019,LTM,EQ,,,,,LTM LIMITED,4535.5,4591.1,4462.9,4528.0,4528.0,4506.0,,4528.02,,,320411,1447354730.5,41553,F1,1,,,,,
2026-08-06,2026-08-06,CM,NSE,STK,14014,INE872H01027,LUMAXTECH,EQ,,,,,LUMAX AUTO TECH LTD,1690.0,1732.0,1682.8,1698.3,1685.0,1697.9,,1698.05,,,180268,308175777.2,17078,F1,1,,,,,
2026-08-06,2026-08-06,CM,NSE,STK,2018,INE162B01018,LUMAXIND,EQ,,,,,LUMAX INDUSTRIES LTD,5748.0,5832.0,5680.5,5799.5,5795.0,5798.0,,5799.1,,,15036,86830380.0,4305,F1,1,,,,,
2026-08-06,2026-08-06,CM,NSE,STK,10440,INE326A01037,LUPIN,EQ,,,,,LUPIN LIMITED,2397.0,2427.7,2382.6,2385.0,2385.0,2388.0,,2385.0,,,1185492,2849624799.5,79218,F1,1,,,,,
2026-08-06,2026-08-06,CM,NSE,STK,11301,INE150G01020,LUXIND,EQ,,,,,LUX INDUSTRIES LIMITED,1290.9,1291.8,1263.0,1266.4,1266.0,1287.2,,1266.43,,,21937,27987216.8,2017,F1,1,,,,,
2026-08-06,2026-08-06,CM,NSE,STK,7248,INE933A01014,LYKALABS,BE,,,,,LYKA LABS LTD.,72.0,72.45,68.0,68.1,68.1,69.99,,68.63,,,9030,630548.14,99,F1,1,,,,,
2026-08-06,2026-08-06,CM,NSE,STK,758150,INE08N601015,MBEL,EQ,,,,,M AND B ENGINEERING LTD,289.95,293.85,285.0,288.25,288.2,287.9,,288.26,,,209950,60469325.95,7447,F1,1,,,,,
2026-08-06,2026-08-06,CM,NSE,STK,16736,INE964W01021,MKPL,EQ,,,,,M K PROTEINS LIMITED,4.28,4.28,4.14,4.14,4.15,4.21,,4.14,,,123984,517139.5,381,F1,1,,,,,
2026-08-06,2026-08-06,CM,NSE,STK,22360,INE813V01022,MCL,EQ,,,,,M TEK COPPER LIMITED,55.87,60.85,54.9,57.57,58.28,55.32,,57.57,,,273838,15966455.39,3103,F1,1,,,,,
2026-08-06,2026-08-06,CM,NSE,STK,13285,INE774D01024,M&MFIN,EQ,,,,,M&M FIN. SERVICES LTD,399.0,399.95,387.45,388.8,389.9,398.4,,388.8,,,1785952,703291667.05,32322,F1,1,,,,,
2026-08-06,2026-08-06,CM,NSE,STK,22976,INE0SGC01015,MVKAGRO,SM,,,,,M.V.K. AGRO FOOD PROD LTD,254.8,254.8,254.8,254.8,254.8,268.2,,254.8,,,3900,993720.0,10,F1,300,,,,,
2026-08-06,2026-08-06,CM,NSE,STK,15017,INE215I01027,MAANALU,EQ,,,,,MAAN ALUMINIUM LIMITED,128.35,130.0,126.7,128.76,128.0,127.25,,128.75,,,64496,8297506.33,978,F1,1,,,,,
2026-08-06,2026-08-06,CM,NSE,STK,762782,INE435D01014,MCCHRLS-B,EQ,,,,,MAC CHARLES (INDIA) LTD.,715.0,715.0,660.0,675.9,677.0,674.75,,683.07,,,439,297653.65,30,F1,1,,,,,
2026-08-06,2026-08-06,CM,NSE,STK,22347,INE155Z01011,MACPOWER,EQ,,,,,MACPOWER CNC MACHINES LTD,1534.9,1604.7,1479.0,1581.0,1597.9,1534.9,,1581.0,,,46652,72045282.9,4655,F1,1,,,,,
2026-08-06,2026-08-06,CM,NSE,STK,762767,INE631R01026,MADHAVIPL,EQ,,,,,MADHAV INFRA PROJECTS L,7.95,8.18,7.67,7.78,7.79,7.98,,7.78,,,203226,1581801.52,536,F1,1,,,,,
2026-08-06,2026-08-06,CM,NSE,STK,15151,INE925C01016,MADHAV,EQ,,,,,MADHAV MARBLE & GRANITE,35.0,36.0,34.91,35.74,35.75,35.76,,35.47,,,1111,39585.29,39,F1,1,,,,,
2026-08-06,2026-08-06,CM,NSE,STK,13668,INE378D01032,MADHUCON,BE,,,,,MADHUCON PROJECTS LTD.,5.41,5.41,5.07,5.25,5.25,5.16,,5.26,,,35765,191703.18,73,F1,1,,,,,
2026-08-06,2026-08-06,CM,NSE,STK,18738,INE0P6701019,MADHUSUDAN,ST,,,,,MADHUSUDAN MASALA LIMITED,235.9,235.9,221.5,223.7,224.0,231.05,,223.7,,,27000,6166700.0,25,F1,1000,,,,,
2026-08-06,2026-08-06,CM,NSE,STK,12686,INE900L01028,MBAPL,EQ,,,,,MADHYA BHARAT AGRO P. LTD,158.0,161.49,158.0,160.39,160.89,156.93,,160.39,,,515434,82335518.78,6024,F1,1,,,,,
2026-08-06,2026-08-06,CM,NSE,STK,4911,INE414A01015,MADRASFERT,EQ,,,,,MADRAS FERTILISERS LTD,67.04,67.25,66.61,67.08,67.0,66.86,,67.08,,,26346,1765453.67,302,F1,1,,,,,
2026-08-06,2026-08-06,CM,NSE,STK,762772,INE270B01035,MAFATIND,EQ,,,,,MAFATLAL INDUSTRIES LTD.,134.8,135.0,131.5,133.05,133.4,134.33,,133.03,,,24656,3295697.54,462,F1,1,,,,,
2026-08-06,2026-08-06,CM,NSE,STK,21392,INE347W01011,MAGADSUGAR,EQ,,,,,MAGADH SUGAR & ENERGY LTD,507.85,540.65,505.0,517.6,514.5,512.25,,517.61,,,157298,83289267.85,7431,F1,1,,,,,
2026-08-06,2026-08-06,CM,NSE,STK,29482,INE613C01026,MCLOUD,EQ,,,,,MAGELLANIC CLOUD LIMITED,29.04,29.1,28.69,28.95,28.81,28.79,,28.95,,,1381718,39909332.47,3215,F1,1,,,,,
2026-08-06,2026-08-06,CM,NSE,STK,14957,INE387I01016,MAGNUM,EQ,,,,,MAGNUM VENTURES LTD.,19.85,19.85,19.25,19.51,19.49,19.42,,19.47,,,7853,153573.6,64,F1,1,,,,,
2026-08-06,2026-08-06,CM,NSE,STK,17088,INE0O1S01012,MAGSON,SM,,,,,MAGSON RETAIL AND DIST L,180.0,180.0,180.0,180.0,180.0,180.0,,180.0,,,102000,18360000.0,22,F1,1000,,,,,
2026-08-06,2026-08-06,CM,NSE,STK,5239,INE843B01013,MAHAPEXLTD,EQ,,,,,MAHA RASHTRA APEX COPR. L,46.9,46.9,44.0,44.88,44.72,46.9,,44.88,,,31919,1419659.38,225,F1,1,,,,,
2026-08-06,2026-08-06,CM,NSE,STK,24937,INE0US801024,MFML,EQ,,,,,MAHALAXMI FABRIC MILLS LT,19.9,19.9,19.1,19.44,19.44,19.1,,19.44,,,226,4397.27,14,F1,1,,,,,
2026-08-06,2026-08-06,CM,NSE,STK,7886,INE112D01035,MHLXMIRU,EQ,,,,,MAHALAXMI RUBTECH LIMITED,162.99,163.47,153.32,156.34,158.2,161.38,,156.34,,,8410,1306063.96,284,F1,1,,,,,
2026-08-06,2026-08-06,CM,NSE,STK,17527,INE451L01014,MAHASTEEL,EQ,,,,,MAHAMAYA STEEL INDS LTD,1076.9,1076.9,1010.0,1024.1,1022.2,1076.9,,1024.37,,,7044,7372976.4,698,F1,1,,,,,
2026-08-06,2026-08-06,CM,NSE,STK,17534,INE002S01010,MGL,EQ,,,,,MAHANAGAR GAS LTD.,1124.0,1133.3,1108.1,1123.7,1128.0,1115.1,,1123.62,,,187854,211379530.9,17296,F1,1,,,,,
2026-08-06,2026-08-06,CM,NSE,STK,2294,INE153A01019,MTNL,EQ,,,,,MAHANAGAR TELEPHONE NIGAM,27.84,27.91,27.61,27.69,27.7,27.7,,27.69,,,451850,12518655.75,1847,F1,1,,,,,
2026-08-06,2026-08-06,CM,NSE,STK,2085,INE288A01013,MAHSCOOTER,EQ,,,,,MAHARASHTRA SCOOTERS LTD,13972.0,13972.0,13750.0,13817.0,13828.0,13834.0,,13816.97,,,2355,32687159.0,1133,F1,1,,,,,
2026-08-06,2026-08-06,CM,NSE,STK,2088,INE271B01025,MAHSEAMLES,EQ,,,,,MAHARASHTRA SEAMLESS LTD,585.7,590.3,580.0,583.8,580.0,582.6,,583.78,,,65218,38186668.5,4759,F1,1,,,,,
2026-08-06,2026-08-06,CM,NSE,STK,9577,INE263W01010,MAHESHWARI,BE,,,,,MAHESHWARI LOGISTICS LTD.,71.6,73.01,71.6,73.0,73.0,73.0,,73.0,,,10801,787914.43,34,F1,1,,,,,
2026-08-06,2026-08-06,CM,NSE,STK,2839,INE961Y01015,MAHICKRA,SM,,,,,MAHICKRA CHEMICAL LIMITED,258.0,275.0,247.0,275.0,275.0,258.0,,275.0,,,4500,1153500.0,6,F1,750,,,,,
2026-08-06,2026-08-06,CM,NSE,STK,2031,INE101A01026,M&M,EQ,,,,,MAHINDRA & MAHINDRA LTD,3449.0,3449.0,3406.0,3406.0,3406.0,3455.4,,3406.07,,,1656879,5671847265.7,146488,F1,1,,,,,
2026-08-06,2026-08-06,CM,NSE,STK,17603,INE215D01010,MAHEPC,EQ,,,,,MAHINDRA EPC IRRIG LTD,108.79,109.88,106.4,107.7,107.98,107.61,,107.7,,,56076,6081493.74,950,F1,1,,,,,
2026-08-06,2026-08-06,CM,NSE,STK,17333,INE998I01010,MHRIL,EQ,,,,,MAHINDRA HOLIDAYS LTD,233.0,234.59,229.1,230.98,231.91,233.24,,230.95,,,95828,22281733.67,3870,F1,1,,,,,
2026-08-06,2026-08-06,CM,NSE,STK,8050,INE813A01018,MAHLIFE,EQ,,,,,MAHINDRA LIFESPACE DEVLTD,384.0,388.95,380.8,386.4,385.0,382.85,,386.42,,,134129,51581950.15,6302,F1,1,,,,,
2026-08-06,2026-08-06,CM,NSE,STK,385,INE766P01016,MAHLOG,EQ,,,,,MAHINDRA LOGISTIC LIMITED,409.9,418.75,409.9,413.9,414.0,413.5,,413.91,,,177015,73330366.1,5445,F1,1,,,,,
2026-08-06,2026-08-06,CM,NSE,STK,24538,INE683C01011,MAITHANALL,EQ,,,,,MAITHAN ALLOYS LTD,964.65,977.45,963.0,967.7,969.0,968.55,,967.71,,,25353,24528724.5,1583,F1,1,,,,,
2026-08-06,2026-08-06,CM,NSE,STK,19809,INE0PLQ01011,MAITREYA,SM,,,,,MAITREYA MEDICARE LIMITED,124.3,124.3,124.3,124.3,124.3,122.0,,124.3,,,400,49720.0,1,F1,400,,,,,
2026-08-06,2026-08-06,CM,NSE,STK,762777,INE201B01022,MAJESAUT,EQ,,,,,MAJESTIC AUTO LTD.,492.0,497.0,490.0,495.45,495.75,487.9,,495.33,,,47654,23546129.9,2354,F1,1,,,,,
2026-08-06,2026-08-06,CM,NSE,STK,7965,INE389C01015,MALLCOM,EQ,,,,,MALLCOM (INDIA) LIMITED,1011.0,1022.0,995.0,1015.1,1006.0,1012.65,,1015.48,,,1052,1058103.4,140,F1,1,,,,,
2026-08-06,2026-08-06,CM,NSE,STK,13352,INE383H01017,MALUPAPER,EQ,,,,,MALU PAPER MILLS LIMITED,33.2,34.25,32.82,33.75,33.96,33.3,,33.75,,,10340,347311.39,78,F1,1,,,,,
2026-08-06,2026-08-06,CM,NSE,STK,28687,INE0TO701015,MAMATA,EQ,,,,,MAMATA MACHINERY LIMITED,428.8,429.9,425.0,425.1,426.2,425.15,,425.06,,,66698,28444810.55,2181,F1,1,,,,,
2026-08-06,2026-08-06,CM,NSE,STK,7413,INE830Q01018,MANAKCOAT,EQ,,,,,MAN COAT METAL & IND LTD,117.21,118.23,113.0,113.87,113.4,117.92,,113.87,,,438535,50384485.22,3798,F1,1,,,,,
2026-08-06,2026-08-06,CM,NSE,STK,11884,INE993A01026,MANINDS,EQ,,,,,MAN INDUSTRIES (I) LTD.,533.3,554.7,532.05,552.2,551.9,533.15,,552.19,,,247747,135442881.15,7781,F1,1,,,,,
2026-08-06,2026-08-06,CM,NSE,STK,18226,INE949H01023,MANINFRA,EQ,,,,,MAN INFRA LTD,113.0,114.4,109.51,110.41,110.25,113.47,,110.4,,,911356,101982331.7,7181,F1,1,,,,,
2026-08-06,2026-08-06,CM,NSE,STK,7420,INE859Q01017,MANAKALUCO,EQ,,,,,MANAK ALUMINIUM CO. LTD.,35.99,38.84,35.51,38.36,38.59,35.61,,38.37,,,178435,6720596.7,1356,F1,1,,,,,
2026-08-06,2026-08-06,CM,NSE,STK,15199,INE015D01022,MANAKSIA,EQ,,,,,MANAKSIA LTD.,57.5,57.98,56.62,57.26,57.02,56.86,,57.26,,,17850,1024583.74,158,F1,1,,,,,
2026-08-06,2026-08-06,CM,NSE,STK,7463,INE824Q01011,MANAKSTEEL,EQ,,,,,MANAKSIA STEELS LTD,82.0,89.47,78.02,88.13,88.21,81.34,,88.14,,,492125,42664298.33,2899,F1,1,,,,,
2026-08-06,2026-08-06,CM,NSE,STK,13796,INE201A01024,MANALIPETC,EQ,,,,,MANALI PETROCHEMICALS LT,66.44,66.49,65.12,65.54,65.22,65.66,,65.54,,,220768,14473166.18,2069,F1,1,,,,,
2026-08-06,2026-08-06,CM,NSE,STK,19061,INE522D01027,MANAPPURAM,EQ,,,,,MANAPPURAM FINANCE LTD,368.7,373.0,362.0,364.0,364.0,363.6,,363.96,,,3913831,1436033605.1,31720,F1,1,,,,,
2026-08-06,2026-08-06,CM,NSE,STK,759354,INE0U4H01011,MPEL,ST,,,,,MANAS POLYMER N ENERGIE L,36.6,36.7,36.6,36.7,36.7,36.7,,36.7,,,17600,645760.0,3,F1,1600,,,,,
2026-08-06,2026-08-06,CM,NSE,STK,25597,INE939X01013,MANBA,EQ,,,,,MANBA FINANCE LIMITED,135.41,135.41,132.0,133.08,132.0,133.66,,133.08,,,85922,11516507.84,758,F1,1,,,,,
2026-08-06,2026-08-06,CM,NSE,STK,23779,INE0R3T01013,MANDEEP,SM,,,,,MANDEEP AUTO INDUSTRIES L,19.95,19.95,19.95,19.95,19.95,19.0,,19.95,,,2000,39900.0,1,F1,2000,,,,,
2026-08-06,2026-08-06,CM,NSE,STK,24823,INE545L01039,MANCREDIT,EQ,,,,,MANGAL CREDIT N FINCORP L,243.05,257.0,239.22,252.56,252.6,245.1,,252.55,,,874266,219155751.49,7196,F1,1,,,,,
2026-08-06,2026-08-06,CM,NSE,STK,758748,INE0PKD01011,MEIL,EQ,,,,,MANGAL ELECTRICAL IND L,274.0,280.45,269.0,276.0,275.0,280.05,,276.01,,,63417,17472450.1,2037,F1,1,,,,,
2026-08-06,2026-08-06,CM,NSE,STK,19134,INE00C401011,MAL,SM,,,,,MANGALAM ALLOYS LIMITED,31.5,31.8,29.95,31.8,31.8,31.5,,31.8,,,105600,3231680.0,48,F1,1600,,,,,
2026-08-06,2026-08-06,CM,NSE,STK,2106,INE347A01017,MANGLMCEM,EQ,,,,,MANGALAM CEMENT LTD,950.0,950.0,935.0,941.15,940.0,949.0,,941.08,,,38501,36361513.35,839,F1,1,,,,,
2026-08-06,2026-08-06,CM,NSE,STK,11817,INE584F01014,MANGALAM,EQ,,,,,MANGALAM DRUG & CHEM LTD,27.39,27.39,26.8,27.01,27.1,27.06,,27.01,,,11872,321575.58,141,F1,1,,,,,
2026-08-06,2026-08-06,CM,NSE,STK,1598,INE0APB01032,MGEL,BE,,,,,MANGALAM GLOBAL ENT LTD,15.51,15.69,14.8,15.02,14.96,15.51,,15.0,,,169220,2550089.96,330,F1,1,,,,,
2026-08-06,2026-08-06,CM,NSE,STK,6428,INE370D01013,MANORG,BE,,,,,MANGALAM ORGANICS LIMITED,466.0,468.0,456.5,459.5,459.5,461.6,,459.93,,,5060,2343145.3,121,F1,1,,,,,
2026-08-06,2026-08-06,CM,NSE,STK,759169,INE0JYY01029,MWL,EQ,,,,,MANGALAM WORLDWIDE LTD,42.62,43.5,42.3,43.04,43.08,42.85,,43.04,,,3547315,151597165.02,4866,F1,1,,,,,
2026-08-06,2026-08-06,CM,NSE,STK,764357,INE459N01021,MANIPALHOS,EQ,,,,,MANIPAL HEALTH ENTERPRI L,657.55,663.9,625.45,650.5,652.1,666.95,,650.54,,,6563793,4251624620.9,152295,F1,1,,,,,
2026-08-06,2026-08-06,CM,NSE,STK,15380,INE634S01028,MANKIND,EQ,,,,,MANKIND PHARMA LIMITED,2450.0,2463.8,2420.3,2420.3,2420.3,2435.6,,2420.39,,,241909,590294167.7,14467,F1,1,,,,,
2026-08-06,2026-08-06,CM,NSE,STK,19015,INE0KNT01012,MVGJL,EQ,,,,,MANOJ VAIBHAV GEM N JEW L,170.9,170.9,165.0,165.82,165.2,169.11,,165.8,,,37421,6222044.48,964,F1,1,,,,,
2026-08-06,2026-08-06,CM,NSE,STK,13753,INE784W01015,MANOMAY,EQ,,,,,MANOMAY TEX INDIA LTD,216.73,219.45,210.6,216.43,216.0,214.06,,216.44,,,88333,19184978.54,1760,F1,1,,,,,
2026-08-06,2026-08-06,CM,NSE,STK,10227,INE00VM01036,MANORAMA,EQ,,,,,MANORAMA INDUSTRIES LTD,1608.0,1635.7,1588.9,1623.9,1624.9,1607.9,,1623.88,,,92425,149284480.9,11221,F1,1,,,,,
2026-08-06,2026-08-06,CM,NSE,STK,13575,INE867A01022,MANUGRAPH,BE,,,,,MANUGRAPH INDIA LIMITED,16.59,16.68,15.52,16.22,16.33,15.89,,16.01,,,9117,150642.12,36,F1,1,,,,,
2026-08-06,2026-08-06,CM,NSE,STK,7040,INE882A01013,MARALOVER,BE,,,,,MARAL OVERSEAS LTD,56.0,56.0,52.25,53.86,54.45,54.99,,53.86,,,15792,849556.1,81,F1,1,,,,,
2026-08-06,2026-08-06,CM,NSE,STK,18659,INE182D01020,MARATHON,EQ,,,,,MARATHON NXTGEN REALT LTD,391.05,391.35,382.35,385.8,389.0,387.2,,385.72,,,46094,17851823.55,1451,F1,1,,,,,
2026-08-06,2026-08-06,CM,NSE,STK,760453,INE0TD401015,MARC,SM,,,,,MARC TECHNOCRATS LIMITED,114.55,117.0,110.35,116.0,116.0,118.0,,116.0,,,24000,2737740.0,19,F1,1200,,,,,
2026-08-06,2026-08-06,CM,NSE,STK,4067,INE196A01026,MARICO,EQ,,,,,MARICO LIMITED,851.0,864.9,848.0,860.0,860.0,852.0,,860.04,,,1939903,1666153959.95,55938,F1,1,,,,,
2026-08-06,2026-08-06,CM,NSE,STK,1328,INE01JE01028,MARINE,EQ,,,,,MARINE ELECTRICAL (I) LTD,306.0,323.9,302.55,321.85,321.9,305.5,,321.85,,,2276706,718271420.85,32336,F1,1,,,,,
2026-08-06,2026-08-06,CM,NSE,STK,760204,INE0FW001016,MARKOLINES,EQ,,,,,MARKOLINES PAVEMENT TEC L,179.7,182.5,178.1,180.65,180.0,177.23,,180.67,,,301294,54534931.14,2305,F1,1,,,,,
2026-08-06,2026-08-06,CM,NSE,STK,10579,INE750C01026,MARKSANS,EQ,,,,,MARKSANS PHARMA LIMITED,270.65,276.45,267.6,268.9,268.6,270.65,,268.91,,,1245329,339539818.4,23134,F1,1,,,,,
2026-08-06,2026-08-06,CM,NSE,STK,761386,INE415B01044,MARSONS,EQ,,,,,MARSONS LIMITED,108.15,110.15,106.9,107.82,107.89,107.9,,107.81,,,1761268,190032745.19,8496,F1,1,,,,,
2026-08-06,2026-08-06,CM,NSE,STK,761042,INE0X7G01013,MARUSHIKA,SM,,,,,MARUSHIKA TECHNOLOGY LTD,103.0,103.0,100.25,103.0,103.0,100.1,,103.0,,,4800,487800.0,3,F1,1200,,,,,
2026-08-06,2026-08-06,CM,NSE,STK,10999,INE585B01010,MARUTI,EQ,,,,,MARUTI SUZUKI INDIA LTD.,14181.0,14181.0,13985.0,14080.0,14080.0,14190.0,,14079.66,,,333510,4689214286.0,50899,F1,1,,,,,
2026-08-06,2026-08-06,CM,NSE,STK,2133,INE575Z01010,MDL,ST,,,,,MARVEL DECOR LIMITED,63.75,63.75,63.75,63.75,63.75,61.0,,63.75,,,1000,63750.0,1,F1,1000,,,,,
2026-08-06,2026-08-06,CM,NSE,STK,199,INE348L01012,MASFIN,EQ,,,,,MAS FINANCIAL SERV LTD,306.7,312.0,306.7,309.95,309.5,307.2,,309.95,,,59584,18476178.55,2520,F1,1,,,,,
2026-08-06,2026-08-06,CM,NSE,STK,18731,INE885F01015,MASKINVEST,BE,,,,,MASK INVESTMENTS LIMITED,150.0,156.97,146.0,152.0,152.0,149.5,,152.0,,,524,78629.94,6,F1,1,,,,,
2026-08-06,2026-08-06,CM,NSE,STK,24278,INE0SH001010,MASON,SM,,,,,MASON INFRATECH LIMITED,118.0,119.0,116.0,117.5,116.0,118.4,,117.5,,,6000,707350.0,12,F1,500,,,,,
2026-08-06,2026-08-06,CM,NSE,STK,2124,INE759A01021,MASTEK,EQ,,,,,MASTEK LTD,1833.8,1857.9,1799.0,1823.0,1830.0,1827.9,,1822.82,,,46398,84713323.5,5453,F1,1,,,,,
2026-08-06,2026-08-06,CM,NSE,STK,19011,INE0OJM01017,MASTER,SM,,,,,MASTER COMPONENTS LIMITED,482.0,490.0,475.0,475.0,475.0,485.0,,475.0,,,1500,723500.0,3,F1,500,,,,,
2026-08-06,2026-08-06,CM,NSE,STK,27047,INE677D01037,MASTERTR,EQ,,,,,MASTER TRUST LIMITED,82.49,82.49,79.1,80.14,79.1,81.91,,80.11,,,215306,17485305.55,1307,F1,1,,,,,
2026-08-06,2026-08-06,CM,NSE,STK,21726,INE866R01028,MATRIMONY,EQ,,,,,MATRIMONY.COM LIMITED,434.9,457.0,426.0,447.9,447.0,427.55,,447.9,,,103194,46002710.6,2590,F1,1,,,,,
2026-08-06,2026-08-06,CM,NSE,STK,759945,INE132901013,MGSL,SM,,,,,MATRIX GEO SOLUTIONS LTD,75.1,78.4,72.5,75.75,75.7,78.0,,75.75,,,48000,3644640.0,38,F1,1200,,,,,
2026-08-06,2026-08-06,CM,NSE,STK,17026,INE636A01039,MAWANASUG,BE,,,,,MAWANA SUGARS LIMITED,111.78,116.0,111.78,113.2,113.25,117.66,,113.2,,,135534,15395220.37,358,F1,1,,,,,
2026-08-06,2026-08-06,CM,NSE,STK,19646,INE03EI01018,MAXESTATES,EQ,,,,,MAX ESTATES LIMITED,393.95,417.0,393.95,409.4,409.05,395.45,,409.4,,,111982,45511009.75,5719,F1,1,,,,,
2026-08-06,2026-08-06,CM,NSE,STK,2142,INE180A01020,MFSL,EQ,,,,,MAX FINANCIAL SERV LTD,1525.2,1544.0,1513.2,1518.8,1518.8,1523.0,,1518.8,,,1101308,1688610874.7,29162,F1,1,,,,,
2026-08-06,2026-08-06,CM,NSE,STK,22377,INE027H01010,MAXHEALTH,EQ,,,,,MAX HEALTHCARE INS LTD,1079.5,1079.5,1064.1,1072.4,1072.4,1080.0,,1072.41,,,1728681,1851384385.0,50175,F1,1,,,,,
2026-08-06,2026-08-06,CM,NSE,STK,22428,INE0CG601016,MAXIND,EQ,,,,,MAX INDIA LIMITED,170.86,174.21,170.86,172.82,171.0,171.22,,172.82,,,42807,7409988.56,1411,F1,1,,,,,
2026-08-06,2026-08-06,CM,NSE,STK,21691,INE0ECC01022,MAXPOSURE,SM,,,,,MAXPOSURE LIMITED,34.15,34.15,32.5,33.0,33.0,33.5,,33.0,,,8000,263000.0,8,F1,1000,,,,,
2026-08-06,2026-08-06,CM,NSE,STK,29657,INE10A501018,MAXVOLT,ST,,,,,MAXVOLT ENERGY INDUS L,345.5,345.5,334.05,338.65,339.4,345.0,,338.65,,,19600,6622940.0,49,F1,400,,,,,
2026-08-06,2026-08-06,CM,NSE,STK,28906,INE040D01038,MAYURUNIQ,EQ,,,,,MAYUR UNIQUOTERS LTD,739.05,818.0,730.0,773.85,766.9,768.95,,773.89,,,656145,516222016.25,36741,F1,1,,,,,
2026-08-06,2026-08-06,CM,NSE,STK,509,INE249Z01020,MAZDOCK,EQ,,,,,MAZAGON DOCK SHIPBUIL LTD,2380.5,2574.0,2373.3,2530.0,2530.0,2380.5,,2530.0,,,4183448,10451937046.1,143751,F1,1,,,,,
2026-08-06,2026-08-06,CM,NSE,STK,18870,INE885E01042,MAZDA,BE,,,,,MAZDA LIMITED,227.8,232.0,223.36,228.35,227.65,227.23,,229.15,,,4655,1054747.41,118,F1,1,,,,,
2026-08-06,2026-08-06,CM,NSE,STK,18033,INE912H01013,MBLINFRA,BE,,,,,MBL INFRASTRUCTURE LTD,25.49,25.95,25.0,25.13,25.0,25.3,,25.13,,,11088,281161.46,64,F1,1,,,,,
2026-08-06,2026-08-06,CM,NSE,STK,11944,INE942G01012,MCLEODRUSS,BE,,,,,MCLEOD RUSSEL INDIA LTD.,48.41,48.5,46.71,46.71,46.71,49.16,,46.71,,,378180,17766963.49,989,F1,1,,,,,
2026-08-06,2026-08-06,CM,NSE,STK,14574,INE0O4M01019,MCON,SM,,,,,MCON RASAYAN INDIA LTD,42.45,42.6,40.0,41.0,41.0,41.8,,41.0,,,9000,370200.0,9,F1,1000,,,,,
2026-08-06,2026-08-06,CM,NSE,STK,21705,INE456Z01021,MEDIASSIST,EQ,,,,,MEDI ASSIST HEALTH SER L,363.95,372.85,360.0,367.15,367.0,362.35,,367.16,,,88988,32720065.05,3051,F1,1,,,,,
2026-08-06,2026-08-06,CM,NSE,STK,762805,INE200D01020,MMWL,BE,,,,,MEDIA MATRIX WORLDWIDE L,15.0,15.22,13.85,15.05,14.5,14.51,,14.85,,,53009,783126.47,123,F1,1,,,,,
2026-08-06,2026-08-06,CM,NSE,STK,6278,INE646B01010,MEDICAMEQ,EQ,,,,,MEDICAMEN BIOTECH LIMITED,244.95,249.8,235.51,237.67,237.0,243.11,,237.89,,,18553,4487867.37,663,F1,1,,,,,
2026-08-06,2026-08-06,CM,NSE,STK,24239,INE0PE401018,MEDIORG,SM,,,,,MEDICAMEN ORGANICS LTD,27.0,27.05,27.0,27.0,27.0,28.4,,27.0,,,16000,432200.0,7,F1,2000,,,,,
2026-08-06,2026-08-06,CM,NSE,STK,9667,INE630Y01024,MEDICO,EQ,,,,,MEDICO REMEDIES LIMITED,49.6,49.6,46.81,47.72,47.81,48.53,,47.7,,,447464,21702341.44,1336,F1,1,,,,,
2026-08-06,2026-08-06,CM,NSE,STK,7254,INE804L01022,MEDPLUS,EQ,,,,,MEDPLUS HEALTH SERV LTD,692.6,692.6,682.4,690.2,690.5,690.3,,690.2,,,85998,59058245.05,5904,F1,1,,,,,
2026-08-06,2026-08-06,CM,NSE,STK,760229,INE0VDM01015,MEESHO,EQ,,,,,MEESHO LIMITED,189.0,189.5,184.64,186.17,186.12,189.75,,186.17,,,14682819,2734106720.11,93715,F1,1,,,,,
2026-08-06,2026-08-06,CM,NSE,STK,8153,INE00EM01016,MEGASTAR,EQ,,,,,MEGASTAR FOODS LIMITED,330.35,331.05,322.0,324.6,323.0,330.35,,324.62,,,1748,567705.15,121,F1,1,,,,,
2026-08-06,2026-08-06,CM,NSE,STK,22560,INE531R01010,MEGATHERM,SM,,,,,MEGATHERM INDUCTION LTD,207.0,209.95,207.0,208.0,208.0,207.0,,208.0,,,7200,1502900.0,15,F1,400,,,,,
2026-08-06,2026-08-06,CM,NSE,STK,5394,INE0CT101020,MOL,EQ,,,,,MEGHMANI ORGANICS LIMITED,53.69,53.78,52.13,52.28,52.33,53.39,,52.28,,,1345922,71177421.94,4242,F1,1,,,,,
2026-08-06,2026-08-06,CM,NSE,STK,6971,INE071D01033,MENONBE,BE,,,,,MENON BEARINGS LIMITED,226.0,235.7,224.6,229.82,229.5,232.86,,229.81,,,25649,5882480.14,645,F1,1,,,,,
2026-08-06,2026-08-06,CM,NSE,STK,762787,INE650G01029,MENNPIS,EQ,,,,,MENON PISTONS LTD.,77.0,77.89,74.5,75.35,75.99,74.17,,75.33,,,190108,14519937.47,2046,F1,1,,,,,
2026-08-06,2026-08-06,CM,NSE,STK,25882,INE776I01010,MEP,BZ,,,,,MEP INFRA. DEVELOPERS LTD,0.56,0.56,0.56,0.56,0.56,0.55,,0.56,,,23115,12944.4,16,F1,1,,,,,
2026-08-06,2026-08-06,CM,NSE,STK,762792,INE689O01013,MERCANTILE,EQ,,,,,MERCANTILE VENTURES LTD.,23.81,25.59,23.81,24.52,25.55,25.26,,24.52,,,2548,62466.74,34,F1,1,,,,,
2026-08-06,2026-08-06,CM,NSE,STK,763663,INE763M01028,MERCURYEV,EQ,,,,,MERCURY EV-TECH LIMITED,34.62,36.0,34.62,35.73,35.11,35.3,,35.68,,,111191,3906763.92,726,F1,1,,,,,
2026-08-06,2026-08-06,CM,NSE,STK,764278,INE1II801013,METALIC,ST,,,,,METALIC TECHNOFORGE LTD,116.7,116.7,113.5,116.15,114.5,111.15,,116.15,,,374400,43522000.0,187,F1,1600,,,,,
2026-08-06,2026-08-06,CM,NSE,STK,7242,INE317I01021,METROBRAND,EQ,,,,,METRO BRANDS LIMITED,1018.1,1019.4,975.0,981.1,980.0,1001.0,,981.01,,,96791,95989301.4,11366,F1,1,,,,,
2026-08-06,2026-08-06,CM,NSE,STK,762797,INE085D01033,METROGLOBL,EQ,,,,,METROGLOBAL LTD.,135.0,135.9,131.0,135.02,135.5,130.02,,134.98,,,977,130985.99,78,F1,1,,,,,
2026-08-06,2026-08-06,CM,NSE,STK,9581,INE112L01020,METROPOLIS,EQ,,,,,METROPOLIS HEALTHCARE LTD,582.35,588.65,551.1,564.6,558.0,576.75,,564.43,,,218066,124886075.7,10390,F1,1,,,,,
2026-08-06,2026-08-06,CM,NSE,STK,7165,INE287C01037,MICEL,BE,,,,,MIC ELECTRONICS LTD,37.5,37.68,36.15,37.3,37.49,37.05,,37.31,,,150880,5606668.71,1073,F1,1,,,,,
2026-08-06,2026-08-06,CM,NSE,STK,759517,INE0XAD01024,MIDWESTLTD,EQ,,,,,MIDWEST LIMITED,1210.0,1216.9,1198.1,1203.7,1209.0,1204.7,,1204.08,,,9497,11442044.2,780,F1,1,,,,,
2026-08-06,2026-08-06,CM,NSE,STK,25897,INE842C01021,MINDACORP,EQ,,,,,MINDA CORPORATION LTD,724.5,729.05,715.0,716.9,716.15,723.0,,716.89,,,155958,112466107.45,12729,F1,1,,,,,
2026-08-06,2026-08-06,CM,NSE,STK,22308,INE0CCU25019,MINDSPACE,RR,,,,,MINDSPACE BUSINESS P REIT,493.98,497.9,493.02,494.98,495.8,492.56,,495.0,,,219417,108651219.32,8258,F1,1,,,,,
2026-08-06,2026-08-06,CM,NSE,STK,18049,INE110B01017,MINDTECK,EQ,,,,,MINDTECK (INDIA) LIMITED,191.96,198.0,190.51,196.51,196.7,191.71,,196.5,,,70285,13728443.44,2046,F1,1,,,,,
2026-08-06,2026-08-06,CM,NSE,STK,19640,INF769K01KU7,ALPHAETF,EQ,,,,,MIRAEAMC - ALPHAETF,26.66,26.66,26.4,26.45,26.53,26.51,,26.45,,,581154,15411600.54,737,F1,1,,,,,
2026-08-06,2026-08-06,CM,NSE,STK,17419,INF769K01KR3,BANKETF,EQ,,,,,MIRAEAMC - BANKETF,588.3,591.99,588.3,591.34,591.47,586.71,,591.33,,,4890,2887741.66,799,F1,1,,,,,
2026-08-06,2026-08-06,CM,NSE,STK,25725,INF769K01LZ4,BANKPSU,EQ,,,,,MIRAEAMC - BANKPSU,86.11,88.0,86.11,87.9,87.93,86.01,,87.91,,,19862,1733993.34,118,F1,1,,,,,
2026-08-06,2026-08-06,CM,NSE,STK,28969,INF769K01NS5,CONSUMER,EQ,,,,,MIRAEAMC - CONSUMER,12.27,12.4,12.03,12.19,12.16,12.24,,12.19,,,238074,2905892.54,342,F1,1,,,,,
2026-08-06,2026-08-06,CM,NSE,STK,761046,INF769K01QC2,DEFENCE,EQ,,,,,MIRAEAMC - DEFENCE,79.21,81.1,78.89,80.9,80.78,78.99,,80.88,,,309379,24970502.79,1021,F1,1,,,,,
2026-08-06,2026-08-06,CM,NSE,STK,760412,INF769K01PY8,DIVIDEND,EQ,,,,,MIRAEAMC - DIVIDEND,36.67,36.7,36.4,36.4,36.44,36.67,,36.44,,,10715,390881.06,81,F1,1,,,,,
2026-08-06,2026-08-06,CM,NSE,STK,759780,INF769K01PR2,ENERGY,EQ,,,,,MIRAEAMC - ENERGY,39.33,39.33,38.75,38.85,38.92,38.91,,38.85,,,212995,8271102.31,1079,F1,1,,,,,
2026-08-06,2026-08-06,CM,NSE,STK,30121,INF769K01OA1,EQUAL200,EQ,,,,,MIRAEAMC - EQUAL200,14.09,14.11,14.06,14.07,14.07,14.09,,14.07,,,112751,1588688.9,48,F1,1,,,,,
2026-08-06,2026-08-06,CM,NSE,STK,757142,INF769K01OO2,EQUAL50,EQ,,,,,MIRAEAMC - EQUAL50,341.44,342.32,340.34,340.34,340.34,340.65,,340.34,,,21140,7221121.28,33,F1,1,,,,,
2026-08-06,2026-08-06,CM,NSE,STK,24461,INF769K01LQ3,EVINDIA,EQ,,,,,MIRAEAMC - EVINDIA,34.52,34.52,33.6,33.63,33.68,33.68,,33.63,,,362942,12234958.62,2006,F1,1,,,,,
2026-08-06,2026-08-06,CM,NSE,STK,760986,INF769K01QA6,HEALTHCARE,EQ,,,,,MIRAEAMC - HEALTHCARE,21.77,21.85,21.64,21.68,21.7,21.67,,21.67,,,31934,695044.03,153,F1,1,,,,,
2026-08-06,2026-08-06,CM,NSE,STK,764333,INF769K01RJ5,HYBRIDETF,EQ,,,,,MIRAEAMC - HYBRIDETF,10.12,10.14,10.1,10.14,10.14,10.12,,10.14,,,9013,91281.98,36,F1,1,,,,,
2026-08-06,2026-08-06,CM,NSE,STK,761030,INF769K01QB4,INFRA,EQ,,,,,MIRAEAMC - INFRA,12.22,12.28,12.2,12.23,12.22,12.23,,12.23,,,45211,553250.46,153,F1,1,,,,,
2026-08-06,2026-08-06,CM,NSE,STK,758595,INF769K01PB6,INTERNET,EQ,,,,,MIRAEAMC - INTERNET,13.89,14.06,13.87,13.92,13.89,13.89,,13.92,,,145450,2032209.71,289,F1,1,,,,,
2026-08-06,2026-08-06,CM,NSE,STK,19633,INF769K01KV5,ITETF,EQ,,,,,MIRAEAMC - ITETF,33.02,33.56,32.95,32.98,32.95,33.21,,32.98,,,353092,11714294.04,1072,F1,1,,,,,
2026-08-06,2026-08-06,CM,NSE,STK,17572,INF769K01KS1,LIQUID,EQ,,,,,MIRAEAMC - LIQUID,999.99,1000.0,999.99,999.99,1000.0,999.99,,999.99,,,1314845,1314838545.16,1333,F1,1,,,,,
2026-08-06,2026-08-06,CM,NSE,STK,27075,INF769K01MY5,LIQUIDPLUS,EQ,,,,,MIRAEAMC - LIQUIDPLUS,1097.62,1097.63,1097.61,1097.61,1097.61,1097.49,,1097.61,,,388437,426354313.72,265,F1,1,,,,,
2026-08-06,2026-08-06,CM,NSE,STK,1200,INF769K01GS9,ESG,EQ,,,,,MIRAEAMC - MAESGETF,42.45,42.58,42.4,42.5,42.47,42.39,,42.5,,,10112,429867.68,72,F1,1,,,,,
2026-08-06,2026-08-06,CM,NSE,STK,3507,INF769K01HF4,MAFANG,EQ,,,,,MIRAEAMC - MAFANG,203.93,207.88,200.95,205.91,206.0,198.96,,205.91,,,1334265,276001646.16,15485,F1,1,,,,,
2026-08-06,2026-08-06,CM,NSE,STK,5220,INF769K01HI8,BFSI,EQ,,,,,MIRAEAMC - MAFSETF,27.82,27.98,27.82,27.95,27.91,27.82,,27.95,,,193991,5420621.01,541,F1,1,,,,,
2026-08-06,2026-08-06,CM,NSE,STK,14286,INF769K01JP9,GOLDETF,EQ,,,,,MIRAEAMC - MAGOLDETF,143.17,143.99,142.08,143.77,143.5,140.4,,143.77,,,2361769,338658284.53,24777,F1,1,,,,,
2026-08-06,2026-08-06,CM,NSE,STK,14938,INF769K01KF8,GSEC10YEAR,EQ,,,,,MIRAEAMC - MAGS813ETF,30.4,30.59,30.4,30.55,30.55,30.59,,30.55,,,133,4068.2,11,F1,1,,,,,
2026-08-06,2026-08-06,CM,NSE,STK,7074,INF769K01HS7,MAHKTECH,EQ,,,,,MIRAEAMC - MAHKTECH,23.95,23.95,23.75,23.91,23.93,23.89,,23.91,,,1063561,25435200.57,5839,F1,1,,,,,
2026-08-06,2026-08-06,CM,NSE,STK,8413,INF769K01IC9,MIDCAPETF,EQ,,,,,MIRAEAMC - MAM150ETF,24.4,24.57,23.81,23.86,23.86,23.81,,23.86,,,2041078,48810272.78,4990,F1,1,,,,,
2026-08-06,2026-08-06,CM,NSE,STK,7979,INF769K01IB1,MAKEINDIA,EQ,,,,,MIRAEAMC - MAMFGETF,168.26,169.41,168.18,168.89,168.99,168.57,,168.89,,,68820,11632476.71,450,F1,1,,,,,
2026-08-06,2026-08-06,CM,NSE,STK,6353,INF769K01EG9,NIFTYETF,EQ,,,,,MIRAEAMC - MAN50ETF,267.4,268.6,267.35,268.33,267.75,267.39,,268.33,,,213961,57422665.31,1154,F1,1,,,,,
2026-08-06,2026-08-06,CM,NSE,STK,14786,INF769K01JU9,LOWVOL,EQ,,,,,MIRAEAMC - MANV30F,213.22,214.13,212.95,213.27,213.27,213.02,,213.27,,,29623,6331212.13,11,F1,1,,,,,
2026-08-06,2026-08-06,CM,NSE,STK,17181,INF769K01FN2,NEXT50,EQ,,,,,MIRAEAMC - MANXT50,768.38,771.0,767.55,769.91,768.33,767.38,,769.93,,,11116,8560196.02,1166,F1,1,,,,,
2026-08-06,2026-08-06,CM,NSE,STK,16777,INF769K01KG6,SILVERAG,EQ,,,,,MIRAEAMC - MASILVER,218.43,219.37,217.1,218.71,218.99,217.34,,218.71,,,282485,61740645.14,2279,F1,1,,,,,
2026-08-06,2026-08-06,CM,NSE,STK,5782,INF769K01HP3,MASPTOP50,EQ,,,,,MIRAEAMC - MASPTOP50,80.94,80.94,80.65,80.94,80.94,79.23,,80.94,,,442591,35820184.19,3849,F1,1,,,,,
2026-08-06,2026-08-06,CM,NSE,STK,25744,INF769K01LY7,METAL,EQ,,,,,MIRAEAMC - METAL,13.6,13.6,13.1,13.27,13.26,13.37,,13.27,,,3401626,45343158.72,4745,F1,1,,,,,
2026-08-06,2026-08-06,CM,NSE,STK,23855,INF769K01LJ8,MIDSMALL,EQ,,,,,MIRAEAMC - MIDSMALL,51.87,52.05,51.74,51.9,51.9,51.78,,51.9,,,210338,10920894.36,694,F1,1,,,,,
2026-08-06,2026-08-06,CM,NSE,STK,764198,INF769K01RC0,MOMMIDCAP,EQ,,,,,MIRAEAMC - MOMMIDCAP,12.92,12.92,12.78,12.89,12.9,12.86,,12.89,,,1349951,17400207.47,350,F1,1,,,,,
2026-08-06,2026-08-06,CM,NSE,STK,25080,INF769K01LX9,MULTICAP,EQ,,,,,MIRAEAMC - MULTICAP,17.01,17.05,16.96,16.97,16.96,16.96,,16.97,,,118246,2010952.68,410,F1,1,,,,,
2026-08-06,2026-08-06,CM,NSE,STK,30109,INF769K01ON4,SELECTIPO,EQ,,,,,MIRAEAMC - SELECTIPO,48.0,48.2,47.9,48.01,47.95,48.02,,48.01,,,38052,1828351.43,96,F1,1,,,,,
2026-08-06,2026-08-06,CM,NSE,STK,19224,INF769K01KT9,SENSEXETF,EQ,,,,,MIRAEAMC - SENSEXETF,81.39,81.5,81.14,81.43,81.46,80.99,,81.43,,,20462,1665227.55,195,F1,1,,,,,
2026-08-06,2026-08-06,CM,NSE,STK,759814,INF769K01PQ4,SMALL250,EQ,,,,,MIRAEAMC - SMALL250,18.77,18.77,18.36,18.44,18.52,18.4,,18.44,,,415719,7664566.17,781,F1,1,,,,,
2026-08-06,2026-08-06,CM,NSE,STK,22832,INF769K01LC3,SMALLCAP,EQ,,,,,MIRAEAMC - SMALLCAP,48.09,48.45,47.6,48.25,48.34,48.09,,48.25,,,2195322,106034177.22,4017,F1,1,,,,,
2026-08-06,2026-08-06,CM,NSE,STK,760415,INF769K01PZ5,TOP20,EQ,,,,,MIRAEAMC - TOP20,9.16,9.16,9.13,9.14,9.14,9.12,,9.14,,,60675,554921.16,107,F1,1,,,,,
2026-08-06,2026-08-06,CM,NSE,STK,761511,INF769K01QV2,VALUE,EQ,,,,,MIRAEAMC - VALUE,16.45,16.47,16.39,16.44,16.44,16.43,,16.44,,,5859,96282.65,61,F1,1,,,,,
2026-08-06,2026-08-06,CM,NSE,STK,4394,INE771A01026,MIRZAINT,EQ,,,,,MIRZA INTERNATIONAL LIMIT,34.2,34.44,33.0,33.47,33.6,33.84,,33.47,,,475277,15922698.14,3505,F1,1,,,,,
2026-08-06,2026-08-06,CM,NSE,STK,2463,INE099Z01011,MIDHANI,EQ,,,,,MISHRA DHATU NIGAM LTD,416.1,441.9,415.05,434.25,434.1,416.15,,434.3,,,3174076,1381432578.95,58387,F1,1,,,,,
2026-08-06,2026-08-06,CM,NSE,STK,8475,INE828O01033,MITCON,BE,,,,,MITCON CON & ENG SER LTD,82.37,82.37,76.44,78.51,78.5,78.45,,78.51,,,2611,206119.19,26,F1,1,,,,,
2026-08-06,2026-08-06,CM,NSE,STK,18562,INE997Y01027,MITTAL,EQ,,,,,MITTAL LIFE STYLE LIMITED,0.9,0.92,0.9,0.91,0.91,0.91,,0.91,,,144975,132406.02,192,F1,1,,,,,
2026-08-06,2026-08-06,CM,NSE,STK,13844,INE227C01017,MMFL,EQ,,,,,MM FORGINGS LTD,577.0,607.0,568.1,603.55,598.0,570.55,,603.63,,,468380,278849998.65,17769,F1,1,,,,,
2026-08-06,2026-08-06,CM,NSE,STK,16395,INE511Y01018,MMP,EQ,,,,,MMP INDUSTRIES LIMITED,330.0,339.95,322.6,330.25,324.0,329.35,,330.25,,,161583,53992086.6,5640,F1,1,,,,,
2026-08-06,2026-08-06,CM,NSE,STK,17957,INE123F01029,MMTC,EQ,,,,,MMTC LIMITED,64.59,65.33,64.0,64.05,64.03,63.78,,64.05,,,1385858,89281812.24,9295,F1,1,,,,,
2026-08-06,2026-08-06,CM,NSE,STK,760199,INE1YNB01019,MOBILISE,ST,,,,,MOBILISE APP LAB LIMITED,115.9,115.9,115.9,115.9,115.9,111.0,,115.9,,,1600,185440.0,1,F1,1600,,,,,
2026-08-06,2026-08-06,CM,NSE,STK,2241,INE794W01014,MODTHREAD,EQ,,,,,MODERN THREADS INDIA LTD,49.02,49.02,48.21,48.24,48.24,50.64,,48.24,,,51,2477.23,5,F1,1,,,,,
2026-08-06,2026-08-06,CM,NSE,STK,760280,INE537F01012,MODINATUR,BE,,,,,MODI NATURALS LIMITED,399.3,399.3,391.1,391.35,391.3,399.4,,391.35,,,983,386597.9,42,F1,1,,,,,
2026-08-06,2026-08-06,CM,NSE,STK,2229,INE832A01018,MODIRUBBER,EQ,,,,,MODI RUBBER LTD,123.18,123.18,120.12,121.11,120.21,123.55,,121.11,,,454,55202.91,37,F1,1,,,,,
2026-08-06,2026-08-06,CM,NSE,STK,759752,INE0L0L01012,MODIS,EQ,,,,,MODIS NAVNIRMAN LTD,415.0,423.0,407.05,411.15,409.0,410.65,,411.16,,,70237,29090235.7,1559,F1,1,,,,,
2026-08-06,2026-08-06,CM,NSE,STK,3325,INE737D01021,MODISONLTD,BE,,,,,MODISON LIMITED,282.5,287.95,277.25,279.95,279.1,282.9,,279.97,,,19965,5609621.65,357,F1,1,,,,,
2026-08-06,2026-08-06,CM,NSE,STK,29423,INE954E01012,MOHITIND,EQ,,,,,MOHIT INDUSTRIES LTD,26.25,27.3,25.03,25.51,25.74,26.72,,25.51,,,61382,1614001.99,493,F1,1,,,,,
2026-08-06,2026-08-06,CM,NSE,STK,20830,INE490G01020,MOIL,EQ,,,,,MOIL LIMITED,283.5,289.5,280.6,282.45,282.55,282.7,,282.48,,,869718,246995204.65,19965,F1,1,,,,,
2026-08-06,2026-08-06,CM,NSE,STK,3586,INE514Y01020,MOKSH,EQ,,,,,MOKSH ORNAMENTS LIMITED,10.59,11.25,10.41,11.14,11.2,10.57,,11.14,,,132281,1443504.16,334,F1,1,,,,,
2026-08-06,2026-08-06,CM,NSE,STK,6713,INE893J01029,MOLDTKPAC,EQ,,,,,MOLD-TEK PACKAGING LTD,694.85,698.0,679.1,683.5,679.1,685.55,,683.44,,,74729,51476299.85,4502,F1,1,,,,,
2026-08-06,2026-08-06,CM,NSE,STK,17625,INE835B01035,MOLDTECH,EQ,,,,,MOLD-TEK TECHNOLOGIES LTD,166.4,199.68,161.1,198.6,199.68,166.4,,198.58,,,3577835,675680738.26,37404,F1,1,,,,,
2026-08-06,2026-08-06,CM,NSE,STK,7679,INE903D01011,MONARCH,EQ,,,,,MONARCH NETWORTH CAP LTD,398.95,398.95,386.0,388.6,387.3,390.55,,388.59,,,62306,24299524.95,2800,F1,1,,,,,
2026-08-06,2026-08-06,CM,NSE,STK,759381,INE296Q01012,MONEYBOXX,EQ,,,,,MONEYBOXX FINANCE LIMITED,61.65,63.0,60.51,62.68,63.0,61.82,,62.15,,,8977,553480.71,194,F1,1,,,,,
2026-08-06,2026-08-06,CM,NSE,STK,18392,INE0OIP01012,MONOPHARMA,SM,,,,,MONO PHARMACARE LIMITED,8.65,8.65,8.25,8.25,8.25,8.65,,8.25,,,34000,283100.0,14,F1,2000,,,,,
2026-08-06,2026-08-06,CM,NSE,STK,756958,INE1DV401010,MONOLITH,SM,,,,,MONOLITHISCH INDIA LTD,901.15,929.0,901.15,921.45,920.0,898.15,,921.45,,,28750,26425200.0,110,F1,250,,,,,
2026-08-06,2026-08-06,CM,NSE,STK,5938,INE950M01013,MONTECARLO,EQ,,,,,MONTE CARLO FASHIONS LTD.,501.9,518.2,495.0,498.95,497.75,500.95,,498.97,,,199687,100886143.7,6952,F1,1,,,,,
2026-08-06,2026-08-06,CM,NSE,STK,2259,INE083A01026,MOREPENLAB,EQ,,,,,MOREPEN LAB. LTD,76.39,83.5,75.11,79.42,79.55,76.95,,79.42,,,100581767,8049537291.51,255174,F1,1,,,,,
2026-08-06,2026-08-06,CM,NSE,STK,15057,INE0N7S01028,MOS,ST,,,,,MOS UTILITY LIMITED,10.3,10.3,10.0,10.05,10.0,10.0,,10.05,,,160000,1626800.0,26,F1,4000,,,,,
2026-08-06,2026-08-06,CM,NSE,STK,29459,INE935B01025,MOSCHIP,EQ,,,,,MOSCHIP TECHNOLOGIES LTD,208.5,210.99,208.01,209.21,209.4,208.57,,209.2,,,1091769,228716293.35,10886,F1,1,,,,,
2026-08-06,2026-08-06,CM,NSE,STK,8596,INE0FS801015,MSUMI,EQ,,,,,MOTHERSON SUMI WRNG IND L,41.1,41.39,40.7,41.01,41.0,40.97,,41.01,,,10595418,435157600.39,48192,F1,1,,,,,
2026-08-06,2026-08-06,CM,NSE,STK,21423,INF247L01023,MOM100,EQ,,,,,MOTILAL OS MIDCAP100 ETF,69.48,69.48,67.85,68.41,68.6,68.52,,68.41,,,206391,14137531.08,2244,F1,1,,,,,
2026-08-06,2026-08-06,CM,NSE,STK,22739,INF247L01AP3,MON100,EQ,,,,,MOTILAL OS NASDAQ100 ETF,332.58,332.58,327.32,332.36,332.58,321.82,,332.39,,,1424604,473742645.02,23377,F1,1,,,,,
2026-08-06,2026-08-06,CM,NSE,STK,14947,INE338I01027,MOTILALOFS,EQ,,,,,MOTILAL OSWAL FIN LTD,881.95,882.6,863.5,874.0,874.0,880.0,,873.96,,,516195,449540000.3,19304,F1,1,,,,,
2026-08-06,2026-08-06,CM,NSE,STK,19289,INF247L01536,MOM50,EQ,,,,,MOTILAL OSWAL M50 ETF,258.8,258.8,257.48,258.49,258.5,257.23,,258.49,,,2271,586429.44,100,F1,1,,,,,
2026-08-06,2026-08-06,CM,NSE,STK,1507,INF247L01AK4,MOGSEC,EQ,,,,,MOTILALAMC - G5,65.24,66.7,65.24,66.01,65.55,65.39,,65.57,,,46199,3038441.48,104,F1,1,,,,,
2026-08-06,2026-08-06,CM,NSE,STK,757669,INF247L01FR8,MOALPHA50,EQ,,,,,MOTILALAMC - MOALPHA50,55.69,55.88,55.25,55.72,55.25,55.25,,55.72,,,19904,1106182.79,59,F1,1,,,,,
2026-08-06,2026-08-06,CM,NSE,STK,761693,INF247L01GV8,MOBANK10,EQ,,,,,MOTILALAMC - MOBANK10,17.57,17.57,17.08,17.12,17.18,17.24,,17.12,,,14342,246350.68,138,F1,1,,,,,
2026-08-06,2026-08-06,CM,NSE,STK,30065,INF247L01EV3,MOCAPITAL,EQ,,,,,MOTILALAMC - MOCAPITAL,54.09,54.09,52.45,52.61,52.79,52.78,,52.62,,,3659731,192658021.94,3391,F1,1,,,,,
2026-08-06,2026-08-06,CM,NSE,STK,24944,INF247L01DJ0,MODEFENCE,EQ,,,,,MOTILALAMC - MODEFENCE,102.97,106.39,102.14,106.1,106.0,102.97,,106.1,,,3287631,346851982.09,12054,F1,1,,,,,
2026-08-06,2026-08-06,CM,NSE,STK,759374,INF247L01GH7,MOENERGY,EQ,,,,,MOTILALAMC - MOENERGY,39.0,39.34,38.3,38.71,38.84,38.77,,38.71,,,77906,3022966.76,675,F1,1,,,,,
2026-08-06,2026-08-06,CM,NSE,STK,757791,INF247L01FY4,MOGOLD,EQ,,,,,MOTILALAMC - MOGOLD,144.15,146.25,144.15,146.05,146.2,142.7,,146.06,,,35624,5197184.15,690,F1,1,,,,,
2026-08-06,2026-08-06,CM,NSE,STK,10508,INF247L01BB1,MOHEALTH,EQ,,,,,MOTILALAMC - MOHEALTH,51.97,52.15,51.72,51.9,51.72,51.57,,51.9,,,43542,2261817.44,486,F1,1,,,,,
2026-08-06,2026-08-06,CM,NSE,STK,757031,INF247L01FL1,MOINFRA,EQ,,,,,MOTILALAMC - MOINFRA,60.56,60.86,60.43,60.7,60.7,60.95,,60.7,,,2399,145420.26,59,F1,1,,,,,
2026-08-06,2026-08-06,CM,NSE,STK,759891,INF247L01GI5,MOIPO,EQ,,,,,MOTILALAMC - MOIPO,47.97,48.19,47.96,48.02,47.96,48.06,,48.02,,,2683,129229.53,35,F1,1,,,,,
2026-08-06,2026-08-06,CM,NSE,STK,8654,INF247L01BL0,MOLOWVOL,EQ,,,,,MOTILALAMC - MOLOWVOL,38.62,38.62,37.28,37.64,37.56,37.68,,37.64,,,112450,4224707.62,75,F1,1,,,,,
2026-08-06,2026-08-06,CM,NSE,STK,25606,INF247L01DK8,MOMENTUM50,EQ,,,,,MOTILALAMC - MOMENTUM50,55.06,55.06,53.41,53.71,53.71,53.72,,53.71,,,477428,25653342.39,1347,F1,1,,,,,
2026-08-06,2026-08-06,CM,NSE,STK,764402,INF247L01HG7,MOMETAL,EQ,,,,,MOTILALAMC - MOMETAL,13.29,13.29,13.15,13.17,13.17,12.88,,13.17,,,20965,277378.23,28,F1,1,,,,,
2026-08-06,2026-08-06,CM,NSE,STK,757099,INF247L01FK3,MOMGF,EQ,,,,,MOTILALAMC - MOMGF,165.49,167.0,165.21,166.75,166.5,165.49,,166.75,,,1125,186819.47,16,F1,1,,,,,
2026-08-06,2026-08-06,CM,NSE,STK,757817,INF247L01FQ0,MOMIDMTM,EQ,,,,,MOTILALAMC - MOMIDMTM,64.17,64.97,64.17,64.57,64.57,64.17,,64.57,,,235893,15232404.6,283,F1,1,,,,,
2026-08-06,2026-08-06,CM,NSE,STK,760054,INF247L01GK1,MOMNC,EQ,,,,,MOTILALAMC - MOMNC,33.4,33.54,33.4,33.49,33.49,33.4,,33.49,,,887,29671.47,11,F1,1,,,,,
2026-08-06,2026-08-06,CM,NSE,STK,8182,INF247L01BK2,MOMOMENTUM,EQ,,,,,MOTILALAMC - MOMOMENTUM,62.4,62.83,62.4,62.56,62.59,62.4,,62.56,,,46740,2926926.32,400,F1,1,,,,,
2026-08-06,2026-08-06,CM,NSE,STK,756900,INF247L01FC0,MON50EQUAL,EQ,,,,,MOTILALAMC - MON50EQUAL,34.36,34.6,33.71,34.44,34.6,34.19,,34.44,,,3343,114845.1,58,F1,1,,,,,
2026-08-06,2026-08-06,CM,NSE,STK,757167,INF247L01FD8,MONEXT50,EQ,,,,,MOTILALAMC - MONEXT50,74.98,74.98,73.6,74.12,73.96,74.37,,74.12,,,6220,462768.41,74,F1,1,,,,,
2026-08-06,2026-08-06,CM,NSE,STK,759371,INF247L01GG9,MONIFTY100,EQ,,,,,MOTILALAMC - MONIFTY100,26.35,26.35,25.78,26.02,26.04,25.78,,26.02,,,41662,1082495.42,74,F1,1,,,,,
2026-08-06,2026-08-06,CM,NSE,STK,19237,INF247L01BU1,MONIFTY500,EQ,,,,,MOTILALAMC - MONIFTY500,24.34,24.35,24.23,24.3,24.3,24.23,,24.3,,,462352,11243622.1,1206,F1,1,,,,,
2026-08-06,2026-08-06,CM,NSE,STK,7422,INF247L01AU3,MONQ50,EQ,,,,,MOTILALAMC - MONQ50,146.87,146.88,145.26,146.88,146.88,142.52,,146.88,,,206443,30287725.78,2893,F1,1,,,,,
2026-08-06,2026-08-06,CM,NSE,STK,764405,INF247L01HH5,MOOILGAS,EQ,,,,,MOTILALAMC - MOOILGAS,11.24,11.35,11.23,11.3,11.28,11.3,,11.3,,,57530,650001.78,24,F1,1,,,,,
2026-08-06,2026-08-06,CM,NSE,STK,757431,INF247L01FO5,MOPSE,EQ,,,,,MOTILALAMC - MOPSE,101.34,103.05,100.79,101.24,101.24,100.98,,101.24,,,1768,179551.44,29,F1,1,,,,,
2026-08-06,2026-08-06,CM,NSE,STK,10822,INF247L01BH8,MOQUALITY,EQ,,,,,MOTILALAMC - MOQUALITY,206.25,206.5,202.53,205.72,204.0,204.8,,205.72,,,20463,4206992.39,25,F1,1,,,,,
2026-08-06,2026-08-06,CM,NSE,STK,23184,INF247L01CI4,MOREALTY,EQ,,,,,MOTILALAMC - MOREALTY,90.47,90.47,89.02,89.18,89.35,90.46,,89.17,,,591839,52959402.91,3229,F1,1,,,,,
2026-08-06,2026-08-06,CM,NSE,STK,760001,INF247L01GJ3,MOSERVICE,EQ,,,,,MOTILALAMC - MOSERVICE,31.68,31.83,31.65,31.76,31.77,31.67,,31.76,,,5399,171498.47,32,F1,1,,,,,
2026-08-06,2026-08-06,CM,NSE,STK,758457,INF247L01FZ1,MOSILVER,EQ,,,,,MOTILALAMC - MOSILVER,221.88,222.79,220.48,221.84,221.53,220.56,,221.84,,,25907,5748987.72,740,F1,1,,,,,
2026-08-06,2026-08-06,CM,NSE,STK,23181,INF247L01CH6,MOSMALL250,EQ,,,,,MOTILALAMC - MOSMALL250,18.48,18.64,18.28,18.46,18.5,18.42,,18.46,,,1266277,23385480.22,2075,F1,1,,,,,
2026-08-06,2026-08-06,CM,NSE,STK,757443,INF247L01FP2,MOTOUR,EQ,,,,,MOTILALAMC - MOTOUR,81.03,81.2,80.1,80.45,80.7,81.15,,80.45,,,34811,2808688.56,306,F1,1,,,,,
2026-08-06,2026-08-06,CM,NSE,STK,10825,INF247L01BE5,MOVALUE,EQ,,,,,MOTILALAMC - MOVALUE,115.36,115.99,115.06,115.86,115.98,115.36,,115.86,,,88920,10294447.09,555,F1,1,,,,,
2026-08-06,2026-08-06,CM,NSE,STK,20788,INE0FRK01020,MOTISONS,EQ,,,,,MOTISONS JEWELLERS LTD,13.91,13.94,13.8,13.87,13.84,13.88,,13.87,,,8364680,116187834.26,3818,F1,1,,,,,
2026-08-06,2026-08-06,CM,NSE,STK,8793,INE861B01023,MOTOGENFIN,BE,,,,,MOTOR & GENERAL FINANCE L,25.99,26.25,25.92,25.92,25.92,25.99,,25.92,,,3857,100366.17,42,F1,1,,,,,
2026-08-06,2026-08-06,CM,NSE,STK,757813,INE0XM301010,MMEL,ST,,,,,MOVING MEDIA ENTER LTD,29.95,29.95,29.95,29.95,29.95,30.0,,29.95,,,2000,59900.0,1,F1,2000,,,,,
2026-08-06,2026-08-06,CM,NSE,STK,4503,INE356A01018,MPHASIS,EQ,,,,,MPHASIS LIMITED,2456.8,2458.0,2395.8,2421.9,2421.9,2460.0,,2421.9,,,179783,436438334.4,15576,F1,1,,,,,
2026-08-06,2026-08-06,CM,NSE,STK,10578,INE943D01017,MPSLTD,EQ,,,,,MPS LIMITED,2870.0,2873.6,2700.1,2763.9,2768.9,2873.7,,2764.18,,,56267,155868537.9,7393,F1,1,,,,,
2026-08-06,2026-08-06,CM,NSE,STK,2277,INE883A01011,MRF,EQ,,,,,MRF LTD,134500.0,135150.0,133300.0,133930.0,133530.0,134405.0,,133927.9,,,3690,495677210.0,2629,F1,1,,,,,
2026-08-06,2026-08-06,CM,NSE,STK,2283,INE103A01014,MRPL,EQ,,,,,MRPL,171.1,171.3,166.9,167.78,167.75,170.97,,167.77,,,3023271,508035988.81,20722,F1,1,,,,,
2026-08-06,2026-08-06,CM,NSE,STK,1628,INE495P01020,BECTORFOOD,EQ,,,,,MRS BECTORS FOOD SPE LTD,213.7,214.44,209.0,210.48,210.45,212.8,,210.47,,,1790852,380889685.47,16199,F1,1,,,,,
2026-08-06,2026-08-06,CM,NSE,STK,11919,INE752G01015,MSPL,EQ,,,,,MSP STEEL & POWER LTD.,36.5,37.68,36.31,37.55,37.31,35.89,,37.56,,,2320928,86301355.37,6393,F1,1,,,,,
2026-08-06,2026-08-06,CM,NSE,STK,9356,INE255X01014,MSTCLTD,EQ,,,,,MSTC LIMITED,612.0,616.95,600.45,605.2,603.5,601.9,,605.2,,,114914,69695187.85,4677,F1,1,,,,,
2026-08-06,2026-08-06,CM,NSE,STK,31413,INE472M01018,MTEDUCARE,BE,,,,,MT EDUCARE LTD,2.05,2.05,1.92,1.94,1.93,1.98,,1.95,,,34810,67543.53,48,F1,1,,,,,
2026-08-06,2026-08-06,CM,NSE,STK,2715,INE864I01014,MTARTECH,BE,,,,,MTAR TECHNOLOGIES LIMITED,6959.0,6959.0,6700.0,6959.0,6959.0,6628.0,,6958.93,,,346004,2402441771.0,14532,F1,1,,,,,
2026-08-06,2026-08-06,CM,NSE,STK,19783,INE08KJ01020,MUFIN,EQ,,,,,MUFIN GREEN FINANCE LTD,134.4,135.5,132.25,134.07,132.8,134.45,,134.0,,,871081,117174039.57,4848,F1,1,,,,,
2026-08-06,2026-08-06,CM,NSE,STK,11325,INE304A01026,MUKANDLTD,EQ,,,,,MUKAND LTD.,142.29,144.13,142.2,143.29,143.11,142.17,,143.3,,,85719,12285932.94,1450,F1,1,,,,,
2026-08-06,2026-08-06,CM,NSE,STK,22980,INE0CG401037,MUKKA,EQ,,,,,MUKKA PROTEINS LIMITED,22.92,23.6,22.77,23.1,23.24,22.98,,23.1,,,239352,5554690.01,1119,F1,1,,,,,
2026-08-06,2026-08-06,CM,NSE,STK,8691,INE374B01019,MUKTAARTS,BE,,,,,MUKTA ARTS LIMITED,56.95,58.99,54.52,58.78,58.78,56.94,,58.78,,,2428,138539.02,25,F1,1,,,,,
2026-08-06,2026-08-06,CM,NSE,STK,31181,INE745G01043,MCX,EQ,,,,,MULTI COMMODITY EXCHANGE,2620.5,2667.4,2617.2,2640.0,2640.0,2598.6,,2640.05,,,2085783,5512067171.6,91704,F1,1,,,,,
2026-08-06,2026-08-06,CM,NSE,STK,759419,INE1K8Y01018,MUNISH,ST,,,,,MUNISH FORGE LIMITED,84.3,84.3,76.65,80.0,80.0,80.3,,80.0,,,56400,4472400.0,11,F1,1200,,,,,
2026-08-06,2026-08-06,CM,NSE,STK,13511,INE672B01032,MUNJALAU,EQ,,,,,MUNJAL AUTO IND. LTD.,104.0,104.59,103.1,103.66,103.74,104.4,,103.68,,,143099,14843593.11,1611,F1,1,,,,,
2026-08-06,2026-08-06,CM,NSE,STK,2307,INE577A01027,MUNJALSHOW,EQ,,,,,MUNJAL SHOWA LTD,136.13,137.0,133.3,133.62,133.31,137.17,,133.61,,,51995,6993364.92,1332,F1,1,,,,,
2026-08-06,2026-08-06,CM,NSE,STK,2313,INE692B01014,MURUDCERA,EQ,,,,,MURUDESHWAR CERAMICS LTD,31.0,31.63,30.82,30.95,30.94,31.1,,30.95,,,16526,514544.23,72,F1,1,,,,,
2026-08-06,2026-08-06,CM,NSE,STK,19877,INE919I01024,RADIOCITY,EQ,,,,,MUSIC BROADCAST LIMITED,7.09,7.09,6.52,6.87,6.9,6.9,,6.87,,,45521,313890.57,160,F1,1,,,,,
2026-08-06,2026-08-06,CM,NSE,STK,10415,INE296G01013,MUTHOOTCAP,EQ,,,,,MUTHOOT CAP SERV LTD,266.0,266.0,261.19,263.94,263.23,261.19,,264.02,,,30659,8109519.87,1132,F1,1,,,,,
2026-08-06,2026-08-06,CM,NSE,STK,23650,INE414G01012,MUTHOOTFIN,EQ,,,,,MUTHOOT FINANCE LIMITED,2933.0,2959.4,2881.2,2894.2,2894.2,2892.0,,2894.14,,,1271961,3724106973.0,73135,F1,1,,,,,
2026-08-06,2026-08-06,CM,NSE,STK,20831,INE046W01019,MUTHOOTMF,EQ,,,,,MUTHOOT MICROFIN LIMITED,232.6,240.0,220.5,221.94,222.65,230.16,,221.94,,,1069666,245689028.08,21240,F1,1,,,,,
2026-08-06,2026-08-06,CM,NSE,STK,764397,INE0OWZ01020,MVELECTRO,EQ,,,,,MV ELECTROSYSTEMS LIMITED,520.0,624.0,520.0,624.0,624.0,425.0,,623.96,,,17538016,10004370770.3,290235,F1,1,,,,,
2026-08-06,2026-08-06,CM,NSE,STK,763206,INE0JYY07026,10MWL29,N0,,,,,MWL 10% 2029,98513.0,99000.0,98513.0,98756.5,99000.0,97510.0,,98756.5,,,2,197513.0,2,F1,1,,,,,
2026-08-06,2026-08-06,CM,NSE,STK,25208,INE0RVQ01016,MYMUDRA,SM,,,,,MY MUDRA FINCORP LIMITED,79.5,79.5,79.5,79.5,79.5,80.0,,79.5,,,1200,95400.0,1,F1,1200,,,,,
2026-08-06,2026-08-06,CM,NSE,STK,20314,INE740D01017,NRAIL,EQ,,,,,N R AGARWAL INDS LTD,523.95,574.0,511.05,521.65,518.2,487.75,,521.72,,,178415,96160973.25,9495,F1,1,,,,,
2026-08-06,2026-08-06,CM,NSE,STK,757492,INE104101014,NRVANDANA,ST,,,,,N R VANDANA TEX IND LTD,70.2,70.2,68.0,68.5,68.5,69.0,,68.5,,,111000,7573200.0,29,F1,3000,,,,,
2026-08-06,2026-08-06,CM,NSE,STK,19111,INE365I01020,NBIFIN,EQ,,,,,N.B.I. IND. FIN. CO. LTD,2180.2,2183.2,2134.8,2158.1,2135.0,2131.4,,2158.1,,,135,291657.6,57,F1,1,,,,,
2026-08-06,2026-08-06,CM,NSE,STK,20425,INE295D01020,NACLIND,EQ,,,,,NACL INDUSTRIES LIMITED,181.45,182.77,176.62,178.14,178.8,180.83,,178.15,,,450992,81238281.12,7765,F1,1,,,,,
2026-08-06,2026-08-06,CM,NSE,STK,18371,INE756C01015,NDGL,EQ,,,,,NAGA DHUNSERI GROUP LTD,2760.0,2760.0,2650.0,2750.0,2750.0,2756.6,,2750.0,,,121,328241.7,30,F1,1,,,,,
2026-08-06,2026-08-06,CM,NSE,STK,14942,INE245I01016,NAGREEKCAP,EQ,,,,,NAGREEKA CAP & INFR.LTD,22.23,23.49,22.23,22.62,22.98,22.84,,22.62,,,13178,300358.11,128,F1,1,,,,,
2026-08-06,2026-08-06,CM,NSE,STK,14702,INE123B01028,NAGREEKEXP,EQ,,,,,NAGREEKA EXPORTS LTD.,22.01,23.22,22.01,22.81,22.9,22.66,,22.81,,,3055,69740.37,56,F1,1,,,,,
2026-08-06,2026-08-06,CM,NSE,STK,15360,INE049I01012,NAHARCAP,EQ,,,,,NAHAR CAP & FIN.,290.0,293.0,266.83,273.78,272.7,264.58,,273.7,,,78385,22012116.38,1707,F1,1,,,,,
2026-08-06,2026-08-06,CM,NSE,STK,13106,INE289A01011,NAHARINDUS,EQ,,,,,NAHAR INDS ENT LTD,119.25,123.0,119.11,121.08,121.0,118.05,,121.08,,,13269,1607478.24,313,F1,1,,,,,
2026-08-06,2026-08-06,CM,NSE,STK,14445,INE308A01027,NAHARPOLY,EQ,,,,,NAHAR POLY FILMS LIMITED,244.1,253.85,237.95,240.25,241.9,273.8,,240.25,,,174101,42694782.15,5299,F1,1,,,,,
2026-08-06,2026-08-06,CM,NSE,STK,14440,INE290A01027,NAHARSPING,EQ,,,,,NAHAR SPINNING MILLS LTD.,346.0,349.0,303.25,309.8,309.0,328.95,,309.78,,,342549,113965207.9,6946,F1,1,,,,,
2026-08-06,2026-08-06,CM,NSE,STK,5404,INE236Y01012,NGIL,BE,,,,,NAKODA GROUP OF IND. LTD,41.43,41.43,38.0,38.52,38.55,39.87,,38.54,,,11278,438001.68,32,F1,1,,,,,
2026-08-06,2026-08-06,CM,NSE,STK,11239,INE023A01030,NSIL,EQ,,,,,NALWA SONS INVESTMENT LTD,5726.0,5775.0,5671.0,5711.5,5675.0,5715.0,,5711.23,,,2315,13233692.0,438,F1,1,,,,,
2026-08-06,2026-08-06,CM,NSE,STK,23379,INE0RJM01010,NAMAN,SM,,,,,NAMAN INDUSTRE PRXIMA LTD,41.75,43.75,41.75,43.75,43.75,43.75,,43.75,,,6400,275760.0,6,F1,800,,,,,
2026-08-06,2026-08-06,CM,NSE,STK,25170,INE08NZ01012,NAMOEWASTE,ST,,,,,NAMO EWASTE MANAGEMENT L,275.2,275.4,274.95,275.4,275.4,277.05,,275.4,,,14400,3963400.0,18,F1,800,,,,,
2026-08-06,2026-08-06,CM,NSE,STK,31258,INE875G01048,NDL,EQ,,,,,NANDAN DENIM LIMITED,2.4,2.4,2.28,2.31,2.33,2.37,,2.31,,,1228677,2864986.14,1028,F1,1,,,,,
2026-08-06,2026-08-06,CM,NSE,STK,5516,INE696V01013,JAIPURKURT,EQ,,,,,NANDANI CREATION LIMITED,27.8,27.8,26.16,26.53,26.5,27.3,,26.53,,,100854,2697717.83,173,F1,1,,,,,
2026-08-06,2026-08-06,CM,NSE,STK,11840,INE410P01011,NH,EQ,,,,,NARAYANA HRUDAYALAYA LTD.,1912.5,1913.4,1877.1,1885.0,1881.0,1903.1,,1885.0,,,703113,1326410102.3,24614,F1,1,,,,,
2026-08-06,2026-08-06,CM,NSE,STK,11627,INE117Z01029,NARMADA,EQ,,,,,NARMADA AGROBASE LIMITED,15.16,15.23,13.61,13.85,13.71,15.01,,13.85,,,2467878,34968060.6,6372,F1,1,,,,,
2026-08-06,2026-08-06,CM,NSE,STK,3918,INE987B01026,NATCOPHARM,EQ,,,,,NATCO PHARMA LTD.,918.75,932.0,910.0,912.5,910.5,917.55,,912.48,,,209740,192544881.55,19915,F1,1,,,,,
2026-08-06,2026-08-06,CM,NSE,STK,11065,INE448G01010,NATHBIOGEN,EQ,,,,,NATH BIO-GENES (I) LTD,164.31,165.92,158.2,160.88,160.0,164.75,,160.94,,,48707,7877676.52,585,F1,1,,,,,
2026-08-06,2026-08-06,CM,NSE,STK,6364,INE139A01034,NATIONALUM,EQ,,,,,NATIONAL ALUMINIUM CO LTD,385.0,385.05,376.5,381.0,381.0,381.0,,381.0,,,6636333,2519978803.6,69614,F1,1,,,,,
2026-08-06,2026-08-06,CM,NSE,STK,13925,INE870D01012,NFL,EQ,,,,,NATIONAL FERT. LTD,72.53,73.4,72.31,72.5,72.46,72.3,,72.49,,,379736,27580605.03,2413,F1,1,,,,,
2026-08-06,2026-08-06,CM,NSE,STK,762807,INE166R01015,NATIONSTD,EQ,,,,,NATIONAL STAND (INDIA) L,201.94,201.94,201.94,201.94,201.94,212.56,,202.06,,,4281,864505.14,153,F1,1,,,,,
2026-08-06,2026-08-06,CM,NSE,STK,29583,INE936B01015,NATCAPSUQ,EQ,,,,,NATURAL CAPSULES LIMITED,150.0,159.99,145.61,149.91,149.75,148.14,,150.0,,,27472,4190517.48,468,F1,1,,,,,
2026-08-06,2026-08-06,CM,NSE,STK,4014,INE725A01030,NAVA,EQ,,,,,NAVA LIMITED,582.0,600.45,580.0,594.2,593.2,582.0,,594.17,,,401360,236927108.65,17758,F1,1,,,,,
2026-08-06,2026-08-06,CM,NSE,STK,14672,INE048G01026,NAVINFLUOR,EQ,,,,,NAVIN FLUORINE INT. LTD,7950.0,8775.5,7834.5,8650.0,8619.0,7609.5,,8649.68,,,3853522,32151924086.5,393468,F1,1,,,,,
2026-08-06,2026-08-06,CM,NSE,STK,10557,INE278M01019,NAVKARCORP,EQ,,,,,NAVKAR CORPORATION LTD.,102.14,102.79,100.02,100.9,100.61,102.12,,100.89,,,380301,38556427.44,3091,F1,1,,,,,
2026-08-06,2026-08-06,CM,NSE,STK,29149,INE268H01044,NAVKARURB,BE,,,,,NAVKAR URBANSTRUCTURE LTD,1.04,1.04,1.0,1.01,1.02,1.01,,1.01,,,306954,309972.91,217,F1,1,,,,,
2026-08-06,2026-08-06,CM,NSE,STK,2385,INE060A01024,NAVNETEDUL,EQ,,,,,NAVNEET EDUCATION LTD,128.4,130.44,126.68,127.93,127.25,127.36,,127.93,,,352474,45173119.7,6445,F1,1,,,,,
2026-08-06,2026-08-06,CM,NSE,STK,2987,INE418L01047,NAZARA,EQ,,,,,NAZARA TECHNOLOGIES LTD,348.25,358.0,338.5,352.85,352.65,348.8,,352.87,,,5602341,1970354474.25,56937,F1,1,,,,,
2026-08-06,2026-08-06,CM,NSE,STK,31415,INE095N01031,NBCC,EQ,,,,,NBCC (INDIA) LIMITED,96.6,96.96,95.25,96.25,96.25,96.0,,96.25,,,6704370,645457157.66,31585,F1,1,,,,,
2026-08-06,2026-08-06,CM,NSE,STK,2319,INE868B01028,NCC,EQ,,,,,NCC LIMITED,144.0,144.4,142.4,143.73,143.52,143.57,,143.73,,,1093984,157249343.62,12822,F1,1,,,,,
2026-08-06,2026-08-06,CM,NSE,STK,14490,INE732C01016,NCLIND,EQ,,,,,NCL INDUSTRIES LIMITED,169.0,180.31,169.0,177.69,178.0,173.85,,177.62,,,72017,12743465.18,2400,F1,1,,,,,
2026-08-06,2026-08-06,CM,NSE,STK,14547,INE353A01023,NDLVENTURE,EQ,,,,,NDL VENTURES LIMITED,126.47,128.8,126.06,128.37,128.5,127.31,,128.37,,,4426,565981.03,112,F1,1,,,,,
2026-08-06,2026-08-06,CM,NSE,STK,22255,INE07OG01012,NDRAUTO,EQ,,,,,NDR AUTO COMPONENTS LTD,826.1,832.8,808.45,814.15,813.0,826.1,,814.07,,,18292,14990864.8,1414,F1,1,,,,,
2026-08-06,2026-08-06,CM,NSE,STK,11427,INE155G01029,NDTV,EQ,,,,,NDTV LTD,77.17,77.83,76.94,77.38,77.2,77.17,,77.39,,,64051,4958517.07,935,F1,1,,,,,
2026-08-06,2026-08-06,CM,NSE,STK,11930,INE023H01027,NECLIFE,BE,,,,,NECTAR LIFESCIENCES LTD.,10.43,10.73,10.4,10.5,10.45,10.61,,10.5,,,111259,1179117.08,316,F1,1,,,,,
2026-08-06,2026-08-06,CM,NSE,STK,27123,INE0N1401016,NEELAM,SM,,,,,NEELAM LINENS & GAR (I) L,8.85,8.85,8.85,8.85,8.85,9.25,,8.85,,,18000,159300.0,3,F1,6000,,,,,
2026-08-06,2026-08-06,CM,NSE,STK,762812,INE605D01012,NEAGI,EQ,,,,,NEELAMALAI AGRO INDS. L,3155.0,3155.0,3150.0,3150.0,3150.0,3165.0,,3150.0,,,28,88335.0,4,F1,1,,,,,
2026-08-06,2026-08-06,CM,NSE,STK,14761,INE189I01024,NELCAST,EQ,,,,,NELCAST LIMITED,125.97,125.97,124.0,124.6,124.75,125.94,,124.6,,,58388,7276748.4,2104,F1,1,,,,,
2026-08-06,2026-08-06,CM,NSE,STK,2388,INE045B01015,NELCO,EQ,,,,,NELCO LTD,992.0,1001.0,978.0,983.8,981.8,995.1,,983.87,,,168096,166561943.2,6535,F1,1,,,,,
2026-08-06,2026-08-06,CM,NSE,STK,760931,INE21UM01018,NEOCHEM,ST,,,,,NEOCHEM BIO SOLUTIONS LTD,89.5,94.0,89.5,93.85,94.0,90.75,,93.85,,,16800,1548840.0,14,F1,1200,,,,,
2026-08-06,2026-08-06,CM,NSE,STK,9917,INE136S01016,NEOGEN,EQ,,,,,NEOGEN CHEMICALS LIMITED,2012.0,2049.9,1984.6,2031.5,2027.5,2012.8,,2031.53,,,69468,140870119.4,12053,F1,1,,,,,
2026-08-06,2026-08-06,CM,NSE,STK,24353,INE0SUN01013,NEPHROCARE,ST,,,,,NEPHRO CARE INDIA LIMITED,72.2,72.2,72.2,72.2,72.2,68.8,,72.2,,,14000,1010800.0,15,F1,400,,,,,
2026-08-06,2026-08-06,CM,NSE,STK,760346,INE428V01029,NEPHROPLUS,EQ,,,,,NEPHROCARE HEALTH SERV L,711.0,711.0,690.0,691.65,690.75,709.9,,691.46,,,80857,56465589.55,7480,F1,1,,,,,
2026-08-06,2026-08-06,CM,NSE,STK,757493,INE156901014,NEPTUNE,SM,,,,,NEPTUNE PETROCHEMICALS L,178.3,185.5,178.3,185.4,185.4,184.95,,185.4,,,1500,274600.0,3,F1,500,,,,,
2026-08-06,2026-08-06,CM,NSE,STK,15409,INE317F01035,NESCO,EQ,,,,,NESCO LTD.,1059.0,1059.0,1040.8,1049.2,1041.9,1049.4,,1048.93,,,23204,24364102.8,1954,F1,1,,,,,
2026-08-06,2026-08-06,CM,NSE,STK,17963,INE239A01024,NESTLEIND,EQ,,,,,NESTLE INDIA LIMITED,1531.9,1535.0,1518.2,1535.0,1535.0,1520.0,,1534.85,,,1666312,2542987498.5,57074,F1,1,,,,,
2026-08-06,2026-08-06,CM,NSE,STK,20409,INE518X01015,CBAZAAR,ST,,,,,NET AVENUE TECHNOLOGIES L,5.75,5.75,5.75,5.75,5.75,6.05,,5.75,,,8000,46000.0,1,F1,8000,,,,,
2026-08-06,2026-08-06,CM,NSE,STK,17433,INE0NT901020,NETWEB,EQ,,,,,NETWEB TECH INDIA LTD,4900.0,4980.0,4783.0,4816.0,4791.0,4893.8,,4815.48,,,1117424,5463881784.5,81075,F1,1,,,,,
2026-08-06,2026-08-06,CM,NSE,STK,756324,INE0FFK01017,NPST,EQ,,,,,NETWORK PEOPLE SRV TECH L,1533.5,1543.8,1506.0,1511.0,1506.0,1539.6,,1511.3,,,12218,18562548.6,1502,F1,1,,,,,
2026-08-06,2026-08-06,CM,NSE,STK,14111,INE870H01013,NETWORK18,EQ,,,,,NETWORK18 MEDIA & INV LTD,29.5,30.19,29.29,29.91,29.96,29.6,,29.91,,,2837897,84592547.71,6549,F1,1,,,,,
2026-08-06,2026-08-06,CM,NSE,STK,2406,INE794A01010,NEULANDLAB,EQ,,,,,NEULAND LAB LTD.,21800.0,22490.0,21000.0,21543.0,21600.0,19956.0,,21525.72,,,929534,20144550838.0,251336,F1,1,,,,,
2026-08-06,2026-08-06,CM,NSE,STK,1164,INE619B01017,NEWGEN,EQ,,,,,NEWGEN SOFTWARE TECH LTD,560.0,565.2,540.0,542.4,544.0,556.55,,542.38,,,944921,519546940.5,22013,F1,1,,,,,
2026-08-06,2026-08-06,CM,NSE,STK,19161,INE0PW501021,NEWJAISA,ST,,,,,NEWJAISA TECHNOLOGIES LTD,16.35,16.4,16.35,16.4,16.4,15.65,,16.4,,,21000,343500.0,12,F1,1500,,,,,
2026-08-06,2026-08-06,CM,NSE,STK,9867,INE747B01016,NEXTMEDIA,EQ,,,,,NEXT MEDIAWORKS LIMITED,4.02,4.02,3.82,3.95,3.91,3.9,,3.95,,,2989,11819.67,40,F1,1,,,,,
2026-08-06,2026-08-06,CM,NSE,STK,15815,INE0NDH25011,NXST,RR,,,,,NEXUS SELECT TRUST,165.9,166.99,165.89,165.92,165.9,167.62,,165.92,,,574088,95308965.83,6306,F1,1,,,,,
2026-08-06,2026-08-06,CM,NSE,STK,763536,INE0T1501010,NFPSAMPOOR,SM,,,,,NFP SAMPOORNA FOODS LTD,23.1,23.25,22.8,23.1,23.0,23.45,,23.1,,,24000,551400.0,12,F1,2000,,,,,
2026-08-06,2026-08-06,CM,NSE,STK,10277,INE887E01022,NGLFINE,EQ,,,,,NGL FINE CHEM LIMITED,3426.0,3529.0,3350.1,3428.5,3380.0,3428.2,,3428.52,,,14595,50376334.9,3249,F1,1,,,,,
2026-08-06,2026-08-06,CM,NSE,STK,17400,INE848E01016,NHPC,EQ,,,,,NHPC LTD,78.24,78.57,77.5,77.5,77.5,78.6,,77.52,,,11610748,903393731.89,36293,F1,1,,,,,
2026-08-06,2026-08-06,CM,NSE,STK,29487,INE149O01018,NIBE,EQ,,,,,NIBE LIMITED,1397.2,1456.9,1386.8,1420.9,1430.0,1397.2,,1420.95,,,91687,130695581.5,7335,F1,1,,,,,
2026-08-06,2026-08-06,CM,NSE,STK,6592,INE0J6L01013,NIDAN,SM,,,,,NIDAN LABS AND HEALTH LTD,13.25,13.25,13.25,13.25,13.25,13.35,,13.25,,,1000,13250.0,1,F1,1000,,,,,
2026-08-06,2026-08-06,CM,NSE,STK,17747,INE342G01023,NIITMTS,EQ,,,,,NIIT LEARNING SYSTEMS LTD,247.3,251.68,241.0,243.55,241.3,247.6,,243.55,,,444326,110046313.87,6941,F1,1,,,,,
2026-08-06,2026-08-06,CM,NSE,STK,11522,INE161A01038,NIITLTD,EQ,,,,,NIIT LIMITED,98.99,99.8,97.28,98.09,98.1,98.6,,98.09,,,304795,29922851.65,2942,F1,1,,,,,
2026-08-06,2026-08-06,CM,NSE,STK,758178,INE0FLF01015,NIKITA,SM,,,,,NIKITA GRENTEC RECYCL LTD,74.0,74.0,74.0,74.0,74.0,74.0,,74.0,,,1200,88800.0,1,F1,1200,,,,,
2026-08-06,2026-08-06,CM,NSE,STK,9253,INE937C01029,NILAINFRA,EQ,,,,,NILA INFRASTRUCTURES LTD,7.42,7.86,7.31,7.63,7.46,7.51,,7.64,,,502024,3765011.55,762,F1,1,,,,,
2026-08-06,2026-08-06,CM,NSE,STK,7411,INE00S901012,NILASPACES,EQ,,,,,NILA SPACES LIMITED,12.38,12.48,12.13,12.17,12.21,12.27,,12.18,,,352015,4308724.75,698,F1,1,,,,,
2026-08-06,2026-08-06,CM,NSE,STK,762817,INE445D01013,NILE,EQ,,,,,NILE LTD.,1635.7,1648.8,1579.9,1595.0,1589.0,1630.1,,1595.85,,,8688,14063304.7,1199,F1,1,,,,,
2026-08-06,2026-08-06,CM,NSE,STK,2421,INE310A01015,NILKAMAL,EQ,,,,,NILKAMAL LIMITED,1810.3,1820.0,1760.0,1776.7,1760.0,1801.3,,1776.7,,,31568,56647011.7,3568,F1,1,,,,,
2026-08-06,2026-08-06,CM,NSE,STK,761723,INE875B01015,NIMBSPROJ,BE,,,,,NIMBUS PROJECTS LIMITED,182.0,196.0,181.0,181.0,181.0,189.0,,186.98,,,1111,201446.5,12,F1,1,,,,,
2026-08-06,2026-08-06,CM,NSE,STK,14197,INE395U01014,NINSYS,BE,,,,,NINTEC SYSTEMS LIMITED,717.65,735.3,698.15,734.9,735.25,721.25,,734.39,,,1736,1248356.75,116,F1,1,,,,,
2026-08-06,2026-08-06,CM,NSE,STK,11439,INF204KB15I9,BANKBEES,EQ,,,,,NIP IND ETF BANK BEES,596.31,601.0,595.0,600.16,599.86,596.31,,600.16,,,783588,469886224.62,5506,F1,1,,,,,
2026-08-06,2026-08-06,CM,NSE,STK,2435,INF204KA1LD7,CONSUMBEES,EQ,,,,,NIP IND ETF CONSUMPTION,135.9,136.19,135.3,135.47,135.6,135.86,,135.47,,,75710,10273966.12,1232,F1,1,,,,,
2026-08-06,2026-08-06,CM,NSE,STK,2636,INF204KA1MS3,DIVOPPBEES,EQ,,,,,NIP IND ETF DIV OPP,80.09,80.09,79.21,79.48,79.21,79.67,,79.48,,,37480,2982809.82,835,F1,1,,,,,
2026-08-06,2026-08-06,CM,NSE,STK,9847,INF204KB18I3,NV20BEES,EQ,,,,,NIP IND ETF ETF NV20,142.71,142.84,142.04,142.48,142.4,142.24,,142.48,,,17677,2519538.19,165,F1,1,,,,,
2026-08-06,2026-08-06,CM,NSE,STK,14428,INF204KB17I5,GOLDBEES,EQ,,,,,NIP IND ETF GOLD BEES,122.37,122.75,121.41,122.48,122.3,119.39,,122.48,,,36636415,4469556130.63,96376,F1,1,,,,,
2026-08-06,2026-08-06,CM,NSE,STK,18284,INF204KB19I1,HNGSNGBEES,EQ,,,,,NIP IND ETF HANGSENG BEES,488.99,489.99,481.55,486.98,487.89,489.41,,486.99,,,121500,59081564.73,4249,F1,1,,,,,
2026-08-06,2026-08-06,CM,NSE,STK,20072,INF732E01268,INFRABEES,EQ,,,,,NIP IND ETF INFRA BEES,974.11,979.57,974.11,977.36,978.0,974.15,,977.45,,,4864,4754504.19,399,F1,1,,,,,
2026-08-06,2026-08-06,CM,NSE,STK,19084,INF204KB15V2,ITBEES,EQ,,,,,NIP IND ETF IT,35.58,35.9,34.52,34.56,34.57,34.72,,34.56,,,7030542,244575027.02,13334,F1,1,,,,,
2026-08-06,2026-08-06,CM,NSE,STK,10939,INF732E01045,JUNIORBEES,EQ,,,,,NIP IND ETF JUNIOR BEES,810.6,810.6,803.8,807.25,808.0,805.74,,807.21,,,234994,189593936.16,7812,F1,1,,,,,
2026-08-06,2026-08-06,CM,NSE,STK,11006,INF732E01037,LIQUIDBEES,EQ,,,,,NIP IND ETF LIQUID BEES,1000.0,1000.01,999.99,999.99,1000.0,1000.0,,999.99,,,3520701,3520690438.27,4464,F1,1,,,,,
2026-08-06,2026-08-06,CM,NSE,STK,17700,INF204KB1882,LTGILTBEES,EQ,,,,,NIP IND ETF LONGTERM GILT,30.01,30.08,30.01,30.05,30.05,30.01,,30.05,,,740320,22245308.0,538,F1,1,,,,,
2026-08-06,2026-08-06,CM,NSE,STK,8506,INF204KB1V68,MID150BEES,EQ,,,,,NIP IND ETF MIDCAP 150,242.1,243.54,239.67,241.55,242.04,242.1,,241.55,,,1308249,316664277.84,7296,F1,1,,,,,
2026-08-06,2026-08-06,CM,NSE,STK,29577,INF204K014N5,NIF100BEES,EQ,,,,,NIP IND ETF NIFTY 100,273.33,274.23,270.6,272.82,274.0,273.33,,272.82,,,128942,35279067.99,1000,F1,1,,,,,
2026-08-06,2026-08-06,CM,NSE,STK,10576,INF204KB14I2,NIFTYBEES,EQ,,,,,NIP IND ETF NIFTY BEES,279.96,281.38,278.01,280.59,280.5,279.96,,280.59,,,4188159,1175668878.51,37740,F1,1,,,,,
2026-08-06,2026-08-06,CM,NSE,STK,15032,INF204KB16I7,PSUBNKBEES,EQ,,,,,NIP IND ETF PSU BANK BEES,95.39,97.7,95.35,97.35,97.0,95.4,,97.36,,,5668858,549926429.03,8230,F1,1,,,,,
2026-08-06,2026-08-06,CM,NSE,STK,17044,INF732E01128,SHARIABEES,EQ,,,,,NIP IND ETF SHARIAH BEES,475.99,478.84,472.7,473.9,473.0,475.14,,473.9,,,5204,2470759.55,367,F1,1,,,,,
2026-08-06,2026-08-06,CM,NSE,STK,357,INE298J01013,NAM-INDIA,EQ,,,,,NIPPON L I A M LTD,1214.1,1214.1,1189.7,1200.0,1200.0,1215.0,,1200.27,,,512681,614677377.6,20415,F1,1,,,,,
2026-08-06,2026-08-06,CM,NSE,STK,757725,INF204KC1FU1,LIQGRWBEES,EQ,,,,,NIPPONAMC - LIQGRWBEES,1049.82,1050.53,1049.82,1050.52,1050.51,1050.39,,1050.52,,,113541,119277708.65,247,F1,1,,,,,
2026-08-06,2026-08-06,CM,NSE,STK,758667,INF204KC1GH6,MANUFGBEES,EQ,,,,,NIPPONAMC - MANUFGBEES,169.96,169.96,166.11,166.8,166.9,166.3,,166.8,,,6854,1145201.24,71,F1,1,,,,,
2026-08-06,2026-08-06,CM,NSE,STK,7880,INF204KC1337,AUTOBEES,EQ,,,,,NIPPONAMC - NETFAUTO,303.23,304.7,300.54,301.21,302.5,303.23,,301.21,,,322531,97399159.61,3575,F1,1,,,,,
2026-08-06,2026-08-06,CM,NSE,STK,4973,INF204KC1089,PHARMABEES,EQ,,,,,NIPPONAMC - NETFPHARMA,28.01,28.01,27.0,27.29,27.26,27.33,,27.29,,,6465098,177290480.85,10572,F1,1,,,,,
2026-08-06,2026-08-06,CM,NSE,STK,8080,INF204KC1402,SILVERBEES,EQ,,,,,NIPPONAMC - NETFSILVER,213.53,215.46,213.2,214.53,214.35,213.39,,214.53,,,26982774,5788467956.63,66628,F1,1,,,,,
2026-08-06,2026-08-06,CM,NSE,STK,757455,INF204KC1EZ3,SNXT30BEES,EQ,,,,,NIPPONAMC - SNXT30BEES,44.14,44.14,43.79,43.8,43.8,43.61,,43.78,,,17677,777737.21,69,F1,1,,,,,
2026-08-06,2026-08-06,CM,NSE,STK,261,INE368I01016,NIRAJ,BE,,,,,NIRAJ CEMENT STRUC LTD,30.59,30.59,29.2,29.49,29.5,29.18,,29.49,,,56517,1701241.93,150,F1,1,,,,,
2026-08-06,2026-08-06,CM,NSE,STK,2433,INE910A01012,NIRLON,EQ,,,,,NIRLON LTD,624.2,624.2,619.9,620.95,622.0,621.5,,621.18,,,3756,2333337.6,180,F1,1,,,,,
2026-08-06,2026-08-06,CM,NSE,STK,14722,INE0OK701014,NIRMAN,SM,,,,,NIRMAN AGRI GENTICS LTD,33.8,36.6,30.6,36.55,36.6,33.3,,36.55,,,138000,4849620.0,220,F1,300,,,,,
2026-08-06,2026-08-06,CM,NSE,STK,13300,INE858F01012,NITCO,EQ,,,,,NITCO LIMITED,103.31,105.0,101.5,101.96,101.7,103.31,,101.96,,,360396,37101122.76,3051,F1,1,,,,,
2026-08-06,2026-08-06,CM,NSE,STK,13175,INE229H01012,NITINSPIN,EQ,,,,,NITIN SPINNERS LIMITED,579.6,590.0,570.1,572.35,570.1,578.55,,572.3,,,77582,44888555.75,3065,F1,1,,,,,
2026-08-06,2026-08-06,CM,NSE,STK,3247,INE439T01012,NITIRAJ,EQ,,,,,NITIRAJ ENGINEERS LTD,211.7,213.39,207.0,211.29,212.96,211.7,,211.29,,,3314,693204.99,97,F1,1,,,,,
2026-08-06,2026-08-06,CM,NSE,STK,762824,INE265B01019,NITTAGELA,EQ,,,,,NITTA GELATIN INDIA LTD.,1694.0,1720.0,1682.2,1695.5,1690.0,1674.3,,1695.63,,,5760,9808608.5,829,F1,1,,,,,
2026-08-06,2026-08-06,CM,NSE,STK,27097,INE995S01015,NIVABUPA,EQ,,,,,NIVA BUPA HEALTH INS CO L,87.52,87.78,86.82,87.18,87.15,87.54,,87.18,,,540098,47182389.72,5839,F1,1,,,,,
2026-08-06,2026-08-06,CM,NSE,STK,2439,INE542C01019,NKIND,EQ,,,,,NK INDUSTRIES LTD,60.5,63.0,60.5,63.0,63.0,60.29,,63.0,,,407,25226.3,9,F1,1,,,,,
2026-08-06,2026-08-06,CM,NSE,STK,8585,INE589A01014,NLCINDIA,EQ,,,,,NLC INDIA LIMITED,304.8,306.0,300.9,304.0,304.0,303.3,,303.99,,,1524983,463544887.5,33399,F1,1,,,,,
2026-08-06,2026-08-06,CM,NSE,STK,15332,INE584A01023,NMDC,EQ,,,,,NMDC LTD.,86.32,87.19,85.66,86.2,86.2,85.8,,86.19,,,26097300,2255964630.9,126102,F1,1,,,,,
2026-08-06,2026-08-06,CM,NSE,STK,14180,INE0NNS01018,NSLNISP,EQ,,,,,NMDC STEEL LIMITED,45.0,45.4,44.52,44.81,44.69,44.77,,44.81,,,3840820,172604675.72,13943,F1,1,,,,,
2026-08-06,2026-08-06,CM,NSE,STK,2442,INE163A01018,NOCIL,EQ,,,,,NOCIL LIMITED,173.25,174.78,169.3,170.71,171.0,172.99,,170.7,,,603320,103940788.83,7283,F1,1,,,,,
2026-08-06,2026-08-06,CM,NSE,STK,11214,INE781B01015,NOIDATOLL,BE,,,,,NOIDA TOLL BRIDGE CO LTD,4.57,4.57,4.33,4.38,4.38,4.43,,4.39,,,76487,334153.24,194,F1,1,,,,,
2026-08-06,2026-08-06,CM,NSE,STK,4160,INE369C01017,NORBTEAEXP,EQ,,,,,NORBEN TEA & EXPORTS LTD,66.4,66.6,65.31,65.52,65.5,66.69,,65.52,,,558,36626.14,15,F1,1,,,,,
2026-08-06,2026-08-06,CM,NSE,STK,13533,INE553C01016,NECCLTD,BE,,,,,NORTH EAST CARRY CORP LTD,15.03,15.44,15.03,15.14,15.2,15.25,,15.22,,,18608,281929.6,101,F1,1,,,,,
2026-08-06,2026-08-06,CM,NSE,STK,25426,INE850M01015,NORTHARC,EQ,,,,,NORTHERN ARC CAPITAL LTD,285.25,287.9,278.8,280.4,280.0,285.15,,280.37,,,373329,105604360.45,6012,F1,1,,,,,
2026-08-06,2026-08-06,CM,NSE,STK,22478,INE02H701025,NOVAAGRI,BE,,,,,NOVA AGRITECH LIMITED,22.98,23.38,22.98,23.06,23.03,23.09,,23.06,,,21582,498056.16,149,F1,1,,,,,
2026-08-06,2026-08-06,CM,NSE,STK,9007,INE234A01025,NOVARTIND,EQ,,,,,NOVARTIS INDIA LIMITED,1637.0,1681.6,1556.0,1609.7,1598.2,1634.9,,1609.19,,,27545,44395105.5,3549,F1,1,,,,,
2026-08-06,2026-08-06,CM,NSE,STK,7553,INE349A01021,NRBBEARING,EQ,,,,,NRB BEARING LIMITED,462.9,468.0,443.0,445.6,445.2,457.7,,445.63,,,715909,327378080.25,19557,F1,1,,,,,
2026-08-06,2026-08-06,CM,NSE,STK,29733,INE047O01014,NIBL,EQ,,,,,NRB INDUS. BEARINGS LTD.,36.4,36.97,34.0,34.04,34.0,36.4,,34.04,,,34526,1196276.21,824,F1,1,,,,,
2026-08-06,2026-08-06,CM,NSE,STK,27176,INE0ONG01011,NTPCGREEN,EQ,,,,,NTPC GREEN ENERGY LIMITED,90.74,91.66,90.42,91.33,91.4,90.66,,91.33,,,2298895,209331808.03,16128,F1,1,,,,,
2026-08-06,2026-08-06,CM,NSE,STK,11630,INE733E01010,NTPC,EQ,,,,,NTPC LTD,347.5,349.25,343.1,345.0,345.0,349.9,,344.99,,,10079779,3473637204.7,94325,F1,1,,,,,
2026-08-06,2026-08-06,CM,NSE,STK,10791,INE096B01018,NUCLEUS,EQ,,,,,NUCLEUS SOFTWARE EXPORTS,698.75,707.2,691.25,698.55,691.85,689.85,,698.35,,,27141,18956120.8,1829,F1,1,,,,,
2026-08-06,2026-08-06,CM,NSE,STK,13680,INE0JM501013,NRL,BE,,,,,NUPUR RECYCLERS LIMITED,115.36,115.36,115.36,115.36,115.36,113.1,,115.36,,,39063,4506307.68,198,F1,1,,,,,
2026-08-06,2026-08-06,CM,NSE,STK,2350,INE0DSF01015,NURECA,EQ,,,,,NURECA LIMITED,339.0,354.0,335.85,338.65,337.75,343.95,,338.66,,,34037,11711905.2,1861,F1,1,,,,,
2026-08-06,2026-08-06,CM,NSE,STK,18721,INE531F01023,NUVAMA,EQ,,,,,NUVAMA WEALTH MANAGE LTD,1676.5,1682.0,1642.4,1658.3,1672.8,1676.1,,1658.32,,,319925,531936399.5,20802,F1,1,,,,,
2026-08-06,2026-08-06,CM,NSE,STK,5426,INE118D01016,NUVOCO,EQ,,,,,NUVOCO VISTAS CORP LTD,347.75,357.6,346.25,352.85,352.0,346.1,,352.81,,,333539,117680648.3,14194,F1,1,,,,,
2026-08-06,2026-08-06,CM,NSE,STK,8797,INE426Z01016,OBCL,EQ,,,,,OBCL LIMITED,53.34,55.0,53.0,53.5,53.5,53.5,,53.5,,,9381,503444.69,40,F1,1,,,,,
2026-08-06,2026-08-06,CM,NSE,STK,20242,INE093I01010,OBEROIRLTY,EQ,,,,,OBEROI REALTY LIMITED,1807.5,1807.5,1772.3,1777.0,1777.0,1806.5,,1777.0,,,579391,1033162734.4,37097,F1,1,,,,,
2026-08-06,2026-08-06,CM,NSE,STK,25923,INE0YHV01011,OBSCP,SM,,,,,OBSC PERFECTION LIMITED,705.0,736.8,697.0,731.0,730.0,691.75,,731.0,,,175600,126270680.0,368,F1,400,,,,,
2026-08-06,2026-08-06,CM,NSE,STK,25920,INE0PK601023,OCCLLTD,BE,,,,,OCCL LIMITED,162.8,169.3,162.8,162.8,162.8,171.36,,162.84,,,291836,47696225.8,1003,F1,1,,,,,
2026-08-06,2026-08-06,CM,NSE,STK,27575,INE054301028,ODIGMA,BE,,,,,ODIGMA CONSULTANCY SOL L,22.9,23.5,22.9,23.14,23.37,22.98,,23.09,,,4243,98200.05,176,F1,1,,,,,
2026-08-06,2026-08-06,CM,NSE,STK,2475,INE213A01029,ONGC,EQ,,,,,OIL AND NATURAL GAS CORP.,241.4,241.4,236.5,237.8,237.8,240.2,,237.8,,,13959109,3316771822.69,120231,F1,1,,,,,
2026-08-06,2026-08-06,CM,NSE,STK,8109,INE591A01010,OILCOUNTUB,BE,,,,,OIL COUNTRY TUBULAR LTD.,60.84,61.8,58.5,60.01,60.01,60.84,,60.0,,,21092,1264919.9,128,F1,1,,,,,
2026-08-06,2026-08-06,CM,NSE,STK,17438,INE274J01014,OIL,EQ,,,,,OIL INDIA LTD,444.0,447.0,440.65,444.0,444.0,444.0,,444.16,,,1670224,741292454.65,22899,F1,1,,,,,
2026-08-06,2026-08-06,CM,NSE,STK,24777,INE0LXG01040,OLAELEC,EQ,,,,,OLA ELECTRIC MOBILITY LTD,41.7,41.9,41.14,41.44,41.36,41.44,,41.44,,,45760166,1899023378.63,82189,F1,1,,,,,
2026-08-06,2026-08-06,CM,NSE,STK,10637,INE260D01016,OLECTRA,EQ,,,,,OLECTRA GREENTECH LIMITED,1405.0,1421.0,1384.4,1399.4,1390.0,1399.4,,1399.53,,,486029,684494888.1,22413,F1,1,,,,,
2026-08-06,2026-08-06,CM,NSE,STK,759412,INE1BZC01019,OMFREIGHT,BE,,,,,OM FREIGHT FORWARDERS LTD,86.5,90.1,84.0,89.29,90.0,87.67,,89.33,,,28215,2466891.11,296,F1,1,,,,,
2026-08-06,2026-08-06,CM,NSE,STK,24231,INE239D01028,OMINFRAL,EQ,,,,,OM INFRA LIMITED,90.13,91.08,89.13,89.67,89.47,89.36,,89.67,,,62719,5644319.81,1975,F1,1,,,,,
2026-08-06,2026-08-06,CM,NSE,STK,762432,INE25E901019,OMPOWER,EQ,,,,,OM POWER TRANSMISSION LTD,167.85,176.5,167.85,172.57,171.1,169.04,,172.6,,,183875,31822021.82,2583,F1,1,,,,,
2026-08-06,2026-08-06,CM,NSE,STK,14125,INE090B01011,OMAXAUTO,BE,,,,,OMAX AUTOS LTD,195.99,199.96,183.25,192.6,194.2,190.44,,192.41,,,54805,10713149.2,544,F1,1,,,,,
2026-08-06,2026-08-06,CM,NSE,STK,14853,INE800H01010,OMAXE,EQ,,,,,OMAXE LIMITED,85.66,89.0,85.56,87.35,88.3,85.74,,87.35,,,290880,25296673.74,1992,F1,1,,,,,
2026-08-06,2026-08-06,CM,NSE,STK,120,INE338Y01016,OMFURN,ST,,,,,OMFURN INDIA LIMITED,63.15,63.15,63.0,63.1,63.1,65.3,,63.1,,,7200,453900.0,6,F1,1200,,,,,
2026-08-06,2026-08-06,CM,NSE,STK,760865,INE0UH301010,OMNI,EQ,,,,,OMNITECH ENGINEERING LTD,752.1,764.85,604.25,627.05,619.0,732.6,,626.96,,,11785459,7767904683.45,339009,F1,1,,,,,
2026-08-06,2026-08-06,CM,NSE,STK,19692,INE00ER01015,ONDOOR,SM,,,,,ON DOOR CONCEPTS LIMITED,249.0,255.9,243.0,249.95,249.95,247.5,,249.95,,,7200,1792620.0,21,F1,300,,,,,
2026-08-06,2026-08-06,CM,NSE,STK,6705,INE982J01020,PAYTM,EQ,,,,,ONE 97 COMMUNICATIONS LTD,1429.0,1459.5,1421.0,1442.0,1442.0,1429.0,,1442.22,,,3673541,5307660853.2,97172,F1,1,,,,,
2026-08-06,2026-08-06,CM,NSE,STK,28046,INE0HLU01028,MOBIKWIK,EQ,,,,,ONE MOBIKWIK SYSTEMS LTD,204.75,207.64,203.0,204.43,203.65,203.33,,204.45,,,1305611,268061229.23,13477,F1,1,,,,,
2026-08-06,2026-08-06,CM,NSE,STK,9939,INE840Y01029,ONEPOINT,EQ,,,,,ONE POINT ONE SOL LTD,57.43,57.43,56.19,57.1,57.15,57.19,,57.09,,,537856,30649047.11,2599,F1,1,,,,,
2026-08-06,2026-08-06,CM,NSE,STK,19433,INE0OPS01011,OLIL,ST,,,,,ONECLICK LOGISTICS IND L,419.0,419.0,416.9,417.0,417.0,408.5,,417.0,,,4400,1835280.0,5,F1,400,,,,,
2026-08-06,2026-08-06,CM,NSE,STK,25496,INE912L01015,ONELIFECAP,BE,,,,,ONELIFE CAP ADVISORS LTD,34.15,34.15,33.75,33.78,34.1,34.15,,33.82,,,19195,649850.68,33,F1,1,,,,,
2026-08-06,2026-08-06,CM,NSE,STK,763294,INE12F801023,KISSHT,EQ,,,,,ONEMI TECHNOLOGY SOL LTD,309.0,316.05,302.2,304.35,303.0,307.8,,304.35,,,951002,294582482.95,21109,F1,1,,,,,
2026-08-06,2026-08-06,CM,NSE,STK,29224,INE013P01021,ONESOURCE,EQ,,,,,ONESOURCE SPECL PHARMA L,1555.7,1570.0,1535.0,1557.1,1550.0,1553.7,,1556.4,,,200704,310848299.2,15837,F1,1,,,,,
2026-08-06,2026-08-06,CM,NSE,STK,6853,INE831A01028,ONIDA,BE,,,,,ONIDA ELECTRONICS LIMITED,37.2,37.5,36.9,36.98,36.9,37.52,,36.98,,,218612,8126381.84,485,F1,1,,,,,
2026-08-06,2026-08-06,CM,NSE,STK,15282,INE809I01019,ONMOBILE,BE,,,,,ONMOBILE GLOBAL LTD.,72.8,72.8,69.74,71.09,71.0,73.39,,71.11,,,168674,12073680.86,943,F1,1,,,,,
2026-08-06,2026-08-06,CM,NSE,STK,2481,INE229A01017,ONWARDTEC,EQ,,,,,ONWARD TECHNOLOGIES LTD,275.0,285.45,275.0,278.6,278.1,281.55,,278.61,,,81147,22685784.85,2495,F1,1,,,,,
2026-08-06,2026-08-06,CM,NSE,STK,27143,INE0WVU01018,ONYX,ST,,,,,ONYX BIOTEC LIMITED,48.6,49.5,46.2,46.25,46.2,48.4,,46.25,,,26000,1264200.0,10,F1,2000,,,,,
2026-08-06,2026-08-06,CM,NSE,STK,21469,INE350C01017,OPTIEMUS,EQ,,,,,OPTIEMUS INFRACOM LTD,590.0,615.3,576.0,581.2,576.0,590.45,,581.27,,,340961,203299997.9,14124,F1,1,,,,,
2026-08-06,2026-08-06,CM,NSE,STK,758903,INE15B101011,OPTIVALUE,ST,,,,,OPTIVALUE TEK CONSULT LTD,154.55,160.0,150.15,157.55,156.75,154.55,,157.55,,,280000,43298080.0,93,F1,1600,,,,,
2026-08-06,2026-08-06,CM,NSE,STK,10738,INE881D01027,OFSS,EQ,,,,,ORACLE FIN SERV SOFT LTD.,11800.0,11898.0,11642.0,11735.0,11735.0,11759.0,,11734.95,,,225914,2654221221.0,27739,F1,1,,,,,
2026-08-06,2026-08-06,CM,NSE,STK,31479,INE231G01010,ORBTEXP,BE,,,,,ORBIT EXPORTS LIMITED,244.0,254.0,244.0,249.94,250.0,249.93,,249.96,,,94041,23473848.29,198,F1,1,,,,,
2026-08-06,2026-08-06,CM,NSE,STK,29492,INE215B01022,ORCHASP,EQ,,,,,ORCHASP LIMITED,1.6,1.61,1.56,1.59,1.61,1.61,,1.59,,,135330,214455.39,267,F1,1,,,,,
2026-08-06,2026-08-06,CM,NSE,STK,926,INE191A01027,ORCHPHARMA,EQ,,,,,ORCHID PHARMA LIMITED,998.95,1015.65,985.1,997.55,990.0,990.35,,997.57,,,49403,49303772.0,6501,F1,1,,,,,
2026-08-06,2026-08-06,CM,NSE,STK,17882,INE0OUT01019,ORIANA,SM,,,,,ORIANA POWER LIMITED,1452.35,1493.0,1378.0,1468.15,1492.5,1430.65,,1468.15,,,121800,173443436.25,1284,F1,75,,,,,
2026-08-06,2026-08-06,CM,NSE,STK,10159,INE730A01022,ORICONENT,EQ,,,,,ORICON ENTERPRISES LTD,53.1,55.24,53.1,54.27,54.78,53.73,,54.28,,,11349,615708.53,227,F1,1,,,,,
2026-08-06,2026-08-06,CM,NSE,STK,14278,INE607D01018,ORIENTBELL,EQ,,,,,ORIENT BELL LIMITED,314.0,318.7,314.0,315.55,314.0,314.9,,315.48,,,14448,4560564.2,361,F1,1,,,,,
2026-08-06,2026-08-06,CM,NSE,STK,30089,INE876N01018,ORIENTCEM,EQ,,,,,ORIENT CEMENT LTD.,140.58,140.58,137.7,138.17,138.45,140.36,,138.17,,,163893,22708113.12,1983,F1,1,,,,,
2026-08-06,2026-08-06,CM,NSE,STK,13111,INE569C01020,ORIENTCER,EQ,,,,,ORIENT CERATECH LIMITED,40.9,41.7,40.53,41.43,41.45,41.23,,41.43,,,17181,707542.17,219,F1,1,,,,,
2026-08-06,2026-08-06,CM,NSE,STK,2972,INE142Z01019,ORIENTELEC,EQ,,,,,ORIENT ELECTRIC LIMITED,179.93,182.51,175.5,178.23,177.66,179.82,,178.23,,,3641753,648933831.53,10574,F1,1,,,,,
2026-08-06,2026-08-06,CM,NSE,STK,20110,INE999K01014,GREENPOWER,EQ,,,,,ORIENT GREEN POWER CO LTD,10.0,10.06,9.9,9.93,9.9,10.0,,9.93,,,1841622,18350917.72,3332,F1,1,,,,,
2026-08-06,2026-08-06,CM,NSE,STK,2493,INE750A01020,ORIENTHOT,EQ,,,,,ORIENT HOTELS LTD,130.94,131.25,126.88,128.77,128.52,131.3,,128.78,,,370636,47846172.21,4882,F1,1,,,,,
2026-08-06,2026-08-06,CM,NSE,STK,2496,INE592A01026,ORIENTPPR,EQ,,,,,ORIENT PAPER AND INDS LTD,19.39,19.39,18.7,18.83,18.7,18.88,,18.83,,,320033,6092267.76,899,F1,1,,,,,
2026-08-06,2026-08-06,CM,NSE,STK,18211,INE609C01024,ORIENTLTD,BE,,,,,ORIENT PRESS LIMITED,78.65,78.7,76.55,78.5,78.7,78.0,,78.5,,,3386,263455.09,34,F1,1,,,,,
2026-08-06,2026-08-06,CM,NSE,STK,24961,INE0PPK01015,ORIENTTECH,EQ,,,,,ORIENT TECHNOLOGIES LTD,260.9,262.95,259.0,259.6,259.05,260.7,,259.6,,,179170,46682450.8,3584,F1,1,,,,,
2026-08-06,2026-08-06,CM,NSE,STK,10768,INE959C01023,OAL,EQ,,,,,ORIENTAL AROMATICS LTD,376.15,383.9,372.3,380.95,380.0,376.15,,380.93,,,8141,3092847.3,473,F1,1,,,,,
2026-08-06,2026-08-06,CM,NSE,STK,14346,INE998H01012,ORIENTALTL,EQ,,,,,ORIENTAL TRIMEX LTD,5.44,5.44,5.11,5.15,5.2,5.14,,5.15,,,70513,364756.26,204,F1,1,,,,,
2026-08-06,2026-08-06,CM,NSE,STK,19931,INE725E01024,ORISSAMINE,EQ,,,,,ORISSA MIN DEV CO LTD,4480.0,4617.0,4231.6,4320.2,4275.0,4411.7,,4319.4,,,41906,188287105.3,5983,F1,1,,,,,
2026-08-06,2026-08-06,CM,NSE,STK,759569,INE16NZ01023,ORKLAINDIA,EQ,,,,,ORKLA INDIA LIMITED,574.9,574.9,557.0,559.35,558.05,571.05,,559.48,,,104535,58759251.15,11041,F1,1,,,,,
2026-08-06,2026-08-06,CM,NSE,STK,13321,INE849L01019,ORTEL,BZ,,,,,ORTEL COMMUNICATIONS LTD,2.13,2.13,2.1,2.13,2.13,2.03,,2.13,,,32253,68658.03,60,F1,1,,,,,
2026-08-06,2026-08-06,CM,NSE,STK,2980,INE749B01020,ORTINGLOBE,BE,,,,,ORTIN GLOBAL LIMITED,15.15,15.3,14.4,15.2,15.28,15.15,,15.2,,,24376,360607.01,37,F1,1,,,,,
2026-08-06,2026-08-06,CM,NSE,STK,25386,INE0RMF01018,OSELDEVICE,SM,,,,,OSEL DEVICES LIMITED,417.0,417.0,403.0,408.25,408.0,417.5,,408.25,,,11200,4573700.0,43,F1,200,,,,,
2026-08-06,2026-08-06,CM,NSE,STK,12643,INE06IR01021,OSIAHYPER,BE,,,,,OSIA HYPER RETAIL LIMITED,2.81,2.87,2.67,2.75,2.76,2.81,,2.75,,,1131519,3074130.2,907,F1,1,,,,,
2026-08-06,2026-08-06,CM,NSE,STK,2514,INE142A01012,OSWALAGRO,EQ,,,,,OSWAL AGRO MILLS LTD,41.5,44.6,41.0,42.57,42.54,41.06,,42.56,,,137065,5917863.45,773,F1,1,,,,,
2026-08-06,2026-08-06,CM,NSE,STK,471,INE143A01010,OSWALGREEN,EQ,,,,,OSWAL GREENTECH LIMITED,21.91,22.9,21.91,22.07,22.15,22.0,,22.06,,,183499,4099598.86,980,F1,1,,,,,
2026-08-06,2026-08-06,CM,NSE,STK,756802,INE0BYP01024,OSWALPUMPS,EQ,,,,,OSWAL PUMPS LIMITED,327.95,334.75,321.0,322.95,323.0,326.25,,322.95,,,598566,194734464.35,12564,F1,1,,,,,
2026-08-06,2026-08-06,CM,NSE,STK,22914,INE0R8M01017,OWAIS,ST,,,,,OWAIS METAL & MINERAL,92.65,92.65,90.05,91.65,92.0,92.85,,91.65,,,32600,2985405.0,156,F1,100,,,,,
2026-08-06,2026-08-06,CM,NSE,STK,25312,INE953R01016,PNGJL,EQ,,,,,P N GADGIL JEWELLERS LTD,662.0,662.0,627.1,635.2,630.0,658.75,,635.21,,,1623242,1028916207.3,50255,F1,1,,,,,
2026-08-06,2026-08-06,CM,NSE,STK,29665,INE0XUS01020,PSRAJ,ST,,,,,P S RAJ STEELS LIMITED,77.15,77.15,77.15,77.15,77.15,80.95,,77.15,,,2500,192875.0,1,F1,2500,,,,,
2026-08-06,2026-08-06,CM,NSE,STK,2535,INE179A01014,PGHH,EQ,,,,,P&G HYGIENE & HEALTH CARE,8484.5,8599.0,8462.0,8484.0,8487.0,8484.5,,8484.67,,,18092,154091542.5,4644,F1,1,,,,,
2026-08-06,2026-08-06,CM,NSE,STK,759342,INE0S3G01027,PACEDIGITK,EQ,,,,,PACE DIGITEK LIMITED,191.5,193.9,186.0,186.92,186.49,200.82,,186.93,,,4403814,832690822.61,38555,F1,1,,,,,
2026-08-06,2026-08-06,CM,NSE,STK,14413,INE761H01022,PAGEIND,EQ,,,,,PAGE INDUSTRIES LTD,40175.0,40200.0,39765.0,40050.0,40050.0,40355.0,,40050.0,,,15718,627480920.0,7571,F1,1,,,,,
2026-08-06,2026-08-06,CM,NSE,STK,25468,INE420C01059,PAISALO,EQ,,,,,PAISALO DIGITAL LIMITED,69.5,71.45,68.48,68.98,69.25,69.14,,68.98,,,18177924,1267305215.64,34627,F1,1,,,,,
2026-08-06,2026-08-06,CM,NSE,STK,17197,INE551D01018,PAKKA,EQ,,,,,PAKKA LIMITED,72.75,73.59,72.0,72.15,72.0,72.84,,72.15,,,21974,1596217.96,907,F1,1,,,,,
2026-08-06,2026-08-06,CM,NSE,STK,21383,INE471W01019,PALASHSECU,EQ,,,,,PALASH SECURITIES LTD,87.51,87.98,85.25,87.1,87.0,88.55,,87.1,,,3530,305681.72,63,F1,1,,,,,
2026-08-06,2026-08-06,CM,NSE,STK,17059,INE218G01033,PALREDTEC,BE,,,,,PALRED TECHNOLOGIES LTD,47.61,48.8,47.6,47.66,48.8,47.5,,47.66,,,826,39334.05,6,F1,1,,,,,
2026-08-06,2026-08-06,CM,NSE,STK,4055,INE922B01023,PANACEABIO,EQ,,,,,PANACEA BIOTEC LTD,421.9,429.65,412.55,418.65,419.1,418.85,,418.62,,,199352,83786697.85,5433,F1,1,,,,,
2026-08-06,2026-08-06,CM,NSE,STK,16355,INE895W01019,PANACHE,BE,,,,,PANACHE DIGILIFE LIMITED,447.8,447.8,436.0,442.85,440.0,440.0,,442.85,,,11714,5172501.65,94,F1,1,,,,,
2026-08-06,2026-08-06,CM,NSE,STK,25392,INE305C01029,PANAMAPET,EQ,,,,,PANAMA PETROCHEM LTD,477.95,500.7,472.35,494.95,495.0,455.2,,494.96,,,1103047,547001723.95,15078,F1,1,,,,,
2026-08-06,2026-08-06,CM,NSE,STK,6141,INE697V01011,PANSARI,EQ,,,,,PANSARI DEVELOPERS LTD,323.65,333.0,323.65,329.25,327.0,333.2,,329.25,,,815,268409.8,50,F1,1,,,,,
2026-08-06,2026-08-06,CM,NSE,STK,5631,INE04LG01015,PAR,EQ,,,,,PAR DRUGS AND CHEM LTD,98.11,101.74,98.0,100.92,99.52,98.89,,100.92,,,3011,300301.99,95,F1,1,,,,,
2026-08-06,2026-08-06,CM,NSE,STK,9741,INE088F01024,PARADEEP,EQ,,,,,PARADEEP PHOSPHATES LTD,146.98,149.0,145.8,148.13,148.02,146.71,,148.13,,,2908697,429313107.86,18527,F1,1,,,,,
2026-08-06,2026-08-06,CM,NSE,STK,17130,INE883N01014,PARAGMILK,EQ,,,,,PARAG MILK FOODS LTD.,231.0,233.0,220.54,225.99,224.0,227.54,,225.95,,,504483,115391758.61,9078,F1,1,,,,,
2026-08-06,2026-08-06,CM,NSE,STK,19779,INE0N4G01012,PARAGON,SM,,,,,PARAGON FINE S.C. LTD.,52.0,52.0,49.0,49.0,49.0,48.55,,49.0,,,4800,241200.0,4,F1,1200,,,,,
2026-08-06,2026-08-06,CM,NSE,STK,13951,INE074B01023,PARACABLES,EQ,,,,,PARAMOUNT COMM LTD,64.85,67.3,64.27,66.05,66.0,64.36,,66.05,,,1588245,104881482.7,10288,F1,1,,,,,
2026-08-06,2026-08-06,CM,NSE,STK,5911,INE045601023,PARAS,EQ,,,,,PARAS DEF AND SPCE TECH L,1295.3,1340.0,1272.2,1316.7,1310.5,1295.3,,1316.72,,,1491316,1970476313.8,52607,F1,1,,,,,
2026-08-06,2026-08-06,CM,NSE,STK,3972,INE162C01024,PARASPETRO,EQ,,,,,PARAS PETROFILS LTD.,2.63,2.75,2.63,2.72,2.72,2.62,,2.72,,,531101,1441786.4,693,F1,1,,,,,
2026-08-06,2026-08-06,CM,NSE,STK,5460,INE00U801010,PARIN,SM,,,,,PARIN ENTERPRISES LIMITED,705.0,720.0,697.0,706.0,718.0,718.65,,706.0,,,9250,6528125.0,27,F1,250,,,,,
2026-08-06,2026-08-06,CM,NSE,STK,760351,INE119201023,PARKHOSPS,EQ,,,,,PARK MEDI WORLD LIMITED,286.0,293.9,285.0,292.25,291.0,284.85,,292.21,,,701450,203822061.4,10925,F1,1,,,,,
2026-08-06,2026-08-06,CM,NSE,STK,22649,INE988S01028,PARKHOTELS,EQ,,,,,PARKHOTELS,121.53,122.89,120.25,120.93,120.25,122.08,,120.93,,,110296,13377470.32,1791,F1,1,,,,,
2026-08-06,2026-08-06,CM,NSE,STK,13795,INE561H01026,PARSVNATH,BE,,,,,PARSVNATH DEVELOPER LTD,1.68,1.68,1.68,1.68,1.68,1.71,,1.67,,,129153,216977.04,149,F1,1,,,,,
2026-08-06,2026-08-06,CM,NSE,STK,758217,INE1H7V01011,PARTH,SM,,,,,PARTH ELEC & ENG LTD,530.0,530.0,516.0,517.25,516.0,528.0,,517.25,,,4800,2501900.0,12,F1,400,,,,,
2026-08-06,2026-08-06,CM,NSE,STK,2599,INE06ZX01015,PARTYCRUS,SM,,,,,PARTY CRUISERS LIMITED,88.8,88.8,88.8,88.8,88.8,85.5,,88.8,,,1000,88800.0,1,F1,1000,,,,,
2026-08-06,2026-08-06,CM,NSE,STK,757955,INE124Y01028,PASHUPATI,EQ,,,,,PASHUPATI COTSPIN LIMITED,85.81,89.02,84.15,85.07,84.86,84.63,,85.07,,,793990,67838725.37,5220,F1,1,,,,,
2026-08-06,2026-08-06,CM,NSE,STK,6048,INE818B01023,PASUPTAC,BE,,,,,PASUPATI ACRYLON LIMITED,62.3,62.9,59.11,59.67,59.95,61.79,,59.67,,,62558,3841671.83,294,F1,1,,,,,
2026-08-06,2026-08-06,CM,NSE,STK,17029,INE619A01035,PATANJALI,EQ,,,,,PATANJALI FOODS LIMITED,356.5,358.5,349.55,355.0,355.0,357.0,,355.0,,,1987849,703724176.4,133957,F1,1,,,,,
2026-08-06,2026-08-06,CM,NSE,STK,11699,INE244B01030,PATELENG,EQ,,,,,PATEL ENGINEERING LTD.,28.77,28.98,28.5,28.79,28.75,28.77,,28.79,,,2421806,69468054.46,6523,F1,1,,,,,
2026-08-06,2026-08-06,CM,NSE,STK,15223,INE529D01014,PATINTLOG,BE,,,,,PATEL INT. LOG. LTD,14.62,14.88,14.55,14.79,14.79,14.55,,14.74,,,85157,1256348.17,131,F1,1,,,,,
2026-08-06,2026-08-06,CM,NSE,STK,759439,INE0R8B01010,PATELRMART,EQ,,,,,PATEL RETAIL LIMITED,224.2,226.39,219.51,221.02,220.11,224.53,,221.01,,,54814,12202267.52,1392,F1,1,,,,,
2026-08-06,2026-08-06,CM,NSE,STK,756966,INE17GV01016,PATILAUTOM,ST,,,,,PATIL AUTOMATION LIMITED,194.95,200.75,190.0,200.75,200.75,191.2,,200.75,,,67200,13282740.0,91,F1,600,,,,,
2026-08-06,2026-08-06,CM,NSE,STK,762834,INE291E01019,PML,EQ,,,,,PAUL MERCHANTS LTD.,511.25,511.25,490.4,506.25,507.8,511.55,,506.25,,,452,225598.55,40,F1,1,,,,,
2026-08-06,2026-08-06,CM,NSE,STK,759969,INE111F01024,PAUSHAKLTD,EQ,,,,,PAUSHAK LIMITED,715.0,719.3,685.25,691.7,685.25,712.55,,691.45,,,43267,30171332.6,3107,F1,1,,,,,
2026-08-06,2026-08-06,CM,NSE,STK,16192,INE07S101038,PAVNAIND,EQ,,,,,PAVNA INDUSTRIES LIMITED,17.13,19.77,17.13,19.09,19.01,17.42,,19.09,,,198768,3746086.62,981,F1,1,,,,,
2026-08-06,2026-08-06,CM,NSE,STK,6656,INE417T01026,POLICYBZR,EQ,,,,,PB FINTECH LIMITED,1665.0,1673.9,1578.4,1599.0,1599.0,1620.0,,1598.99,,,4221823,6868166802.9,106948,F1,1,,,,,
2026-08-06,2026-08-06,CM,NSE,STK,29124,INE785M01021,PCJEWELLER,EQ,,,,,PC JEWELLER LTD,9.78,9.79,9.59,9.68,9.68,9.8,,9.68,,,117626538,1136346842.23,38043,F1,1,,,,,
2026-08-06,2026-08-06,CM,NSE,STK,2649,INE602A01031,PCBL,EQ,,,,,PCBL CHEMICAL LIMITED,328.9,335.9,322.15,324.8,324.9,329.45,,324.81,,,1290431,427428906.2,21741,F1,1,,,,,
2026-08-06,2026-08-06,CM,NSE,STK,5264,INE111Q01021,PDSL,EQ,,,,,PDS LIMITED,363.0,363.9,354.1,358.05,356.85,357.8,,358.06,,,67265,24214528.25,2646,F1,1,,,,,
2026-08-06,2026-08-06,CM,NSE,STK,14260,INE940H01022,PGIL,EQ,,,,,PEARL GLOBAL IND LIMITED,2150.0,2248.1,2065.1,2221.5,2220.0,2104.5,,2221.25,,,642491,1395947128.5,60530,F1,1,,,,,
2026-08-06,2026-08-06,CM,NSE,STK,8188,INE844A01013,PEARLPOLY,BE,,,,,PEARL POLYMERS LTD,17.35,17.35,16.05,16.35,16.8,16.67,,16.35,,,6045,101165.4,41,F1,1,,,,,
2026-08-06,2026-08-06,CM,NSE,STK,25408,INE0VG601013,PELATRO,SM,,,,,PELATRO LIMITED,291.1,291.1,278.2,281.8,284.15,305.75,,281.8,,,4500,1277910.0,14,F1,300,,,,,
2026-08-06,2026-08-06,CM,NSE,STK,5358,INE138A01028,PENINLAND,BE,,,,,PENINSULA LAND LIMITED,16.44,16.44,16.44,16.44,16.44,16.12,,16.44,,,63178,1038646.32,69,F1,1,,,,,
2026-08-06,2026-08-06,CM,NSE,STK,20621,INE932A01024,PENIND,EQ,,,,,PENNAR INDUSTRIES LTD,165.5,166.59,161.56,162.66,161.92,165.7,,162.65,,,438861,71728198.35,4065,F1,1,,,,,
2026-08-06,2026-08-06,CM,NSE,STK,758121,INE925S01012,PERFECT,SZ,,,,,PERFECT INFRAENGINEER LTD,2.65,2.65,2.65,2.65,2.65,2.75,,2.65,,,129000,341850.0,11,F1,3000,,,,,
2026-08-06,2026-08-06,CM,NSE,STK,18365,INE262H01021,PERSISTENT,EQ,,,,,PERSISTENT SYSTEMS LTD,5520.0,5572.0,5459.5,5459.5,5459.5,5520.0,,5459.99,,,239382,1318315649.0,20496,F1,1,,,,,
2026-08-06,2026-08-06,CM,NSE,STK,24290,INE998U01015,PCCL,SM,,,,,PETRO CARBON AND CHEMI L,300.0,304.9,296.0,296.0,296.0,302.1,,296.0,,,28800,8668760.0,50,F1,400,,,,,
2026-08-06,2026-08-06,CM,NSE,STK,11351,INE347G01014,PETRONET,EQ,,,,,PETRONET LNG LIMITED,281.0,282.8,276.95,276.95,276.95,280.8,,276.95,,,1356475,379543786.6,26447,F1,1,,,,,
2026-08-06,2026-08-06,CM,NSE,STK,760824,INE134E07DJ3,PFCL41A,NE,,,,,PFCL 0% 2041 SR V,954.0,954.0,954.0,954.0,954.0,954.0,,954.0,,,110,104940.0,3,F1,1,,,,,
2026-08-06,2026-08-06,CM,NSE,STK,760801,INE134E07DP0,7PFCL31,N3,,,,,PFCL 7.00% 2031 SR I,1000.01,1000.01,1000.01,1000.01,1000.01,1000.0,,1000.01,,,115,115001.15,3,F1,1,,,,,
2026-08-06,2026-08-06,CM,NSE,STK,760804,INE134E07DO3,720PFCL36,N6,,,,,PFCL 7.20% 2036 SR II,835.0,1015.0,835.0,1015.0,1015.0,1009.99,,1015.0,,,3,2865.0,3,F1,1,,,,,
2026-08-06,2026-08-06,CM,NSE,STK,760810,INE134E07DU0,730PFCL41,NC,,,,,PFCL 7.30% 2041 SR IV,983.01,986.01,983.01,986.01,986.01,978.16,,986.01,,,124,122213.14,3,F1,1,,,,,
2026-08-06,2026-08-06,CM,NSE,STK,2643,INE182A01018,PFIZER,EQ,,,,,PFIZER LTD,4932.0,4934.6,4875.0,4900.0,4903.0,4908.0,,4900.03,,,16772,82249686.2,3666,F1,1,,,,,
2026-08-06,2026-08-06,CM,NSE,STK,25358,INE457L01029,PGEL,EQ,,,,,PG ELECTROPLAST LTD,607.7,616.2,597.0,609.75,609.75,603.0,,609.72,,,2646585,1612576728.55,32751,F1,1,,,,,
2026-08-06,2026-08-06,CM,NSE,STK,11612,INE0MLZ01019,PHANTOMFX,SM,,,,,PHANTOM DIGITAL EFF LTD,164.3,168.0,164.0,165.0,165.0,164.15,,165.0,,,14100,2338605.0,33,F1,300,,,,,
2026-08-06,2026-08-06,CM,NSE,STK,25513,INE0FPO01018,PHOGLOBAL,SM,,,,,PHOENIX OVERSEAS LIMITED,16.4,16.4,16.4,16.4,16.4,16.0,,16.4,,,2000,32800.0,1,F1,2000,,,,,
2026-08-06,2026-08-06,CM,NSE,STK,759723,INE0LP301011,PWL,EQ,,,,,PHYSICSWALLAH LIMITED,128.0,128.0,124.63,125.49,125.4,127.81,,125.49,,,1963238,247768582.04,21329,F1,1,,,,,
2026-08-06,2026-08-06,CM,NSE,STK,24184,INE603J01030,PIIND,EQ,,,,,PI INDUSTRIES LTD,2819.0,2819.0,2779.1,2796.0,2796.0,2810.0,,2796.0,,,93539,261422699.9,8269,F1,1,,,,,
2026-08-06,2026-08-06,CM,NSE,STK,757754,INE546C01010,PICCADIL,EQ,,,,,PICCADILY AGRO INDUSTRI L,764.15,770.0,744.3,746.2,748.05,764.2,,746.19,,,167474,126540254.5,9480,F1,1,,,,,
2026-08-06,2026-08-06,CM,NSE,STK,24785,INE0YAL01017,PPSL,SM,,,,,PICTUREPOST STUDIOS LTD,2.7,2.8,2.6,2.8,2.8,2.7,,2.8,,,147000,395550.0,30,F1,3000,,,,,
2026-08-06,2026-08-06,CM,NSE,STK,2664,INE318A01026,PIDILITIND,EQ,,,,,PIDILITE INDUSTRIES LTD,1658.0,1686.4,1652.0,1686.0,1686.0,1665.0,,1685.98,,,1808445,3023646107.7,70014,F1,1,,,,,
2026-08-06,2026-08-06,CM,NSE,STK,30838,INE600A01035,PILITA,BE,,,,,PIL ITALICA LIFESTYLE LTD,8.69,8.7,8.45,8.51,8.51,8.56,,8.51,,,39949,342599.82,104,F1,1,,,,,
2026-08-06,2026-08-06,CM,NSE,STK,11445,INE417C01014,PILANIINVS,EQ,,,,,PILANI INV & IND COR LTD,4368.2,4368.2,4305.0,4315.0,4310.0,4338.5,,4315.0,,,1259,5450880.5,247,F1,1,,,,,
2026-08-06,2026-08-06,CM,NSE,STK,759820,INE15B701018,PINELABS,EQ,,,,,PINE LABS LIMITED,148.0,158.7,147.01,156.04,156.4,147.82,,156.04,,,46391035,7192426781.34,198696,F1,1,,,,,
2026-08-06,2026-08-06,CM,NSE,STK,13463,INE156C01018,PIONEEREMB,EQ,,,,,PIONEER EMBROIDERIES LTD,24.26,24.89,24.0,24.3,24.88,24.26,,24.37,,,668,16198.32,41,F1,1,,,,,
2026-08-06,2026-08-06,CM,NSE,STK,762832,INE746D01014,PIONRINV,BE,,,,,PIONEER INVESTCORP LTD.,87.7,88.5,83.0,84.05,84.05,87.06,,85.87,,,1840,155211.88,26,F1,1,,,,,
2026-08-06,2026-08-06,CM,NSE,STK,759551,INE202B01038,PIRAMALFIN,EQ,,,,,PIRAMAL FINANCE LIMITED,2100.0,2140.0,2090.3,2109.7,2120.0,2136.6,,2109.81,,,121223,256442690.8,12956,F1,1,,,,,
2026-08-06,2026-08-06,CM,NSE,STK,11571,INE0DK501011,PPLPHARMA,EQ,,,,,PIRAMAL PHARMA LIMITED,206.0,212.43,205.0,208.24,207.97,206.78,,208.24,,,7183683,1500804883.28,68660,F1,1,,,,,
2026-08-06,2026-08-06,CM,NSE,STK,14134,INE450D01021,PITTIENG,EQ,,,,,PITTI ENGINEERING LIMITED,950.05,954.2,935.1,940.8,944.5,950.05,,940.67,,,16748,15795808.05,1697,F1,1,,,,,
2026-08-06,2026-08-06,CM,NSE,STK,9087,INE751B01018,PIXTRANS,EQ,,,,,PIX TRANSMISSIONS LIMITED,1730.0,1757.8,1680.7,1698.6,1680.7,1722.6,,1698.58,,,11352,19563536.4,1801,F1,1,,,,,
2026-08-06,2026-08-06,CM,NSE,STK,19492,INE0PXD01014,PLADAINFO,SM,,,,,PLADA INFOTECH SERVICES L,9.95,10.0,9.95,10.0,10.0,10.45,,10.0,,,6000,59850.0,2,F1,3000,,,,,
2026-08-06,2026-08-06,CM,NSE,STK,13920,INE083C01022,PLASTIBLEN,EQ,,,,,PLASTIBLENDS INDIA LTD,188.72,205.2,188.72,197.49,196.51,190.01,,197.49,,,355578,71047927.31,8666,F1,1,,,,,
2026-08-06,2026-08-06,CM,NSE,STK,22930,INE0PT501018,PLATIND,EQ,,,,,PLATINUM INDUSTRIES LTD,229.5,229.5,225.55,226.14,226.89,227.46,,226.15,,,24615,5593215.2,723,F1,1,,,,,
2026-08-06,2026-08-06,CM,NSE,STK,19461,INE0INJ01017,PLAZACABLE,BE,,,,,PLAZA WIRES LIMITED,48.0,48.0,46.15,47.43,47.45,47.62,,47.43,,,24804,1166713.46,163,F1,1,,,,,
2026-08-06,2026-08-06,CM,NSE,STK,8736,INE859A01011,PNBGILTS,EQ,,,,,PNB GILTS LIMITED,83.75,84.24,80.51,82.0,82.2,83.75,,82.01,,,418234,34580672.34,2915,F1,1,,,,,
2026-08-06,2026-08-06,CM,NSE,STK,18908,INE572E01012,PNBHOUSING,EQ,,,,,PNB HOUSING FIN LTD.,1138.1,1167.0,1131.3,1150.0,1150.0,1121.6,,1149.82,,,1934928,2232822779.9,48869,F1,1,,,,,
2026-08-06,2026-08-06,CM,NSE,STK,9385,INE195J01029,PNCINFRA,EQ,,,,,PNC INFRATECH LTD.,249.9,250.98,238.5,239.76,240.69,254.55,,239.76,,,1284326,313078756.45,25801,F1,1,,,,,
2026-08-06,2026-08-06,CM,NSE,STK,760242,INE1RDG01013,PNGSREVA,EQ,,,,,PNGS REVA DIAMOND JEWEL L,508.0,508.0,494.0,499.3,497.8,510.95,,499.4,,,138469,69098814.9,6269,F1,1,,,,,
2026-08-06,2026-08-06,CM,NSE,STK,19036,INE371C01013,PODDARMENT,EQ,,,,,PODDAR PIGMENTS LIMITED,250.05,258.45,250.0,256.9,257.75,249.65,,256.9,,,1406,357941.7,72,F1,1,,,,,
2026-08-06,2026-08-06,CM,NSE,STK,17651,INE637C01025,POKARNA,EQ,,,,,POKARNA LIMITED,960.0,1001.0,945.05,967.15,963.5,965.5,,967.15,,,179364,174356482.8,7959,F1,1,,,,,
2026-08-06,2026-08-06,CM,NSE,STK,25718,INE205C01021,POLYMED,EQ,,,,,POLY MEDICURE LIMITED,1708.5,1718.4,1701.0,1709.3,1709.3,1708.5,,1709.29,,,38010,64969134.1,5930,F1,1,,,,,
2026-08-06,2026-08-06,CM,NSE,STK,9590,INE455K01017,POLYCAB,EQ,,,,,POLYCAB INDIA LIMITED,9200.0,9315.0,9170.5,9315.0,9315.0,9200.0,,9314.84,,,221520,2052896608.0,31563,F1,1,,,,,
2026-08-06,2026-08-06,CM,NSE,STK,2687,INE633B01018,POLYPLEX,EQ,,,,,POLYPLEX CORPORATION LTD,1112.1,1126.4,1110.0,1115.1,1110.0,1118.8,,1114.86,,,19280,21563711.5,1626,F1,1,,,,,
2026-08-06,2026-08-06,CM,NSE,STK,22711,INE517M01028,POLYSIL,SM,,,,,POLYSIL IRRIGATION SYST L,78.9,78.9,78.9,78.9,78.9,83.05,,78.9,,,15000,1183500.0,17,F1,500,,,,,
2026-08-06,2026-08-06,CM,NSE,STK,14385,INE063E01061,POCL,EQ,,,,,PONDY OXIDES & CHEM LTD,515.8,516.0,485.0,487.65,485.0,512.5,,487.58,,,1597345,796210256.6,30077,F1,1,,,,,
2026-08-06,2026-08-06,CM,NSE,STK,10661,INE838E01017,PONNIERODE,EQ,,,,,PONNIE SUGARS (ERODE) LTD,320.0,325.75,320.0,322.9,323.9,323.2,,322.65,,,8384,2714458.15,266,F1,1,,,,,
2026-08-06,2026-08-06,CM,NSE,STK,11403,INE511C01022,POONAWALLA,EQ,,,,,POONAWALLA FINCORP LTD,483.0,494.0,475.6,490.85,490.0,480.75,,490.83,,,2831890,1373057128.2,33637,F1,1,,,,,
2026-08-06,2026-08-06,CM,NSE,STK,23142,INE772T01024,PVSL,EQ,,,,,POPULAR VEHICLES N SER L,109.54,110.0,107.0,109.39,109.9,108.99,,109.37,,,18935,2056798.67,577,F1,1,,,,,
2026-08-06,2026-08-06,CM,NSE,STK,24864,INE0S3H01017,POSITRON,SM,,,,,POSITRON ENERGY LIMITED,178.65,180.3,172.0,172.9,172.0,173.5,,172.9,,,5400,951465.0,16,F1,300,,,,,
2026-08-06,2026-08-06,CM,NSE,STK,14299,INE134E01011,PFC,EQ,,,,,POWER FIN CORP LTD.,416.0,418.0,412.95,418.0,418.0,418.0,,418.0,,,3704243,1536613849.35,43022,F1,1,,,,,
2026-08-06,2026-08-06,CM,NSE,STK,14977,INE752E01010,POWERGRID,EQ,,,,,POWER GRID CORP. LTD.,279.75,281.0,269.65,270.75,270.75,281.75,,270.75,,,18258733,4972945302.4,161834,F1,1,,,,,
2026-08-06,2026-08-06,CM,NSE,STK,15716,INE557Z01018,PIGL,EQ,,,,,POWER INSTRUMENT (G) LTD,108.21,109.86,104.15,105.71,106.8,108.53,,105.73,,,45558,4861473.93,592,F1,1,,,,,
2026-08-06,2026-08-06,CM,NSE,STK,10473,INE211R01019,POWERMECH,EQ,,,,,POWER MECH PROJECTS LTD.,2580.8,2644.6,2566.1,2617.0,2612.0,2573.1,,2616.95,,,64814,169004152.3,6928,F1,1,,,,,
2026-08-06,2026-08-06,CM,NSE,STK,3494,INE0GGX23010,PGINVIT,IV,,,,,POWERGRID INFRA. INVITS,98.93,101.0,98.61,99.69,99.75,98.61,,99.69,,,1921729,191942228.11,19423,F1,1,,,,,
2026-08-06,2026-08-06,CM,NSE,STK,761680,INE921L01032,POWERICA,EQ,,,,,POWERICA LIMITED,552.3,552.3,520.05,522.75,524.0,547.35,,522.77,,,282784,149289655.85,8823,F1,1,,,,,
2026-08-06,2026-08-06,CM,NSE,STK,15213,INE095I01015,PPAP,BE,,,,,PPAP AUTOMOTIVE LIMITED,304.9,311.85,298.9,311.85,311.85,297.0,,311.85,,,21175,6561066.0,329,F1,1,,,,,
2026-08-06,2026-08-06,CM,NSE,STK,30134,INE0I0M01023,PRABHA,EQ,,,,,PRABHA ENERGY LIMITED,157.8,159.4,153.0,156.44,158.39,156.69,,155.81,,,34854,5494500.25,690,F1,1,,,,,
2026-08-06,2026-08-06,CM,NSE,STK,762842,INE770A01010,PRADPME,BE,,,,,PRADEEP METALS LTD.,514.0,520.15,507.0,513.6,519.0,515.45,,513.88,,,4960,2540831.55,70,F1,1,,,,,
2026-08-06,2026-08-06,CM,NSE,STK,2705,INE074A01025,PRAJIND,EQ,,,,,PRAJ INDUSTRIES LTD,314.75,328.15,314.55,319.65,318.75,317.75,,319.64,,,858605,276568677.1,17438,F1,1,,,,,
2026-08-06,2026-08-06,CM,NSE,STK,13941,INE505C01016,PRAENG,EQ,,,,,PRAJAY ENG. SYN. LTD.,20.3,20.79,20.12,20.49,20.65,20.5,,20.49,,,20955,428396.28,91,F1,1,,,,,
2026-08-06,2026-08-06,CM,NSE,STK,2708,INE603A01013,PRAKASH,EQ,,,,,PRAKASH INDUSTRIES LTD,126.15,131.9,126.0,128.72,128.0,126.29,,128.73,,,686026,89049635.92,7476,F1,1,,,,,
2026-08-06,2026-08-06,CM,NSE,STK,10299,INE050001010,PPL,BE,,,,,PRAKASH PIPES LIMITED,255.05,264.0,253.5,262.45,263.95,257.05,,262.2,,,35786,9195340.0,469,F1,1,,,,,
2026-08-06,2026-08-06,CM,NSE,STK,19599,INE696K01024,PRAKASHSTL,EQ,,,,,PRAKASH STEELAGE LTD,4.03,4.09,3.95,3.97,3.98,4.03,,3.97,,,141628,563241.95,401,F1,1,,,,,
2026-08-06,2026-08-06,CM,NSE,STK,18514,INE0O7A01017,PRAMARA,SM,,,,,PRAMARA PROMOTIONS LTD,119.0,120.6,118.5,120.6,120.6,118.65,,120.6,,,6000,715225.0,11,F1,500,,,,,
2026-08-06,2026-08-06,CM,NSE,STK,25818,INE0VJG01014,PRANIK,SM,,,,,PRANIK LOGISTICS LIMITED,41.0,41.0,41.0,41.0,41.0,42.0,,41.0,,,3200,131200.0,2,F1,1600,,,,,
2026-08-06,2026-08-06,CM,NSE,STK,21840,INE393P01035,DIAMONDYD,EQ,,,,,PRATAAP SNACKS LIMITED,1189.0,1194.0,1164.1,1166.2,1165.0,1174.2,,1166.21,,,14509,16934902.8,870,F1,1,,,,,
2026-08-06,2026-08-06,CM,NSE,STK,23113,INE0QA601016,PRATHAM,SM,,,,,PRATHAM EPC PROJECTS LTD,120.0,120.0,120.0,120.0,120.0,122.0,,120.0,,,1200,144000.0,3,F1,400,,,,,
2026-08-06,2026-08-06,CM,NSE,STK,762844,INE722B01019,PRAVEG,EQ,,,,,PRAVEG LTD.,281.05,291.4,280.0,287.25,285.5,281.55,,287.19,,,45702,13084637.45,2465,F1,1,,,,,
2026-08-06,2026-08-06,CM,NSE,STK,1204,INE546Y01022,PRAXIS,EQ,,,,,PRAXIS HOME RETAIL LTD,7.0,7.31,6.4,7.23,7.24,6.65,,7.23,,,463258,3198325.56,555,F1,1,,,,,
2026-08-06,2026-08-06,CM,NSE,STK,12603,INE484I01029,PRECAM,EQ,,,,,PRECISION CAMSHAFTS LTD.,145.47,146.85,144.0,144.48,144.2,145.2,,144.53,,,76223,11059918.41,1901,F1,1,,,,,
2026-08-06,2026-08-06,CM,NSE,STK,7963,INE0HKW01018,PRECISION,ST,,,,,PRECISION METALIKS LTD,8.25,8.25,8.0,8.1,8.1,7.9,,8.1,,,8000,64700.0,4,F1,2000,,,,,
2026-08-06,2026-08-06,CM,NSE,STK,2717,INE372C01037,PRECWIRE,EQ,,,,,PRECISION WIRES INDIA LTD,416.05,433.5,413.1,418.95,413.1,409.5,,418.98,,,797490,335904087.0,27873,F1,1,,,,,
2026-08-06,2026-08-06,CM,NSE,STK,2711,INE283A01014,PRECOT,EQ,,,,,PRECOT LIMITED,826.85,865.0,818.6,852.65,851.0,826.85,,852.65,,,14748,12431812.8,722,F1,1,,,,,
2026-08-06,2026-08-06,CM,NSE,STK,762849,INE001E01012,PREMCO,EQ,,,,,PREMCO GLOBAL LTD.,386.0,394.05,375.0,385.0,381.1,384.05,,384.99,,,6610,2531098.95,186,F1,1,,,,,
2026-08-06,2026-08-06,CM,NSE,STK,25049,INE0BS701011,PREMIERENE,EQ,,,,,PREMIER ENERGIES LIMITED,1044.0,1045.2,1030.0,1041.7,1041.7,1044.0,,1041.86,,,589524,611823395.3,17748,F1,1,,,,,
2026-08-06,2026-08-06,CM,NSE,STK,17397,INE863B01029,PREMEXPLN,EQ,,,,,PREMIER EXPLOSIVES LTD,659.05,670.0,659.05,664.65,665.0,660.85,,664.67,,,245352,163663502.35,4717,F1,1,,,,,
2026-08-06,2026-08-06,CM,NSE,STK,6248,INE342A01018,PREMIER,BE,,,,,PREMIER LIMITED,2.88,2.95,2.86,2.87,2.87,2.85,,2.89,,,1128,3238.02,13,F1,1,,,,,
2026-08-06,2026-08-06,CM,NSE,STK,3908,INE309M01020,PREMIERPOL,EQ,,,,,PREMIER POLYFILM LTD,72.8,73.66,71.92,72.24,73.0,72.74,,72.26,,,89837,6508631.76,1185,F1,1,,,,,
2026-08-06,2026-08-06,CM,NSE,STK,23764,INE0CFG01012,PRLIND,SM,,,,,PREMIER ROADLINES LIMITED,44.05,44.7,43.85,43.95,44.0,44.5,,43.95,,,45000,1983750.0,33,F1,1000,,,,,
2026-08-06,2026-08-06,CM,NSE,STK,25898,INE0M1F01011,PREMIUM,SM,,,,,PREMIUM PLAST LIMITED,38.0,39.0,38.0,39.0,39.0,38.0,,39.0,,,9000,346650.0,3,F1,3000,,,,,
2026-08-06,2026-08-06,CM,NSE,STK,20498,INE0R1601012,PRESSTONIC,SM,,,,,PRESSTONIC ENGINEERING L,32.6,32.65,32.3,32.65,32.65,29.7,,32.65,,,87200,2842000.0,78,F1,800,,,,,
2026-08-06,2026-08-06,CM,NSE,STK,20302,INE811K01011,PRESTIGE,EQ,,,,,PRESTIGE ESTATE LTD,1604.2,1613.6,1570.5,1578.0,1578.0,1593.0,,1578.0,,,746853,1185790735.0,27917,F1,1,,,,,
2026-08-06,2026-08-06,CM,NSE,STK,19631,INE726V01018,PRICOLLTD,EQ,,,,,PRICOL LIMITED,762.0,766.7,753.2,761.45,760.0,766.7,,761.41,,,361184,274572958.6,19382,F1,1,,,,,
2026-08-06,2026-08-06,CM,NSE,STK,759075,INE0CQA01020,PRIMECAB,ST,,,,,PRIME CABLE INDUSTRIES L,180.15,185.95,180.15,182.4,185.0,185.2,,182.4,,,16000,2937200.0,9,F1,1600,,,,,
2026-08-06,2026-08-06,CM,NSE,STK,13496,INE367G01038,PFOCUS,EQ,,,,,PRIME FOCUS LIMITED,303.05,303.95,286.1,291.9,287.0,299.7,,291.91,,,563203,167016076.5,11516,F1,1,,,,,
2026-08-06,2026-08-06,CM,NSE,STK,11864,INE032B01021,PRIMESECU,EQ,,,,,PRIME SECURITIES LIMITED,285.0,289.85,282.0,283.7,285.0,291.35,,283.71,,,7089,2022774.4,329,F1,1,,,,,
2026-08-06,2026-08-06,CM,NSE,STK,756925,INE607A01022,PRIMO,EQ,,,,,PRIMO CHEMICALS LIMITED,24.13,24.71,23.0,23.73,23.68,24.13,,23.82,,,162741,3926282.16,1507,F1,1,,,,,
2026-08-06,2026-08-06,CM,NSE,STK,16045,INE689W01016,PRINCEPIPE,EQ,,,,,PRINCE PIPES FITTINGS LTD,279.45,279.45,272.25,274.35,275.0,274.65,,274.38,,,233594,64449044.95,8359,F1,1,,,,,
2026-08-06,2026-08-06,CM,NSE,STK,2739,INE010A01011,PRSMJOHNSN,EQ,,,,,PRISM JOHNSON LIMITED,112.77,114.77,112.01,113.32,112.25,112.69,,113.36,,,209729,23811788.44,2737,F1,1,,,,,
2026-08-06,2026-08-06,CM,NSE,STK,8310,INE974Z01015,PRITI,BE,,,,,PRITI INTERNATIONAL LTD,37.99,37.99,36.39,37.1,37.13,37.09,,37.1,,,5572,207377.81,65,F1,1,,,,,
2026-08-06,2026-08-06,CM,NSE,STK,5296,INE583R01029,PRITIKAUTO,BE,,,,,PRITIKA AUTO INDUS LTD,18.7,19.4,18.42,18.52,18.5,18.71,,18.54,,,187773,3554312.59,543,F1,1,,,,,
2026-08-06,2026-08-06,CM,NSE,STK,12971,INE0MJQ01020,PRITIKA,SM,,,,,PRITIKA ENG COMPO LTD,64.0,64.0,64.0,64.0,64.0,63.95,,64.0,,,6000,384000.0,3,F1,2000,,,,,
2026-08-06,2026-08-06,CM,NSE,STK,9342,INE392B01011,PNC,EQ,,,,,PRITISH NANDY COMMUNICATI,19.8,20.4,19.26,19.48,19.48,19.66,,19.48,,,2762,54359.14,96,F1,1,,,,,
2026-08-06,2026-08-06,CM,NSE,STK,8825,INE959A01019,PRIVISCL,EQ,,,,,PRIVI SPECIALITY CHE LTD,3645.0,3697.6,3601.8,3660.0,3642.0,3648.0,,3659.9,,,31098,114072465.3,6445,F1,1,,,,,
2026-08-06,2026-08-06,CM,NSE,STK,24511,INE0V9N01017,PRIZOR,ST,,,,,PRIZOR VIZTECH LIMITED,872.5,888.0,867.0,876.55,873.15,872.55,,876.55,,,8800,7743840.0,21,F1,400,,,,,
2026-08-06,2026-08-06,CM,NSE,STK,757806,INE0VJT01017,PROFX,SM,,,,,PRO FX TECH LIMITED,73.8,73.8,73.8,73.8,73.8,74.8,,73.8,,,1600,118080.0,1,F1,1600,,,,,
2026-08-06,2026-08-06,CM,NSE,STK,940,INE199A01012,PGHL,EQ,,,,,PROCTER & GAMBLE HEALTH L,6460.0,6670.0,5980.0,6068.0,6000.0,6464.5,,6068.58,,,144705,898427703.5,29138,F1,1,,,,,
2026-08-06,2026-08-06,CM,NSE,STK,764348,INE1FFX01018,PROPSHOP,ST,,,,,PROPSHOP EVENTS AND EXH L,56.55,59.0,56.05,58.7,58.9,59.0,,58.7,,,88000,5077600.0,34,F1,2000,,,,,
2026-08-06,2026-08-06,CM,NSE,STK,758173,INE0BX301013,PROSTARM,EQ,,,,,PROSTARM INFO SYSTEMS LTD,134.1,147.76,134.0,144.13,142.01,133.59,,144.15,,,1394406,199335240.07,17585,F1,1,,,,,
2026-08-06,2026-08-06,CM,NSE,STK,29472,INE004A01022,PROTEAN,EQ,,,,,PROTEAN EGOV TECHNO LTD,570.5,570.5,557.1,558.65,558.7,571.9,,558.64,,,427150,240023609.9,13207,F1,1,,,,,
2026-08-06,2026-08-06,CM,NSE,STK,16483,INE0ONE01016,PROV,SM,,,,,PROVENTUS AGROCOM LIMITED,1724.0,1739.8,1720.0,1720.0,1720.0,1701.0,,1720.0,,,320,552704.0,4,F1,80,,,,,
2026-08-06,2026-08-06,CM,NSE,STK,28859,INE195N01013,PROZONER,EQ,,,,,PROZONE REALTY LIMITED,42.33,43.18,41.88,42.26,42.07,42.31,,42.28,,,95005,4021092.21,730,F1,1,,,,,
2026-08-06,2026-08-06,CM,NSE,STK,9553,INE00F201020,PRUDENT,EQ,,,,,PRUDENT CORP ADV SER LTD,3335.6,3378.9,3232.5,3266.7,3232.5,3335.6,,3266.97,,,9579,31573943.7,3204,F1,1,,,,,
2026-08-06,2026-08-06,CM,NSE,STK,20528,INE024D01016,PRUDMOULI,BE,,,,,PRUDENTIAL SUGAR CORPORAT,13.39,13.89,13.0,13.43,13.43,13.39,,13.25,,,3906,52314.96,22,F1,1,,,,,
2026-08-06,2026-08-06,CM,NSE,STK,20877,INE488V01015,PSPPROJECT,EQ,,,,,PSP PROJECTS LIMITED,945.5,980.0,932.4,973.95,961.0,944.75,,973.75,,,81091,78183378.9,6226,F1,1,,,,,
2026-08-06,2026-08-06,CM,NSE,STK,22602,INE560K01014,PFS,EQ,,,,,PTC INDIA FIN SERV LTD,29.08,29.39,28.64,28.87,28.91,28.91,,28.87,,,457289,13264214.1,2795,F1,1,,,,,
2026-08-06,2026-08-06,CM,NSE,STK,11355,INE877F01012,PTC,EQ,,,,,PTC INDIA LIMITED,200.0,201.52,198.12,200.17,199.65,198.36,,200.17,,,7809024,1560860055.89,49404,F1,1,,,,,
2026-08-06,2026-08-06,CM,NSE,STK,16682,INE596F01018,PTCIL,EQ,,,,,PTC INDUSTRIES LIMITED,18110.0,18540.0,17973.0,18221.0,18190.0,18092.0,,18222.34,,,25380,465415713.0,8805,F1,1,,,,,
2026-08-06,2026-08-06,CM,NSE,STK,14101,INE034D01049,PTL,EQ,,,,,PTL ENTERPRISES LTD,40.28,40.4,39.9,39.94,40.11,40.06,,39.95,,,29476,1181650.88,659,F1,1,,,,,
2026-08-06,2026-08-06,CM,NSE,STK,15377,INE865T01018,PDMJEPAPER,EQ,,,,,PUDUMJEE PAPER PRO. LTD,96.3,101.59,94.96,98.18,98.41,95.72,,98.18,,,244326,24189197.3,3815,F1,1,,,,,
2026-08-06,2026-08-06,CM,NSE,STK,21001,INE608A01012,PSB,EQ,,,,,PUNJAB & SIND BANK,23.85,24.09,23.72,23.98,23.9,23.8,,23.98,,,1120347,26849746.77,3357,F1,1,,,,,
2026-08-06,2026-08-06,CM,NSE,STK,4344,INE277B01014,PUNJABCHEM,EQ,,,,,PUNJAB CHEM & CROP PROT L,1100.1,1119.7,1090.1,1110.6,1114.9,1100.1,,1110.6,,,5529,6132768.8,910,F1,1,,,,,
2026-08-06,2026-08-06,CM,NSE,STK,10666,INE160A01022,PNB,EQ,,,,,PUNJAB NATIONAL BANK,113.55,114.85,113.2,114.3,114.3,113.55,,114.29,,,11910351,1361680088.27,48462,F1,1,,,,,
2026-08-06,2026-08-06,CM,NSE,STK,14922,INE323I01011,PURVA,EQ,,,,,PURAVANKARA LIMITED,211.7,211.9,209.0,209.41,209.0,210.16,,209.41,,,87100,18304566.96,1469,F1,1,,,,,
2026-08-06,2026-08-06,CM,NSE,STK,28044,INE0P5R01014,PURPLEUTED,ST,,,,,PURPLE UNITED SALES LTD,329.85,341.55,329.85,341.55,341.55,325.3,,341.55,,,31000,10557025.0,85,F1,250,,,,,
2026-08-06,2026-08-06,CM,NSE,STK,22938,INE0R6C01012,PURVFLEXI,SM,,,,,PURV FLEXIPACK LIMITED,44.6,47.75,44.45,47.7,47.75,45.5,,47.7,,,7200,337520.0,9,F1,800,,,,,
2026-08-06,2026-08-06,CM,NSE,STK,757683,INE154801018,PUSHPA,SM,,,,,PUSHPA JEWELLERS LIMITED,113.0,113.0,113.0,113.0,113.0,113.8,,113.0,,,22000,2486000.0,8,F1,1000,,,,,
2026-08-06,2026-08-06,CM,NSE,STK,4010,INE362A01016,PVP,EQ,,,,,PVP VENTURES LIMITED,28.07,33.25,27.6,33.14,33.25,27.71,,33.23,,,10496593,331573000.84,49418,F1,1,,,,,
2026-08-06,2026-08-06,CM,NSE,STK,13147,INE191H01014,PVRINOX,EQ,,,,,PVR INOX LIMITED,1163.1,1170.0,1130.0,1150.4,1131.0,1161.9,,1150.12,,,157049,181967275.1,10417,F1,1,,,,,
2026-08-06,2026-08-06,CM,NSE,STK,18250,INE0MIS01010,PYRAMID,EQ,,,,,PYRAMID TECHNOPLAST LTD,182.22,183.5,177.22,178.55,177.32,182.22,,178.54,,,41360,7465108.02,864,F1,1,,,,,
2026-08-06,2026-08-06,CM,NSE,STK,763594,INE1G2W01011,QLINE,SM,,,,,Q-LINE BIOTECH LIMITED,544.7,544.7,526.7,529.4,529.0,541.9,,529.4,,,42800,22769760.0,97,F1,400,,,,,
2026-08-06,2026-08-06,CM,NSE,STK,751607,INE0FMW01018,QMSMEDI,EQ,,,,,QMS MEDICAL ALLIED S LTD,112.32,115.0,112.0,114.51,114.11,111.82,,114.51,,,18708,2131281.25,777,F1,1,,,,,
2026-08-06,2026-08-06,CM,NSE,STK,29087,INE0LRY01011,QUADFUTURE,EQ,,,,,QUADRANT FUTURE TEK LTD,359.2,382.95,356.05,378.0,378.5,357.9,,378.01,,,619016,230255324.25,18046,F1,1,,,,,
2026-08-06,2026-08-06,CM,NSE,STK,29713,INE0SII01026,QPOWER,BE,,,,,QUALITY POWER ELEC EQUP L,1128.0,1170.0,1118.0,1157.0,1159.9,1126.2,,1157.02,,,139639,161374100.7,4405,F1,1,,,,,
2026-08-06,2026-08-06,CM,NSE,STK,15330,INF082J01408,QGOLDHALF,EQ,,,,,QUANTUM GOLD ETF,121.93,122.9,121.8,122.69,122.68,119.54,,122.69,,,157792,19313450.66,1169,F1,1,,,,,
2026-08-06,2026-08-06,CM,NSE,STK,16819,INF082J01499,QNIFTY,EQ,,,,,QUANTUM NIFTY 50 ETF,271.6,272.0,271.0,271.54,271.6,270.5,,271.49,,,1864,506030.58,86,F1,1,,,,,
2026-08-06,2026-08-06,CM,NSE,STK,17704,INE615P01015,QUESS,EQ,,,,,QUESS CORP LIMITED,312.85,321.8,312.05,315.25,316.1,314.5,,315.32,,,341665,108517781.9,8646,F1,1,,,,,
2026-08-06,2026-08-06,CM,NSE,STK,23793,INE0TNW01017,QUESTLAB,SM,,,,,QUEST LABORATORIES LTD,93.0,93.0,90.25,90.25,90.25,93.4,,90.25,,,2400,219900.0,2,F1,1200,,,,,
2026-08-06,2026-08-06,CM,NSE,STK,13131,INE306L01010,QUICKHEAL,BE,,,,,QUICK HEAL TECH LTD,156.6,158.0,154.0,155.65,156.24,154.7,,155.63,,,33489,5227765.27,460,F1,1,,,,,
2026-08-06,2026-08-06,CM,NSE,STK,15285,INE0K4D01020,QUICKTOUCH,SM,,,,,QUICKTOUCH TECHNOLOGIES L,21.6,21.65,21.6,21.65,21.65,22.5,,21.65,,,2500,54100.0,2,F1,500,,,,,
2026-08-06,2026-08-06,CM,NSE,STK,762854,INE641R01017,QUINT,EQ,,,,,QUINT DIGITAL LTD.,39.89,39.89,39.86,39.86,39.86,39.89,,39.86,,,269,10724.94,45,F1,1,,,,,
2026-08-06,2026-08-06,CM,NSE,STK,23043,INE0NQ801033,RKSWAMY,EQ,,,,,R K SWAMY LIMITED,101.5,109.1,101.5,104.7,105.6,101.5,,104.69,,,163251,17417696.15,2898,F1,1,,,,,
2026-08-06,2026-08-06,CM,NSE,STK,757836,INE219Y01026,RMDRIP,BE,,,,,R M DRIP & SPRINK SYS LTD,18.17,18.46,17.8,17.9,18.0,18.01,,17.91,,,105369,1896478.16,470,F1,1,,,,,
2026-08-06,2026-08-06,CM,NSE,STK,762864,INE951M01037,RRIL,EQ,,,,,R R I L LTD.,19.49,19.49,17.41,17.72,17.79,18.46,,17.63,,,40525,728656.91,341,F1,1,,,,,
2026-08-06,2026-08-06,CM,NSE,STK,18566,INE777K01022,RRKABEL,EQ,,,,,R R KABEL LIMITED,2793.0,2810.5,2744.6,2764.4,2762.9,2793.0,,2764.4,,,427544,1187924807.8,37390,F1,1,,,,,
2026-08-06,2026-08-06,CM,NSE,STK,762872,INE616F01022,RSDFIN,BE,,,,,R S D FINANCE LTD.,168.48,168.48,152.44,152.44,152.44,160.46,,152.4,,,14787,2361697.94,246,F1,1,,,,,
2026-08-06,2026-08-06,CM,NSE,STK,13414,INE411H01032,RSYSTEMS,EQ,,,,,R SYS INTERNATIONAL LTD,257.15,258.2,250.0,255.95,254.1,255.35,,255.99,,,452802,114838381.45,14490,F1,1,,,,,
2026-08-06,2026-08-06,CM,NSE,STK,758981,INE012Q01039,RNBDENIMS,EQ,,,,,R&B DENIMS LIMITED,9.2,9.2,8.92,9.04,9.1,9.08,,9.04,,,252562,2295551.72,712,F1,1,,,,,
2026-08-06,2026-08-06,CM,NSE,STK,8426,INE165B01029,RSSOFTWARE,BE,,,,,R. S. SOFTWARE (INDIA) LI,29.9,30.35,29.0,29.6,29.65,29.88,,29.59,,,42158,1240888.09,186,F1,1,,,,,
2026-08-06,2026-08-06,CM,NSE,STK,20760,INE324L01013,RPPINFRA,EQ,,,,,R.P.P INFRA PROJECTS LTD,59.95,60.3,57.25,57.85,58.15,59.48,,57.87,,,1124300,66261485.85,1234,F1,1,,,,,
2026-08-06,2026-08-06,CM,NSE,STK,762244,INE2PB023011,RIIT,IV,,,,,RAAJMARG INFRA INVEST T,116.9,117.29,115.72,116.82,117.0,115.99,,116.84,,,411871,47807014.1,5750,F1,1,,,,,
2026-08-06,2026-08-06,CM,NSE,STK,15391,INE084Q01012,RACE,EQ,,,,,RACE ECO CHAIN LIMITED,109.5,109.5,103.51,104.38,104.99,105.22,,104.4,,,2320,244100.2,115,F1,1,,,,,
2026-08-06,2026-08-06,CM,NSE,STK,9854,INE02OY01016,RILINFRA,SM,,,,,RACHANA INFRA LTD,38.05,38.8,37.65,37.7,37.7,38.05,,37.7,,,4400,167260.0,26,F1,100,,,,,
2026-08-06,2026-08-06,CM,NSE,STK,27171,INE704B01017,RACLGEAR,EQ,,,,,RACL GEARTECH LIMITED,1400.0,1500.0,1385.2,1475.0,1479.0,1393.1,,1475.01,,,195869,287074059.6,13362,F1,1,,,,,
2026-08-06,2026-08-06,CM,NSE,STK,10932,INE874F01027,RADAAN,EQ,,,,,RADAAN MEDIAWORKS (I) LTD,3.09,3.17,2.86,3.04,3.04,3.09,,3.04,,,32947,99395.12,104,F1,1,,,,,
2026-08-06,2026-08-06,CM,NSE,STK,10343,INE583V01021,RADHIKAJWE,EQ,,,,,RADHIKA JEWELTECH LIMITED,70.3,70.3,69.1,69.84,70.3,70.3,,69.84,,,316544,22092510.1,2859,F1,1,,,,,
2026-08-06,2026-08-06,CM,NSE,STK,13580,INE855R01021,RADIANTCMS,EQ,,,,,RADIANT CASH MGMT SER LTD,39.5,39.5,38.47,38.84,39.0,39.02,,38.84,,,71052,2762521.04,1059,F1,1,,,,,
2026-08-06,2026-08-06,CM,NSE,STK,10990,INE944F01028,RADICO,EQ,,,,,RADICO KHAITAN LTD,4561.0,4577.1,4410.8,4470.0,4470.0,4550.0,,4470.0,,,434263,1944918464.1,34774,F1,1,,,,,
2026-08-06,2026-08-06,CM,NSE,STK,23445,INE430U01019,RADIOWALLA,ST,,,,,RADIOWALLA NETWORK LTD,27.05,27.05,27.05,27.05,27.05,27.6,,27.05,,,4800,129840.0,3,F1,1600,,,,,
2026-08-06,2026-08-06,CM,NSE,STK,24735,INE912T01018,RPEL,EQ,,,,,RAGHAV PRODUCTIVITY ENH L,1262.8,1275.0,1244.0,1267.4,1260.0,1248.6,,1267.41,,,26798,33723646.3,2973,F1,1,,,,,
2026-08-06,2026-08-06,CM,NSE,STK,9552,INE415G01027,RVNL,EQ,,,,,RAIL VIKAS NIGAM LIMITED,229.49,236.25,227.59,235.0,235.0,229.0,,234.86,,,6727373,1569089372.44,44770,F1,1,,,,,
2026-08-06,2026-08-06,CM,NSE,STK,2431,INE0DD101019,RAILTEL,EQ,,,,,RAILTEL CORP OF IND LTD,290.75,293.8,288.1,290.85,290.2,289.6,,290.84,,,529814,154091717.95,11415,F1,1,,,,,
2026-08-06,2026-08-06,CM,NSE,STK,15337,INE855B01025,RAIN,EQ,,,,,RAIN INDUSTRIES LIMITED,243.49,247.75,239.55,243.0,241.0,242.68,,242.95,,,6138266,1497472543.62,41423,F1,1,,,,,
2026-08-06,2026-08-06,CM,NSE,STK,9408,INE961O01016,RAINBOW,EQ,,,,,RAINBOW CHILDRENS MED LTD,1598.6,1606.0,1561.0,1573.2,1561.0,1598.6,,1573.23,,,100916,160133353.1,11803,F1,1,,,,,
2026-08-06,2026-08-06,CM,NSE,STK,359,INE294G01026,ROML,EQ,,,,,RAJ OIL MILLS LIMITED,45.4,45.4,44.25,45.13,44.4,44.55,,45.13,,,3650,162987.17,35,F1,1,,,,,
2026-08-06,2026-08-06,CM,NSE,STK,8428,INE533D01032,RAJRILTD,BE,,,,,RAJ RAYON INDUSTRIES LTD,22.15,22.24,21.46,21.63,21.98,21.81,,21.63,,,14423,316777.13,134,F1,1,,,,,
2026-08-06,2026-08-06,CM,NSE,STK,14403,INE952H01027,RAJTV,EQ,,,,,RAJ TV NETWORK LTD,10.15,10.2,9.93,9.95,9.94,10.15,,9.95,,,50242,503060.02,281,F1,1,,,,,
2026-08-06,2026-08-06,CM,NSE,STK,762859,INE296E01026,RAJPALAYAM,EQ,,,,,RAJAPALAYAM MILLS LTD.,840.0,842.0,826.0,833.6,830.0,833.7,,831.47,,,845,708178.65,54,F1,1,,,,,
2026-08-06,2026-08-06,CM,NSE,STK,181,INE610C01014,ARENTERP,EQ,,,,,RAJDARSHAN INDUSTRIES LTD,38.93,41.4,36.6,37.82,37.66,39.12,,37.82,,,5024,191625.69,99,F1,1,,,,,
2026-08-06,2026-08-06,CM,NSE,STK,760461,INE343B01030,RAJESHEXPO,BZ,,,,,RAJESH EXPORTS LTD,84.11,85.5,83.1,84.54,84.18,85.31,,84.54,,,134189,11316141.01,2370,F1,1,,,,,
2026-08-06,2026-08-06,CM,NSE,STK,19681,INE0BZQ01011,RCDL,SM,,,,,RAJGOR CASTOR DERIVATI L,31.05,32.8,31.05,31.25,31.25,32.8,,31.25,,,18000,580500.0,5,F1,3000,,,,,
2026-08-06,2026-08-06,CM,NSE,STK,2168,INE00KV01022,RAJMET,EQ,,,,,RAJNANDINI METAL LIMITED,3.29,3.35,3.29,3.34,3.35,3.3,,3.34,,,174800,583575.46,490,F1,1,,,,,
2026-08-06,2026-08-06,CM,NSE,STK,757052,INE535F01024,RAJOOENG,BE,,,,,RAJOO ENGINEERS LIMITED,51.1,52.5,51.1,51.84,52.0,51.09,,51.81,,,133632,6932864.28,480,F1,1,,,,,
2026-08-06,2026-08-06,CM,NSE,STK,27269,INE0VHU01019,RAJPUTANA,SM,,,,,RAJPUTANA BIODIESEL LTD,200.0,207.8,200.0,207.5,207.5,200.0,,207.5,,,4000,811650.0,6,F1,500,,,,,
2026-08-06,2026-08-06,CM,NSE,STK,761439,INE313L01016,RSL,EQ,,,,,RAJPUTANA STAINLESS LTD,151.0,155.0,150.5,152.85,153.88,150.45,,152.87,,,556922,85293626.11,6454,F1,1,,,,,
2026-08-06,2026-08-06,CM,NSE,STK,18962,INE451D01029,RAJRATAN,EQ,,,,,RAJRATAN GLOBAL WIRE LTD,536.7,546.25,517.2,521.95,520.0,536.7,,521.97,,,168860,89894373.2,7052,F1,1,,,,,
2026-08-06,2026-08-06,CM,NSE,STK,6913,INE760W01023,RPPL,EQ,,,,,RAJSHREE POLYPACK LTD,24.02,25.69,23.95,25.38,25.59,23.6,,25.38,,,652152,16326951.36,1758,F1,1,,,,,
2026-08-06,2026-08-06,CM,NSE,STK,2809,INE562B01019,RAJSREESUG,EQ,,,,,RAJSHREE SUGAR & CHEMICAL,30.99,31.4,30.01,30.5,31.25,30.84,,30.5,,,31556,961164.81,344,F1,1,,,,,
2026-08-06,2026-08-06,CM,NSE,STK,2816,INE613A01020,RALLIS,EQ,,,,,RALLIS INDIA LTD,216.65,217.17,214.4,214.86,214.53,216.36,,214.88,,,718016,154467251.98,34422,F1,1,,,,,
2026-08-06,2026-08-06,CM,NSE,STK,10485,INE207E01023,RAMRAT,EQ,,,,,RAM RATNA WIRES LIMITED,438.0,470.0,436.95,467.15,469.0,436.85,,467.2,,,941695,433641620.35,25741,F1,1,,,,,
2026-08-06,2026-08-06,CM,NSE,STK,10568,INE809A01032,RAMAPHO,EQ,,,,,RAMA PHOSPHATES LIMITED,125.05,126.96,124.2,124.5,124.22,124.47,,124.52,,,21232,2656725.32,829,F1,1,,,,,
2026-08-06,2026-08-06,CM,NSE,STK,10304,INE230R01035,RAMASTEEL,BE,,,,,RAMA STEEL TUBES LIMITED,4.8,4.8,4.55,4.77,4.8,4.65,,4.77,,,4649051,22029489.56,5617,F1,1,,,,,
2026-08-06,2026-08-06,CM,NSE,STK,757777,INE14W901010,RTL,SM,,,,,RAMA TELECOM LIMITED,82.05,83.4,82.0,82.1,82.1,83.3,,82.1,,,50000,4118500.0,22,F1,2000,,,,,
2026-08-06,2026-08-06,CM,NSE,STK,4587,INE614A01028,RAMCOIND,EQ,,,,,RAMCO INDUSTRIES LIMITED,328.85,341.45,328.85,333.75,334.0,330.65,,333.73,,,146879,49373007.7,3830,F1,1,,,,,
2026-08-06,2026-08-06,CM,NSE,STK,7851,INE246B01019,RAMCOSYS,EQ,,,,,RAMCO SYSTEMS LTD.,630.0,640.0,610.1,626.5,626.0,621.7,,626.4,,,408857,256290775.25,14146,F1,1,,,,,
2026-08-06,2026-08-06,CM,NSE,STK,23565,INE0RJH01010,RBS,SM,,,,,RAMDEVBABA SOLVENT LTD,92.0,93.0,90.1,93.0,93.0,90.1,,93.0,,,4800,440880.0,6,F1,800,,,,,
2026-08-06,2026-08-06,CM,NSE,STK,11411,INE399G01023,RKFORGE,EQ,,,,,RAMKRISHNA FORGINGS LTD,710.0,718.6,695.0,700.5,699.9,706.45,,700.42,,,1444907,1021420408.55,37376,F1,1,,,,,
2026-08-06,2026-08-06,CM,NSE,STK,20134,INE874I01013,RAMKY,EQ,,,,,RAMKY INFRA LTD,392.6,408.0,390.95,405.3,406.0,393.5,,405.28,,,64332,25774140.95,2289,F1,1,,,,,
2026-08-06,2026-08-06,CM,NSE,STK,2837,INE625B01014,RANASUG,EQ,,,,,RANA SUGARS LTD.,12.91,12.92,12.51,12.64,12.6,12.91,,12.69,,,133682,1705523.47,517,F1,1,,,,,
2026-08-06,2026-08-06,CM,NSE,STK,11975,INE050H01012,RML,EQ,,,,,RANE (MADRAS) LIMITED,1114.6,1123.2,1028.7,1041.4,1042.0,1114.6,,1041.43,,,140551,151425257.8,11779,F1,1,,,,,
2026-08-06,2026-08-06,CM,NSE,STK,2844,INE384A01010,RANEHOLDIN,EQ,,,,,RANE HOLDINGS LIMITED,1795.1,1817.0,1740.0,1761.6,1764.8,1841.0,,1761.53,,,21841,38510830.5,2793,F1,1,,,,,
2026-08-06,2026-08-06,CM,NSE,STK,30460,INE0QX901013,RAPIDFLEET,SM,,,,,RAPID FLEET MGT SERVICE L,174.4,174.4,174.4,174.4,174.4,176.0,,174.4,,,600,104640.0,1,F1,600,,,,,
2026-08-06,2026-08-06,CM,NSE,STK,25610,INE0MVO01012,RAPPID,SM,,,,,RAPPID VALVES (INDIA) LTD,320.0,330.3,317.45,329.95,329.95,320.0,,329.95,,,7200,2348340.0,11,F1,600,,,,,
2026-08-06,2026-08-06,CM,NSE,STK,22670,INE0J1F01024,RPTECH,EQ,,,,,RASHI PERIPHERALS LIMITED,902.85,904.9,851.1,865.55,871.55,902.85,,865.54,,,585187,507950861.9,26178,F1,1,,,,,
2026-08-06,2026-08-06,CM,NSE,STK,2866,INE027A01015,RCF,EQ,,,,,RASHTRIYA CHEMICALS & FER,128.0,129.14,127.6,128.05,127.96,127.71,,128.05,,,412239,52874292.37,4812,F1,1,,,,,
2026-08-06,2026-08-06,CM,NSE,STK,7177,INE0CLI01024,RATEGAIN,EQ,,,,,RATEGAIN TRAVEL TECHN LTD,978.4,1050.0,921.15,944.95,947.7,978.4,,944.95,,,4578350,4515762468.3,181996,F1,1,,,,,
2026-08-06,2026-08-06,CM,NSE,STK,13451,INE703B01027,RATNAMANI,EQ,,,,,RATNAMANI MET & TUB LTD.,2381.5,2420.0,2351.0,2370.6,2355.0,2381.5,,2370.62,,,34705,83039979.9,9128,F1,1,,,,,
2026-08-06,2026-08-06,CM,NSE,STK,18423,INE05CZ01011,RATNAVEER,EQ,,,,,RATNAVEER PRECISION ENG L,206.0,213.69,203.12,205.61,206.01,203.25,,205.61,,,5915194,1228484958.51,37091,F1,1,,,,,
2026-08-06,2026-08-06,CM,NSE,STK,27297,INE834M01019,RTNINDIA,EQ,,,,,RATTANINDIA ENT LIMITED,32.75,33.18,31.36,31.47,31.59,32.55,,31.47,,,1793221,57374034.52,7199,F1,1,,,,,
2026-08-06,2026-08-06,CM,NSE,STK,17520,INE399K01017,RTNPOWER,EQ,,,,,RATTANINDIA POWER LIMITED,8.76,8.84,8.69,8.77,8.79,8.76,,8.77,,,12132090,106177495.02,10595,F1,1,,,,,
2026-08-06,2026-08-06,CM,NSE,STK,20950,INE722J01012,RKDL,EQ,,,,,RAVI KUMAR DIST. LTD.,19.28,19.28,19.0,19.07,19.02,19.17,,19.07,,,11672,222595.83,83,F1,1,,,,,
2026-08-06,2026-08-06,CM,NSE,STK,1565,INE09E501017,RVHL,EQ,,,,,RAVINDER HEIGHTS LIMITED,46.44,46.5,44.4,45.36,45.05,45.74,,45.36,,,15124,695196.35,112,F1,1,,,,,
2026-08-06,2026-08-06,CM,NSE,STK,24596,INE206N01018,RELTD,EQ,,,,,RAVINDRA ENERGY LIMITED,170.98,173.5,168.48,170.14,169.0,171.67,,170.13,,,158018,26982866.36,3234,F1,1,,,,,
2026-08-06,2026-08-06,CM,NSE,STK,25073,INE02ID01020,RAYMONDLSL,EQ,,,,,RAYMOND LIFESTYLE LIMITED,759.0,759.85,744.0,745.55,746.9,753.4,,745.57,,,69374,51898145.4,2577,F1,1,,,,,
2026-08-06,2026-08-06,CM,NSE,STK,2859,INE301A01014,RAYMOND,EQ,,,,,RAYMOND LTD,640.0,641.0,624.8,627.6,625.2,629.4,,627.57,,,450599,285319888.25,11649,F1,1,,,,,
2026-08-06,2026-08-06,CM,NSE,STK,758551,INE1SY401010,RAYMONDREL,EQ,,,,,RAYMOND REALTY LIMITED,691.5,702.45,682.05,688.2,688.0,692.55,,688.21,,,273345,188941404.35,7953,F1,1,,,,,
2026-08-06,2026-08-06,CM,NSE,STK,18391,INE976G01028,RBLBANK,EQ,,,,,RBL BANK LIMITED,390.0,392.0,387.45,392.0,392.0,389.8,,391.97,,,2903774,1131650401.8,35410,F1,1,,,,,
2026-08-06,2026-08-06,CM,NSE,STK,13570,INE0NA301016,RBMINFRA,SM,,,,,RBM INFRACON LIMITED,266.85,268.7,264.15,265.25,264.55,266.55,,265.25,,,8600,2286520.0,40,F1,200,,,,,
2026-08-06,2026-08-06,CM,NSE,STK,20874,INE0PEQ01016,RBZJEWEL,EQ,,,,,RBZ JEWELLERS LIMITED,151.2,152.16,150.0,150.96,150.7,149.76,,150.95,,,67746,10220160.08,971,F1,1,,,,,
2026-08-06,2026-08-06,CM,NSE,STK,29561,INE10QL01011,READYMIX,SM,,,,,READYMIX CONSTRU MACHI L,117.9,117.9,112.25,112.6,112.25,114.6,,112.6,,,22000,2518950.0,21,F1,1000,,,,,
2026-08-06,2026-08-06,CM,NSE,STK,15355,INE020B01018,RECLTD,EQ,,,,,REC LIMITED,366.05,367.0,361.5,361.5,361.5,366.0,,361.5,,,3944657,1432123285.55,68397,F1,1,,,,,
2026-08-06,2026-08-06,CM,NSE,STK,14255,INE891D01026,REDINGTON,EQ,,,,,REDINGTON LIMITED,346.95,354.15,343.15,350.75,350.55,347.85,,350.74,,,4479973,1567923064.35,56437,F1,1,,,,,
2026-08-06,2026-08-06,CM,NSE,STK,17859,INE0LXT01019,REDTAPE,EQ,,,,,REDTAPE LIMITED,134.2,138.5,133.71,136.86,136.01,134.24,,136.85,,,564078,77129589.4,8677,F1,1,,,,,
2026-08-06,2026-08-06,CM,NSE,STK,17764,INE056I01025,REFEX,EQ,,,,,REFEX INDUSTRIES LIMITED,303.0,305.65,298.0,298.65,298.1,301.0,,298.66,,,303703,91486635.5,5154,F1,1,,,,,
2026-08-06,2026-08-06,CM,NSE,STK,23718,INE0TNX01015,REFRACTORY,SM,,,,,REFRACTORY SHAPES LIMITED,26.1,26.1,26.1,26.1,26.1,25.75,,26.1,,,1000,26100.0,1,F1,1000,,,,,
2026-08-06,2026-08-06,CM,NSE,STK,758682,INE0MHO01029,REGAAL,BE,,,,,REGAAL RESOURCES LIMITED,87.39,87.39,83.51,86.88,86.15,86.62,,86.87,,,83291,7142545.53,410,F1,1,,,,,
2026-08-06,2026-08-06,CM,NSE,STK,4130,INE277C01012,REGENCERAM,EQ,,,,,REGENCY CERAMICS LTD.,32.03,33.99,32.03,33.5,33.5,32.03,,32.55,,,291,9703.61,11,F1,1,,,,,
2026-08-06,2026-08-06,CM,NSE,STK,24225,INE131B01039,RELAXO,EQ,,,,,RELAXO FOOT LTD.,422.0,427.35,418.0,425.55,425.8,416.15,,425.55,,,496257,210482944.95,13655,F1,1,,,,,
2026-08-06,2026-08-06,CM,NSE,STK,3172,INF204KC1030,GILT5YBEES,EQ,,,,,RELCAPAMC - NETFGILT5Y,66.67,66.67,66.35,66.5,66.52,66.33,,66.5,,,306741,20400876.75,473,F1,1,,,,,
2026-08-06,2026-08-06,CM,NSE,STK,24378,INE375Y01018,RELIABLE,EQ,,,,,RELIABLE DATA SERVICE LTD,148.5,148.5,142.58,145.64,146.4,144.1,,145.64,,,17500,2518544.84,240,F1,1,,,,,
2026-08-06,2026-08-06,CM,NSE,STK,9652,INE750D01016,RELCHEMQ,EQ,,,,,RELIANCE CHEMOTEX IND LTD,127.59,131.51,125.01,130.03,131.3,127.59,,130.03,,,3990,515391.8,117,F1,1,,,,,
2026-08-06,2026-08-06,CM,NSE,STK,13188,INE330H01018,RCOM,BE,,,,,RELIANCE COMMUNICATIONS L,0.84,0.86,0.83,0.83,0.83,0.83,,0.83,,,2332461,1956182.7,1474,F1,1,,,,,
2026-08-06,2026-08-06,CM,NSE,STK,759204,INE217K01011,RHFL,BZ,,,,,RELIANCE HOME FINANCE LTD,1.93,1.93,1.89,1.91,1.93,1.91,,1.91,,,479717,918575.13,746,F1,1,,,,,
2026-08-06,2026-08-06,CM,NSE,STK,2912,INE046A01015,RIIL,EQ,,,,,RELIANCE INDUSTRIAL INFRA,752.9,764.95,750.4,761.2,762.0,750.15,,761.21,,,59892,45448895.45,2777,F1,1,,,,,
2026-08-06,2026-08-06,CM,NSE,STK,2885,INE002A01018,RELIANCE,EQ,,,,,RELIANCE INDUSTRIES LTD,1285.0,1325.2,1281.2,1325.0,1325.0,1280.0,,1325.0,,,20342297,26714270356.2,279507,F1,1,,,,,
2026-08-06,2026-08-06,CM,NSE,STK,4791,INE036A01016,RELINFRA,BE,,,,,RELIANCE INFRASTRUCTU LTD,72.96,72.96,70.88,72.96,72.96,69.49,,72.96,,,2262371,164786079.75,5075,F1,1,,,,,
2026-08-06,2026-08-06,CM,NSE,STK,15259,INE614G01033,RPOWER,EQ,,,,,RELIANCE POWER LTD.,24.26,24.58,24.06,24.24,24.27,24.17,,24.24,,,18237056,443387826.78,27144,F1,1,,,,,
2026-08-06,2026-08-06,CM,NSE,STK,15068,INE621H01010,RELIGARE,EQ,,,,,RELIGARE ENTER. LTD.,257.4,257.7,254.2,256.55,256.85,257.2,,256.58,,,233023,59719569.1,4433,F1,1,,,,,
2026-08-06,2026-08-06,CM,NSE,STK,3965,INE474C01023,REMSONSIND,EQ,,,,,REMSONS INDUSTRIES LTD,87.9,90.8,86.1,88.64,88.3,85.72,,88.67,,,283790,25222645.63,4041,F1,1,,,,,
2026-08-06,2026-08-06,CM,NSE,STK,16154,INE0O5T01011,REMUS,SM,,,,,REMUS PHARMACEUTICALS L,782.0,820.0,780.85,810.55,820.0,769.0,,810.55,,,20800,16586035.0,126,F1,100,,,,,
2026-08-06,2026-08-06,CM,NSE,STK,15129,INE722H01024,RGL,EQ,,,,,RENAISSANCE GLOBAL LTD,125.0,127.4,121.25,122.48,122.0,124.95,,122.47,,,519850,64999414.57,4320,F1,1,,,,,
2026-08-06,2026-08-06,CM,NSE,STK,758157,INE0VZX01015,RNPL,SM,,,,,RENOL POLYCHEM LIMITED,86.5,86.5,83.05,84.9,84.9,84.0,,84.9,,,3600,305340.0,3,F1,1200,,,,,
2026-08-06,2026-08-06,CM,NSE,STK,29598,INE612J01015,REPCOHOME,EQ,,,,,REPCO HOME FINANCE LTD,385.0,399.7,382.95,391.3,390.65,385.95,,391.29,,,201001,78770088.75,5746,F1,1,,,,,
2026-08-06,2026-08-06,CM,NSE,STK,13126,INE461B01014,REPRO,EQ,,,,,REPRO INDIA LIMITED,376.75,380.0,368.8,375.1,377.25,374.75,,375.1,,,9223,3457640.5,519,F1,1,,,,,
2026-08-06,2026-08-06,CM,NSE,STK,20323,INE688D01026,RESPONIND,EQ,,,,,RESPONSIVE INDUSTRIES LTD,173.0,174.7,170.01,171.43,170.65,173.12,,171.43,,,61225,10533101.99,1560,F1,1,,,,,
2026-08-06,2026-08-06,CM,NSE,STK,1494,INE07T201019,RBA,EQ,,,,,RESTAURANT BRAND ASIA LTD,87.7,91.8,86.6,90.25,90.99,87.74,,90.26,,,50121871,4526293080.27,139706,F1,1,,,,,
2026-08-06,2026-08-06,CM,NSE,STK,25157,INE0DAB01012,RVTH,EQ,,,,,REVATHI EQUIPMENT INDIA L,718.0,724.4,703.4,713.9,716.4,724.4,,713.9,,,223,160842.5,17,F1,1,,,,,
2026-08-06,2026-08-06,CM,NSE,STK,763468,INE0V2V01015,RFBL,ST,,,,,RFBL FLEXI PACK LIMITED,87.5,87.5,87.5,87.5,87.5,88.0,,87.5,,,3000,262500.0,1,F1,3000,,,,,
2026-08-06,2026-08-06,CM,NSE,STK,759062,INE0KKN01029,RHETAN,EQ,,,,,RHETAN TMT LIMITED,32.81,33.39,32.81,32.85,32.83,32.29,,32.85,,,22355131,738238681.61,14764,F1,1,,,,,
2026-08-06,2026-08-06,CM,NSE,STK,31163,INE743M01012,RHIM,EQ,,,,,RHI MAGNESITA INDIA LTD,413.1,417.5,408.0,411.15,410.0,409.0,,411.15,,,265325,109578828.3,8752,F1,1,,,,,
2026-08-06,2026-08-06,CM,NSE,STK,2909,INE209B01025,RICOAUTO,EQ,,,,,RICO AUTO INDUSTRIES LTD,156.4,157.6,151.25,152.38,151.94,155.81,,152.38,,,2844996,440270660.39,22295,F1,1,,,,,
2026-08-06,2026-08-06,CM,NSE,STK,764121,INE302D01024,RIR,EQ,,,,,RIR POWER ELECTRONICS L,161.85,161.85,159.0,160.05,159.65,159.6,,160.01,,,48782,7806716.71,1572,F1,1,,,,,
2026-08-06,2026-08-06,CM,NSE,STK,18417,INE0N2P01017,RISHABH,EQ,,,,,RISHABH INSTRUMENTS LTD,649.9,661.25,643.0,647.05,643.0,647.15,,646.91,,,73004,47476253.9,4458,F1,1,,,,,
2026-08-06,2026-08-06,CM,NSE,STK,8944,INE01EG01016,RITCO,EQ,,,,,RITCO LOGISTICS LIMITED,310.95,313.0,302.3,306.05,302.3,312.1,,306.03,,,162063,50039738.5,8385,F1,1,,,,,
2026-08-06,2026-08-06,CM,NSE,STK,11910,INE0MRA01019,RITEZONE,SM,,,,,RITE ZONE CHEMCON IND LTD,18.1,19.95,18.1,19.95,19.95,19.05,,19.95,,,3200,60880.0,2,F1,1600,,,,,
2026-08-06,2026-08-06,CM,NSE,STK,3761,INE320J01015,RITES,EQ,,,,,RITES LIMITED,226.8,232.98,222.81,231.38,231.1,227.35,,231.36,,,2202147,504280010.77,29286,F1,1,,,,,
2026-08-06,2026-08-06,CM,NSE,STK,1547,INE786W01010,RKEC,EQ,,,,,RKEC PROJECTS LIMITED,26.3,27.19,26.07,26.18,26.1,26.75,,26.18,,,29786,788518.11,171,F1,1,,,,,
2026-08-06,2026-08-06,CM,NSE,STK,762346,INE655V01019,RMC,EQ,,,,,RMC SWITCHGEARS LIMITED,350.0,360.0,347.0,355.2,354.9,337.4,,355.2,,,259732,91911409.55,6469,F1,1,,,,,
2026-08-06,2026-08-06,CM,NSE,STK,24589,INE0SA001017,RNFI,SM,,,,,RNFI SERVICES LIMITED,275.0,280.0,270.0,273.4,270.05,275.3,,273.4,,,76200,20796330.0,113,F1,600,,,,,
2026-08-06,2026-08-06,CM,NSE,STK,15157,INE508K01013,RHL,EQ,,,,,ROBUST HOTELS LIMITED,173.09,177.9,171.2,177.53,177.0,173.0,,177.53,,,5078,892048.29,125,F1,1,,,,,
2026-08-06,2026-08-06,CM,NSE,STK,5279,INE645S01024,ROLEXRINGS,EQ,,,,,ROLEX RINGS LIMITED,145.9,156.0,145.7,152.8,153.01,144.82,,152.8,,,15721968,2388855900.46,96018,F1,1,,,,,
2026-08-06,2026-08-06,CM,NSE,STK,19108,INE927A01040,ROLLT,BE,,,,,ROLLATAINERS LIMITED,2.97,2.97,2.97,2.97,2.97,2.83,,2.97,,,169684,503961.48,81,F1,1,,,,,
2026-08-06,2026-08-06,CM,NSE,STK,19410,INE02A801020,ROSSARI,EQ,,,,,ROSSARI BIOTECH LIMITED,527.5,536.7,521.0,525.95,524.0,524.9,,525.96,,,117427,62050309.1,6134,F1,1,,,,,
2026-08-06,2026-08-06,CM,NSE,STK,28913,INE847C01020,ROSSELLIND,EQ,,,,,ROSSELL INDIA LIMITED,59.4,59.4,53.5,54.95,55.98,57.66,,54.87,,,64663,3659430.17,1112,F1,1,,,,,
2026-08-06,2026-08-06,CM,NSE,STK,27353,INE0OJW01016,ROSSTECH,EQ,,,,,ROSSELL TECHSYS LIMITED,1072.6,1118.0,1057.1,1090.2,1085.0,1064.65,,1090.13,,,275629,302206753.5,17965,F1,1,,,,,
2026-08-06,2026-08-06,CM,NSE,STK,9049,INE535D01037,ROTO,EQ,,,,,ROTO PUMPS LIMITED,66.39,70.38,66.0,69.31,69.0,66.01,,69.39,,,699027,47934860.84,4985,F1,1,,,,,
2026-08-06,2026-08-06,CM,NSE,STK,128,INE450U01017,ROUTE,EQ,,,,,ROUTE MOBILE LIMITED,534.8,535.45,531.0,533.5,532.1,532.3,,533.5,,,124345,66307036.5,5315,F1,1,,,,,
2026-08-06,2026-08-06,CM,NSE,STK,20167,INE0PDJ01013,ROXHITECH,SM,,,,,ROX HI TECH LIMITED,49.0,51.1,45.95,46.2,46.2,47.5,,46.2,,,73600,3523040.0,43,F1,1600,,,,,
2026-08-06,2026-08-06,CM,NSE,STK,29727,INE0EO401019,ROYALARC,SM,,,,,ROYAL ARC ELECTRODES LTD,154.0,154.0,150.0,150.0,150.0,153.0,,150.0,,,3600,544920.0,3,F1,1200,,,,,
2026-08-06,2026-08-06,CM,NSE,STK,13182,INE283H01019,ROHLTD,EQ,,,,,ROYAL ORCHID HOTELS LTD,313.2,321.0,311.35,312.5,312.2,312.75,,312.55,,,13576,4275384.75,911,F1,1,,,,,
2026-08-06,2026-08-06,CM,NSE,STK,16725,INE105J01010,RPGLIFE,EQ,,,,,RPG LIFE SCIENCES LTD,2724.0,2765.0,2657.0,2688.9,2660.0,2707.8,,2688.79,,,11038,29914953.4,2313,F1,1,,,,,
2026-08-06,2026-08-06,CM,NSE,STK,8119,INE425Y01011,RPSGVENT,EQ,,,,,RPSG VENTURES LIMITED,960.0,969.9,915.15,921.05,916.0,960.45,,921.02,,,34573,32491676.45,1876,F1,1,,,,,
2026-08-06,2026-08-06,CM,NSE,STK,7292,INE611A01016,RSWM,BE,,,,,RSWM LIMITED,216.01,216.05,213.39,213.39,213.39,224.62,,213.16,,,118862,25395744.72,442,F1,1,,,,,
2026-08-06,2026-08-06,CM,NSE,STK,24730,INE642C01025,RUBFILA,EQ,,,,,RUBFILA INTERNATIONAL LTD,72.5,74.0,71.1,72.99,72.7,72.52,,72.99,,,16252,1176410.59,157,F1,1,,,,,
2026-08-06,2026-08-06,CM,NSE,STK,759316,INE506V01022,RUBICON,EQ,,,,,RUBICON RESEARCH LIMITED,1574.0,1582.9,1501.0,1533.4,1535.0,1574.6,,1533.35,,,255419,390710693.5,15471,F1,1,,,,,
2026-08-06,2026-08-06,CM,NSE,STK,4566,INE413B01023,RUCHINFRA,EQ,,,,,RUCHI INFRASTRUCTURE LTD,6.07,6.07,5.82,5.84,5.88,5.89,,5.84,,,24935,147114.63,101,F1,1,,,,,
2026-08-06,2026-08-06,CM,NSE,STK,13821,INE803H01014,RUCHIRA,EQ,,,,,RUCHIRA PAPERS LIMITED,111.99,111.99,110.01,111.21,111.75,110.41,,111.23,,,19843,2198580.61,369,F1,1,,,,,
2026-08-06,2026-08-06,CM,NSE,STK,760392,INE027T01023,RUDRA,EQ,,,,,RUDRA GLOBAL INFRA PROD L,18.0,18.05,17.75,17.91,17.86,18.18,,17.9,,,14910,267109.77,112,F1,1,,,,,
2026-08-06,2026-08-06,CM,NSE,STK,1486,INE364Z01019,REPL,BE,,,,,RUDRABHISHEK ENTERP LTD,65.97,65.97,63.07,64.98,64.98,64.89,,64.98,,,3455,220605.76,49,F1,1,,,,,
2026-08-06,2026-08-06,CM,NSE,STK,23830,INE0R7301013,RULKA,SM,,,,,RULKA ELECTRICALS LIMITED,112.0,113.25,109.1,112.85,113.25,109.1,,112.85,,,2400,265110.0,8,F1,300,,,,,
2026-08-06,2026-08-06,CM,NSE,STK,25724,INE895B01021,RUPA,EQ,,,,,RUPA & COMPANY LTD,162.0,169.55,162.0,167.62,166.01,161.67,,167.62,,,253848,42421987.51,6086,F1,1,,,,,
2026-08-06,2026-08-06,CM,NSE,STK,24595,INE573K01025,RUSHIL,EQ,,,,,RUSHIL DECOR LIMITED,17.77,18.78,17.77,18.17,18.06,17.82,,18.17,,,946814,17380684.66,2537,F1,1,,,,,
2026-08-06,2026-08-06,CM,NSE,STK,24674,INE0BSN01013,SATECH,SM,,,,,S A TECH SOFTWARE INDIA L,33.5,33.5,32.9,32.9,32.9,34.6,,32.9,,,28000,922150.0,14,F1,1000,,,,,
2026-08-06,2026-08-06,CM,NSE,STK,20698,INE807K01035,SCHAND,EQ,,,,,S CHAND AND COMPANY LTD,143.99,145.38,141.62,143.07,142.55,142.48,,143.07,,,16990,2431584.67,668,F1,1,,,,,
2026-08-06,2026-08-06,CM,NSE,STK,11212,INE500L01026,SHK,EQ,,,,,S H KELKAR AND CO. LTD.,167.34,173.0,166.86,170.06,170.69,166.86,,170.11,,,1297630,222043954.1,13491,F1,1,,,,,
2026-08-06,2026-08-06,CM,NSE,STK,20542,INE0F3301020,SJLOGISTIC,SM,,,,,S J LOGISTICS (INDIA) LTD,327.0,327.0,313.2,315.05,315.0,322.45,,315.05,,,44000,13943487.5,102,F1,250,,,,,
2026-08-06,2026-08-06,CM,NSE,STK,2951,INE902B01017,S&SPOWER,EQ,,,,,S&S POWER SWITCHGEARS LTD,322.0,332.0,306.15,309.65,314.95,322.25,,309.65,,,13584,4205661.5,412,F1,1,,,,,
2026-08-06,2026-08-06,CM,NSE,STK,18252,INE212I01016,SPAL,EQ,,,,,S. P. APPARELS LIMITED,1057.4,1057.4,1003.5,1014.5,1012.85,1052.2,,1014.51,,,63563,64588678.2,5526,F1,1,,,,,
2026-08-06,2026-08-06,CM,NSE,STK,11634,INE658G01014,SALSTEEL,EQ,,,,,S.A.L. STEEL LTD.,61.9,62.77,60.12,62.77,62.77,59.79,,63.13,,,242571,15172343.61,1028,F1,1,,,,,
2026-08-06,2026-08-06,CM,NSE,STK,19112,INE0PSK01027,SAAKSHI,ST,,,,,SAAKSHI MEDTEC N PANELS L,288.2,297.45,288.2,292.05,295.45,294.95,,292.05,,,5400,1578150.0,8,F1,600,,,,,
2026-08-06,2026-08-06,CM,NSE,STK,759057,INE13B501022,SAATVIKGL,EQ,,,,,SAATVIK GREEN ENERGY LTD,423.0,429.95,421.0,427.65,428.9,422.65,,427.66,,,45101,19233152.85,1870,F1,1,,,,,
2026-08-06,2026-08-06,CM,NSE,STK,10982,INE0DZ101013,SABAR,SM,,,,,SABAR FLEX INDIA LIMITED,6.85,6.85,6.85,6.85,6.85,6.8,,6.85,,,5000,34250.0,1,F1,5000,,,,,
2026-08-06,2026-08-06,CM,NSE,STK,757409,INE1ARD01016,SACHEEROME,SM,,,,,SACHEEROME LIMITED,416.25,458.0,416.25,455.7,455.0,415.05,,455.7,,,39600,17587170.0,111,F1,300,,,,,
2026-08-06,2026-08-06,CM,NSE,STK,13236,INE226H01026,SADBHAV,EQ,,,,,SADBHAV ENGINEERING LTD,8.98,9.28,8.82,8.93,8.99,8.99,,8.93,,,178061,1596667.5,475,F1,1,,,,,
2026-08-06,2026-08-06,CM,NSE,STK,10622,INE764L01010,SADBHIN,BE,,,,,SADBHAV INFRA PROJ LTD.,2.68,2.71,2.6,2.63,2.63,2.59,,2.63,,,113085,298782.71,160,F1,1,,,,,
2026-08-06,2026-08-06,CM,NSE,STK,15349,INE888C01040,SADHNANIQ,BE,,,,,SADHANA NITROCHEM LIMITED,2.8,2.95,2.73,2.88,2.93,2.84,,2.89,,,3697351,10592266.53,1258,F1,1,,,,,
2026-08-06,2026-08-06,CM,NSE,STK,22897,INE0K5H01010,SADHAV,SM,,,,,SADHAV SHIPPING LIMITED,120.0,121.5,115.5,115.65,115.5,117.05,,115.65,,,16800,1977180.0,28,F1,600,,,,,
2026-08-06,2026-08-06,CM,NSE,STK,13035,INE429E01023,SAFARI,EQ,,,,,SAFARI IND (INDIA) LTD,1500.1,1519.4,1486.1,1490.8,1487.0,1500.0,,1490.84,,,113970,170942739.4,10569,F1,1,,,,,
2026-08-06,2026-08-06,CM,NSE,STK,757583,INE17D601016,SAFEENTP,SM,,,,,SAFE ENTER RETAIL FIX LTD,251.0,254.75,248.6,251.8,248.6,249.75,,251.8,,,10500,2637675.0,21,F1,500,,,,,
2026-08-06,2026-08-06,CM,NSE,STK,14068,INE229C01021,SAGCEM,EQ,,,,,SAGAR CEMENTS LIMITED,173.0,174.5,172.32,173.87,174.5,172.9,,173.87,,,21741,3773135.92,633,F1,1,,,,,
2026-08-06,2026-08-06,CM,NSE,STK,8175,INE976T01013,SAGARDEEP,EQ,,,,,SAGARDEEP ALLOYS LIMITED,25.9,25.9,24.51,25.23,25.1,25.2,,25.23,,,6749,171291.54,62,F1,1,,,,,
2026-08-06,2026-08-06,CM,NSE,STK,27052,INE0W2G01015,SAGILITY,EQ,,,,,SAGILITY LIMITED,43.96,44.48,43.63,43.76,43.89,43.87,,43.76,,,10914497,480208606.82,23259,F1,1,,,,,
2026-08-06,2026-08-06,CM,NSE,STK,24478,INE0P4701011,SAHAJSOLAR,SM,,,,,SAHAJ SOLAR LIMITED,111.25,111.55,108.2,109.4,109.95,110.5,,109.4,,,16800,1834140.0,36,F1,400,,,,,
2026-08-06,2026-08-06,CM,NSE,STK,16711,INE0LEX01011,SAHANA,SM,,,,,SAHANA SYSTEM LIMITED,809.0,820.0,805.05,816.15,815.0,809.65,,816.15,,,15900,12909907.5,95,F1,150,,,,,
2026-08-06,2026-08-06,CM,NSE,STK,25671,INE0RBQ01018,SAHASRA,ST,,,,,SAHASRA ELECTRONIC SOLU L,312.05,328.05,312.0,328.05,328.05,312.45,,328.05,,,57600,18757640.0,94,F1,400,,,,,
2026-08-06,2026-08-06,CM,NSE,STK,14900,INE280H01015,SAHYADRI,EQ,,,,,SAHYADRI INDUSTRIES LTD,319.6,335.0,313.55,332.15,331.0,316.8,,331.67,,,15723,5144071.05,862,F1,1,,,,,
2026-08-06,2026-08-06,CM,NSE,STK,27839,INE570L01029,SAILIFE,EQ,,,,,SAI LIFE SCIENCES LIMITED,1394.5,1449.8,1386.6,1413.5,1414.0,1394.3,,1413.55,,,1284015,1828383667.5,55634,F1,1,,,,,
2026-08-06,2026-08-06,CM,NSE,STK,761675,INE0H9F01037,SAIPARENT,EQ,,,,,SAI PARENTERALS LIMITED,525.0,544.45,517.3,541.15,540.0,516.1,,541.17,,,153119,82131981.2,6027,F1,1,,,,,
2026-08-06,2026-08-06,CM,NSE,STK,18755,INE438K01021,KALAMANDIR,EQ,,,,,SAI SILKS (KALAMANDIR) L,88.99,89.74,88.04,88.18,88.25,88.79,,88.18,,,386392,34309348.21,3555,F1,1,,,,,
2026-08-06,2026-08-06,CM,NSE,STK,25715,INE00MT01022,SAJHOTELS,ST,,,,,SAJ HOTELS LIMITED,42.45,42.45,42.45,42.45,42.45,40.45,,42.45,,,128000,5433600.0,32,F1,2000,,,,,
2026-08-06,2026-08-06,CM,NSE,STK,9539,INE732S01012,SAKAR,EQ,,,,,SAKAR HEALTHCARE LIMITED,899.95,937.0,895.6,919.7,920.8,890.7,,919.7,,,132037,121574158.05,9287,F1,1,,,,,
2026-08-06,2026-08-06,CM,NSE,STK,11794,INE667G01023,SAKSOFT,EQ,,,,,SAKSOFT LIMITED,177.2,177.92,173.2,175.56,175.34,177.2,,175.57,,,347806,61119587.16,4423,F1,1,,,,,
2026-08-06,2026-08-06,CM,NSE,STK,2969,INE623A01011,SAKHTISUG,EQ,,,,,SAKTHI SUGARS LTD,17.55,17.7,17.39,17.5,17.43,17.68,,17.49,,,36769,645748.57,289,F1,1,,,,,
2026-08-06,2026-08-06,CM,NSE,STK,13251,INE190H01024,SAKUMA,EQ,,,,,SAKUMA EXPORTS LIMITED,1.64,1.66,1.63,1.63,1.64,1.62,,1.63,,,517861,848919.66,608,F1,1,,,,,
2026-08-06,2026-08-06,CM,NSE,STK,21362,INE170V01027,SALASAR,EQ,,,,,SALASAR TECHNO ENGG. LTD.,5.92,5.95,5.88,5.89,5.92,5.92,,5.89,,,2308237,13634351.82,2448,F1,1,,,,,
2026-08-06,2026-08-06,CM,NSE,STK,17351,INE498E01010,SALONA,EQ,,,,,SALONA COTSPIN LTD.,249.0,256.9,200.0,236.17,235.0,248.3,,236.17,,,7386,1669603.93,248,F1,1,,,,,
2026-08-06,2026-08-06,CM,NSE,STK,11399,INE457F01013,SALZERELEC,EQ,,,,,SALZER ELECTRONICS LTD,610.0,627.15,609.2,616.0,615.0,606.8,,615.91,,,51182,31632709.5,2464,F1,1,,,,,
2026-08-06,2026-08-06,CM,NSE,STK,4127,INE699B01027,SAMBHAAV,EQ,,,,,SAMBHAAV MEDIA LTD,6.61,6.99,6.5,6.59,6.69,6.68,,6.59,,,150585,1017193.67,214,F1,1,,,,,
2026-08-06,2026-08-06,CM,NSE,STK,757767,INE12NJ01018,SAMBHV,EQ,,,,,SAMBHV STEEL TUBES LTD,121.8,122.5,118.2,118.59,118.78,121.16,,118.59,,,1127963,135323576.35,8507,F1,1,,,,,
2026-08-06,2026-08-06,CM,NSE,STK,21096,INE0PZA01015,SAIFL,SM,,,,,SAMEERA AGRO AND INFRA L,5.05,5.05,5.0,5.05,5.05,5.05,,5.05,,,72000,362600.0,15,F1,4000,,,,,
2026-08-06,2026-08-06,CM,NSE,STK,18614,INE08U801020,SAMHI,EQ,,,,,SAMHI HOTELS LIMITED,173.0,176.9,173.0,176.24,176.0,173.66,,176.24,,,837173,146515413.29,13577,F1,1,,,,,
2026-08-06,2026-08-06,CM,NSE,STK,30125,INE148I01020,SAMMAANCAP,EQ,,,,,SAMMAAN CAPITAL LIMITED,161.5,169.36,160.55,167.22,167.0,161.53,,167.21,,,12368225,2054861998.36,52941,F1,1,,,,,
2026-08-06,2026-08-06,CM,NSE,STK,27303,INE735M01018,SAMPANN,EQ,,,,,SAMPANN UTPADAN INDIA LTD,27.87,27.87,26.7,27.5,27.75,27.43,,27.5,,,15645,427102.33,127,F1,1,,,,,
2026-08-06,2026-08-06,CM,NSE,STK,4204,INE775A01035,MOTHERSON,EQ,,,,,SAMVRDHNA MTHRSN INTL LTD,155.3,157.99,151.61,155.0,155.0,154.35,,155.0,,,39983472,6187804521.23,160197,F1,1,,,,,
2026-08-06,2026-08-06,CM,NSE,STK,28805,INE0JPD01013,SANATHAN,EQ,,,,,SANATHAN TEXTILES LIMITED,476.75,480.2,470.05,474.7,476.0,476.75,,474.96,,,21789,10349822.9,1247,F1,1,,,,,
2026-08-06,2026-08-06,CM,NSE,STK,2988,INE583B01015,SANDESH,EQ,,,,,SANDESH LTD,1180.0,1187.75,1160.0,1187.75,1187.75,989.8,,1192.95,,,15349,18202735.5,236,F1,1,,,,,
2026-08-06,2026-08-06,CM,NSE,STK,2397,INE278H01035,SANDHAR,EQ,,,,,SANDHAR TECHNOLOGIES LTD,660.0,662.75,655.0,656.35,655.8,654.75,,656.36,,,145611,95831211.6,5697,F1,1,,,,,
2026-08-06,2026-08-06,CM,NSE,STK,18359,INE149K01016,SANDUMA,EQ,,,,,SANDUR MANG & IRON ORES L,216.0,217.1,212.1,213.88,213.7,214.15,,213.83,,,870537,186658931.69,13527,F1,1,,,,,
2026-08-06,2026-08-06,CM,NSE,STK,4184,INE495C01010,SANGAMIND,EQ,,,,,SANGAM (INDIA) LTD,613.8,640.0,612.25,615.5,612.85,612.55,,615.5,,,43200,26986703.45,2086,F1,1,,,,,
2026-08-06,2026-08-06,CM,NSE,STK,18035,INE0OVI01010,SANGANI,SM,,,,,SANGANI HOSPITALS LIMITED,44.8,45.0,44.8,45.0,45.0,43.0,,45.0,,,4500,202200.0,3,F1,1500,,,,,
2026-08-06,2026-08-06,CM,NSE,STK,14058,INE989A01032,SANGHVIMOV,EQ,,,,,SANGHVI MOVERS LTD,475.0,488.8,467.0,481.55,483.0,474.2,,481.47,,,645352,311190285.05,18149,F1,1,,,,,
2026-08-06,2026-08-06,CM,NSE,STK,11033,INE753W01010,SANGINITA,BE,,,,,SANGINITA CHEMICALS LTD,60.3,60.3,60.3,60.3,60.3,61.53,,60.3,,,121827,7346168.1,165,F1,1,,,,,
2026-08-06,2026-08-06,CM,NSE,STK,25222,INE0UOS01011,SANOFICONR,EQ,,,,,SANOFI CONS HEALTHC IND L,4541.7,4555.9,4521.0,4533.8,4526.0,4551.4,,4533.8,,,869,3943393.4,406,F1,1,,,,,
2026-08-06,2026-08-06,CM,NSE,STK,1442,INE058A01010,SANOFI,EQ,,,,,SANOFI INDIA LIMITED,3329.3,3360.0,3305.4,3352.6,3355.0,3328.4,,3352.57,,,23429,78109811.5,3664,F1,1,,,,,
2026-08-06,2026-08-06,CM,NSE,STK,5751,INE953O01021,SANSERA,EQ,,,,,SANSERA ENGINEERING LTD,3750.1,3870.0,3732.3,3787.3,3783.0,3742.8,,3787.04,,,349481,1332496180.7,41673,F1,1,,,,,
2026-08-06,2026-08-06,CM,NSE,STK,24582,INE08NE01025,SANSTAR,EQ,,,,,SANSTAR LIMITED,115.58,115.9,113.01,113.63,113.4,114.4,,113.62,,,148274,16909564.63,2024,F1,1,,,,,
2026-08-06,2026-08-06,CM,NSE,STK,46,INE890C01046,SANWARIA,BZ,,,,,SANWARIA CONSUMER LIMITED,0.21,0.21,0.19,0.19,0.21,0.2,,0.19,,,608951,122442.07,178,F1,1,,,,,
2026-08-06,2026-08-06,CM,NSE,STK,6718,INE806T01020,SAPPHIRE,EQ,,,,,SAPPHIRE FOODS INDIA LTD,203.0,203.1,197.35,199.74,199.2,202.52,,199.74,,,3020466,604374221.89,25848,F1,1,,,,,
2026-08-06,2026-08-06,CM,NSE,STK,19863,INE0PUC01020,SARTELE,SM,,,,,SAR TELEVENTURE LIMITED,118.0,118.5,116.0,117.05,117.8,118.45,,117.05,,,51000,5986450.0,92,F1,500,,,,,
2026-08-06,2026-08-06,CM,NSE,STK,24856,INE0PQ101010,SSDL,EQ,,,,,SARASWATI SAREE DEPOT LTD,54.25,54.7,53.22,53.54,53.4,54.38,,53.54,,,15487,830672.85,372,F1,1,,,,,
2026-08-06,2026-08-06,CM,NSE,STK,17758,INE385C01021,SARDAEN,EQ,,,,,SARDA ENERGY & MIN LTD,504.95,508.5,499.0,500.9,501.5,499.7,,500.9,,,266980,133938962.0,11760,F1,1,,,,,
2026-08-06,2026-08-06,CM,NSE,STK,4892,INE979A01025,SAREGAMA,EQ,,,,,SAREGAMA INDIA LIMITED,561.9,561.9,523.85,528.0,528.9,557.25,,528.01,,,1169148,621956721.2,34960,F1,1,,,,,
2026-08-06,2026-08-06,CM,NSE,STK,14043,INE453D01025,SARLAPOLY,EQ,,,,,SARLA PERF. FIBERS LTD,110.0,111.0,101.62,102.15,101.7,102.36,,102.15,,,369350,39034360.02,4785,F1,1,,,,,
2026-08-06,2026-08-06,CM,NSE,STK,6843,INE017W01010,SMLT,EQ,,,,,SARTHAK METALS LIMITED,70.9,70.9,68.05,68.48,68.1,70.04,,68.54,,,5186,357422.01,106,F1,1,,,,,
2026-08-06,2026-08-06,CM,NSE,STK,12913,INE324X01026,SARVESHWAR,EQ,,,,,SARVESHWAR FOODS LIMITED,3.44,3.45,3.4,3.44,3.45,3.42,,3.45,,,1276966,4389325.67,1102,F1,1,,,,,
2026-08-06,2026-08-06,CM,NSE,STK,11983,INE231F01020,SASKEN,EQ,,,,,SASKEN TECHNOLOGIES LTD,2003.0,2015.0,1905.0,1917.1,1905.0,1972.2,,1917.06,,,29486,57033325.5,4118,F1,1,,,,,
2026-08-06,2026-08-06,CM,NSE,STK,29151,INE0NB801022,SATKARTAR,SM,,,,,SAT KARTAR LIFE LIMITED,124.1,124.1,117.0,119.65,120.0,124.1,,119.65,,,64800,7770120.0,62,F1,800,,,,,
2026-08-06,2026-08-06,CM,NSE,STK,24697,INE0RFP01011,SSEGL,SM,,,,,SATHLOKHAR SYN E&C GLOB L,360.0,364.95,342.2,344.5,342.2,355.6,,344.5,,,28400,10035460.0,101,F1,200,,,,,
2026-08-06,2026-08-06,CM,NSE,STK,24507,INE0RPM01017,SATIPOLY,ST,,,,,SATI POLY PLAST LIMITED,45.8,45.8,45.7,45.75,45.75,44.8,,45.75,,,1500,68625.0,3,F1,500,,,,,
2026-08-06,2026-08-06,CM,NSE,STK,11045,INE170E01023,SATIA,EQ,,,,,SATIA INDUSTRIES LIMITED,63.6,64.0,62.42,63.8,64.0,63.31,,63.8,,,53967,3415171.88,592,F1,1,,,,,
2026-08-06,2026-08-06,CM,NSE,STK,10453,INE836B01017,SATIN,EQ,,,,,SATIN CREDIT NET LTD,231.5,234.7,230.81,232.89,233.0,230.91,,232.9,,,159851,37272102.15,3215,F1,1,,,,,
2026-08-06,2026-08-06,CM,NSE,STK,758960,INE14DW01018,SATTVAENGG,SM,,,,,SATTVA ENGINEERING CSTN L,82.5,82.55,82.0,82.0,82.0,84.1,,82.0,,,27200,2232240.0,17,F1,1600,,,,,
2026-08-06,2026-08-06,CM,NSE,STK,3018,INE626A01014,SAURASHCEM,EQ,,,,,SAURASHTRA CEMENT LIMITED,68.42,70.09,66.01,68.93,68.5,68.71,,68.95,,,639199,43391923.45,5989,F1,1,,,,,
2026-08-06,2026-08-06,CM,NSE,STK,3021,INE035D01020,SOTL,EQ,,,,,SAVITA OIL TECHNOLO. LTD,774.0,814.8,756.2,781.95,791.0,679.0,,782.03,,,6004735,4778668932.4,101512,F1,1,,,,,
2026-08-06,2026-08-06,CM,NSE,STK,757704,INE0UCN01017,SAVY,SM,,,,,SAVY INFRA AND LOGI LTD,131.2,135.5,131.0,132.1,132.2,127.4,,132.1,,,24000,3166140.0,16,F1,1200,,,,,
2026-08-06,2026-08-06,CM,NSE,STK,758444,INE10VS01016,SAWALIYA,SM,,,,,SAWALIYA FOOD PRODUCTS L,291.0,293.0,287.0,289.4,288.0,289.25,,289.4,,,108600,31510530.0,41,F1,600,,,,,
2026-08-06,2026-08-06,CM,NSE,STK,762879,INE318C01014,SAYAJIHOTL,EQ,,,,,SAYAJI HOTELS LTD.,312.9,327.6,301.0,316.1,315.0,312.0,,315.83,,,1361,427875.55,72,F1,1,,,,,
2026-08-06,2026-08-06,CM,NSE,STK,6792,INE04AK01028,SBC,EQ,,,,,SBC EXPORTS LIMITED,41.42,42.45,40.9,41.18,41.1,41.3,,41.18,,,5493748,226071606.19,4254,F1,1,,,,,
2026-08-06,2026-08-06,CM,NSE,STK,18026,INE423Y01016,SBFC,EQ,,,,,SBFC FINANCE LIMITED,93.02,95.75,93.02,95.29,95.45,93.59,,95.3,,,1432387,135847070.1,16009,F1,1,,,,,
2026-08-06,2026-08-06,CM,NSE,STK,17971,INE018E01016,SBICARD,EQ,,,,,SBI CARDS & PAY SER LTD,664.65,665.7,658.2,660.0,660.0,665.7,,660.0,,,530440,350235735.75,15682,F1,1,,,,,
2026-08-06,2026-08-06,CM,NSE,STK,764173,INE640G01020,SBIFUNDS,EQ,,,,,SBI FUNDS MANAGEMENT LTD,576.0,577.95,565.5,568.95,569.5,573.95,,568.96,,,2441610,1389813773.6,57560,F1,1,,,,,
2026-08-06,2026-08-06,CM,NSE,STK,21808,INE123W01016,SBILIFE,EQ,,,,,SBI LIFE INSURANCE CO LTD,1870.0,1886.0,1860.3,1861.5,1861.5,1879.9,,1861.51,,,474116,886360930.2,41883,F1,1,,,,,
2026-08-06,2026-08-06,CM,NSE,STK,17272,INF200KA16D8,SETFGOLD,EQ,,,,,SBI-ETF GOLD,120.25,126.51,120.25,126.4,126.17,123.34,,126.4,,,8247095,1039286871.47,18072,F1,1,,,,,
2026-08-06,2026-08-06,CM,NSE,STK,10176,INF200KA1FS1,SETFNIF50,EQ,,,,,SBI-ETF NIFTY 50,264.07,267.23,264.07,265.17,265.0,264.07,,265.17,,,364502,96700849.07,3370,F1,1,,,,,
2026-08-06,2026-08-06,CM,NSE,STK,7361,INF200KA1580,SETFNIFBK,EQ,,,,,SBI-ETF NIFTY BANK,591.11,596.54,591.11,594.3,593.2,591.11,,594.31,,,19632,11675508.07,454,F1,1,,,,,
2026-08-06,2026-08-06,CM,NSE,STK,7353,INF200KA1598,SETFNN50,EQ,,,,,SBI-ETF NIFTY NEXT 50,799.97,800.38,795.0,796.72,795.0,791.2,,796.72,,,26581,21214795.02,1165,F1,1,,,,,
2026-08-06,2026-08-06,CM,NSE,STK,19705,INF200KA13Z8,LIQUIDSBI,EQ,,,,,SBIAMC - LIQUIDSBI,999.99,1000.01,999.99,1000.01,1000.01,999.99,,1000.01,,,2404,2404006.29,26,F1,1,,,,,
2026-08-06,2026-08-06,CM,NSE,STK,30290,INF200KB1712,SBIBPB,EQ,,,,,SBIAMC - SBIBPB,49.49,50.5,49.39,50.18,49.9,49.39,,50.18,,,128983,6435998.28,596,F1,1,,,,,
2026-08-06,2026-08-06,CM,NSE,STK,5168,INF200KA1X17,SBIETFCON,EQ,,,,,SBIAMC - SBIETFCON,126.16,127.78,124.4,125.27,125.0,126.16,,125.27,,,1826,229881.36,91,F1,1,,,,,
2026-08-06,2026-08-06,CM,NSE,STK,740,INF200KA1S14,SBIETFIT,EQ,,,,,SBIAMC - SBIETFIT,349.98,351.0,345.14,345.92,346.0,345.14,,345.92,,,6277,2183455.59,147,F1,1,,,,,
2026-08-06,2026-08-06,CM,NSE,STK,722,INF200KA1S22,SBIETFPB,EQ,,,,,SBIAMC - SBIETFPB,283.62,285.69,282.83,283.64,284.0,283.62,,283.64,,,971,275408.44,65,F1,1,,,,,
2026-08-06,2026-08-06,CM,NSE,STK,7218,INF200KA1WX6,SBIETFQLTY,EQ,,,,,SBIAMC - SBIETFQLTY,221.16,229.72,221.16,228.14,227.47,224.03,,228.14,,,5315,1212551.95,72,F1,1,,,,,
2026-08-06,2026-08-06,CM,NSE,STK,758496,INF200KB1969,SBILIQETF,EQ,,,,,SBIAMC - SBILIQETF,1050.59,1050.61,1050.59,1050.6,1050.61,1050.45,,1050.6,,,18994,19955251.07,42,F1,1,,,,,
2026-08-06,2026-08-06,CM,NSE,STK,761095,INF200KB1AJ0,SBIMIDMOM,EQ,,,,,SBIAMC - SBIMIDMOM,64.57,64.57,62.9,63.21,63.79,63.56,,63.21,,,14280,909197.73,127,F1,1,,,,,
2026-08-06,2026-08-06,CM,NSE,STK,24524,INF200KB1282,SBINEQWETF,EQ,,,,,SBIAMC - SBINEQWETF,34.78,34.78,33.42,34.54,34.6,34.27,,34.53,,,60789,2091728.89,345,F1,1,,,,,
2026-08-06,2026-08-06,CM,NSE,STK,761741,INF200KB1AK8,SBINMID150,EQ,,,,,SBIAMC - SBINMID150,23.44,23.57,23.04,23.24,23.2,23.44,,23.44,,,15333,360228.39,160,F1,1,,,,,
2026-08-06,2026-08-06,CM,NSE,STK,24366,INF200KB1217,SBISILVER,EQ,,,,,SBIAMC - SBISILVER,219.17,220.79,218.5,219.88,219.6,218.64,,219.88,,,941026,206902764.2,6010,F1,1,,,,,
2026-08-06,2026-08-06,CM,NSE,STK,763543,INF200KB1AY9,SBISMLETF,EQ,,,,,SBIAMC - SBISMLETF,18.58,18.97,18.06,18.41,18.38,18.33,,18.41,,,146417,2703929.39,203,F1,1,,,,,
2026-08-06,2026-08-06,CM,NSE,STK,763546,INF200KB1AX1,SBIVALETF,EQ,,,,,SBIAMC - SBIVALETF,15.16,15.16,15.1,15.15,15.15,15.1,,15.15,,,3671,55626.79,49,F1,1,,,,,
2026-08-06,2026-08-06,CM,NSE,STK,17395,INF200KA1JT1,SETF10GILT,EQ,,,,,SBIAMC - SETF10GILT,265.99,266.99,265.54,266.0,266.0,265.54,,266.0,,,3339,888050.58,30,F1,1,,,,,
2026-08-06,2026-08-06,CM,NSE,STK,762887,INE099G01011,SCANSTL,BE,,,,,SCAN STEELS LTD.,68.4,68.81,62.27,64.04,64.2,65.54,,63.98,,,87251,5692864.83,307,F1,1,,,,,
2026-08-06,2026-08-06,CM,NSE,STK,1011,INE513A01022,SCHAEFFLER,EQ,,,,,SCHAEFFLER INDIA LIMITED,4089.0,4104.3,4026.0,4036.3,4030.4,4089.5,,4036.25,,,34157,138337181.3,7182,F1,1,,,,,
2026-08-06,2026-08-06,CM,NSE,STK,31234,INE839M01018,SCHNEIDER,EQ,,,,,SCHNEIDER ELECTRIC INFRA,1357.3,1364.2,1331.0,1335.2,1332.8,1352.5,,1334.99,,,150459,201768872.1,13540,F1,1,,,,,
2026-08-06,2026-08-06,CM,NSE,STK,757462,INE148I07XX3,SCL01825,N6,,,,,SCL 0% 2027 SR III,1050.25,1076.8,1050.25,1076.8,1076.8,1077.18,,1076.8,,,200,212705.0,3,F1,1,,,,,
2026-08-06,2026-08-06,CM,NSE,STK,757460,INE148I07XG8,865SCL27,N4,,,,,SCL 8.65% 2027 SR II,1000.0,1000.0,1000.0,1000.0,1000.0,998.83,,1000.0,,,331,331000.0,3,F1,1,,,,,
2026-08-06,2026-08-06,CM,NSE,STK,757458,INE148I07YA9,9SCL27,N2,,,,,SCL 9.00% 2027 SR I,987.03,987.03,987.0,987.0,987.0,1000.0,,987.0,,,38,37506.3,2,F1,1,,,,,
2026-08-06,2026-08-06,CM,NSE,STK,757473,INE148I07XS3,925SCL30A,NH,,,,,SCL 9.25% 2030 SR IX,999.0,999.0,999.0,999.0,999.0,836.51,,999.0,,,100,99900.0,2,F1,1,,,,,
2026-08-06,2026-08-06,CM,NSE,STK,28898,INE148I07VW9,965SCL26Y,N1,,,,,SCL 9.65% 2026 SR I,1090.0,1090.0,1046.2,1046.2,1046.2,1075.0,,1046.2,,,62,67054.4,2,F1,1,,,,,
2026-08-06,2026-08-06,CM,NSE,STK,30230,INE148I07WP1,971SCL30,N1,,,,,SCL 9.71% SR VIII,1021.2,1021.2,1021.2,1021.2,1021.2,1020.7,,1021.2,,,42,42890.4,1,F1,1,,,,,
2026-08-06,2026-08-06,CM,NSE,STK,30224,INE148I07WJ4,971SCL30A,N1,,,,,SCL 9.71% SR XIII,1000.0,1000.0,1000.0,1000.0,1000.0,1000.0,,1000.0,,,60,60000.0,1,F1,1,,,,,
2026-08-06,2026-08-06,CM,NSE,STK,757478,INE090501011,SCODATUBES,EQ,,,,,SCODA TUBES LIMITED,145.15,150.0,142.22,142.99,143.51,145.79,,142.99,,,493081,71868142.03,4985,F1,1,,,,,
2026-08-06,2026-08-06,CM,NSE,STK,24182,IN1020240330,734AP35,SG,,,,,SDL AP 7.34% 2035,95.0,95.0,95.0,95.0,95.0,100.0,,95.0,,,100,9500.0,1,F1,100,,,,,
2026-08-06,2026-08-06,CM,NSE,STK,23639,IN1020240108,751AP41,SG,,,,,SDL AP 7.51% 2041,95.0,95.0,95.0,95.0,95.0,100.0,,95.0,,,300,28500.0,3,F1,100,,,,,
2026-08-06,2026-08-06,CM,NSE,STK,761658,IN1020260023,807AP51,SG,,,,,SDL AP 8.07% 2051,96.0,96.0,95.5,95.5,95.5,99.0,,95.5,,,1800,171982.0,4,F1,100,,,,,
2026-08-06,2026-08-06,CM,NSE,STK,24486,IN1720240051,735HP34,SG,,,,,SDL HP 7.35% 2034,95.0,95.0,95.0,95.0,95.0,100.0,,95.0,,,100,9500.0,1,F1,100,,,,,
2026-08-06,2026-08-06,CM,NSE,STK,760294,IN1620250267,752HR42,SG,,,,,SDL HR 7.52% 2042,95.0,95.0,95.0,95.0,95.0,100.0,,95.0,,,100,9500.0,1,F1,100,,,,,
2026-08-06,2026-08-06,CM,NSE,STK,763197,IN2020260047,783KL49,SG,,,,,SDL KL 7.83% 2049,100.0,100.0,100.0,100.0,100.0,100.0,,100.0,,,500,50000.0,1,F1,100,,,,,
2026-08-06,2026-08-06,CM,NSE,STK,761643,IN2220260011,735MH31,SG,,,,,SDL MH 7.35% 2031,96.59,96.59,96.59,96.59,96.59,100.0,,96.59,,,100,9659.0,1,F1,100,,,,,
2026-08-06,2026-08-06,CM,NSE,STK,763199,IN2120260046,783MP48,SG,,,,,SDL MP 7.83% 2048,95.0,95.0,95.0,95.0,95.0,95.0,,95.0,,,200,19000.0,2,F1,100,,,,,
2026-08-06,2026-08-06,CM,NSE,STK,763522,IN2820260031,791PN41,SG,,,,,SDL PN 7.91% 2041,95.0,95.0,95.0,95.0,95.0,100.0,,95.0,,,11700,1111500.0,5,F1,100,,,,,
2026-08-06,2026-08-06,CM,NSE,STK,763523,IN2820260049,792PN44,SG,,,,,SDL PN 7.92% 2044,95.0,95.0,95.0,95.0,95.0,100.0,,95.0,,,200,19000.0,2,F1,100,,,,,
2026-08-06,2026-08-06,CM,NSE,STK,21156,IN2920230371,774RJ34,SG,,,,,SDL RJ 7.74% 2034,95.0,95.0,95.0,95.0,95.0,95.0,,95.0,,,100,9500.0,1,F1,100,,,,,
2026-08-06,2026-08-06,CM,NSE,STK,11418,IN2920220182,774RJ42,SG,,,,,SDL RJ 7.74% 2042,95.0,95.0,95.0,95.0,95.0,100.0,,95.0,,,200,19000.0,2,F1,100,,,,,
2026-08-06,2026-08-06,CM,NSE,STK,761761,IN2920250452,799RJ41,SG,,,,,SDL RJ 7.99% 2041,96.59,96.59,96.59,96.59,96.59,96.59,,96.59,,,100,9659.0,1,F1,100,,,,,
2026-08-06,2026-08-06,CM,NSE,STK,758582,IN3120250219,744TN55,SG,,,,,SDL TN 7.44% 2055,95.0,95.0,95.0,95.0,95.0,95.0,,95.0,,,500,47500.0,2,F1,100,,,,,
2026-08-06,2026-08-06,CM,NSE,STK,759337,IN3120250318,744TN55A,SG,,,,,SDL TN 7.44% 2055,95.0,95.0,90.3,92.0,92.0,95.0,,92.0,,,1100,100110.0,4,F1,100,,,,,
2026-08-06,2026-08-06,CM,NSE,STK,760633,IN3120250672,753TN37,SG,,,,,SDL TN 7.53% 2037,95.0,95.0,95.0,95.0,95.0,99.0,,95.0,,,1000,95000.0,1,F1,100,,,,,
2026-08-06,2026-08-06,CM,NSE,STK,760789,IN3120250680,761TN56,SG,,,,,SDL TN 7.61% 2056,95.0,95.0,95.0,95.0,95.0,100.0,,95.0,,,100,9500.0,1,F1,100,,,,,
2026-08-06,2026-08-06,CM,NSE,STK,19908,IN3120230310,765TN30,SG,,,,,SDL TN 7.65% 2030,100.5,100.5,100.5,100.5,100.5,99.8,,100.5,,,100,10050.0,1,F1,100,,,,,
2026-08-06,2026-08-06,CM,NSE,STK,11405,IN3120220170,779TN32,SG,,,,,SDL TN 7.79% 2032,97.47,101.0,97.47,101.0,101.0,97.47,,101.0,,,200,19847.0,2,F1,100,,,,,
2026-08-06,2026-08-06,CM,NSE,STK,9869,IN3120220030,794TN32,SG,,,,,SDL TN 7.94% 2032,101.0,101.0,101.0,101.0,101.0,101.0,,101.0,,,5000,505000.0,5,F1,100,,,,,
2026-08-06,2026-08-06,CM,NSE,STK,760018,IN4520250528,734TS38,SG,,,,,SDL TS 7.34% 2038,95.0,95.0,95.0,95.0,95.0,100.0,,95.0,,,100,9500.0,1,F1,100,,,,,
2026-08-06,2026-08-06,CM,NSE,STK,10965,IN4520220174,746TS49,SG,,,,,SDL TS 7.46% 2049,97.75,97.75,97.75,97.75,97.75,96.72,,97.75,,,100,9775.0,1,F1,100,,,,,
2026-08-06,2026-08-06,CM,NSE,STK,758666,IN4520250320,754TS53,SG,,,,,SDL TS 7.54% 2053,95.0,95.0,95.0,95.0,95.0,100.0,,95.0,,,1300,123500.0,2,F1,100,,,,,
2026-08-06,2026-08-06,CM,NSE,STK,758710,IN4520250338,754TS55,SG,,,,,SDL TS 7.54% 2055,95.0,95.0,95.0,95.0,95.0,100.0,,95.0,,,600,57000.0,2,F1,100,,,,,
2026-08-06,2026-08-06,CM,NSE,STK,761649,IN4520260014,797TS43,SG,,,,,SDL TS 7.97% 2043,100.64,100.64,100.64,100.64,100.64,95.85,,100.64,,,200,20128.0,2,F1,100,,,,,
2026-08-06,2026-08-06,CM,NSE,STK,20732,IN3320230219,762UP33,SG,,,,,SDL UP 7.62% 2033,97.5,97.5,97.5,97.5,97.5,97.5,,97.5,,,9100,887250.0,5,F1,100,,,,,
2026-08-06,2026-08-06,CM,NSE,STK,20943,IN3320230243,765UP34,SG,,,,,SDL UP 7.65% 2034,99.28,99.28,99.28,99.28,99.28,104.5,,99.28,,,100,9928.0,1,F1,100,,,,,
2026-08-06,2026-08-06,CM,NSE,STK,761524,IN3320250274,779UP51,SG,,,,,SDL UP 7.79% 2051,95.0,95.0,95.0,95.0,95.0,100.0,,95.0,,,100,9500.0,1,F1,100,,,,,
2026-08-06,2026-08-06,CM,NSE,STK,760918,IN3320250209,781UP41,SG,,,,,SDL UP 7.81% 2041,99.75,99.75,99.75,99.75,99.75,105.0,,99.75,,,500,49875.0,2,F1,100,,,,,
2026-08-06,2026-08-06,CM,NSE,STK,24655,IN3420240068,735WB43,SG,,,,,SDL WB 7.35% 2043,95.0,95.0,95.0,95.0,95.0,100.0,,95.0,,,200,19000.0,2,F1,100,,,,,
2026-08-06,2026-08-06,CM,NSE,STK,760516,IN3420250208,762WB41,SG,,,,,SDL WB 7.62% 2041,95.0,95.0,90.25,90.25,90.25,95.0,,90.25,,,900,81700.0,2,F1,100,,,,,
2026-08-06,2026-08-06,CM,NSE,STK,2616,INE497B01018,SEAMECLTD,EQ,,,,,SEAMEC LIMITED,1531.5,1531.5,1480.0,1495.5,1490.0,1509.7,,1496.14,,,20316,30397032.9,2883,F1,1,,,,,
2026-08-06,2026-08-06,CM,NSE,STK,6207,INE530B07187,IIFLZC26,NN,,,,,SEC RE NCD 0% SR.VII,1487.8,1487.8,1487.8,1487.8,1487.8,1487.8,,1487.8,,,10,14878.0,2,F1,1,,,,,
2026-08-06,2026-08-06,CM,NSE,STK,20779,INE413U07269,1003ISFL28,N4,,,,,SEC RE NCD 10.03% SR 5,1010.0,1010.0,1010.0,1010.0,1010.0,1010.0,,1010.0,,,373,376730.0,12,F1,1,,,,,
2026-08-06,2026-08-06,CM,NSE,STK,24141,INE413U07301,1003IIFL29,NC,,,,,SEC RE NCD 10.03% SR V,1006.35,1010.0,1006.35,1010.0,1010.0,1000.0,,1010.0,,,91,91691.0,4,F1,1,,,,,
2026-08-06,2026-08-06,CM,NSE,STK,20116,INE148I07QX7,1003SCL30A,NV,,,,,SEC RE NCD 10.03% SR X,779.8,779.8,719.0,746.43,779.8,717.0,,746.43,,,529,395435.4,24,F1,1,,,,,
2026-08-06,2026-08-06,CM,NSE,STK,15253,INE244L07523,890SFIL23A,NZ,,,,,SEC RE NCD 10.03% SR.VIII,420.0,420.0,420.0,420.0,420.0,420.0,,420.0,,,55,23100.0,3,F1,1,,,,,
2026-08-06,2026-08-06,CM,NSE,STK,25914,INE583D07521,1025UCL26A,N1,,,,,SEC RE NCD 10.25% SR II,1018.5,1018.5,1018.5,1018.5,1018.5,1019.0,,1018.75,,,100,101850.0,1,F1,1,,,,,
2026-08-06,2026-08-06,CM,NSE,STK,23323,INE148I07SQ7,1025SCL34,Z8,,,,,SEC RE NCD 10.25% SR XII,1020.0,1020.0,1020.0,1020.0,1020.0,1020.0,,1020.0,,,3,3060.0,1,F1,1,,,,,
2026-08-06,2026-08-06,CM,NSE,STK,18906,INE148I07PV3,888SCL25E,N4,,,,,SEC RE NCD 10.25% SR XII,948.0,948.0,948.0,948.0,948.0,948.0,,948.0,,,270,255960.0,2,F1,1,,,,,
2026-08-06,2026-08-06,CM,NSE,STK,25916,INE583D07513,1040UCL27B,N1,,,,,SEC RE NCD 10.40% SR III,1007.65,1007.65,994.5,994.5,994.5,1006.84,,994.5,,,104,103480.6,3,F1,1,,,,,
2026-08-06,2026-08-06,CM,NSE,STK,23123,INE342T07460,1065NFL27,NC,,,,,SEC RE NCD 10.65% SR.IV,1015.0,1015.0,1015.0,1015.0,1015.0,1011.0,,1015.0,,,40,40600.0,1,F1,1,,,,,
2026-08-06,2026-08-06,CM,NSE,STK,21042,INE148I07RW7,1075SCL33,YK,,,,,SEC RE NCD 10.75% SR XI,1083.0,1083.0,1083.0,1083.0,1083.0,1082.76,,1083.0,,,20,21660.0,1,F1,1,,,,,
2026-08-06,2026-08-06,CM,NSE,STK,11665,INE0H7R07025,79NHIT40,N2,,,,,SEC RE NCD 7.90% STRPP B,321.0,321.98,308.11,316.02,316.77,311.08,,308.71,,,33,10418.84,14,F1,1,,,,,
2026-08-06,2026-08-06,CM,NSE,STK,11669,INE0H7R07033,79NHIT47,N3,,,,,SEC RE NCD 7.90% STRPP C,425.0,425.0,415.44,416.03,416.03,417.02,,421.15,,,1882,791092.45,6,F1,1,,,,,
2026-08-06,2026-08-06,CM,NSE,STK,3476,INE219X07280,797IGT31,NL,,,,,SEC RE NCD 7.97% SR.VI,1014.99,1014.99,1014.99,1014.99,1014.99,1005.0,,1015.0,,,1,1014.99,1,F1,1,,,,,
2026-08-06,2026-08-06,CM,NSE,STK,7648,INE477L07AN9,820IIFL27,N9,,,,,SEC RE NCD 8.20% SR.III,994.5,997.0,994.5,995.01,994.9,997.0,,995.01,,,2822,2807614.75,17,F1,1,,,,,
2026-08-06,2026-08-06,CM,NSE,STK,17958,INE121A07RE9,84CIFCL28,,,,,,SEC RE NCD 8.40% SR 5,1017.0,1017.0,1016.85,1016.85,1016.85,1017.0,,1016.85,,,75,76271.5,6,F1,1,,,,,
2026-08-06,2026-08-06,CM,NSE,STK,6197,INE530B07161,842IIFL26,NL,,,,,SEC RE NCD 8.42% SR.V,997.5,999.9,997.5,999.9,999.9,997.5,,999.9,,,325,324247.5,4,F1,1,,,,,
2026-08-06,2026-08-06,CM,NSE,STK,7668,INE477L07AQ2,843IHFL29,NC,,,,,SEC RE NCD 8.43% SR.VI,992.0,992.0,992.0,992.0,992.0,992.0,,992.0,,,10,9920.0,1,F1,1,,,,,
2026-08-06,2026-08-06,CM,NSE,STK,13852,INE530B07310,865IIFL28,NS,,,,,SEC RE NCD 8.65% SR.V,993.0,1000.0,993.0,999.57,1000.0,991.99,,999.68,,,3445,3434869.95,13,F1,1,,,,,
2026-08-06,2026-08-06,CM,NSE,STK,7671,INE477L07AR0,875IHFL29,ND,,,,,SEC RE NCD 8.75% SR.VII,1023.01,1023.01,1023.01,1023.01,1023.01,1022.2,,1023.01,,,140,143221.4,1,F1,1,,,,,
2026-08-06,2026-08-06,CM,NSE,STK,28852,INE477L07AZ3,885IHL26,N1,,,,,SEC RE NCD 8.85% SR I,1060.0,1060.0,1060.0,1060.0,1060.0,1058.2,,1060.0,,,50,53000.0,2,F1,1,,,,,
2026-08-06,2026-08-06,CM,NSE,STK,23706,INE338I07164,897MOFSL29,N4,,,,,SEC RE NCD 8.97% SR V,1020.0,1021.0,1018.0,1018.0,1018.0,1030.0,,1019.0,,,309,314782.5,9,F1,1,,,,,
2026-08-06,2026-08-06,CM,NSE,STK,5160,INE516Y07428,9PFL31A,,,,,,SEC RE NCD 9% SR.V,1024.0,1024.0,1024.0,1024.0,1024.0,1020.0,,1024.0,,,11,11264.0,1,F1,1,,,,,
2026-08-06,2026-08-06,CM,NSE,STK,17041,INE530B07377,9IIFL28,Y0,,,,,SEC RE NCD 9% SR.VI,983.0,990.0,983.0,990.0,990.0,999.8,,990.0,,,57,56150.0,3,F1,1,,,,,
2026-08-06,2026-08-06,CM,NSE,STK,13854,INE530B07260,9IIFL28A,NT,,,,,SEC RE NCD 9% SR.VI,1038.0,1038.0,1036.0,1036.0,1036.0,1042.0,,1036.0,,,199,206344.0,2,F1,1,,,,,
2026-08-06,2026-08-06,CM,NSE,STK,23702,INE338I07149,91MOFSL27,N2,,,,,SEC RE NCD 9.10% SR III,1025.0,1025.0,1011.3,1025.0,1025.0,1028.0,,1025.0,,,61,62511.3,6,F1,1,,,,,
2026-08-06,2026-08-06,CM,NSE,STK,11368,INE148I07ML1,905SC24B,Z9,,,,,SEC RE NCD 9.15% SR.VIII,1001.0,1001.0,1001.0,1001.0,1001.0,1001.0,,1001.0,,,654,654654.0,14,F1,1,,,,,
2026-08-06,2026-08-06,CM,NSE,STK,25277,INE423A07351,925AEL26,N1,,,,,SEC RE NCD 9.25% SR I,1099.0,1099.0,1080.0,1080.0,1080.0,1084.99,,1080.0,,,140,151263.6,7,F1,1,,,,,
2026-08-06,2026-08-06,CM,NSE,STK,7769,INE148I07LC2,925SCFL27,YA,,,,,SEC RE NCD 9.25% SR.VII,1047.15,1047.15,1047.15,1047.15,1047.15,1044.5,,1047.15,,,250,261787.5,2,F1,1,,,,,
2026-08-06,2026-08-06,CM,NSE,STK,23708,INE338I07107,935MOFSL29,N5,,,,,SEC RE NCD 9.35% SR VI,1040.01,1040.01,1011.41,1023.41,1030.0,1045.0,,1023.47,,,1048,1072543.05,14,F1,1,,,,,
2026-08-06,2026-08-06,CM,NSE,STK,13497,INE148I07ND6,965SCL25C,N0,,,,,SEC RE NCD 9.39% SR.VIII,451.8,451.8,451.8,451.8,451.8,443.25,,451.8,,,10,4518.0,1,F1,1,,,,,
2026-08-06,2026-08-06,CM,NSE,STK,20075,INE148I07QK4,948SCL26A,NN,,,,,SEC RE NCD 9.48% SR V,332.48,332.48,332.44,332.44,332.44,327.0,,332.44,,,29,9641.68,5,F1,1,,,,,
2026-08-06,2026-08-06,CM,NSE,STK,25552,INE148I07UC3,948SCL27D,N1,,,,,SEC RE NCD 9.48% SR V,1060.0,1060.0,1060.0,1060.0,1060.0,980.1,,1060.0,,,4,4240.0,1,F1,1,,,,,
2026-08-06,2026-08-06,CM,NSE,STK,20769,INE413U07236,957ISFL26,N2,,,,,SEC RE NCD 9.57% SR 3,1000.0,1000.0,1000.0,1000.0,1000.0,999.0,,1000.0,,,200,200000.0,1,F1,1,,,,,
2026-08-06,2026-08-06,CM,NSE,STK,25287,INE423A07328,965AEL27,N4,,,,,SEC RE NCD 9.65% SR IV,1105.0,1105.0,1101.0,1101.0,1101.0,1107.0,,1100.5,,,336,370956.0,7,F1,1,,,,,
2026-08-06,2026-08-06,CM,NSE,STK,18487,INE741K07579,970CAGL28,ND,,,,,SEC RE NCD 9.70% SR VII,1030.0,1030.0,1030.0,1030.0,1030.0,1030.0,,1030.0,,,2,2060.0,1,F1,1,,,,,
2026-08-06,2026-08-06,CM,NSE,STK,23712,INE338I07123,97MOFSL34,N7,,,,,SEC RE NCD 9.70% SR VIII,1072.0,1080.0,1072.0,1074.08,1080.0,1090.0,,1074.08,,,190,204076.0,21,F1,1,,,,,
2026-08-06,2026-08-06,CM,NSE,STK,23293,INE148I07SG8,990SCL27,YT,,,,,SEC RE NCD 9.9% SR IV,1030.03,1030.03,1030.03,1030.03,1030.03,1030.03,,1030.03,,,3,3090.09,1,F1,1,,,,,
2026-08-06,2026-08-06,CM,NSE,STK,25296,INE423A07344,99AEL29,N7,,,,,SEC RE NCD 9.90% SR VII,1125.05,1150.0,1125.05,1148.0,1148.0,1150.0,,1148.0,,,226,259149.5,18,F1,1,,,,,
2026-08-06,2026-08-06,CM,NSE,STK,17952,INE121A07RD1,CIFC26A,N9,,,,,SEC RE NCD SR 4,1264.5,1264.5,1264.5,1264.5,1264.5,1264.25,,1264.5,,,2,2529.0,2,F1,1,,,,,
2026-08-06,2026-08-06,CM,NSE,STK,28854,INE477L07BA4,IHFL261224,N1,,,,,SEC RE NCD SR II,1128.2,1128.2,1128.2,1128.2,1128.2,1139.0,,1128.2,,,20,22564.0,1,F1,1,,,,,
2026-08-06,2026-08-06,CM,NSE,STK,19772,INE148I07QB3,SCLZC26C,NB,,,,,SEC RE NCD SR VI,1304.0,1304.0,1304.0,1304.0,1304.0,1300.0,,1304.0,,,6,7824.0,1,F1,1,,,,,
2026-08-06,2026-08-06,CM,NSE,STK,14228,INE00QS24035,IMC1,N3,,,,,SEC RE NCGB 8.25% STRPP D,255.22,255.22,254.98,254.98,254.98,255.22,,254.98,,,135,34446.3,3,F1,1,,,,,
2026-08-06,2026-08-06,CM,NSE,STK,7975,INE804IA7014,1015ECL29,NR,,,,,SEC RED NCD 10.15% SR. VI,1021.0,1026.4,1020.99,1025.23,1025.0,1020.0,,1025.23,,,1249,1276414.23,20,F1,1,,,,,
2026-08-06,2026-08-06,CM,NSE,STK,7986,INE804IA7022,1060ECL29,NS,,,,,SEC RED NCD 10.6% SR. VII,1079.9,1080.0,1079.9,1079.96,1080.0,1098.0,,1079.96,,,150,161995.0,3,F1,1,,,,,
2026-08-06,2026-08-06,CM,NSE,STK,16870,INE033L07GS6,81TCHF28,N8,,,,,SEC RED NCD 8.10% SR.IV,1012.99,1012.99,1012.99,1012.99,1012.99,1007.05,,1013.0,,,1,1012.99,1,F1,1,,,,,
2026-08-06,2026-08-06,CM,NSE,STK,16874,INE033L07GU2,84TCHF28,,,,,,SEC RED NCD 8.40% SR.V,1055.0,1055.0,1050.0,1051.27,1050.98,1055.01,,1051.27,,,1802,1893267.12,29,F1,1,,,,,
2026-08-06,2026-08-06,CM,NSE,STK,18626,INE148I07GK5,885SCL26,N9,,,,,SEC RED NCD 8.85% SR. VI,1072.8,1072.8,1072.8,1072.8,1072.8,1072.8,,1069.9,,,2,2145.6,1,F1,1,,,,,
2026-08-06,2026-08-06,CM,NSE,STK,18628,INE148I07GL3,9SCL26BA,,,,,,SEC RED NCD 9.0% SR. VI,1074.98,1074.99,1069.51,1070.0,1070.0,1069.0,,1070.0,,,600,642368.11,10,F1,1,,,,,
2026-08-06,2026-08-06,CM,NSE,STK,498,INE721A07NU1,903SFL28,YI,,,,,SEC RED NCD 9.03% SR. II,1042.0,1042.0,1042.0,1042.0,1042.0,1042.0,,1042.0,,,40,41680.0,2,F1,1,,,,,
2026-08-06,2026-08-06,CM,NSE,STK,8625,INE721A07ON4,957ICCL25,YW,,,,,SEC RED NCD 9.30% SR. II,1068.0,1068.0,1068.0,1068.0,1068.0,1069.0,,1068.0,,,30,32040.0,1,F1,1,,,,,
2026-08-06,2026-08-06,CM,NSE,STK,1001,INE721A07NX5,94SFL28,YL,,,,,SEC RED NCD 9.40% SR. V,1041.0,1041.0,1041.0,1041.0,1041.0,1041.0,,1041.0,,,43,44763.0,2,F1,1,,,,,
2026-08-06,2026-08-06,CM,NSE,STK,4288,INE804I078Y8,943ECL28,NJ,,,,,SEC RED NCD 9.43% SR. VI,1003.98,1004.0,1002.25,1002.25,1002.25,1003.98,,1002.25,,,122,122483.2,5,F1,1,,,,,
2026-08-06,2026-08-06,CM,NSE,STK,6168,INE721A07OF0,97SFL28,YS,,,,,SEC RED NCD 9.70% SR. V,1100.0,1100.0,1100.0,1100.0,1100.0,1100.0,,1100.0,,,100,110000.0,2,F1,1,,,,,
2026-08-06,2026-08-06,CM,NSE,STK,4292,INE804I079Y6,985ECL28,NK,,,,,SEC RED NCD 9.85% SR. VII,1003.0,1005.7,1003.0,1005.41,1005.7,1002.01,,1005.41,,,250,251112.7,8,F1,1,,,,,
2026-08-06,2026-08-06,CM,NSE,STK,18630,INE148I07GN9,SCLZC26,NB,,,,,SEC RED NCD SR. VII,2330.18,2330.18,2330.18,2330.18,2330.18,2329.42,,2330.18,,,3,6990.54,1,F1,1,,,,,
2026-08-06,2026-08-06,CM,NSE,STK,19496,INE0BTM01013,SECMARK,EQ,,,,,SECMARK CONSULTANCY LTD,127.0,127.0,122.2,126.0,126.0,123.36,,126.0,,,95,11713.11,8,F1,1,,,,,
2026-08-06,2026-08-06,CM,NSE,STK,11058,INE650K01021,SECURKLOUD,EQ,,,,,SECUREKLOUD TECH LIMITED,18.33,18.55,17.82,18.48,18.49,18.42,,18.48,,,3928,71865.01,68,F1,1,,,,,
2026-08-06,2026-08-06,CM,NSE,STK,761153,INE00XB01019,SEDEMAC,EQ,,,,,SEDEMAC MECHATRONICS LTD,2843.0,2866.3,2790.0,2794.3,2795.0,2846.4,,2794.29,,,66308,187112929.6,9542,F1,1,,,,,
2026-08-06,2026-08-06,CM,NSE,STK,7094,INE955I01044,SEJALLTD,BE,,,,,SEJAL GLASS LIMITED,729.0,729.0,711.15,720.9,724.5,720.15,,720.9,,,4514,3244102.6,144,F1,1,,,,,
2026-08-06,2026-08-06,CM,NSE,STK,6262,INE105I01020,SELMC,EQ,,,,,SEL MANUFACTURING CO LTD,27.54,28.3,27.54,27.98,27.99,27.49,,27.98,,,1741,48566.31,54,F1,1,,,,,
2026-08-06,2026-08-06,CM,NSE,STK,11964,INE617A01013,SEMAC,BE,,,,,SEMAC CONSTRUCTION LTD,313.45,320.0,308.0,309.05,309.05,315.0,,309.05,,,236,72802.35,12,F1,1,,,,,
2026-08-06,2026-08-06,CM,NSE,STK,17271,INE602W01027,SENCO,EQ,,,,,SENCO GOLD LIMITED,400.0,406.7,382.2,391.6,386.95,399.05,,391.52,,,1362727,543441768.15,24934,F1,1,,,,,
2026-08-06,2026-08-06,CM,NSE,STK,28888,INE0RB801010,SENORES,EQ,,,,,SENORES PHARMACEUTICALS L,1335.0,1345.6,1324.0,1328.5,1327.0,1323.3,,1328.5,,,90244,120593903.1,7294,F1,1,,,,,
2026-08-06,2026-08-06,CM,NSE,STK,15308,INE964H01014,SEPC,EQ,,,,,SEPC LIMITED,6.55,6.72,6.47,6.54,6.55,6.32,,6.54,,,37031441,243138538.86,26423,F1,1,,,,,
2026-08-06,2026-08-06,CM,NSE,STK,20691,INE027E07AN7,87LTF27,NH,,,,,SERENCD 8.70% SR.VII OPII,1010.0,1010.0,1010.0,1010.0,1010.0,1030.0,,1010.0,,,8,8080.0,2,F1,1,,,,,
2026-08-06,2026-08-06,CM,NSE,STK,20655,INE027E07998,898LTF29,N7,,,,,SERENCD 8.98% SR.VI OP2,1070.55,1070.55,1070.55,1070.55,1070.55,1070.55,,1070.55,,,1,1070.55,1,F1,1,,,,,
2026-08-06,2026-08-06,CM,NSE,STK,20687,INE027E07AL1,905LTF27,NF,,,,,SERENCD 9.05% SR.VI OPII,1030.5,1030.5,1030.5,1030.5,1030.5,1030.45,,1030.5,,,150,154575.0,11,F1,1,,,,,
2026-08-06,2026-08-06,CM,NSE,STK,21197,INE306N07LM5,865TCAPS27,N8,,,,,SERENCD8.65%SR.IIICIII&IV,1089.5,1089.5,1089.2,1089.41,1089.2,1090.69,,1089.41,,,45,49023.6,5,F1,1,,,,,
2026-08-06,2026-08-06,CM,NSE,STK,4942,INE244L07184,92SFIL28,ND,,,,,SERENCD9.20%SRVIICIII&IV,1040.2,1040.2,1040.2,1040.2,1040.2,1040.2,,1040.2,,,24,24964.8,1,F1,1,,,,,
2026-08-06,2026-08-06,CM,NSE,STK,17399,INE0P1Q01015,SERVICE,SM,,,,,SERVICE CARE LIMITED,61.0,61.0,61.0,61.0,61.0,61.0,,61.0,,,2000,122000.0,1,F1,2000,,,,,
2026-08-06,2026-08-06,CM,NSE,STK,5507,INE782X01033,SERVOTECH,EQ,,,,,SERVOTECH REN POW SYS LTD,86.5,86.56,84.5,85.15,85.0,86.27,,85.15,,,512296,43757994.49,5411,F1,1,,,,,
2026-08-06,2026-08-06,CM,NSE,STK,759934,INE04VU01023,STYL,EQ,,,,,SESHAASAI TECHNOLOGIES L,360.0,390.65,360.0,388.35,381.0,363.8,,388.34,,,246127,93621021.7,6341,F1,1,,,,,
2026-08-06,2026-08-06,CM,NSE,STK,3066,INE630A01024,SESHAPAPER,EQ,,,,,SESHASAYEE PAPER & BOARDS,232.0,234.66,230.81,233.05,231.65,230.77,,233.03,,,22200,5151643.78,629,F1,1,,,,,
2026-08-06,2026-08-06,CM,NSE,STK,17518,INE878E01021,SETCO,BE,,,,,SETCO AUTOMOTIVE LTD,17.75,17.75,17.6,17.75,17.75,17.75,,17.61,,,38801,686620.21,78,F1,1,,,,,
2026-08-06,2026-08-06,CM,NSE,STK,18024,INE023M01027,SETUINFRA,BZ,,,,,SETUBANDHAN INFRA LTD,0.4,0.42,0.39,0.42,0.42,0.4,,0.41,,,24732,10032.8,31,F1,1,,,,,
2026-08-06,2026-08-06,CM,NSE,STK,10836,INE573R01012,SEYAIND,BE,,,,,SEYA INDUSTRIES LIMITED,12.77,12.78,12.31,12.77,12.78,12.56,,12.77,,,3614,45457.87,35,F1,1,,,,,
2026-08-06,2026-08-06,CM,NSE,STK,758853,INE618R01015,SGFIN,EQ,,,,,SG FINSERVE LIMITED,696.0,715.9,690.1,709.85,711.9,694.25,,709.78,,,232377,164540160.0,8603,F1,1,,,,,
2026-08-06,2026-08-06,CM,NSE,STK,758889,INE385F01024,SGMART,EQ,,,,,SG MART LIMITED,705.7,720.25,705.7,717.15,716.5,709.5,,717.14,,,222589,159478410.4,7191,F1,1,,,,,
2026-08-06,2026-08-06,CM,NSE,STK,761469,INE12UN01015,SHADOWFAX,EQ,,,,,SHADOWFAX TECHNOLOGIES L,245.0,250.15,237.6,240.1,240.15,243.51,,240.11,,,10385962,2522137043.7,60909,F1,1,,,,,
2026-08-06,2026-08-06,CM,NSE,STK,11856,INE640C01011,SHAHALLOYS,EQ,,,,,SHAH ALLOYS LIMITED,72.9,72.9,69.75,71.26,70.99,70.26,,71.26,,,2913,206759.74,64,F1,1,,,,,
2026-08-06,2026-08-06,CM,NSE,STK,20296,INE482J01021,SHAH,EQ,,,,,SHAH METACORP LIMITED,3.94,3.96,3.86,3.89,3.91,3.92,,3.89,,,1281675,5002899.05,1045,F1,1,,,,,
2026-08-06,2026-08-06,CM,NSE,STK,8727,INE151G01028,SHAILY,EQ,,,,,SHAILY ENG PLASTICS LTD,3170.1,3434.0,3166.5,3366.3,3350.0,3176.2,,3366.49,,,644898,2168168473.9,65767,F1,1,,,,,
2026-08-06,2026-08-06,CM,NSE,STK,25574,INE908D01010,SHAKTIPUMP,EQ,,,,,SHAKTI PUMPS (I) LTD,519.8,520.15,517.0,517.75,518.0,518.7,,517.71,,,231720,120123537.3,11712,F1,1,,,,,
2026-08-06,2026-08-06,CM,NSE,STK,714,INE597J01018,SHALBY,EQ,,,,,SHALBY LIMITED,162.44,165.1,159.02,162.16,163.79,162.27,,162.14,,,132892,21579843.93,3306,F1,1,,,,,
2026-08-06,2026-08-06,CM,NSE,STK,761688,INE861D01011,SAHLIBHFI,EQ,,,,,SHALIBHADRA FINANCE LTD,82.0,82.39,76.5,79.55,79.84,79.84,,79.55,,,3832,300630.47,45,F1,1,,,,,
2026-08-06,2026-08-06,CM,NSE,STK,15346,INE849C01026,SHALPAINTS,BE,,,,,SHALIM PAINTS LTD,87.1,89.5,85.55,88.17,87.25,86.19,,88.16,,,763615,66933795.23,1580,F1,1,,,,,
2026-08-06,2026-08-06,CM,NSE,STK,25737,INE01NE01012,SRD,EQ,,,,,SHANKAR LAL RAMPAL LTD,39.45,39.45,36.75,37.11,36.75,38.16,,37.12,,,19642,742449.08,164,F1,1,,,,,
2026-08-06,2026-08-06,CM,NSE,STK,20321,INE274V01019,SHANKARA,EQ,,,,,SHANKARA BLDG PRODUCT LTD,142.7,142.7,139.5,140.99,141.97,142.7,,140.99,,,657418,92660896.75,2089,F1,1,,,,,
2026-08-06,2026-08-06,CM,NSE,STK,760594,INE24OJ01011,BUILDPRO,EQ,,,,,SHANKARA BUILDPRO LIMITED,1355.0,1368.7,1192.2,1335.2,1334.0,1347.8,,1334.9,,,485451,626924971.4,32479,F1,1,,,,,
2026-08-06,2026-08-06,CM,NSE,STK,19752,INE0Q9Q01017,SHANTHALA,SM,,,,,SHANTHALA FMCG PRODUCTS L,18.8,18.8,18.4,18.4,18.4,18.8,,18.4,,,2400,44640.0,2,F1,1200,,,,,
2026-08-06,2026-08-06,CM,NSE,STK,3078,INE631A01022,SHANTIGEAR,EQ,,,,,SHANTHI GEARS LTD,417.4,417.45,407.1,408.2,408.05,418.55,,408.21,,,17592,7222962.85,929,F1,1,,,,,
2026-08-06,2026-08-06,CM,NSE,STK,762889,INE440T01028,SEIL,EQ,,,,,SHANTI EDU INITIATIVES L,206.0,206.0,200.14,202.6,201.7,202.38,,202.58,,,256525,52101844.42,3324,F1,1,,,,,
2026-08-06,2026-08-06,CM,NSE,STK,758002,INE06ZD01017,SHANTIGOLD,EQ,,,,,SHANTI GOLD INTERNATION L,218.0,220.01,215.98,218.65,219.0,216.95,,218.64,,,283081,61731946.37,3938,F1,1,,,,,
2026-08-06,2026-08-06,CM,NSE,STK,5650,INE933X01016,SHANTI,EQ,,,,,SHANTI OVERSEAS INDIA LTD,6.75,7.13,6.74,6.94,7.0,6.88,,6.94,,,13885,95315.33,69,F1,1,,,,,
2026-08-06,2026-08-06,CM,NSE,STK,762904,INE220Z01013,SHINDL,EQ,,,,,SHARAT INDUSTRIES LTD.,160.99,161.9,155.9,160.79,161.5,159.9,,160.79,,,102907,16425718.81,365,F1,1,,,,,
2026-08-06,2026-08-06,CM,NSE,STK,4992,INE221J01015,SHARDACROP,EQ,,,,,SHARDA CROPCHEM LTD.,828.0,829.9,817.65,822.6,822.5,822.9,,822.62,,,201253,165494232.85,10995,F1,1,,,,,
2026-08-06,2026-08-06,CM,NSE,STK,10530,INE597I01028,SHARDAMOTR,EQ,,,,,SHARDA MOTOR INDS LTD,901.35,973.0,895.55,934.15,932.0,901.35,,934.0,,,424144,400216068.0,22997,F1,1,,,,,
2026-08-06,2026-08-06,CM,NSE,STK,762897,INE037B01020,SHARDUL,BE,,,,,SHARDUL SECURITIES LTD.,44.37,44.37,41.39,41.45,41.39,43.56,,41.45,,,19992,831459.06,146,F1,1,,,,,
2026-08-06,2026-08-06,CM,NSE,STK,104,INE932X01026,SHAREINDIA,EQ,,,,,SHARE IND. SECURITIES LTD,177.97,178.61,172.0,173.7,172.4,177.07,,173.7,,,462715,80916291.86,4293,F1,1,,,,,
2026-08-06,2026-08-06,CM,NSE,STK,19469,INE460Q01014,SCML,SM,,,,,SHARP CHUCKS N MACHINES L,85.0,85.0,81.8,81.8,81.8,84.2,,81.8,,,13000,1079900.0,11,F1,1000,,,,,
2026-08-06,2026-08-06,CM,NSE,STK,759410,INE0YJV01017,SHEEL,ST,,,,,SHEEL BIOTECH LIMITED,65.1,66.25,65.1,65.1,65.1,68.5,,65.1,,,44000,2871100.0,13,F1,2000,,,,,
2026-08-06,2026-08-06,CM,NSE,STK,19184,INE916U01025,SFL,EQ,,,,,SHEELA FOAM LIMITED,773.95,773.95,693.0,697.05,695.0,771.65,,697.2,,,1353563,971544163.75,52904,F1,1,,,,,
2026-08-06,2026-08-06,CM,NSE,STK,12072,INE501Y01019,SCPL,EQ,,,,,SHEETAL COOL PRODUCTS LTD,647.0,660.0,635.05,648.6,640.0,644.75,,651.23,,,37169,24115137.9,1418,F1,1,,,,,
2026-08-06,2026-08-06,CM,NSE,STK,20415,INE04VX01019,SHEETAL,SM,,,,,SHEETAL UNIVERSAL LIMITED,337.0,338.0,330.0,333.05,331.1,336.35,,333.05,,,15000,5025125.0,19,F1,500,,,,,
2026-08-06,2026-08-06,CM,NSE,STK,21095,INE268L01046,SHEKHAWATI,EQ,,,,,SHEKHAWATI INDUSTRIES LTD,14.01,14.47,13.53,13.92,13.92,13.94,,13.92,,,16890,235569.18,82,F1,1,,,,,
2026-08-06,2026-08-06,CM,NSE,STK,5072,INE363M01019,SHEMAROO,BE,,,,,SHEMAROO ENTER. LTD.,115.98,119.99,115.98,119.67,119.75,118.35,,119.67,,,22624,2692710.49,45,F1,1,,,,,
2026-08-06,2026-08-06,CM,NSE,STK,14176,INE0MM001019,SHERA,ST,,,,,SHERA ENERGY LIMITED,167.0,169.95,166.1,167.8,167.8,166.0,,167.8,,,12000,2020000.0,10,F1,1000,,,,,
2026-08-06,2026-08-06,CM,NSE,STK,8394,INE03KJ01013,SHIGAN,SM,,,,,SHIGAN QUANTUM TECH LTD,64.0,64.0,64.0,64.0,64.0,63.9,,64.0,,,1500,96000.0,1,F1,1500,,,,,
2026-08-06,2026-08-06,CM,NSE,STK,759847,INE024F01011,SHILCTECH,EQ,,,,,SHILCHAR TECHNOLOGIES LTD,4480.1,4568.9,4459.4,4532.2,4523.0,4480.4,,4532.04,,,18764,84801696.2,5900,F1,1,,,,,
2026-08-06,2026-08-06,CM,NSE,STK,17752,INE790G01031,SHILPAMED,EQ,,,,,SHILPA MEDICARE LTD,739.1,786.15,730.3,738.8,737.65,721.75,,738.84,,,20729663,15739502236.25,400191,F1,1,,,,,
2026-08-06,2026-08-06,CM,NSE,STK,23127,INE0PB301013,SCILAL,EQ,,,,,SHIPPING CORP OF ILA LTD,41.16,41.49,40.7,41.14,41.1,41.16,,41.14,,,209811,8623761.85,1413,F1,1,,,,,
2026-08-06,2026-08-06,CM,NSE,STK,3048,INE109A01011,SCI,EQ,,,,,SHIPPING CORP OF INDIA LT,302.45,311.0,300.55,308.6,308.4,300.7,,308.59,,,5638778,1730633411.15,50101,F1,1,,,,,
2026-08-06,2026-08-06,CM,NSE,STK,759747,INE719F01016,SHIVAUM,EQ,,,,,SHIV AUM STEELS LIMITED,430.0,432.1,419.0,419.8,419.0,424.75,,419.8,,,2585,1097206.6,77,F1,1,,,,,
2026-08-06,2026-08-06,CM,NSE,STK,1503,INE644Y01017,SHIVAMILLS,BE,,,,,SHIVA MILLS LIMITED,64.26,64.26,60.07,62.38,62.38,62.36,,62.38,,,378,23697.3,14,F1,1,,,,,
2026-08-06,2026-08-06,CM,NSE,STK,804,INE705C01020,SHIVATEX,EQ,,,,,SHIVA TEXYARN LIMITED,166.99,167.09,161.01,164.69,164.84,167.09,,164.69,,,934,154378.68,43,F1,1,,,,,
2026-08-06,2026-08-06,CM,NSE,STK,24249,INE0T7B01010,SPCL,SM,,,,,SHIVALIC POWER CONTROL L,66.9,67.35,65.05,65.55,65.05,66.9,,65.55,,,15000,989880.0,23,F1,600,,,,,
2026-08-06,2026-08-06,CM,NSE,STK,4656,INE386D01027,SBCL,EQ,,,,,SHIVALIK BIMETAL CON. LTD,782.75,796.5,761.5,767.45,767.9,772.45,,767.43,,,489680,382764382.45,24752,F1,1,,,,,
2026-08-06,2026-08-06,CM,NSE,STK,7026,INE788J01021,SHIVALIK,BE,,,,,SHIVALIK RASAYAN LIMITED,252.0,261.0,250.0,259.72,261.0,252.21,,259.72,,,32896,8397033.23,275,F1,1,,,,,
2026-08-06,2026-08-06,CM,NSE,STK,13757,INE637H01024,SHIVAMAUTO,BE,,,,,SHIVAM AUTO.LTD,18.0,18.0,17.72,17.85,17.85,18.0,,17.92,,,11440,204446.0,23,F1,1,,,,,
2026-08-06,2026-08-06,CM,NSE,STK,758744,INE1DLF01018,SHIVASHRIT,SM,,,,,SHIVASHRIT FOODS LIMITED,131.0,131.0,128.0,129.5,129.5,128.85,,129.5,,,120000,15597100.0,46,F1,1000,,,,,
2026-08-06,2026-08-06,CM,NSE,STK,11813,INE498B01024,SHOPERSTOP,EQ,,,,,SHOPPERS STOP LIMITED,405.4,424.65,400.35,419.5,415.1,406.05,,419.42,,,64354,26719748.05,3327,F1,1,,,,,
2026-08-06,2026-08-06,CM,NSE,STK,708,INE715Y01031,SHRADHA,EQ,,,,,SHRADHA REALTY LIMITED,34.5,34.5,33.5,33.92,33.9,34.37,,33.92,,,14248,485754.88,122,F1,1,,,,,
2026-08-06,2026-08-06,CM,NSE,STK,10588,INE712K01011,SHREEPUSHK,EQ,,,,,SHRE PUSH CHEM & FERT LTD,416.45,430.0,408.1,424.75,423.1,416.45,,424.76,,,36584,15319951.25,1548,F1,1,,,,,
2026-08-06,2026-08-06,CM,NSE,STK,762874,INE185C01017,SAPPL,EQ,,,,,SHREE AJIT PULP & PAPER L,290.0,294.9,281.0,294.8,294.85,285.1,,293.27,,,1292,372389.1,27,F1,1,,,,,
2026-08-06,2026-08-06,CM,NSE,STK,3103,INE070A01015,SHREECEM,EQ,,,,,SHREE CEMENT LIMITED,26915.0,26920.0,26170.0,26245.0,26245.0,26900.0,,26245.36,,,24420,644363390.0,8243,F1,1,,,,,
2026-08-06,2026-08-06,CM,NSE,STK,3099,INE232A01011,SHREDIGCEM,EQ,,,,,SHREE DIGVIJAY CEM CO LTD,72.0,73.22,72.0,72.22,72.0,72.23,,72.23,,,66999,4844506.95,1021,F1,1,,,,,
2026-08-06,2026-08-06,CM,NSE,STK,23074,INE0S4Y01010,SHREEKARNI,SM,,,,,SHREE KARNI FABCOM LTD,415.5,415.5,403.0,403.05,403.0,405.95,,403.05,,,750,304447.5,5,F1,150,,,,,
2026-08-06,2026-08-06,CM,NSE,STK,20603,INE02S501018,SHREEOSFM,SM,,,,,SHREE OSFM E-MOBILITY LTD,55.05,60.0,55.05,60.0,60.0,57.0,,60.0,,,11000,647650.0,10,F1,1000,,,,,
2026-08-06,2026-08-06,CM,NSE,STK,760188,INE19GK01015,SRTL,EQ,,,,,SHREE RAM TWISTEX LIMITED,40.96,40.96,39.0,39.72,40.05,40.33,,39.74,,,32509,1300331.64,462,F1,1,,,,,
2026-08-06,2026-08-06,CM,NSE,STK,7627,INE879A01019,SHREERAMA,EQ,,,,,SHREE RAMA MULTI TECH LTD,39.19,39.19,37.75,38.03,38.17,38.35,,38.03,,,51158,1959517.23,730,F1,1,,,,,
2026-08-06,2026-08-06,CM,NSE,STK,13565,INE278B01020,RAMANEWS,EQ,,,,,SHREE RAMA NEWSPRINT LTD,33.5,34.0,31.51,33.52,33.5,33.45,,33.5,,,77454,2515794.55,327,F1,1,,,,,
2026-08-06,2026-08-06,CM,NSE,STK,12026,INE087H01022,RENUKA,EQ,,,,,SHREE RENUKA SUGARS LTD,22.0,22.27,21.66,22.12,22.15,22.33,,22.12,,,5113131,112465902.12,10241,F1,1,,,,,
2026-08-06,2026-08-06,CM,NSE,STK,21868,INE238Y01018,TIRUPATI,SM,,,,,SHREE TIRUPATI BALAJEE,323.95,357.95,323.95,340.0,340.0,340.95,,340.0,,,8875,2973956.25,11,F1,125,,,,,
2026-08-06,2026-08-06,CM,NSE,STK,25203,INE0S2G01011,BALAJEE,EQ,,,,,SHREE TIRUPATI BALAJEE L,27.31,27.95,26.16,27.17,27.1,27.56,,27.17,,,29212,794567.79,236,F1,1,,,,,
2026-08-06,2026-08-06,CM,NSE,STK,15126,INE00CE01017,SVLL,BE,,,,,SHREE VASU LOGISTICS LTD,770.0,770.0,749.1,749.1,749.1,764.1,,749.1,,,1546,1169339.0,16,F1,1,,,,,
2026-08-06,2026-08-06,CM,NSE,STK,762159,INE0K3301012,SHREEDHAR,ST,,,,,SHREEDHAR SPINNERS LTD,100.05,105.9,99.9,105.9,105.9,101.6,,105.9,,,26000,2702300.0,13,F1,2000,,,,,
2026-08-06,2026-08-06,CM,NSE,STK,759805,INE1FL101016,SHETHJI,ST,,,,,SHREEJI GLOBAL FMCG LTD,161.5,169.25,159.1,162.15,169.25,161.3,,162.15,,,37000,5993800.0,19,F1,1000,,,,,
2026-08-06,2026-08-06,CM,NSE,STK,759448,INE1B6101010,SHREEJISPG,EQ,,,,,SHREEJI SHIPPING GLOBAL L,667.0,677.2,655.4,673.3,670.55,661.75,,673.32,,,708345,471398882.5,8560,F1,1,,,,,
2026-08-06,2026-08-06,CM,NSE,STK,14305,INE00IK01029,OSWALSEEDS,EQ,,,,,SHREEOSWAL S AND CHE LTD,10.8,10.8,10.4,10.48,10.42,10.58,,10.48,,,15484,163455.56,137,F1,1,,,,,
2026-08-06,2026-08-06,CM,NSE,STK,760252,INE632X01030,SHRENIK,BZ,,,,,SHRENIK LIMITED,0.34,0.35,0.33,0.34,0.34,0.34,,0.34,,,313738,106963.34,209,F1,1,,,,,
2026-08-06,2026-08-06,CM,NSE,STK,3126,INE231C01019,SHREYANIND,EQ,,,,,SHREYANS INDUSTRIES LTD,143.1,144.68,141.0,141.55,142.99,142.56,,141.57,,,3857,549734.95,81,F1,1,,,,,
2026-08-06,2026-08-06,CM,NSE,STK,756409,INE0DM401012,SHRIAHIMSA,ST,,,,,SHRI AHIMSA NATURALS LTD,390.0,394.0,375.0,376.7,375.0,390.0,,376.7,,,36000,13824900.0,54,F1,600,,,,,
2026-08-06,2026-08-06,CM,NSE,STK,762899,INE402H01015,SHBAJRG,EQ,,,,,SHRI BAJRANG ALLIANCE L,183.6,185.0,177.99,178.76,178.01,183.58,,178.74,,,6571,1187311.12,87,F1,1,,,,,
2026-08-06,2026-08-06,CM,NSE,STK,760202,INE1V4601019,SHRIKANHA,SM,,,,,SHRI KANHA STAINLESS LTD,20.75,22.55,20.75,22.55,22.55,21.5,,22.55,,,9600,203840.0,6,F1,1600,,,,,
2026-08-06,2026-08-06,CM,NSE,STK,762909,INE997I01012,SHRIKRISH,EQ,,,,,SHRI KRISHNA DEVCON LTD.,42.29,42.89,42.29,42.29,42.29,42.29,,42.4,,,325,13792.05,13,F1,1,,,,,
2026-08-06,2026-08-06,CM,NSE,STK,17684,INE0OMF01015,SHRITECH,SM,,,,,SHRI TECHTEX LIMITED,58.55,58.65,58.0,58.0,58.0,60.05,,58.0,,,20000,1167700.0,7,F1,2000,,,,,
2026-08-06,2026-08-06,CM,NSE,STK,759093,INE1B3L01017,SHRINGARMS,EQ,,,,,SHRINGAR HOU OF MANGALS L,232.4,235.0,230.0,231.13,230.08,231.48,,231.13,,,421869,98270958.43,3164,F1,1,,,,,
2026-08-06,2026-08-06,CM,NSE,STK,24374,INF680P01422,LIQUIDSHRI,EQ,,,,,SHRIRAM - LIQUIDSHRI,1116.1,1116.11,1116.09,1116.09,1116.09,1115.96,,1116.09,,,8914,9948931.49,32,F1,1,,,,,
2026-08-06,2026-08-06,CM,NSE,STK,4306,INE721A01047,SHRIRAMFIN,EQ,,,,,SHRIRAM FINANCE LIMITED,1130.0,1153.7,1120.0,1141.0,1141.0,1122.4,,1141.0,,,12605459,14367903939.8,151392,F1,1,,,,,
2026-08-06,2026-08-06,CM,NSE,STK,7200,INE217L01019,SHRIRAMPPS,EQ,,,,,SHRIRAM PROPERTIES LTD,85.3,85.83,84.55,84.92,85.0,85.15,,84.92,,,380855,32351789.16,2659,F1,1,,,,,
2026-08-06,2026-08-06,CM,NSE,STK,25240,INE0UL701015,SHUBHSHREE,SM,,,,,SHUBHSHREE BIOFUELS ENE L,354.0,354.0,343.95,343.95,343.95,354.95,,343.95,,,900,312585.0,3,F1,300,,,,,
2026-08-06,2026-08-06,CM,NSE,STK,10192,INE979R01011,SHYAMCENT,BE,,,,,SHYAM CENTURY FERROUS LTD,5.47,5.66,5.14,5.14,5.14,5.41,,5.14,,,142008,745404.39,236,F1,1,,,,,
2026-08-06,2026-08-06,CM,NSE,STK,761213,INE1CRP01016,SHYAMDHANI,ST,,,,,SHYAM DHANI INDUSTRIES L,62.2,62.2,62.2,62.2,62.2,59.25,,62.2,,,20000,1244000.0,5,F1,2000,,,,,
2026-08-06,2026-08-06,CM,NSE,STK,4693,INE810G01011,SHYAMMETL,EQ,,,,,SHYAM METALICS AND ENGY L,1031.0,1040.8,1008.6,1015.5,1015.0,1029.6,,1015.51,,,568173,581809931.8,15218,F1,1,,,,,
2026-08-06,2026-08-06,CM,NSE,STK,13741,INE635A01023,SHYAMTEL,BE,,,,,SHYAM TELECOM LIMITED,15.75,16.58,15.26,16.25,16.25,15.8,,16.25,,,2261,35605.72,41,F1,1,,,,,
2026-08-06,2026-08-06,CM,NSE,STK,16875,INE176J01011,SICAGEN,EQ,,,,,SICAGEN INDIA LIMITED,55.0,61.81,51.49,61.72,61.81,51.51,,61.73,,,268108,15704840.32,1483,F1,1,,,,,
2026-08-06,2026-08-06,CM,NSE,STK,19440,INE075B01020,SICALLOG,BE,,,,,SICAL LOGISTICS LIMITED,99.37,104.35,96.82,103.85,103.99,99.77,,103.81,,,51127,5193173.57,368,F1,1,,,,,
2026-08-06,2026-08-06,CM,NSE,STK,759053,INE0SVO01019,SIDDHICOTS,SM,,,,,SIDDHI COTSPIN LIMITED,28.45,28.55,28.45,28.55,28.55,28.55,,28.55,,,3600,102600.0,3,F1,1200,,,,,
2026-08-06,2026-08-06,CM,NSE,STK,756871,INE1NPP01017,ENRIN,EQ,,,,,SIEMENS ENERGY INDIA LTD,3285.1,3295.0,3216.5,3252.2,3255.6,3289.8,,3252.22,,,298730,971133690.2,29359,F1,1,,,,,
2026-08-06,2026-08-06,CM,NSE,STK,3150,INE003A01024,SIEMENS,EQ,,,,,SIEMENS LTD,3990.4,4019.0,3948.8,3952.0,3952.0,3980.0,,3952.21,,,213389,848467171.8,20562,F1,1,,,,,
2026-08-06,2026-08-06,CM,NSE,STK,6664,INE0D0K01022,SIGACHI,BE,,,,,SIGACHI INDUSTRIES LTD,25.89,26.4,25.67,25.8,25.76,25.66,,25.8,,,393212,10161654.86,818,F1,1,,,,,
2026-08-06,2026-08-06,CM,NSE,STK,14797,INE933B01012,SIGMAADV,BE,,,,,SIGMA ADVANCED SYSTEM LTD,715.0,721.5,680.0,692.05,697.0,704.5,,692.19,,,302489,213122347.1,5004,F1,1,,,,,
2026-08-06,2026-08-06,CM,NSE,STK,16658,INE0A0S01028,SIGMA,EQ,,,,,SIGMA SOLVE LIMITED,49.5,50.0,46.1,47.42,47.6,47.45,,47.41,,,363703,17521605.06,2340,F1,1,,,,,
2026-08-06,2026-08-06,CM,NSE,STK,18743,INE903U01023,SIGNATURE,EQ,,,,,SIGNATUREGLOBAL INDIA LTD,814.6,824.0,810.8,815.0,811.0,813.7,,814.92,,,211788,172838289.35,7664,F1,1,,,,,
2026-08-06,2026-08-06,CM,NSE,STK,4522,INE529F01035,SIGIND,EQ,,,,,SIGNET INDUSTRIES LIMITED,61.4,73.0,61.31,70.03,69.2,61.4,,69.95,,,637807,44049688.72,6501,F1,1,,,,,
2026-08-06,2026-08-06,CM,NSE,STK,23150,INE0RDE01010,SIGNORIA,ST,,,,,SIGNORIA CREATION LIMITED,164.0,164.0,162.0,162.5,162.0,162.6,,162.5,,,4000,653000.0,4,F1,1000,,,,,
2026-08-06,2026-08-06,CM,NSE,STK,22656,INE0KGZ01021,SIGNPOST,EQ,,,,,SIGNPOST INDIA LIMITED,269.9,272.2,264.35,268.1,266.0,269.9,,268.1,,,71407,19113098.3,2926,F1,1,,,,,
2026-08-06,2026-08-06,CM,NSE,STK,762914,INE438E01032,SIKA,EQ,,,,,SIKA INTERPLANT SYSTEMS L,1108.0,1129.0,1100.7,1113.7,1110.0,1105.5,,1113.52,,,18131,20146899.3,2036,F1,1,,,,,
2026-08-06,2026-08-06,CM,NSE,STK,6218,INE112X01025,SIKKO,EQ,,,,,SIKKO INDUSTRIES LIMITED,5.46,5.96,5.43,5.91,5.88,5.38,,5.91,,,2338511,13461780.51,1518,F1,1,,,,,
2026-08-06,2026-08-06,CM,NSE,STK,4105,INE923A01015,SILINV,EQ,,,,,SIL INVESTMENTS LIMITED,426.0,436.0,425.0,433.7,433.95,428.35,,433.64,,,1555,670530.0,90,F1,1,,,,,
2026-08-06,2026-08-06,CM,NSE,STK,2492,INE01II01013,SILGO,EQ,,,,,SILGO RETAIL LIMITED,69.35,70.4,66.7,69.3,67.61,68.97,,69.3,,,214107,14979015.76,1077,F1,1,,,,,
2026-08-06,2026-08-06,CM,NSE,STK,23739,INE0STN01015,SILKFLEX,ST,,,,,SILKFLEX POLYMERS INDIA L,200.0,209.0,197.0,201.2,198.5,200.0,,201.2,,,36000,7302050.0,32,F1,1000,,,,,
2026-08-06,2026-08-06,CM,NSE,STK,757679,INE0SN801015,SILKY,SM,,,,,SILKY OVERSEAS LIMITED,73.0,73.0,71.8,72.8,72.8,73.0,,72.8,,,3200,232480.0,3,F1,800,,,,,
2026-08-06,2026-08-06,CM,NSE,STK,19097,INE203Y01012,SILLYMONKS,EQ,,,,,SILLY MONKS ENTERTAIN LTD,16.39,16.88,15.16,15.7,15.72,16.31,,15.7,,,28677,453714.26,204,F1,1,,,,,
2026-08-06,2026-08-06,CM,NSE,STK,9422,INE625X01026,SILVERTUC,EQ,,,,,SILVER TOUCH TECHNO LTD,192.0,196.1,189.54,193.6,195.0,191.86,,193.54,,,720934,139387327.19,9803,F1,1,,,,,
2026-08-06,2026-08-06,CM,NSE,STK,758836,INE748T01016,SIMBHALS,BZ,,,,,SIMBHAOLI SUGARS LTD.,6.97,7.05,6.8,7.0,7.05,7.0,,7.0,,,19722,136082.58,45,F1,1,,,,,
2026-08-06,2026-08-06,CM,NSE,STK,763375,INE1K4J01018,SIMCA,SM,,,,,SIMCA ADVERTISING LIMITED,230.25,239.5,230.25,237.7,239.0,229.85,,237.7,,,43800,10298550.0,45,F1,600,,,,,
2026-08-06,2026-08-06,CM,NSE,STK,3162,INE059B01024,SIMPLEXINF,EQ,,,,,SIMPLEX INFRASTRUCTURES L,231.9,240.5,231.19,237.48,237.0,232.16,,237.49,,,53241,12617381.05,1476,F1,1,,,,,
2026-08-06,2026-08-06,CM,NSE,STK,23480,INE985A01022,SINCLAIR,EQ,,,,,SINCLAIRS HOTELS LIMITED,74.32,81.61,73.78,76.59,77.15,74.77,,76.59,,,180216,14006208.46,1552,F1,1,,,,,
2026-08-06,2026-08-06,CM,NSE,STK,16859,INE325D01025,SINDHUTRAD,EQ,,,,,SINDHU TRADE LINKS LTD,24.75,24.9,23.71,24.19,24.29,24.64,,24.19,,,259203,6327502.88,1323,F1,1,,,,,
2026-08-06,2026-08-06,CM,NSE,STK,761420,INE638A01035,SINGERIND,EQ,,,,,SINGER INDIA LIMITED,65.95,69.5,65.4,68.72,69.4,65.88,,68.53,,,92796,6325514.38,1437,F1,1,,,,,
2026-08-06,2026-08-06,CM,NSE,STK,381,INE129Z01016,SINTERCOM,EQ,,,,,SINTERCOM INDIA LIMITED,84.1,85.0,82.51,84.93,83.11,82.85,,84.93,,,1201,101568.84,16,F1,1,,,,,
2026-08-06,2026-08-06,CM,NSE,STK,11050,INE792Z01011,SIRCA,EQ,,,,,SIRCA PAINT INDIA LIMITED,444.45,452.7,441.0,449.95,450.0,443.35,,450.0,,,559902,250831424.2,8759,F1,1,,,,,
2026-08-06,2026-08-06,CM,NSE,STK,21501,INE285J01028,SIS,EQ,,,,,SIS LIMITED,433.55,444.1,429.65,435.9,436.0,430.55,,435.89,,,264788,115505028.7,11880,F1,1,,,,,
2026-08-06,2026-08-06,CM,NSE,STK,29210,INE965H01011,SITINET,BZ,,,,,SITI NETWORKS LIMITED,0.31,0.32,0.3,0.31,0.32,0.31,,0.31,,,286910,90046.43,251,F1,1,,,,,
2026-08-06,2026-08-06,CM,NSE,STK,14096,INE076B01028,SIYSIL,EQ,,,,,SIYARAM SILK MILLS LTD,628.0,637.9,623.5,628.15,628.05,628.0,,628.15,,,18900,11864022.55,1620,F1,1,,,,,
2026-08-06,2026-08-06,CM,NSE,STK,6643,INE284S01014,SJS,EQ,,,,,SJS ENTERPRISES LIMITED,2520.0,2590.0,2402.0,2437.7,2402.0,2510.3,,2437.59,,,375740,944296029.4,40687,F1,1,,,,,
2026-08-06,2026-08-06,CM,NSE,STK,18883,INE002L01015,SJVN,EQ,,,,,SJVN LTD,69.44,69.44,68.1,68.43,68.6,69.11,,68.43,,,1220038,83685227.31,12822,F1,1,,,,,
2026-08-06,2026-08-06,CM,NSE,STK,760101,INE2J8701016,SKFINDUS,EQ,,,,,SKF IND (INDUSTRIAL) LTD,2765.0,2850.2,2705.0,2747.8,2705.0,2728.9,,2747.48,,,37614,104344375.4,9490,F1,1,,,,,
2026-08-06,2026-08-06,CM,NSE,STK,3186,INE640A01023,SKFINDIA,EQ,,,,,SKF INDIA LTD,1509.9,1527.2,1503.1,1519.2,1520.0,1509.9,,1519.19,,,53256,80982671.9,5994,F1,1,,,,,
2026-08-06,2026-08-06,CM,NSE,STK,9428,INE439E01022,SKIPPER,EQ,,,,,SKIPPER LIMITED,550.0,558.7,524.25,526.5,527.8,548.5,,526.5,,,781008,421467304.9,26874,F1,1,,,,,
2026-08-06,2026-08-06,CM,NSE,STK,4732,INE411D01023,SKMEGGPROD,EQ,,,,,SKM EGG PROD EXPORT(I) LT,232.38,246.79,230.74,237.19,237.3,230.74,,237.21,,,820167,195862622.48,14292,F1,1,,,,,
2026-08-06,2026-08-06,CM,NSE,STK,10325,INE0KZA01016,SKP,SM,,,,,SKP BEARING INDUSTRI. LTD,160.0,160.0,160.0,160.0,160.0,162.6,,160.0,,,500,80000.0,1,F1,500,,,,,
2026-08-06,2026-08-06,CM,NSE,STK,13631,INE01IU01018,SKYGOLD,EQ,,,,,SKY GOLD AND DIAMONDS LTD,683.95,700.0,678.6,691.15,691.3,678.6,,691.25,,,819048,564487354.1,25069,F1,1,,,,,
2026-08-06,2026-08-06,CM,NSE,STK,23692,INE0SMA01017,SLONE,ST,,,,,SLONE INFOSYSTEMS LIMITED,134.1,143.1,134.1,143.1,143.1,137.0,,143.1,,,1600,224360.0,4,F1,400,,,,,
2026-08-06,2026-08-06,CM,NSE,STK,757622,INE14GK01016,SMARTEN,ST,,,,,SMARTEN POWER SYSTEMS LTD,52.95,52.95,52.0,52.0,52.0,53.0,,52.0,,,14400,749940.0,2,F1,1200,,,,,
2026-08-06,2026-08-06,CM,NSE,STK,9893,INE178C01020,SMARTLINK,BE,,,,,SMARTLINK HOLDINGS LTD,230.59,230.59,219.9,220.48,223.0,230.59,,220.48,,,5419,1209714.23,103,F1,1,,,,,
2026-08-06,2026-08-06,CM,NSE,STK,757965,INE0NAZ01010,SMARTWORKS,EQ,,,,,SMARTWORKS COWORKING SP L,471.0,498.4,470.6,485.0,482.1,472.0,,484.96,,,158897,77330358.1,8239,F1,1,,,,,
2026-08-06,2026-08-06,CM,NSE,STK,2320,INE103C01036,SMCGLOBAL,EQ,,,,,SMC GLOBAL SECURITIES LTD,80.4,81.0,79.52,80.6,80.98,79.8,,80.6,,,1033229,83267172.38,111733,F1,1,,,,,
2026-08-06,2026-08-06,CM,NSE,STK,3387,INE294B01019,SMLMAH,EQ,,,,,SML MAHINDRA LIMITED,5773.0,5884.0,5608.0,5672.5,5674.0,5917.5,,5673.56,,,188084,1085820236.5,24725,F1,1,,,,,
2026-08-06,2026-08-06,CM,NSE,STK,14329,INE812G01025,SMSPHARMA,EQ,,,,,SMS PHARMACEUTICALS LTD.,366.0,368.2,355.5,357.2,357.5,364.55,,357.2,,,179849,64770760.85,4462,F1,1,,,,,
2026-08-06,2026-08-06,CM,NSE,STK,758946,INE1OIC01018,SNEHAA,SM,,,,,SNEHAA ORGANICS LIMITED,47.2,48.0,45.65,45.75,45.8,45.0,,45.75,,,9000,423150.0,9,F1,1000,,,,,
2026-08-06,2026-08-06,CM,NSE,STK,4843,INE734N01019,SNOWMAN,EQ,,,,,SNOWMAN LOGISTICS LTD.,40.94,41.69,40.16,40.71,40.6,40.57,,40.71,,,473802,19451265.12,2894,F1,1,,,,,
2026-08-06,2026-08-06,CM,NSE,STK,13826,INE671H01015,SOBHA,EQ,,,,,SOBHA LIMITED,1369.9,1371.4,1347.0,1355.9,1353.0,1361.0,,1356.07,,,73903,100513920.1,6203,F1,1,,,,,
2026-08-06,2026-08-06,CM,NSE,STK,8268,INE728Z01015,SOFTTECH,BE,,,,,SOFTTECH ENGINEERS LTD,417.2,429.0,417.05,418.1,418.1,417.05,,418.1,,,299,124931.5,7,F1,1,,,,,
2026-08-06,2026-08-06,CM,NSE,STK,13332,INE343H01029,SOLARINDS,EQ,,,,,SOLAR INDUSTRIES (I) LTD,18440.0,18830.0,18353.0,18496.0,18496.0,18400.0,,18496.08,,,63360,1179341728.0,18417,F1,1,,,,,
2026-08-06,2026-08-06,CM,NSE,STK,3672,INE624Z01016,SOLARA,EQ,,,,,SOLARA ACTIVE PHA SCI LTD,514.15,522.3,509.0,511.1,511.15,514.65,,511.06,,,84257,43334550.5,3415,F1,1,,,,,
2026-08-06,2026-08-06,CM,NSE,STK,759929,INE0TY101024,SOLARWORLD,EQ,,,,,SOLARWORLD ENERGY SOL LTD,169.12,172.45,167.66,169.13,168.0,167.66,,169.14,,,400433,68074621.11,5540,F1,1,,,,,
2026-08-06,2026-08-06,CM,NSE,STK,759397,INE880Y01017,SOLEX,EQ,,,,,SOLEX ENERGY LIMITED,929.0,949.0,911.55,914.5,914.0,923.75,,914.5,,,18074,16590821.5,1508,F1,1,,,,,
2026-08-06,2026-08-06,CM,NSE,STK,24882,INE0U0201016,BALCO,ST,,,,,SOLVE PLASTIC PRODUCTS L,18.0,18.0,18.0,18.0,18.0,18.9,,18.0,,,2400,43200.0,2,F1,1200,,,,,
2026-08-06,2026-08-06,CM,NSE,STK,1338,INE480C01038,SDBL,EQ,,,,,SOM DIST & BREW LTD,73.3,74.9,72.5,74.11,74.0,73.39,,74.11,,,755869,55835898.99,5842,F1,1,,,,,
2026-08-06,2026-08-06,CM,NSE,STK,4201,INE314C01013,SOMATEX,EQ,,,,,SOMA TEXTILES & INDUST LT,98.15,98.15,93.3,94.38,94.05,97.14,,94.5,,,13572,1287273.02,373,F1,1,,,,,
2026-08-06,2026-08-06,CM,NSE,STK,3880,INE355A01028,SOMANYCERA,EQ,,,,,SOMANY CERAMICS LIMITED,506.8,514.9,500.0,504.0,503.7,500.3,,504.01,,,67244,34122770.75,8632,F1,1,,,,,
2026-08-06,2026-08-06,CM,NSE,STK,17794,INE323J01019,SOMICONVEY,EQ,,,,,SOMI CONVEYOR BELT. LTD.,97.99,97.99,90.42,91.42,91.0,93.88,,91.5,,,36799,3423421.65,1175,F1,1,,,,,
2026-08-06,2026-08-06,CM,NSE,STK,4684,INE073K01018,SONACOMS,EQ,,,,,SONA BLW PRECISION FRGS L,821.9,824.6,786.25,792.0,792.0,814.6,,791.95,,,2671715,2142710613.75,75925,F1,1,,,,,
2026-08-06,2026-08-06,CM,NSE,STK,23052,INE0Q6H01012,SONAMAC,SM,,,,,SONA MACHINERY LIMITED,34.55,34.55,32.75,34.5,34.55,36.0,,34.5,,,7000,239850.0,7,F1,1000,,,,,
2026-08-06,2026-08-06,CM,NSE,STK,762919,INE321M01017,SONAL,EQ,,,,,SONAL MERCANTILE LTD.,92.0,92.0,89.95,89.95,89.95,88.0,,87.53,,,21,1896.05,4,F1,1,,,,,
2026-08-06,2026-08-06,CM,NSE,STK,8806,INE00LM01029,SONAMLTD,EQ,,,,,SONAM LIMITED,54.31,55.5,53.61,54.65,55.0,54.57,,54.65,,,11168,606302.06,271,F1,1,,,,,
2026-08-06,2026-08-06,CM,NSE,STK,6596,INE269A01021,SONATSOFTW,EQ,,,,,SONATA SOFTWARE LTD,337.6,343.55,327.0,331.95,332.0,337.5,,332.07,,,1219670,410155388.75,28442,F1,1,,,,,
2026-08-06,2026-08-06,CM,NSE,STK,9463,INE0JZA01018,SONUINFRA,ST,,,,,SONU INFRATECH LIMITED,39.95,41.95,39.9,39.9,39.9,42.0,,39.9,,,15000,602850.0,10,F1,1500,,,,,
2026-08-06,2026-08-06,CM,NSE,STK,9678,INE980Y01015,SOUTHWEST,EQ,,,,,SOUTH WEST PINNACLE LTD,233.37,236.39,231.2,232.42,234.35,234.68,,232.43,,,68261,15943032.61,1836,F1,1,,,,,
2026-08-06,2026-08-06,CM,NSE,STK,19372,INE970N01027,SPCENET,EQ,,,,,SPACENET ENTERS IND LTD,3.66,3.66,3.5,3.52,3.55,3.49,,3.52,,,443929,1590857.53,540,F1,1,,,,,
2026-08-06,2026-08-06,CM,NSE,STK,758420,IN9572J01019,SSFLPP,E1,,,,,SPANDANA RS.5 PPD UP,135.3,138.9,135.25,135.7,136.05,135.25,,135.68,,,481,65180.3,70,F1,1,,,,,
2026-08-06,2026-08-06,CM,NSE,STK,11435,INE572J01011,SPANDANA,EQ,,,,,SPANDANA SPHOORTY FIN LTD,259.35,261.7,255.0,256.75,257.05,260.5,,256.84,,,118798,30667177.55,3808,F1,1,,,,,
2026-08-06,2026-08-06,CM,NSE,STK,27107,INE247M01014,SPECIALITY,EQ,,,,,SPECIALITY REST LTD,142.0,147.7,140.0,142.42,143.99,142.03,,142.39,,,124577,17944813.61,2265,F1,1,,,,,
2026-08-06,2026-08-06,CM,NSE,STK,30455,INE01EO01010,SPECTRUM,EQ,,,,,SPECTRUM ELECTRIC IND LTD,2523.2,2637.2,2504.4,2568.0,2550.0,2514.2,,2567.95,,,23515,60849586.0,4106,F1,1,,,,,
2026-08-06,2026-08-06,CM,NSE,STK,16876,INE0OL001018,SPECTSTM,SM,,,,,SPECTRUM TALENT MGMT LTD,65.85,70.3,62.35,62.35,62.35,65.85,,62.35,,,27200,1832640.0,29,F1,800,,,,,
2026-08-06,2026-08-06,CM,NSE,STK,8163,INE020801028,SPENCERS,EQ,,,,,SPENCER S RETAIL LIMITED,32.84,33.44,32.21,33.01,33.03,32.84,,33.01,,,18158,600381.27,279,F1,1,,,,,
2026-08-06,2026-08-06,CM,NSE,STK,3252,INE147A01011,SPIC,EQ,,,,,SPIC LTD,68.02,68.8,68.0,68.28,68.04,68.29,,68.28,,,154271,10544754.4,1676,F1,1,,,,,
2026-08-06,2026-08-06,CM,NSE,STK,11935,INE978G01016,SPLIL,EQ,,,,,SPL INDUSTRIES LIMITED,31.79,32.4,31.21,31.8,31.84,31.6,,31.8,,,10650,340572.7,56,F1,1,,,,,
2026-08-06,2026-08-06,CM,NSE,STK,3321,INE937A01023,SPMLINFRA,EQ,,,,,SPML INFRA LIMITED,197.0,198.98,193.25,194.7,194.96,196.59,,194.69,,,101439,19914878.26,1974,F1,1,,,,,
2026-08-06,2026-08-06,CM,NSE,STK,10733,INE885H01029,SPORTKING,EQ,,,,,SPORTKING INDIA LIMITED,211.1,211.92,202.0,206.66,205.25,210.24,,206.67,,,810326,166490932.0,15099,F1,1,,,,,
2026-08-06,2026-08-06,CM,NSE,STK,17186,INE526E01018,SHRIPISTON,EQ,,,,,SPR AUTO TECHNOLOGIES LTD,4510.0,4510.0,4312.5,4325.4,4325.0,4440.8,,4325.0,,,36877,161724978.6,7832,F1,1,,,,,
2026-08-06,2026-08-06,CM,NSE,STK,757865,INE19QH01010,SPUNWEB,SM,,,,,SPUNWEB NONWOVEN LIMITED,101.05,102.0,101.0,102.0,102.0,100.5,,102.0,,,6000,609060.0,5,F1,1200,,,,,
2026-08-06,2026-08-06,CM,NSE,STK,14582,INE917H01012,SRHHYPOLTD,EQ,,,,,SREE RAYALSEEMA HHP LTD.,493.5,518.2,493.5,512.65,514.9,488.15,,512.64,,,22054,11245921.8,1312,F1,1,,,,,
2026-08-06,2026-08-06,CM,NSE,STK,31837,INE099F01013,SREEL,EQ,,,,,SREELEATHERS LIMITED,213.0,217.89,213.0,215.37,215.0,214.78,,215.39,,,2904,625677.62,238,F1,1,,,,,
2026-08-06,2026-08-06,CM,NSE,STK,3273,INE647A01010,SRF,EQ,,,,,SRF LTD,2649.0,2659.0,2620.2,2624.9,2624.9,2639.7,,2624.9,,,550578,1451029442.9,23329,F1,1,,,,,
2026-08-06,2026-08-06,CM,NSE,STK,18119,INE559N01010,SRGHFL,EQ,,,,,SRG HOUSING FINANCE L,287.0,296.0,287.0,291.75,288.05,290.0,,291.65,,,4703,1366248.4,115,F1,1,,,,,
2026-08-06,2026-08-06,CM,NSE,STK,7457,INE293B01029,HAVISHA,EQ,,,,,SRI HAVISHA HOSP & INFR L,1.48,1.58,1.4,1.44,1.47,1.45,,1.45,,,293415,433906.98,352,F1,1,,,,,
2026-08-06,2026-08-06,CM,NSE,STK,758145,INE0V9Q01010,LOTUSDEV,EQ,,,,,SRI LOTUS DEVLPRS N RTY L,193.8,196.06,193.45,195.61,195.0,193.03,,195.61,,,1034151,201827088.75,5371,F1,1,,,,,
2026-08-06,2026-08-06,CM,NSE,STK,761393,INE0TPJ01019,SPCON,SM,,,,,SRINIBAS PRADHAN CONST L,152.75,152.75,147.9,150.4,150.4,139.65,,150.4,,,4800,721260.0,4,F1,1200,,,,,
2026-08-06,2026-08-06,CM,NSE,STK,18059,INE0ON201012,SSFL,ST,,,,,SRIVARI SPICES N FOODS L,259.0,263.0,240.4,242.2,240.4,253.05,,242.2,,,39000,9536575.0,75,F1,500,,,,,
2026-08-06,2026-08-06,CM,NSE,STK,14416,INE0NPI01014,SRIVASAVI,ST,,,,,SRIVASAVI ADHESIVE TAPE L,87.95,87.95,87.85,87.95,87.95,84.05,,87.95,,,5000,439600.0,5,F1,1000,,,,,
2026-08-06,2026-08-06,CM,NSE,STK,23402,INE0R6Z01013,SRM,EQ,,,,,SRM CONTRACTORS LIMITED,520.0,536.3,511.0,529.05,531.0,510.55,,529.0,,,282712,149357474.3,7362,F1,1,,,,,
2026-08-06,2026-08-06,CM,NSE,STK,29204,INE0RYC01010,STALLION,EQ,,,,,STALLION IND FLUOROCHEM L,269.8,279.0,265.55,270.2,267.25,267.95,,270.2,,,2104762,574939443.9,23159,F1,1,,,,,
2026-08-06,2026-08-06,CM,NSE,STK,29075,INE0M4D01010,SETL,EQ,,,,,STANDARD ENGNG TCNLGY LTD,281.4,289.8,271.0,274.65,273.5,278.0,,274.7,,,825655,233328639.15,15068,F1,1,,,,,
2026-08-06,2026-08-06,CM,NSE,STK,11297,INE173A01025,SIL,EQ,,,,,STANDARD INDUSTRIES LTD.,17.15,17.15,16.8,17.02,17.11,16.97,,17.01,,,27889,473272.54,160,F1,1,,,,,
2026-08-06,2026-08-06,CM,NSE,STK,24226,INE01A001028,STANLEY,EQ,,,,,STANLEY LIFESTYLES LTD,155.0,156.6,152.54,153.62,153.6,154.38,,153.62,,,66701,10272226.45,1878,F1,1,,,,,
2026-08-06,2026-08-06,CM,NSE,STK,21091,INE460H01021,STARCEMENT,EQ,,,,,STAR CEMENT LIMITED,205.5,205.5,203.01,203.34,203.7,204.55,,203.33,,,114840,23406641.85,2203,F1,1,,,,,
2026-08-06,2026-08-06,CM,NSE,STK,7083,INE575P01011,STARHEALTH,EQ,,,,,STAR HEALTH & AL INS CO L,588.0,588.0,571.2,573.65,572.7,588.1,,573.64,,,366660,211516979.4,20155,F1,1,,,,,
2026-08-06,2026-08-06,CM,NSE,STK,3291,INE733A01018,STARPAPER,EQ,,,,,STAR PAPER MILLS LTD,151.55,153.0,151.13,152.31,152.5,150.81,,152.31,,,8290,1260865.94,148,F1,1,,,,,
2026-08-06,2026-08-06,CM,NSE,STK,9305,INE992I01013,STARTECK,EQ,,,,,STARTECK FINANCE LIMITED,259.9,263.85,253.95,257.3,258.0,256.35,,257.15,,,8590,2228577.6,244,F1,1,,,,,
2026-08-06,2026-08-06,CM,NSE,STK,3045,INE062A01020,SBIN,EQ,,,,,STATE BANK OF INDIA,1052.5,1088.1,1052.5,1085.0,1085.0,1055.0,,1085.0,,,13822265,14836847203.7,221340,F1,1,,,,,
2026-08-06,2026-08-06,CM,NSE,STK,2963,INE114A01011,SAIL,EQ,,,,,STEEL AUTHORITY OF INDIA,176.21,179.75,174.87,176.74,176.74,175.5,,176.8,,,17549959,3120065427.58,77702,F1,1,,,,,
2026-08-06,2026-08-06,CM,NSE,STK,10406,INE395H01011,STEELCITY,EQ,,,,,STEEL CITY SECURITIES LTD,84.93,85.84,84.0,84.65,84.7,84.44,,84.65,,,16909,1434920.8,249,F1,1,,,,,
2026-08-06,2026-08-06,CM,NSE,STK,21339,INE503B01021,STEELXIND,EQ,,,,,STEEL EXCHANGE INDIA LTD,11.53,11.67,11.32,11.45,11.5,11.52,,11.45,,,796527,9086235.55,1524,F1,1,,,,,
2026-08-06,2026-08-06,CM,NSE,STK,11829,INE802C01033,SSWL,EQ,,,,,STEEL STRIPS WHEELS LTD.,320.45,322.65,304.1,309.2,304.4,319.95,,309.14,,,722236,226668801.3,15707,F1,1,,,,,
2026-08-06,2026-08-06,CM,NSE,STK,6803,INE124E01038,STEELCAS,EQ,,,,,STEELCAST LIMITED,340.0,343.0,335.5,337.75,338.0,337.0,,337.72,,,52728,17844853.9,2518,F1,1,,,,,
2026-08-06,2026-08-06,CM,NSE,STK,21484,INE577L01016,STEL,EQ,,,,,STEL HOLDINGS LIMITED,558.25,571.1,553.15,564.1,565.5,559.05,,564.35,,,2419,1355439.85,249,F1,1,,,,,
2026-08-06,2026-08-06,CM,NSE,STK,6188,INE334A01023,STERTOOLS,BE,,,,,STERLING TOOLS LIMITED,264.0,264.0,245.0,249.0,249.85,251.9,,248.83,,,26143,6607788.35,449,F1,1,,,,,
2026-08-06,2026-08-06,CM,NSE,STK,9313,INE089C01029,STLTECH,BE,,,,,STERLITE TECHNOLOGIES LTD,651.0,666.3,626.55,633.85,631.0,634.65,,633.88,,,4123270,2678302583.3,58619,F1,1,,,,,
2026-08-06,2026-08-06,CM,NSE,STK,13367,INE353H01010,SGL,EQ,,,,,STL GLOBAL LIMITED,10.15,10.15,9.7,9.92,9.96,9.77,,9.92,,,19902,196814.15,102,F1,1,,,,,
2026-08-06,2026-08-06,CM,NSE,STK,758978,INE1VXE01018,STLNETWORK,BE,,,,,STL NETWORKS LIMITED,24.49,25.06,24.3,24.71,24.64,24.14,,24.67,,,704366,17435111.34,995,F1,1,,,,,
2026-08-06,2026-08-06,CM,NSE,STK,2107,INE00IN01015,STOVEKRAFT,EQ,,,,,STOVE KRAFT LIMITED,768.95,849.8,760.0,800.2,804.5,756.0,,800.24,,,3348885,2743849550.4,94776,F1,1,,,,,
2026-08-06,2026-08-06,CM,NSE,STK,761091,INE1XWN01017,STRIDERS,SM,,,,,STRIDERS IMPEX LIMITED,65.0,65.0,64.8,64.85,64.9,62.0,,64.85,,,6400,415520.0,3,F1,1600,,,,,
2026-08-06,2026-08-06,CM,NSE,STK,7374,INE939A01011,STAR,EQ,,,,,STRIDES PHARMA SCI LTD,966.0,1011.8,964.0,997.2,999.0,970.4,,997.08,,,424992,421818594.1,19884,F1,1,,,,,
2026-08-06,2026-08-06,CM,NSE,STK,12489,INE00M201021,SWSOLAR,EQ,,,,,STRLNG & WIL REN ENE LTD,210.0,211.12,206.52,206.92,207.5,209.4,,206.92,,,484387,100733813.04,6297,F1,1,,,,,
2026-08-06,2026-08-06,CM,NSE,STK,759587,INE00Q601028,STUDDS,EQ,,,,,STUDDS ACCESSORIES LTD,442.8,458.95,440.65,446.55,448.45,439.5,,446.52,,,67958,30588929.05,2774,F1,1,,,,,
2026-08-06,2026-08-06,CM,NSE,STK,758527,INE17VO01028,STUDIOLSD,SM,,,,,STUDIO LSD LIMITED,9.0,9.0,9.0,9.0,9.0,8.65,,9.0,,,2000,18000.0,1,F1,2000,,,,,
2026-08-06,2026-08-06,CM,NSE,STK,5186,INE239C01020,STYLAMIND,EQ,,,,,STYLAM INDUSTRIES LIMITED,3459.6,3659.4,3455.4,3594.3,3594.0,3465.9,,3594.27,,,60951,219529434.8,12305,F1,1,,,,,
2026-08-06,2026-08-06,CM,NSE,STK,19,INE189B01011,STYRENIX,EQ,,,,,STYRENIX PERFORMANCE LTD,2465.0,2465.0,2243.0,2279.0,2273.0,2478.3,,2279.68,,,275640,639469278.1,23724,F1,1,,,,,
2026-08-06,2026-08-06,CM,NSE,STK,760112,INE0RYR01018,SUBAHOTELS,SM,,,,,SUBA HOTELS LIMITED,119.0,119.85,110.75,111.2,111.4,119.0,,111.2,,,78000,8874600.0,63,F1,1200,,,,,
2026-08-06,2026-08-06,CM,NSE,STK,959,INE754A01055,SUBEXLTD,BE,,,,,SUBEX LTD,14.0,14.3,13.5,14.13,14.15,13.77,,14.13,,,2392034,33736435.34,3090,F1,1,,,,,
2026-08-06,2026-08-06,CM,NSE,STK,3324,INE287B01021,SUBROS,EQ,,,,,SUBROS LIMITED,829.5,835.35,823.4,826.7,828.0,829.5,,826.54,,,28041,23222509.55,1957,F1,1,,,,,
2026-08-06,2026-08-06,CM,NSE,STK,3327,INE659A01023,SUDARSCHEM,EQ,,,,,SUDARSHAN CHEMICAL INDS L,1090.0,1134.5,1080.2,1115.6,1120.0,1084.5,,1115.53,,,518451,575974927.1,20385,F1,1,,,,,
2026-08-06,2026-08-06,CM,NSE,STK,715,INE492A01029,SUDARCOLOR,EQ,,,,,SUDARSHAN COLORNT IND LTD,390.1,437.95,382.4,428.6,428.0,381.4,,428.91,,,249219,105097344.25,9600,F1,1,,,,,
2026-08-06,2026-08-06,CM,NSE,STK,760039,INE0QPI01025,SUDEEPPHRM,EQ,,,,,SUDEEP PHARMA LIMITED,973.75,990.0,952.5,974.15,975.0,958.95,,974.14,,,622265,605884992.1,28925,F1,1,,,,,
2026-08-06,2026-08-06,CM,NSE,STK,11804,INE450E01029,SUKHJITS,EQ,,,,,SUKHJIT STARCH & CHEM LTD,164.88,165.58,160.0,161.2,162.75,163.69,,161.2,,,8798,1431188.36,318,F1,1,,,,,
2026-08-06,2026-08-06,CM,NSE,STK,13218,INE142Q01026,SULA,EQ,,,,,SULA VINEYARDS LIMITED,172.0,174.3,166.0,167.54,167.0,170.76,,167.54,,,589248,100773733.46,10083,F1,1,,,,,
2026-08-06,2026-08-06,CM,NSE,STK,20790,INE235C01036,SUMEETINDS,EQ,,,,,SUMEET IND LIMITED,18.18,18.18,18.18,18.18,18.18,19.13,,18.18,,,72804,1323576.72,326,F1,1,,,,,
2026-08-06,2026-08-06,CM,NSE,STK,11140,INE748Z01013,SUMIT,EQ,,,,,SUMIT WOODS LIMITED,57.8,57.8,54.93,56.78,56.76,56.59,,56.78,,,69473,3925426.77,711,F1,1,,,,,
2026-08-06,2026-08-06,CM,NSE,STK,17105,INE258G01013,SUMICHEM,EQ,,,,,SUMITOMO CHEM INDIA LTD,507.55,529.9,503.05,525.2,526.0,507.55,,525.23,,,543785,283186022.65,16900,F1,1,,,,,
2026-08-06,2026-08-06,CM,NSE,STK,21275,INE519C01017,SUMMITSEC,EQ,,,,,SUMMIT SECURITIES LTD,1523.4,1547.8,1507.0,1511.1,1507.0,1531.1,,1511.1,,,6438,9767766.8,349,F1,1,,,,,
2026-08-06,2026-08-06,CM,NSE,STK,14788,INE232I01014,SPARC,EQ,,,,,SUN PHARMA ADV.RES.CO.LTD,220.5,222.8,215.98,216.98,216.99,218.35,,216.99,,,1086243,237699716.89,16419,F1,1,,,,,
2026-08-06,2026-08-06,CM,NSE,STK,3351,INE044A01036,SUNPHARMA,EQ,,,,,SUN PHARMACEUTICAL IND L,1930.0,1965.9,1930.0,1951.0,1951.0,1940.0,,1950.96,,,1864891,3644133858.5,154516,F1,1,,,,,
2026-08-06,2026-08-06,CM,NSE,STK,13404,INE424H01027,SUNTV,EQ,,,,,SUN TV NETWORK LIMITED,493.35,497.2,487.25,489.2,489.0,493.35,,489.2,,,254130,124408211.4,15660,F1,1,,,,,
2026-08-06,2026-08-06,CM,NSE,STK,20956,INE0Q3R01026,SUNCLAY,EQ,,,,,SUNDARAM CLAYTON LIMITED,1264.0,1301.5,1259.3,1269.4,1284.0,1272.0,,1269.0,,,4177,5356730.0,593,F1,1,,,,,
2026-08-06,2026-08-06,CM,NSE,STK,3339,INE660A01013,SUNDARMFIN,EQ,,,,,SUNDARAM FINANCE LTD,4699.0,4738.3,4630.9,4647.4,4663.2,4736.0,,4647.3,,,44340,207399914.7,9202,F1,1,,,,,
2026-08-06,2026-08-06,CM,NSE,STK,18931,INE108E01023,SUNDARAM,EQ,,,,,SUNDARAM MULTI PAP LTD,1.26,1.26,1.23,1.23,1.24,1.25,,1.23,,,342402,425275.96,268,F1,1,,,,,
2026-08-06,2026-08-06,CM,NSE,STK,9848,INE073D01013,SUNDRMBRAK,BE,,,,,SUNDARAMBRAKE LININGS LTD,782.0,792.35,771.2,775.5,771.2,778.0,,775.5,,,181,140633.15,13,F1,1,,,,,
2026-08-06,2026-08-06,CM,NSE,STK,3345,INE387A01021,SUNDRMFAST,EQ,,,,,SUNDRAM FASTENERS LTD,1037.05,1094.6,1021.3,1085.25,1085.0,1030.45,,1085.35,,,699524,749662356.95,22555,F1,1,,,,,
2026-08-06,2026-08-06,CM,NSE,STK,761202,INE0CTB01014,SOCL,SM,,,,,SUNDREX OIL COMPANY LTD,27.5,28.0,27.1,27.1,27.1,26.5,,27.1,,,8000,220960.0,5,F1,1600,,,,,
2026-08-06,2026-08-06,CM,NSE,STK,1663,INE209A01019,SUNDROP,EQ,,,,,SUNDROP BRANDS LIMITED,672.0,675.0,661.2,664.8,661.2,665.5,,664.82,,,18026,12068358.85,463,F1,1,,,,,
2026-08-06,2026-08-06,CM,NSE,STK,3348,INE947A01014,SUNFLAG,EQ,,,,,SUNFLAG IRON AND STEEL CO,379.5,394.4,379.0,388.95,390.0,375.3,,388.92,,,896376,348345752.45,15251,F1,1,,,,,
2026-08-06,2026-08-06,CM,NSE,STK,18264,INE0O3O01017,SEL,SM,,,,,SUNGARNER ENERGIES LTD,234.0,235.0,233.0,235.0,235.0,245.0,,235.0,,,1600,373400.0,6,F1,200,,,,,
2026-08-06,2026-08-06,CM,NSE,STK,24868,INE0U2N01013,SUNLITE,SM,,,,,SUNLITE RECYCLING IND LTD,504.9,504.9,475.0,478.0,485.0,490.9,,478.0,,,13800,6718515.0,42,F1,300,,,,,
2026-08-06,2026-08-06,CM,NSE,STK,20213,INE0PLZ01012,SUNREST,SM,,,,,SUNREST LIFESCIENCE LTD,39.0,39.0,39.0,39.0,39.0,40.0,,39.0,,,1600,62400.0,1,F1,1600,,,,,
2026-08-06,2026-08-06,CM,NSE,STK,757766,INE0SGZ01016,SUNTECH,ST,,,,,SUNTECH INFRA SOLUTIONS L,34.25,34.8,34.25,34.8,34.8,34.2,,34.8,,,6400,221280.0,4,F1,1600,,,,,
2026-08-06,2026-08-06,CM,NSE,STK,17641,INE805D01034,SUNTECK,EQ,,,,,SUNTECK REALTY LIMITED,302.0,305.25,300.3,301.65,301.6,302.45,,301.65,,,135234,40780683.1,3989,F1,1,,,,,
2026-08-06,2026-08-06,CM,NSE,STK,8931,INE662A01027,SUPERSPIN,BE,,,,,SUPER SPINNING MILLS LTD,6.48,6.48,6.48,6.48,6.48,6.36,,6.48,,,50155,325004.4,34,F1,1,,,,,
2026-08-06,2026-08-06,CM,NSE,STK,20616,INE712B01010,SUPERHOUSE,EQ,,,,,SUPERHOUSE LIMITED,156.33,162.99,156.25,159.02,159.67,157.14,,159.02,,,2536,403309.64,259,F1,1,,,,,
2026-08-06,2026-08-06,CM,NSE,STK,11689,INE399C01030,SUPRAJIT,EQ,,,,,SUPRAJIT ENGINEERING LTD,530.0,538.9,523.1,527.55,528.0,524.1,,527.53,,,522228,277122655.05,18579,F1,1,,,,,
2026-08-06,2026-08-06,CM,NSE,STK,758997,INE319Z01021,SUPREMEENG,BZ,,,,,SUPREME ENGINEERING LTD,2.25,2.25,2.25,2.25,2.25,2.21,,2.25,,,156589,352325.25,69,F1,1,,,,,
2026-08-06,2026-08-06,CM,NSE,STK,28069,INE0U6N01014,SFML,SM,,,,,SUPREME FACILITY MGMT LTD,22.7,23.5,22.65,23.5,23.5,22.05,,23.5,,,16000,367680.0,10,F1,1600,,,,,
2026-08-06,2026-08-06,CM,NSE,STK,29439,INE822E01011,SUPREME,EQ,,,,,SUPREME HOLDIN N HOSP I L,46.54,46.57,45.5,45.82,45.5,45.91,,45.6,,,4493,206409.67,85,F1,1,,,,,
2026-08-06,2026-08-06,CM,NSE,STK,3363,INE195A01028,SUPREMEIND,EQ,,,,,SUPREME INDUSTRIES LTD,3459.2,3525.4,3450.0,3477.0,3477.0,3460.6,,3476.99,,,172388,600008315.4,16541,F1,1,,,,,
2026-08-06,2026-08-06,CM,NSE,STK,15002,INE550H01011,SUPREMEINF,EQ,,,,,SUPREME INFRA. LTD.,93.21,96.98,91.26,92.75,92.17,94.39,,92.63,,,152905,14339785.27,2629,F1,1,,,,,
2026-08-06,2026-08-06,CM,NSE,STK,9617,INE663A01033,SPLPETRO,EQ,,,,,SUPREME PETROCHEM LIMITED,700.3,712.1,698.0,702.65,700.0,706.0,,702.7,,,44910,31522067.0,3372,F1,1,,,,,
2026-08-06,2026-08-06,CM,NSE,STK,21067,INE0QHG01026,SUPREMEPWR,SM,,,,,SUPREME POWER EQUIPMENT L,209.3,211.75,209.0,210.75,210.0,209.25,,210.75,,,23000,4831625.0,38,F1,500,,,,,
2026-08-06,2026-08-06,CM,NSE,STK,7390,INE07RO01027,SUPRIYA,EQ,,,,,SUPRIYA LIFESCIENCE LTD,918.15,951.0,883.3,890.85,889.0,913.6,,890.84,,,469337,432470698.0,25108,F1,1,,,,,
2026-08-06,2026-08-06,CM,NSE,STK,20822,INE843S01025,SURAJEST,EQ,,,,,SURAJ ESTATE DEVELOPERS L,207.0,207.0,202.94,204.06,204.0,205.36,,204.03,,,70493,14440181.12,457,F1,1,,,,,
2026-08-06,2026-08-06,CM,NSE,STK,24966,INE713C01016,SURAJLTD,EQ,,,,,SURAJ LIMITED,220.0,222.0,216.31,218.68,217.23,217.26,,218.7,,,431,94615.26,29,F1,1,,,,,
2026-08-06,2026-08-06,CM,NSE,STK,27334,INE877V01027,SURAKSHA,EQ,,,,,SURAKSHA DIAGNOSTIC LTD,252.3,254.85,249.2,250.75,249.4,252.3,,250.98,,,32676,8214924.3,1298,F1,1,,,,,
2026-08-06,2026-08-06,CM,NSE,STK,21077,INE272L01022,SURANASOL,EQ,,,,,SURANA SOLAR LIMITED,26.2,28.47,26.19,27.62,27.02,26.22,,27.65,,,187284,5135991.79,1493,F1,1,,,,,
2026-08-06,2026-08-06,CM,NSE,STK,10700,INE130B01031,SURANAT&P,EQ,,,,,SURANA TELECOM AND POW LT,18.19,18.27,17.87,17.97,17.94,18.01,,17.98,,,24962,451539.34,230,F1,1,,,,,
2026-08-06,2026-08-06,CM,NSE,STK,8513,INE01ZJ01015,SURANI,SM,,,,,SURANI STEEL TUBES LTD.,97.0,99.0,95.0,99.0,99.0,97.0,,99.0,,,2000,193090.0,10,F1,200,,,,,
2026-08-06,2026-08-06,CM,NSE,STK,14139,INE05ST01028,SBGLP,EQ,,,,,SURATWWALA BUS GROUP LTD,26.39,26.39,24.32,25.37,24.46,25.24,,25.37,,,14969,375310.99,97,F1,1,,,,,
2026-08-06,2026-08-06,CM,NSE,STK,3375,INE335A01020,SURYAROSNI,EQ,,,,,SURYA ROSHNI LTD,247.7,252.1,243.3,250.73,250.5,246.68,,250.73,,,767569,190593945.78,20672,F1,1,,,,,
2026-08-06,2026-08-06,CM,NSE,STK,11852,INE713B01026,SURYALAXMI,EQ,,,,,SURYALAKSHMI COT MIL LTD,59.6,61.2,58.5,58.85,58.5,59.32,,58.85,,,7936,475101.23,101,F1,1,,,,,
2026-08-06,2026-08-06,CM,NSE,STK,762924,INE132C01027,SURYALA,EQ,,,,,SURYALATA SPINNING MILL L,418.85,418.85,397.15,399.6,404.0,406.7,,399.92,,,585,236571.7,69,F1,1,,,,,
2026-08-06,2026-08-06,CM,NSE,STK,2970,INE428Q01011,SURYODAY,EQ,,,,,SURYODAY SMALL FIN BK LTD,163.7,165.0,161.9,162.62,161.9,162.68,,162.61,,,668778,109059933.91,6799,F1,1,,,,,
2026-08-06,2026-08-06,CM,NSE,STK,13804,INE645H01027,SUTLEJTEX,BE,,,,,SUTLEJ TEXT & INDUS LTD,38.03,40.92,37.7,40.44,40.71,38.98,,40.44,,,127378,5114511.16,471,F1,1,,,,,
2026-08-06,2026-08-06,CM,NSE,STK,11233,INE495B01038,SUVEN,EQ,,,,,SUVEN LIFE SCIENCES LTD,324.95,324.95,307.15,317.8,314.0,326.55,,317.89,,,798961,252031105.95,20741,F1,1,,,,,
2026-08-06,2026-08-06,CM,NSE,STK,2998,INE018401013,SUVIDHAA,EQ,,,,,SUVIDHAA INFOSERVE LTD,2.52,2.6,2.5,2.58,2.6,2.52,,2.58,,,117849,303275.18,235,F1,1,,,,,
2026-08-06,2026-08-06,CM,NSE,STK,24851,INE442P01014,SUYOG,EQ,,,,,SUYOG TELEMATICS LIMITED,845.75,870.95,833.0,862.55,860.0,839.5,,862.55,,,19656,16674932.0,840,F1,1,,,,,
2026-08-06,2026-08-06,CM,NSE,STK,12018,INE040H01021,SUZLON,EQ,,,,,SUZLON ENERGY LIMITED,48.3,48.49,47.83,48.1,48.1,48.15,,48.1,,,29846769,1436614047.64,65069,F1,1,,,,,
2026-08-06,2026-08-06,CM,NSE,STK,5023,INE308E01029,SVPGLOB,BE,,,,,SVP GLOBAL TEXTILES LTD,3.97,3.97,3.79,3.81,3.8,3.88,,3.81,,,26236,100794.12,41,F1,1,,,,,
2026-08-06,2026-08-06,CM,NSE,STK,27095,INE665A01038,SWANCORP,EQ,,,,,SWAN CORP LIMITED,311.4,315.4,308.5,310.9,310.5,310.6,,310.72,,,582055,181213639.05,9261,F1,1,,,,,
2026-08-06,2026-08-06,CM,NSE,STK,29164,INE542F01020,SWANDEF,BE,,,,,SWAN DEFENCE N HEVY IND L,2600.0,2650.0,2510.0,2649.0,2650.0,2551.5,,2649.01,,,23484,61619460.1,2067,F1,1,,,,,
2026-08-06,2026-08-06,CM,NSE,STK,3384,INE277A01016,SWARAJENG,EQ,,,,,SWARAJ ENGINES LTD,3608.0,3645.0,3560.0,3595.8,3580.0,3608.9,,3598.21,,,6734,24355050.0,1407,F1,1,,,,,
2026-08-06,2026-08-06,CM,NSE,STK,8608,INE0GMR01016,SWARAJ,SM,,,,,SWARAJ SUITING LIMITED,364.0,371.9,358.0,360.5,361.5,365.15,,360.5,,,136500,49479650.0,145,F1,500,,,,,
2026-08-06,2026-08-06,CM,NSE,STK,11497,INE0DGC01025,SWASTIK,ST,,,,,SWASTIK PIPE LIMITED,19.6,19.6,19.6,19.6,19.6,19.95,,19.6,,,1200,23520.0,1,F1,1200,,,,,
2026-08-06,2026-08-06,CM,NSE,STK,11909,INE409B01013,SWELECTES,EQ,,,,,SWELECT ENERGY SYS LTD,632.0,667.0,610.45,663.3,662.0,632.05,,663.33,,,51698,33833945.1,2321,F1,1,,,,,
2026-08-06,2026-08-06,CM,NSE,STK,27066,INE00H001014,SWIGGY,EQ,,,,,SWIGGY LIMITED,290.3,305.0,285.0,288.65,288.65,289.9,,288.65,,,51405488,15221716877.3,213878,F1,1,,,,,
2026-08-06,2026-08-06,CM,NSE,STK,24190,INE225D01027,SYMPHONY,EQ,,,,,SYMPHONY LIMITED,647.0,661.0,645.3,652.4,649.0,644.75,,652.3,,,127823,83350173.0,4450,F1,1,,,,,
2026-08-06,2026-08-06,CM,NSE,STK,11992,INE312C01025,SYNCOMF,EQ,,,,,SYNCOM FORMU (I) LTD,13.26,13.62,13.15,13.18,13.17,13.33,,13.18,,,1892178,25245050.93,3917,F1,1,,,,,
2026-08-06,2026-08-06,CM,NSE,STK,5114,INE00QT01015,SGIL,EQ,,,,,SYNERGY GREEN IND. LTD,600.0,603.0,590.0,597.1,600.0,600.65,,597.1,,,12068,7202419.15,463,F1,1,,,,,
2026-08-06,2026-08-06,CM,NSE,STK,10243,INE398R01022,SYNGENE,EQ,,,,,SYNGENE INTERNATIONAL LTD,408.9,409.85,393.35,399.75,400.0,406.95,,399.91,,,806023,323900316.25,26803,F1,1,,,,,
2026-08-06,2026-08-06,CM,NSE,STK,10793,INE0DYJ01015,SYRMA,EQ,,,,,SYRMA SGS TECHNOLOGY LTD,1434.0,1460.0,1405.0,1418.0,1409.7,1434.1,,1417.94,,,1123973,1614358095.7,43447,F1,1,,,,,
2026-08-06,2026-08-06,CM,NSE,STK,14506,INE0O7R01011,SYSTANGO,SM,,,,,SYSTANGO TECHNOLOGIES LTD,218.0,218.95,210.1,211.8,211.65,215.0,,211.8,,,20800,4425820.0,50,F1,400,,,,,
2026-08-06,2026-08-06,CM,NSE,STK,759358,INE356B01024,SYSTMTXC,BE,,,,,SYSTEMATIX CORP SERVICE L,58.21,60.47,58.21,59.55,60.39,59.75,,59.31,,,4267,256290.48,41,F1,1,,,,,
2026-08-06,2026-08-06,CM,NSE,STK,14314,INE592B01024,TTL,EQ,,,,,T T LIMITED,6.3,6.4,6.25,6.28,6.27,6.27,,6.28,,,33025,208993.53,111,F1,1,,,,,
2026-08-06,2026-08-06,CM,NSE,STK,762929,INE524T01011,TAALTECH,EQ,,,,,TAAL TECH LTD.,4020.1,4348.0,3840.1,4110.2,4100.0,3998.8,,4108.65,,,32272,132952434.5,5674,F1,1,,,,,
2026-08-06,2026-08-06,CM,NSE,STK,23438,INE0SOY01013,TAC,SM,,,,,TAC INFOSEC LIMITED,528.5,533.1,501.0,510.7,511.5,521.35,,510.7,,,40000,20568420.0,167,F1,200,,,,,
2026-08-06,2026-08-06,CM,NSE,STK,3396,INE123C01018,TAINWALCHM,EQ,,,,,TAINWALA CHEMICAL AND PLA,219.49,219.5,205.0,206.16,206.99,220.58,,206.16,,,13856,2888889.12,501,F1,1,,,,,
2026-08-06,2026-08-06,CM,NSE,STK,9354,INE586B01026,TAJGVK,EQ,,,,,TAJ GVK HOTELS & RESORTS,366.0,372.95,361.65,369.15,367.95,364.7,,369.14,,,89672,33085725.6,3538,F1,1,,,,,
2026-08-06,2026-08-06,CM,NSE,STK,14917,INE142I01023,TAKE,EQ,,,,,TAKE SOLUTIONS LTD,22.78,22.8,22.1,22.39,22.5,22.21,,22.37,,,1312903,29428640.72,968,F1,1,,,,,
2026-08-06,2026-08-06,CM,NSE,STK,13648,INE187D01029,TALBROAUTO,EQ,,,,,TALBROS AUTO. COMP. LTD,449.85,449.85,433.1,437.0,434.1,438.3,,437.03,,,343827,151979924.95,12578,F1,1,,,,,
2026-08-06,2026-08-06,CM,NSE,STK,762937,INE864J01012,TAMBOLIIN,BE,,,,,TAMBOLI INDUSTRIES LTD.,215.0,218.84,209.0,218.79,218.8,208.42,,218.08,,,7645,1649703.83,41,F1,1,,,,,
2026-08-06,2026-08-06,CM,NSE,STK,10945,INE668A01016,TMB,EQ,,,,,TAMILNAD MERCA BANK LTD,862.95,875.0,855.0,873.4,875.0,854.65,,873.38,,,215771,187089194.05,10769,F1,1,,,,,
2026-08-06,2026-08-06,CM,NSE,STK,3980,INE107A01015,TNPL,EQ,,,,,TAMILNADU NEWSPRT & PAPER,154.8,158.34,153.99,157.15,157.73,153.49,,157.14,,,198280,31025952.71,3842,F1,1,,,,,
2026-08-06,2026-08-06,CM,NSE,STK,3509,INE148A01019,TNPETRO,EQ,,,,,TAMILNADU PETROPRODUCTS L,97.93,101.0,97.41,98.68,98.8,97.93,,98.69,,,204069,20321505.21,2626,F1,1,,,,,
2026-08-06,2026-08-06,CM,NSE,STK,3512,INE141D01018,TNTELE,EQ,,,,,TAMILNADU TELECOMMUNICATI,9.12,9.22,8.91,8.93,9.04,8.9,,8.91,,,32779,296071.12,94,F1,1,,,,,
2026-08-06,2026-08-06,CM,NSE,STK,756338,INE0Z7N01017,TANKUP,ST,,,,,TANKUP ENGINEERS LIMITED,1239.5,1239.5,1165.0,1200.0,1200.0,1182.5,,1200.0,,,1750,2130750.0,7,F1,250,,,,,
2026-08-06,2026-08-06,CM,NSE,STK,13976,INE483C01032,TANLA,EQ,,,,,TANLA PLATFORMS LIMITED,615.0,620.75,607.0,608.9,608.2,614.0,,608.91,,,506148,309916227.9,15853,F1,1,,,,,
2026-08-06,2026-08-06,CM,NSE,STK,23512,INE555Z01020,TARACHAND,EQ,,,,,TARA CHAND INFRA SOLN LTD,59.95,59.99,47.02,49.89,49.94,58.77,,49.89,,,1656087,82369778.54,5743,F1,1,,,,,
2026-08-06,2026-08-06,CM,NSE,STK,18827,INE747K01017,TARAPUR,EQ,,,,,TARAPUR TRANSFORMERS LTD,14.25,14.7,13.54,13.54,13.54,14.25,,13.54,,,124498,1694801.25,403,F1,1,,,,,
2026-08-06,2026-08-06,CM,NSE,STK,1581,INE0EK901012,TARC,EQ,,,,,TARC LIMITED,136.18,137.0,134.16,135.51,136.17,136.07,,135.52,,,201489,27297684.56,2480,F1,1,,,,,
2026-08-06,2026-08-06,CM,NSE,STK,14771,INE924H01018,TARMAT,EQ,,,,,TARMAT LIMITED,50.15,51.3,49.32,49.48,49.32,49.66,,49.48,,,7574,384350.22,68,F1,1,,,,,
2026-08-06,2026-08-06,CM,NSE,STK,6943,INE144Z01023,TARSONS,EQ,,,,,TARSONS PRODUCTS LIMITED,329.95,334.4,315.5,317.5,316.05,328.05,,317.49,,,127804,41522132.85,4175,F1,1,,,,,
2026-08-06,2026-08-06,CM,NSE,STK,20092,INE488B01017,TASTYBITE,EQ,,,,,TASTY BITE EATABLES LTD,9296.0,9313.0,9151.0,9175.0,9151.0,9293.5,,9175.05,,,1149,10593081.0,456,F1,1,,,,,
2026-08-06,2026-08-06,CM,NSE,STK,759265,INE976I01016,TATACAP,EQ,,,,,TATA CAPITAL LIMITED,375.0,390.2,371.05,382.7,385.2,371.9,,382.71,,,7207122,2757246980.2,111341,F1,1,,,,,
2026-08-06,2026-08-06,CM,NSE,STK,3405,INE092A01019,TATACHEM,EQ,,,,,TATA CHEMICALS LTD,667.9,675.0,661.7,663.3,663.0,666.15,,663.3,,,602174,400923535.85,22480,F1,1,,,,,
2026-08-06,2026-08-06,CM,NSE,STK,3721,INE151A01013,TATACOMM,EQ,,,,,TATA COMMUNICATIONS LTD,1747.9,1755.5,1721.5,1735.5,1736.0,1747.8,,1735.46,,,204750,354718913.9,14850,F1,1,,,,,
2026-08-06,2026-08-06,CM,NSE,STK,11536,INE467B01029,TCS,EQ,,,,,TATA CONSULTANCY SERV LT,2417.0,2434.5,2368.5,2373.0,2373.0,2413.0,,2372.92,,,2729141,6531092780.4,116317,F1,1,,,,,
2026-08-06,2026-08-06,CM,NSE,STK,3432,INE192A01025,TATACONSUM,EQ,,,,,TATA CONSUMER PRODUCT LTD,1102.0,1102.0,1086.0,1090.0,1090.0,1096.3,,1090.0,,,1350606,1479170958.0,41812,F1,1,,,,,
2026-08-06,2026-08-06,CM,NSE,STK,3411,INE670A01012,TATAELXSI,EQ,,,,,TATA ELXSI LIMITED,3750.1,3800.8,3715.0,3715.0,3715.0,3749.8,,3715.39,,,166412,622965479.5,16261,F1,1,,,,,
2026-08-06,2026-08-06,CM,NSE,STK,1621,INE672A01026,TATAINVEST,EQ,,,,,TATA INVESTMENT CORP LTD,670.5,673.05,666.0,667.1,666.5,670.5,,667.09,,,102840,68677741.2,5597,F1,1,,,,,
2026-08-06,2026-08-06,CM,NSE,STK,759782,INE1TAE01010,TMCV,EQ,,,,,TATA MOTORS LIMITED,450.5,461.7,450.5,459.65,458.2,450.2,,459.65,,,9546090,4365864465.5,114386,F1,1,,,,,
2026-08-06,2026-08-06,CM,NSE,STK,3456,INE155A01022,TMPV,EQ,,,,,TATA MOTORS PASS VEH LTD,349.0,349.0,343.0,345.35,345.35,349.8,,345.34,,,5218339,1802205984.1,64322,F1,1,,,,,
2026-08-06,2026-08-06,CM,NSE,STK,3426,INE245A01021,TATAPOWER,EQ,,,,,TATA POWER CO LTD,382.05,382.75,377.2,378.6,378.6,383.0,,378.76,,,2531350,957679136.9,43120,F1,1,,,,,
2026-08-06,2026-08-06,CM,NSE,STK,3499,INE081A01020,TATASTEEL,EQ,,,,,TATA STEEL LIMITED,193.45,193.65,188.99,189.3,189.3,192.99,,189.3,,,18802510,3585630562.5,126962,F1,1,,,,,
2026-08-06,2026-08-06,CM,NSE,STK,20293,INE142M01025,TATATECH,EQ,,,,,TATA TECHNOLOGIES LIMITED,759.6,805.75,756.0,801.55,804.6,754.0,,801.61,,,8537872,6773525926.05,184208,F1,1,,,,,
2026-08-06,2026-08-06,CM,NSE,STK,8954,INE517B01013,TTML,EQ,,,,,TATA TELESERV(MAHARASTRA),40.0,40.05,39.52,39.57,39.64,39.85,,39.57,,,902891,35867227.11,4782,F1,1,,,,,
2026-08-06,2026-08-06,CM,NSE,STK,7838,INF277K015R5,NETF,EQ,,,,,TATAAML - NETF,272.79,272.79,263.02,267.52,267.0,266.14,,267.52,,,3771,1008807.17,150,F1,1,,,,,
2026-08-06,2026-08-06,CM,NSE,STK,12978,INF277K010X4,NPBET,EQ,,,,,TATAAML - NPBET,288.38,288.65,287.35,287.35,287.35,286.47,,287.35,,,45,12952.0,11,F1,1,,,,,
2026-08-06,2026-08-06,CM,NSE,STK,8882,INF277KA1364,TNIDETF,EQ,,,,,TATAAML - TNIDETF,89.73,90.88,88.25,89.09,88.93,89.72,,89.09,,,41886,3757904.56,508,F1,1,,,,,
2026-08-06,2026-08-06,CM,NSE,STK,21401,INF277KA1976,TATAGOLD,EQ,,,,,TATAAML-TATAGOLD,14.03,14.45,13.76,14.37,14.37,14.03,,14.37,,,68009499,974424446.74,76259,F1,1,,,,,
2026-08-06,2026-08-06,CM,NSE,STK,21428,INF277KA1984,TATSILV,EQ,,,,,TATAAML-TATSILV,22.22,22.22,21.2,21.78,21.81,21.68,,21.78,,,36919583,804873660.94,44780,F1,1,,,,,
2026-08-06,2026-08-06,CM,NSE,STK,5162,INE0GK401011,TATVA,EQ,,,,,TATVA CHIN PHARM CHEM LTD,1720.0,1763.8,1701.0,1731.1,1726.0,1720.8,,1732.65,,,33841,58994968.9,3956,F1,1,,,,,
2026-08-06,2026-08-06,CM,NSE,STK,759756,INE0XWS01018,TAURIAN,SM,,,,,TAURIAN MPS LIMITED,412.0,412.0,406.05,406.05,406.05,406.6,,406.05,,,2400,979360.0,3,F1,800,,,,,
2026-08-06,2026-08-06,CM,NSE,STK,11754,INE053F07835,753IRFC30,NJ,,,,,TAX FREE  7.53% SR. 103 A,1127.1,1132.01,1127.01,1132.01,1132.01,1136.8,,1132.11,,,575,648868.55,5,F1,1,,,,,
2026-08-06,2026-08-06,CM,NSE,STK,15168,INE053F07900,764IRFC31,NO,,,,,TAX FREE  7.64% SR. 108A,1145.89,1145.89,1140.05,1142.7,1142.7,1139.18,,1142.7,,,723,825276.88,8,F1,1,,,,,
2026-08-06,2026-08-06,CM,NSE,STK,14529,INE906B07EP5,769NHAI31,NE,,,,,TAX FREE 7.69% SR. IIB,1147.01,1149.9,1145.5,1148.0,1148.0,1146.0,,1146.23,,,2138,2450212.51,13,F1,1,,,,,
2026-08-06,2026-08-06,CM,NSE,STK,11954,INE906B07EI0,735NHAI31,N9,,,,,TAX FREE7.35% SR.IIA,1112.48,1112.48,1112.48,1112.48,1112.48,1102.27,,1112.48,,,50,55624.0,1,F1,1,,,,,
2026-08-06,2026-08-06,CM,NSE,STK,12003,INE906B07EJ8,76NHAI31,,,,,,TAX FREE7.60% SR.IIB,1112.1,1113.0,1111.3,1113.0,1113.0,1113.7,,1113.0,,,3459,3847399.79,25,F1,1,,,,,
2026-08-06,2026-08-06,CM,NSE,STK,29111,INE020B07GX4,738REC27TF,N2,,,,,TAXFREE SEC NCD TR1 S2,1066.43,1067.01,1066.43,1066.46,1066.46,1066.12,,1066.61,,,550,586621.47,4,F1,1,,,,,
2026-08-06,2026-08-06,CM,NSE,STK,24019,INE0N2D01013,TBI,SM,,,,,TBI CORN LIMITED,64.3,67.85,62.75,66.45,67.4,62.15,,66.45,,,56400,3647610.0,80,F1,600,,,,,
2026-08-06,2026-08-06,CM,NSE,STK,23740,INE673O01025,TBOTEK,EQ,,,,,TBO TEK LIMITED,1672.8,1676.1,1606.0,1623.1,1615.2,1667.5,,1623.17,,,110389,180874862.4,8845,F1,1,,,,,
2026-08-06,2026-08-06,CM,NSE,STK,761814,INE887D01016,TCC,EQ,,,,,TCC CONCEPT LIMITED,289.4,289.4,269.9,273.0,272.0,285.7,,273.1,,,53607,14866686.6,1789,F1,1,,,,,
2026-08-06,2026-08-06,CM,NSE,STK,19223,INE586V01016,TCIEXP,EQ,,,,,TCI EXPRESS LIMITED,578.0,614.7,527.0,579.6,567.2,575.15,,579.72,,,1661821,974549808.05,64523,F1,1,,,,,
2026-08-06,2026-08-06,CM,NSE,STK,8722,INE911B01018,TCIFINANCE,BE,,,,,TCIFINANCELTD-ROLL SETT,15.03,15.44,14.84,15.08,15.08,15.19,,15.14,,,8179,123106.12,60,F1,1,,,,,
2026-08-06,2026-08-06,CM,NSE,STK,184,INE822C01015,TCPLPACK,EQ,,,,,TCPL PACKAGING LIMITED,3146.1,3191.9,3116.0,3131.4,3123.0,3164.5,,3130.64,,,2137,6733453.4,483,F1,1,,,,,
2026-08-06,2026-08-06,CM,NSE,STK,25178,INE419M01027,TDPOWERSYS,EQ,,,,,TD POWER SYSTEMS LTD.,1210.0,1250.8,1181.1,1227.7,1229.0,1201.9,,1227.82,,,1125206,1370314410.2,44378,F1,1,,,,,
2026-08-06,2026-08-06,CM,NSE,STK,10717,INE289C01025,TEAMGTY,EQ,,,,,TEAM INDIA GUARANTY LTD,223.8,223.8,215.23,223.8,223.8,225.2,,223.8,,,67,14781.78,11,F1,1,,,,,
2026-08-06,2026-08-06,CM,NSE,STK,12716,INE985S01024,TEAMLEASE,EQ,,,,,TEAMLEASE SERVICES LTD.,1252.4,1271.3,1240.0,1253.5,1243.0,1251.6,,1253.56,,,20052,25286430.5,4019,F1,1,,,,,
2026-08-06,2026-08-06,CM,NSE,STK,16996,INE065J01024,TPHQ,EQ,,,,,TEAMO PRODUCTIONS HQ LTD,0.43,0.43,0.41,0.42,0.43,0.42,,0.42,,,773717,326534.23,275,F1,1,,,,,
2026-08-06,2026-08-06,CM,NSE,STK,763571,INE2OL601013,TEAMTECH,ST,,,,,TEAMTECH FORMWORK SOL LTD,120.0,120.0,117.0,117.5,117.5,120.0,,117.5,,,16000,1901000.0,8,F1,2000,,,,,
2026-08-06,2026-08-06,CM,NSE,STK,13538,INE669C01036,TECHM,EQ,,,,,TECH MAHINDRA LIMITED,1655.0,1670.0,1631.0,1632.2,1632.2,1650.0,,1632.21,,,3585913,5894307517.2,104429,F1,1,,,,,
2026-08-06,2026-08-06,CM,NSE,STK,759141,INE0Y5H01014,TECHD,ST,,,,,TECHD CYBERSECURITY LTD,592.0,608.0,592.0,606.6,606.6,592.95,,606.6,,,7800,4698750.0,25,F1,300,,,,,
2026-08-06,2026-08-06,CM,NSE,STK,25652,INE0JQS01019,TECHERA,SM,,,,,TECHERA ENGINEER (IND) L,171.9,174.05,168.1,174.05,174.05,165.8,,174.05,,,340000,58753200.0,320,F1,800,,,,,
2026-08-06,2026-08-06,CM,NSE,STK,6445,INE285K01026,TECHNOE,EQ,,,,,TECHNO ELEC & ENG CO. LTD,1009.5,1009.5,990.3,992.25,994.8,1004.6,,992.27,,,75498,75267388.4,8089,F1,1,,,,,
2026-08-06,2026-08-06,CM,NSE,STK,14223,INE545H01011,TIIL,EQ,,,,,TECHNOCRAFT IND LTD,2656.0,2687.1,2616.8,2635.2,2632.0,2628.2,,2634.82,,,5022,13240587.0,875,F1,1,,,,,
2026-08-06,2026-08-06,CM,NSE,STK,762939,INE314H01012,TECHNVISN,EQ,,,,,TECHNVISION VENTURES LTD.,4825.6,5308.2,4592.1,5307.1,5308.2,4825.7,,5308.97,,,2711,14032188.3,539,F1,1,,,,,
2026-08-06,2026-08-06,CM,NSE,STK,3453,INE014B01011,TECILCHEM,EQ,,,,,TECIL CHEMICALS,10.76,10.85,8.9,9.38,9.4,9.85,,9.38,,,181577,1793054.32,543,F1,1,,,,,
2026-08-06,2026-08-06,CM,NSE,STK,23530,INE0K6601012,TGL,ST,,,,,TEERTH GOPICON LIMITED,19.4,20.35,18.75,20.05,20.3,19.5,,20.05,,,13800,270010.0,42,F1,200,,,,,
2026-08-06,2026-08-06,CM,NSE,STK,7105,INE011K01018,TEGA,EQ,,,,,TEGA INDUSTRIES LIMITED,1585.0,1595.9,1554.2,1583.3,1582.0,1580.6,,1583.28,,,47262,74545214.8,4175,F1,1,,,,,
2026-08-06,2026-08-06,CM,NSE,STK,763825,INE0R1301019,TEJA,SM,,,,,TEJA ENGINEERING IND L,669.0,669.0,635.0,639.5,639.9,659.8,,639.5,,,15000,9742500.0,22,F1,600,,,,,
2026-08-06,2026-08-06,CM,NSE,STK,29723,INE17WC01013,TEJASCARGO,SM,,,,,TEJAS CARGO INDIA LIMITED,366.55,366.55,356.0,366.0,366.0,349.1,,366.0,,,4400,1604440.0,5,F1,400,,,,,
2026-08-06,2026-08-06,CM,NSE,STK,21131,INE010J01012,TEJASNET,EQ,,,,,TEJAS NETWORKS LIMITED,527.6,528.3,520.25,522.3,522.0,527.6,,522.3,,,681461,356872705.55,15566,F1,1,,,,,
2026-08-06,2026-08-06,CM,NSE,STK,3275,INE869Y01028,TEMBO,EQ,,,,,TEMBO GLOBAL IND LTD,66.0,66.7,59.7,63.8,62.8,65.9,,63.8,,,7180582,455889241.35,16498,F1,1,,,,,
2026-08-06,2026-08-06,CM,NSE,STK,759880,INE19RI01016,TENNIND,EQ,,,,,TENNECO CLEAN AIR INDIA L,561.0,574.55,541.0,570.55,569.0,580.7,,570.58,,,3504702,1950360920.9,96817,F1,1,,,,,
2026-08-06,2026-08-06,CM,NSE,STK,19292,INE482B01010,TERASOFT,EQ,,,,,TERA SOFTWARE LIMITED,444.0,444.0,419.65,424.05,420.0,428.95,,423.91,,,59266,25321087.85,1495,F1,1,,,,,
2026-08-06,2026-08-06,CM,NSE,STK,11549,INE435C01024,TEXINFRA,EQ,,,,,TEXMACO INFRA & HOLDG LTD,111.9,113.99,110.83,113.48,113.5,112.94,,113.48,,,168133,19005748.37,1272,F1,1,,,,,
2026-08-06,2026-08-06,CM,NSE,STK,21828,INE621L01012,TEXRAIL,EQ,,,,,TEXMACO RAIL & ENG. LTD.,107.45,109.15,107.45,108.33,108.11,107.45,,108.33,,,1075035,116534940.81,7412,F1,1,,,,,
2026-08-06,2026-08-06,CM,NSE,STK,18214,INE141K01013,TEXMOPIPES,EQ,,,,,TEXMO PIPE & PRODUCTS LTD,42.7,43.0,42.5,42.83,43.0,42.95,,42.83,,,15702,672439.38,235,F1,1,,,,,
2026-08-06,2026-08-06,CM,NSE,STK,10744,INE733E07JT8,737NTPC35C,,,,,,TFB 7.37% 2035 SR. 3A,1202.5,1202.5,1202.5,1202.5,1202.5,1358.0,,1202.5,,,58,69745.0,1,F1,1,,,,,
2026-08-06,2026-08-06,CM,NSE,STK,10749,INE733E07JV4,753NTPC30E,NC,,,,,TFB 7.53% 2030 SR. 2B,1132.0,1132.0,1132.0,1132.0,1132.0,1126.23,,1132.0,,,82,92824.0,1,F1,1,,,,,
2026-08-06,2026-08-06,CM,NSE,STK,10751,INE733E07JW2,762NTPC35F,ND,,,,,TFB 7.62% 2035 SR. 3B,1216.1,1216.1,1216.1,1216.1,1216.1,1212.01,,1216.1,,,1,1216.1,1,F1,1,,,,,
2026-08-06,2026-08-06,CM,NSE,STK,14607,INE797H01018,TGBHOTELS,EQ,,,,,TGB BANQUETS&HOTELS LTD,9.69,9.94,9.14,9.2,9.2,9.51,,9.2,,,51914,484260.45,202,F1,1,,,,,
2026-08-06,2026-08-06,CM,NSE,STK,22777,INE0QJL01014,TCL,SM,,,,,THAAI CASTING LIMITED,119.0,120.95,118.25,118.85,118.25,119.45,,118.85,,,42400,5084800.0,10,F1,800,,,,,
2026-08-06,2026-08-06,CM,NSE,STK,762949,INE403F01017,THAKDEV,EQ,,,,,THAKKERS DEVELOPERS LTD.,134.0,134.0,128.25,128.25,128.25,135.0,,155.5,,,128,16843.23,22,F1,1,,,,,
2026-08-06,2026-08-06,CM,NSE,STK,18118,INE085J01014,THANGAMAYL,EQ,,,,,THANGAMAYIL JEWELLERY LTD,4989.5,5200.0,4953.0,5144.0,5161.0,4953.0,,5144.5,,,517167,2633513496.0,52464,F1,1,,,,,
2026-08-06,2026-08-06,CM,NSE,STK,9014,INE294Z01018,ANUP,EQ,,,,,THE ANUP ENGINEERING LTD,2225.0,2296.4,1901.0,1993.3,1990.0,2214.0,,1993.32,,,678945,1370407291.5,56675,F1,1,,,,,
2026-08-06,2026-08-06,CM,NSE,STK,7930,INE319B01014,BYKE,BE,,,,,THE BYKE HOSPITALITY LTD,33.9,34.98,33.85,34.11,34.34,34.29,,34.11,,,14906,508844.5,59,F1,1,,,,,
2026-08-06,2026-08-06,CM,NSE,STK,13776,INE017A01032,GESHIP,EQ,,,,,THE GE SHPG.LTD,1408.9,1408.9,1346.2,1352.9,1354.0,1404.7,,1352.92,,,1948210,2643927362.4,75272,F1,1,,,,,
2026-08-06,2026-08-06,CM,NSE,STK,17770,INE646C01018,GROBTEA,EQ,,,,,THE GROB TEA COMPANY LTD,850.0,920.0,850.0,899.4,891.0,898.8,,899.4,,,423,379790.65,70,F1,1,,,,,
2026-08-06,2026-08-06,CM,NSE,STK,8568,INE127B01011,HITECHGEAR,BE,,,,,THE HI-TECH GEARS LIMITED,581.0,581.0,560.0,566.75,575.0,568.95,,578.88,,,3773,2156741.65,88,F1,1,,,,,
2026-08-06,2026-08-06,CM,NSE,STK,1515,INE383A01012,INDIACEM,EQ,,,,,THE INDIA CEMENTS LIMITED,390.2,394.35,388.25,393.05,391.0,392.8,,393.05,,,127290,49895311.95,6566,F1,1,,,,,
2026-08-06,2026-08-06,CM,NSE,STK,1512,INE053A01029,INDHOTEL,EQ,,,,,THE INDIAN HOTELS CO. LTD,741.1,743.8,732.0,736.0,736.0,741.05,,736.0,,,1965855,1448083942.35,29121,F1,1,,,,,
2026-08-06,2026-08-06,CM,NSE,STK,21427,INE924D01017,THEINVEST,EQ,,,,,THE INVEST TRUST OF IND L,101.7,102.45,100.02,101.06,101.5,101.79,,101.09,,,2208,222069.23,76,F1,1,,,,,
2026-08-06,2026-08-06,CM,NSE,STK,399,INE470Y01017,NIACL,EQ,,,,,THE NEW INDIA ASSU CO LTD,182.0,182.07,177.0,178.93,178.09,183.76,,178.93,,,1490286,268039480.7,15745,F1,1,,,,,
2026-08-06,2026-08-06,CM,NSE,STK,14552,INE211B01039,PHOENIXLTD,EQ,,,,,THE PHOENIX MILLS LTD,1929.9,1941.5,1910.2,1913.0,1913.0,1930.5,,1913.01,,,227313,437124479.6,18461,F1,1,,,,,
2026-08-06,2026-08-06,CM,NSE,STK,2043,INE331A01037,RAMCOCEM,EQ,,,,,THE RAMCO CEMENTS LIMITED,924.0,945.85,919.05,937.1,940.0,922.15,,937.08,,,80023,74834458.0,7112,F1,1,,,,,
2026-08-06,2026-08-06,CM,NSE,STK,10123,INE301D01026,RUBYMILLS,BE,,,,,THE RUBY MILLS LTD,347.8,366.5,342.0,364.9,366.5,349.05,,365.63,,,17187,6193891.3,337,F1,1,,,,,
2026-08-06,2026-08-06,CM,NSE,STK,5948,INE683A01023,SOUTHBANK,EQ,,,,,THE SOUTH INDIAN BANK LTD,46.97,47.76,46.93,47.43,47.5,46.92,,47.43,,,10025026,475112563.91,22581,F1,1,,,,,
2026-08-06,2026-08-06,CM,NSE,STK,10948,INE655A01013,STCINDIA,EQ,,,,,THE STATE TRADING CORPN,120.2,121.8,118.1,120.77,121.38,119.57,,120.75,,,56484,6784222.44,1065,F1,1,,,,,
2026-08-06,2026-08-06,CM,NSE,STK,19578,INE071E01023,UGARSUGAR,EQ,,,,,THE UGAR SUGAR WORKS LTD,45.0,46.35,44.05,45.73,45.8,43.28,,45.73,,,869343,39507261.68,4152,F1,1,,,,,
2026-08-06,2026-08-06,CM,NSE,STK,20481,INE215F01023,WIPL,EQ,,,,,THE WESTERN INDIA PLY LTD,170.51,170.51,164.98,167.0,167.0,170.0,,167.0,,,5700,943311.55,47,F1,1,,,,,
2026-08-06,2026-08-06,CM,NSE,STK,19279,INE121N01019,THEJO,EQ,,,,,THEJO ENGINEERING LIMITED,2112.3,2186.3,2088.3,2159.1,2179.9,2100.2,,2159.1,,,6755,14357647.2,1011,F1,1,,,,,
2026-08-06,2026-08-06,CM,NSE,STK,14485,INE083B01024,THEMISMED,EQ,,,,,THEMIS MEDICARE LTD.,116.06,116.88,112.5,112.78,113.5,116.06,,112.78,,,36207,4132806.39,809,F1,1,,,,,
2026-08-06,2026-08-06,CM,NSE,STK,3475,INE152A01029,THERMAX,EQ,,,,,THERMAX LTD,4064.9,4064.9,3975.0,3991.0,3996.0,4064.9,,3990.98,,,184241,738510682.1,28380,F1,1,,,,,
2026-08-06,2026-08-06,CM,NSE,STK,3496,INE338A01024,TIRUMALCHM,EQ,,,,,THIRUMALAI CHEMICALS LTD,171.0,171.39,167.32,170.0,170.0,170.02,,170.0,,,793889,134877024.03,9341,F1,1,,,,,
2026-08-06,2026-08-06,CM,NSE,STK,3481,INE332A01027,THOMASCOOK,EQ,,,,,THOMAS COOK (INDIA) LTD,104.36,106.8,103.9,106.14,105.8,104.52,,106.14,,,1133947,119727807.87,7823,F1,1,,,,,
2026-08-06,2026-08-06,CM,NSE,STK,31017,INE480M01011,THOMASCOTT,EQ,,,,,THOMAS SCOTT (INDIA) LTD,320.0,324.0,307.2,310.5,312.0,302.4,,310.5,,,54673,17199120.0,2043,F1,1,,,,,
2026-08-06,2026-08-06,CM,NSE,STK,17032,INE594H01019,THYROCARE,EQ,,,,,THYROCARE TECH LTD,599.0,603.8,588.5,598.05,603.8,600.0,,598.04,,,179627,106668827.75,9369,F1,1,,,,,
2026-08-06,2026-08-06,CM,NSE,STK,759179,INE906O01029,TIGERLOGS,BE,,,,,TIGER LOGISTICS (INDIA) L,26.2,27.15,25.99,26.57,26.5,25.99,,26.57,,,270331,7128719.51,564,F1,1,,,,,
2026-08-06,2026-08-06,CM,NSE,STK,25482,INE440L01017,TIJARIA,EQ,,,,,TIJARIA POLYPIPES LTD,4.94,4.94,4.46,4.74,4.88,4.79,,4.73,,,135039,642917.69,199,F1,1,,,,,
2026-08-06,2026-08-06,CM,NSE,STK,3484,INE806C01018,TIL,EQ,,,,,TIL LTD,261.0,264.5,247.9,252.5,251.0,260.0,,252.47,,,482784,124070230.35,8476,F1,1,,,,,
2026-08-06,2026-08-06,CM,NSE,STK,19196,INE133E01013,TI,EQ,,,,,TILAKNAGAR INDUSTRIES LTD,501.35,508.7,482.0,488.45,488.0,500.95,,488.42,,,1100172,545335926.7,29652,F1,1,,,,,
2026-08-06,2026-08-06,CM,NSE,STK,14707,INE508G01029,TIMETECHNO,EQ,,,,,TIME TECHNOPLAST LTD.,207.81,212.1,204.02,206.82,205.25,207.26,,206.85,,,4332234,907949965.27,38015,F1,1,,,,,
2026-08-06,2026-08-06,CM,NSE,STK,7800,INE0IJY01014,TIMESCAN,SM,,,,,TIMESCAN LOGISTICS IND L,42.0,42.0,42.0,42.0,42.0,41.1,,42.0,,,14000,588000.0,7,F1,2000,,,,,
2026-08-06,2026-08-06,CM,NSE,STK,762954,INE064A01026,TIMEX,EQ,,,,,TIMEX GROUP INDIA LTD.,549.05,558.95,540.25,543.05,542.85,553.35,,543.11,,,229730,125548157.05,13216,F1,1,,,,,
2026-08-06,2026-08-06,CM,NSE,STK,14198,INE325A01013,TIMKEN,EQ,,,,,TIMKEN INDIA LTD.,3310.0,3390.4,3285.5,3343.1,3342.5,3309.4,,3343.1,,,66427,222641549.2,13994,F1,1,,,,,
2026-08-06,2026-08-06,CM,NSE,STK,756020,INE015C01016,TINNARUBR,EQ,,,,,TINNA RUBBER AND INFR LTD,1131.0,1131.0,1076.3,1100.6,1117.4,1127.8,,1100.45,,,52591,58535276.1,5370,F1,1,,,,,
2026-08-06,2026-08-06,CM,NSE,STK,11374,INE0LQS01015,TIPSFILMS,EQ,,,,,TIPS FILMS LIMITED,386.0,386.0,375.5,376.85,375.7,380.35,,376.83,,,4103,1557733.2,373,F1,1,,,,,
2026-08-06,2026-08-06,CM,NSE,STK,9117,INE716B01029,TIPSMUSIC,EQ,,,,,TIPS MUSIC LIMITED,673.0,675.0,647.7,654.4,654.0,672.5,,654.38,,,305241,200382149.85,14364,F1,1,,,,,
2026-08-06,2026-08-06,CM,NSE,STK,22284,INE319Y01024,TIRUPATIFL,BE,,,,,TIRUPATI FORGE LIMITED,70.5,73.14,69.16,70.62,71.0,70.5,,70.62,,,208229,14929193.89,807,F1,1,,,,,
2026-08-06,2026-08-06,CM,NSE,STK,15414,INE615H01020,TITAGARH,EQ,,,,,TITAGARH RAIL SYSTEMS LTD,853.2,867.7,848.05,861.65,860.0,852.95,,861.62,,,418636,359739761.9,19056,F1,1,,,,,
2026-08-06,2026-08-06,CM,NSE,STK,3506,INE280A01028,TITAN,EQ,,,,,TITAN COMPANY LIMITED,4883.9,5005.0,4883.9,4998.0,4998.0,4912.4,,4997.93,,,1283840,6385718717.3,101332,F1,1,,,,,
2026-08-06,2026-08-06,CM,NSE,STK,9710,INE932C01012,TOKYOPLAST,BE,,,,,TOKYO PLAST  INTL LTD.,79.9,81.0,78.02,81.0,81.0,79.38,,80.0,,,440,34748.52,13,F1,1,,,,,
2026-08-06,2026-08-06,CM,NSE,STK,25262,INE0RWQ01014,TOLINS,EQ,,,,,TOLINS TYRES LIMITED,103.3,104.1,102.7,103.09,103.4,103.55,,103.09,,,23759,2455030.88,533,F1,1,,,,,
2026-08-06,2026-08-06,CM,NSE,STK,3518,INE685A01028,TORNTPHARM,EQ,,,,,TORRENT PHARMACEUTICALS L,5020.0,5030.0,4937.5,4956.0,4956.0,5000.0,,4956.02,,,701944,3483533148.0,33981,F1,1,,,,,
2026-08-06,2026-08-06,CM,NSE,STK,13786,INE813H01021,TORNTPOWER,EQ,,,,,TORRENT POWER LTD,1326.0,1345.5,1318.8,1325.2,1328.0,1323.5,,1325.19,,,404065,536588264.4,21665,F1,1,,,,,
2026-08-06,2026-08-06,CM,NSE,STK,22423,INE336X01012,TOTAL,EQ,,,,,TOTAL TRANSPORT SYS LTD,64.95,71.48,64.95,67.87,67.63,62.92,,67.87,,,214858,14715249.31,2222,F1,1,,,,,
2026-08-06,2026-08-06,CM,NSE,STK,16908,INE486Y01013,TOUCHWOOD,EQ,,,,,TOUCHWOOD ENTERTAIN LTD.,66.9,67.6,65.3,67.09,66.06,65.89,,67.09,,,2284,152197.51,67,F1,1,,,,,
2026-08-06,2026-08-06,CM,NSE,STK,3466,INE305A01023,TFCILTD,EQ,,,,,TOURISM FINANCE CORP. OF,111.65,111.65,107.5,110.81,110.98,110.77,,110.81,,,18425822,2035050695.12,20317,F1,1,,,,,
2026-08-06,2026-08-06,CM,NSE,STK,9219,INE413G01022,TPLPLASTEH,EQ,,,,,TPL PLASTECH LIMITED,78.8,79.86,77.72,78.73,77.8,78.25,,78.76,,,103992,8206579.77,1178,F1,1,,,,,
2026-08-06,2026-08-06,CM,NSE,STK,11582,INE0HMF01019,TRACXN,EQ,,,,,TRACXN TECHNOLOGIES LTD,30.68,30.7,29.96,30.09,30.1,30.62,,30.09,,,173581,5218606.13,843,F1,1,,,,,
2026-08-06,2026-08-06,CM,NSE,STK,15174,INE763I01026,TARIL,EQ,,,,,TRANS & RECTI. LTD,295.5,297.9,292.2,296.15,296.3,294.7,,296.15,,,899091,265755973.95,17322,F1,1,,,,,
2026-08-06,2026-08-06,CM,NSE,STK,17795,INE0O3901029,TREL,EQ,,,,,TRANSINDIA REAL ESTATE L,23.8,24.99,23.8,24.63,24.89,24.09,,24.63,,,132815,3257438.83,520,F1,1,,,,,
2026-08-06,2026-08-06,CM,NSE,STK,3531,INE687A01016,TRANSPEK,EQ,,,,,TRANSPEK INDUSTRY LTD,1378.6,1378.6,1312.1,1321.4,1312.3,1359.4,,1321.92,,,3113,4162561.5,409,F1,1,,,,,
2026-08-06,2026-08-06,CM,NSE,STK,10580,INE688A01022,TCI,EQ,,,,,TRANSPORT CORPN OF INDIA,929.2,932.1,921.75,927.0,925.0,928.0,,927.05,,,18254,16906205.9,1916,F1,1,,,,,
2026-08-06,2026-08-06,CM,NSE,STK,28714,INE454P01035,TRANSRAILL,EQ,,,,,TRANSRAIL LIGHTING LTD,499.45,500.15,487.1,490.95,492.2,499.45,,490.96,,,363311,179781111.65,12602,F1,1,,,,,
2026-08-06,2026-08-06,CM,NSE,STK,19801,INE0NVI01020,TRANSTEEL,SM,,,,,TRANSTEEL SEATING TECH L,114.5,116.0,113.1,115.6,113.5,114.5,,115.6,,,10000,1147900.0,6,F1,1000,,,,,
2026-08-06,2026-08-06,CM,NSE,STK,14319,INE804H01012,TFL,EQ,,,,,TRANSWARRANTY FIN. LTD.,11.3,11.64,11.04,11.49,11.64,11.48,,11.49,,,12544,142643.45,83,F1,1,,,,,
2026-08-06,2026-08-06,CM,NSE,STK,8619,INE757B01015,TRANSWORLD,BE,,,,,TRANSWORLD SHIP LINES LTD,159.0,162.74,157.0,158.43,158.01,157.68,,158.43,,,11365,1815868.22,84,F1,1,,,,,
2026-08-06,2026-08-06,CM,NSE,STK,757545,INE103V01028,TRAVELFOOD,EQ,,,,,TRAVEL FOOD SERVICES LTD,1328.0,1396.5,1321.0,1337.2,1328.6,1348.0,,1336.95,,,80581,110065614.7,7883,F1,1,,,,,
2026-08-06,2026-08-06,CM,NSE,STK,25082,INE040M01013,TREEHOUSE,EQ,,,,,TREE HOUSE EDU LTD,6.49,6.5,6.2,6.26,6.23,6.34,,6.26,,,9459,59828.7,81,F1,1,,,,,
2026-08-06,2026-08-06,CM,NSE,STK,7518,INE00CA01015,TREJHARA,EQ,,,,,TREJHARA SOLUTIONS LTD,162.0,165.86,155.26,165.13,165.75,150.79,,165.15,,,238674,38658213.94,2941,F1,1,,,,,
2026-08-06,2026-08-06,CM,NSE,STK,1964,INE849A01020,TRENT,EQ,,,,,TRENT LTD,3120.0,3244.5,3046.2,3107.1,3107.1,3129.0,,3107.15,,,4403351,13768820477.9,219841,F1,1,,,,,
2026-08-06,2026-08-06,CM,NSE,STK,17987,INE391D01019,TRF,EQ,,,,,TRF LIMITED,230.5,235.38,228.01,232.41,232.98,229.38,,232.43,,,36738,8561419.31,1276,F1,1,,,,,
2026-08-06,2026-08-06,CM,NSE,STK,27037,INE760L01018,TBZ,EQ,,,,,TRIB BHIMJI ZAVERI LTD,273.45,274.9,265.1,271.0,273.0,272.1,,270.95,,,926047,249136762.9,14854,F1,1,,,,,
2026-08-06,2026-08-06,CM,NSE,STK,9685,INE064C01022,TRIDENT,EQ,,,,,TRIDENT LIMITED,24.91,25.03,24.83,24.9,24.88,24.91,,24.9,,,2044786,50981149.33,9194,F1,1,,,,,
2026-08-06,2026-08-06,CM,NSE,STK,21093,INE0QD201012,TECHLABS,ST,,,,,TRIDENT TECHLABS LIMITED,118.7,121.85,117.55,121.3,121.65,122.7,,121.3,,,19125,2301431.25,59,F1,125,,,,,
2026-08-06,2026-08-06,CM,NSE,STK,5428,INE948A01012,TRIGYN,EQ,,,,,TRIGYN TECHNOLOGIES LTD,54.98,56.15,53.77,54.8,54.86,54.7,,54.66,,,96876,5360080.92,2321,F1,1,,,,,
2026-08-06,2026-08-06,CM,NSE,STK,13081,INE256C01024,TRIVENI,EQ,,,,,TRIVENI ENGG. & INDS. LTD,236.99,240.5,229.5,230.53,232.9,235.3,,230.54,,,1036500,242815306.46,9656,F1,1,,,,,
2026-08-06,2026-08-06,CM,NSE,STK,25584,INE152M01016,TRITURBINE,EQ,,,,,TRIVENI TURBINE LIMITED,624.5,652.5,621.5,646.35,648.6,623.45,,646.36,,,1270213,816504530.3,41777,F1,1,,,,,
2026-08-06,2026-08-06,CM,NSE,STK,24645,INE0SYV01018,TROM,ST,,,,,TROM INDUSTRIES LIMITED,63.2,63.2,59.0,59.0,59.0,60.25,,59.0,,,2400,146670.0,4,F1,600,,,,,
2026-08-06,2026-08-06,CM,NSE,STK,759210,INE0MWH01014,TRUALT,EQ,,,,,TRUALT BIOENERGY LIMITED,461.55,472.3,460.4,464.3,463.55,461.55,,464.32,,,275309,128284977.25,9021,F1,1,,,,,
2026-08-06,2026-08-06,CM,NSE,STK,9378,INE615R01029,TRU,EQ,,,,,TRUCAP FINANCE LIMITED,4.73,4.76,4.57,4.61,4.65,4.64,,4.61,,,74583,347102.17,336,F1,1,,,,,
2026-08-06,2026-08-06,CM,NSE,STK,23417,INE0SWN01019,TRUST,SM,,,,,TRUST FINTECH LIMITED,28.4,30.0,27.35,28.5,28.5,29.0,,28.5,,,9600,273840.0,14,F1,600,,,,,
2026-08-06,2026-08-06,CM,NSE,STK,757858,INE16VK01010,TSC,SM,,,,,TSC INDIA LIMITED,47.1,47.3,46.0,46.0,46.0,51.1,,46.0,,,24000,1113100.0,12,F1,2000,,,,,
2026-08-06,2026-08-06,CM,NSE,STK,2183,INE202Z01029,TSFINV,EQ,,,,,TSF INVESTMENTS LIMITED,456.0,456.0,435.0,437.7,437.0,454.1,,437.7,,,83782,37028958.6,4816,F1,1,,,,,
2026-08-06,2026-08-06,CM,NSE,STK,27448,INE1C3207065,935TSI30,N0,,,,,TSI 9.35% 30 SR I-D,105043.42,105043.42,105043.42,105043.42,105043.42,104250.0,,105043.42,,,10,1050434.2,1,F1,1,,,,,
2026-08-06,2026-08-06,CM,NSE,STK,27421,INE1C3207081,935TSIIC28,N0,,,,,TSIIC 9.35% 2028 SR I- B,103185.42,103185.42,103185.42,103185.42,103185.42,102412.62,,103185.42,,,29,2992377.18,1,F1,1,,,,,
2026-08-06,2026-08-06,CM,NSE,STK,11369,INE910C01018,TTKHLTCARE,EQ,,,,,TTK HEALTHCARE LIMITED,1050.0,1210.0,1038.2,1094.1,1090.0,1045.9,,1094.02,,,211813,241001377.8,18470,F1,1,,,,,
2026-08-06,2026-08-06,CM,NSE,STK,3546,INE690A01028,TTKPRESTIG,EQ,,,,,TTK PRESTIGE LTD,631.0,640.85,624.1,636.8,635.0,628.25,,636.69,,,105175,66594826.1,6694,F1,1,,,,,
2026-08-06,2026-08-06,CM,NSE,STK,312,INE974X01010,TIINDIA,EQ,,,,,TUBE INVEST OF INDIA LTD,2800.3,2800.3,2750.1,2753.8,2753.8,2787.9,,2753.81,,,362526,1003767395.3,25061,F1,1,,,,,
2026-08-06,2026-08-06,CM,NSE,STK,24520,INE0OXV01027,TUNWAL,SM,,,,,TUNWAL E-MOTORS LIMITED,26.55,26.55,25.85,26.1,26.05,26.1,,26.1,,,140000,3666900.0,39,F1,2000,,,,,
2026-08-06,2026-08-06,CM,NSE,STK,756090,INE0OC301013,TURTLEMINT,EQ,,,,,TURTLEMINT FINTECH SOLS L,115.99,116.22,112.5,112.75,112.5,115.11,,112.75,,,242966,27574625.82,4370,F1,1,,,,,
2026-08-06,2026-08-06,CM,NSE,STK,11275,INE038F01029,TVTODAY,EQ,,,,,TV TODAY NETWORK LTD,118.99,119.56,114.45,115.65,116.99,116.6,,115.61,,,35529,4150236.04,673,F1,1,,,,,
2026-08-06,2026-08-06,CM,NSE,STK,18508,INE871L01013,TVVISION,BE,,,,,TV VISION LIMITED,4.21,4.4,4.21,4.34,4.34,4.43,,4.35,,,90270,381314.09,121,F1,1,,,,,
2026-08-06,2026-08-06,CM,NSE,STK,11265,INE236G01019,TVSELECT,EQ,,,,,TVS ELECTRONICS LTD,503.95,530.85,503.1,508.15,503.25,503.85,,508.14,,,227540,117649345.05,9266,F1,1,,,,,
2026-08-06,2026-08-06,CM,NSE,STK,29008,INE105A01035,TVSHLTD,EQ,,,,,TVS HOLDINGS LIMITED,14770.0,15067.0,14770.0,14908.0,14925.0,14769.0,,14908.4,,,4451,66376852.0,2007,F1,1,,,,,
2026-08-06,2026-08-06,CM,NSE,STK,8479,INE494B01023,TVSMOTOR,EQ,,,,,TVS MOTOR COMPANY  LTD,4410.0,4436.9,4370.4,4375.0,4375.0,4455.2,,4375.02,,,1143968,5028594594.6,61120,F1,1,,,,,
2026-08-06,2026-08-06,CM,NSE,STK,761141,INE494B04019,TVSMNCRPS,P1,,,,,TVS MOTOR COMPANY LIMITED,10.5,10.55,10.45,10.5,10.5,10.5,,10.5,,,499609,5236830.0,363,F1,1,,,,,
2026-08-06,2026-08-06,CM,NSE,STK,14245,INE421C01016,TVSSRICHAK,EQ,,,,,TVS SRICHAKRA LIMITED,3996.3,4012.6,3952.0,3971.2,3983.0,3982.9,,3971.19,,,1295,5163012.6,320,F1,1,,,,,
2026-08-06,2026-08-06,CM,NSE,STK,18151,INE395N01027,TVSSCS,EQ,,,,,TVS SUPPLY CHAIN SOL L,135.52,136.8,132.0,132.38,133.0,135.52,,132.38,,,417724,55572842.83,6801,F1,1,,,,,
2026-08-06,2026-08-06,CM,NSE,STK,19503,INE388G01026,TICL,BE,,,,,TWAMEV CONS AND INFRA LTD,9.95,10.25,9.8,10.25,10.25,9.77,,10.25,,,53573,542709.22,131,F1,1,,,,,
2026-08-06,2026-08-06,CM,NSE,STK,25626,INE152C01025,UYFINCORP,EQ,,,,,U. Y. FINCORP LIMITED,19.69,19.7,19.0,19.2,19.25,19.25,,19.2,,,476546,9212088.43,2944,F1,1,,,,,
2026-08-06,2026-08-06,CM,NSE,STK,3570,INE139B01016,UCAL,EQ,,,,,UCAL LIMITED,118.9,118.9,116.47,117.01,117.0,116.47,,117.01,,,3949,463543.47,159,F1,1,,,,,
2026-08-06,2026-08-06,CM,NSE,STK,11223,INE691A01018,UCOBANK,EQ,,,,,UCO BANK,26.49,26.77,26.4,26.64,26.59,26.49,,26.64,,,3699848,98335029.36,9495,F1,1,,,,,
2026-08-06,2026-08-06,CM,NSE,STK,14871,INE0N0Y01013,USK,EQ,,,,,UDAYSHIVAKUMAR INFRA LTD,22.5,23.3,22.32,22.9,23.0,22.96,,22.9,,,15310,348671.28,84,F1,1,,,,,
2026-08-06,2026-08-06,CM,NSE,STK,1053,INE516A01017,UFLEX,EQ,,,,,UFLEX LIMITED,474.35,487.9,471.55,483.9,479.0,475.95,,483.78,,,88565,42550006.4,2601,F1,1,,,,,
2026-08-06,2026-08-06,CM,NSE,STK,9039,INE527H01019,UFO,EQ,,,,,UFO MOVIEZ INDIA LTD.,69.41,69.41,67.55,67.86,67.95,69.4,,67.86,,,18641,1271322.46,575,F1,1,,,,,
2026-08-06,2026-08-06,CM,NSE,STK,5313,INE583D01011,UGROCAP,EQ,,,,,UGRO CAPITAL LIMITED,96.24,97.5,94.8,96.16,95.7,95.77,,96.16,,,325766,31212705.41,2770,F1,1,,,,,
2026-08-06,2026-08-06,CM,NSE,STK,23507,INE899L01030,UEL,EQ,,,,,UJAAS ENERGY LIMITED,245.52,245.52,245.52,245.52,245.52,223.2,,249.73,,,8985,2205997.2,172,F1,1,,,,,
2026-08-06,2026-08-06,CM,NSE,STK,15228,INE551W01018,UJJIVANSFB,EQ,,,,,UJJIVAN SMALL FINANC BANK,70.34,72.58,70.0,72.05,71.28,69.59,,72.04,,,16057454,1148671369.17,41105,F1,1,,,,,
2026-08-06,2026-08-06,CM,NSE,STK,762961,INE405A01021,ULTRAMAR,EQ,,,,,ULTRAMARINE & PIGMENTS L,390.15,395.0,385.35,389.4,389.35,392.25,,389.39,,,56980,22304760.65,1225,F1,1,,,,,
2026-08-06,2026-08-06,CM,NSE,STK,11532,INE481G01011,ULTRACEMCO,EQ,,,,,ULTRATECH CEMENT LIMITED,12190.0,12204.0,12011.0,12075.0,12075.0,12190.0,,12074.9,,,208304,2525078436.0,36104,F1,1,,,,,
2026-08-06,2026-08-06,CM,NSE,STK,13349,INE067901012,UMA,SM,,,,,UMA CONVERTER LIMITED,14.7,14.7,14.7,14.7,14.7,14.7,,14.7,,,4000,58800.0,1,F1,4000,,,,,
2026-08-06,2026-08-06,CM,NSE,STK,8845,INE0GIU01018,UMAEXPORTS,BE,,,,,UMA EXPORTS LIMITED,20.98,20.98,19.86,20.06,20.48,20.7,,20.06,,,35020,702005.46,149,F1,1,,,,,
2026-08-06,2026-08-06,CM,NSE,STK,8998,INE398B01018,UMIYA-MRO,EQ,,,,,UMIYA BUILDCON LIMITED,92.0,92.0,90.01,90.17,90.01,91.38,,90.17,,,8232,743290.28,76,F1,1,,,,,
2026-08-06,2026-08-06,CM,NSE,STK,3579,INE351A01035,UNICHEMLAB,EQ,,,,,UNICHEM LABORATORIES LTD,509.95,512.7,493.0,497.4,494.0,497.4,,497.35,,,94960,47949814.9,5133,F1,1,,,,,
2026-08-06,2026-08-06,CM,NSE,STK,24809,INE00U401027,UNIECOM,EQ,,,,,UNICOMMERCE ESOLUTIONS L,86.08,86.08,84.65,84.95,85.0,85.18,,84.97,,,124710,10631344.23,1615,F1,1,,,,,
2026-08-06,2026-08-06,CM,NSE,STK,18582,INE0PRF01011,UNIHEALTH,SM,,,,,UNIHEALTH HOSPITALS LTD,805.0,805.0,773.0,777.5,775.0,779.35,,777.5,,,10000,7853575.0,18,F1,500,,,,,
2026-08-06,2026-08-06,CM,NSE,STK,7797,INE481Z01011,UNIINFO,BE,,,,,UNIINFO TELECOM SERVI LTD,12.0,12.35,11.85,11.88,11.88,12.47,,11.88,,,360,4299.08,8,F1,1,,,,,
2026-08-06,2026-08-06,CM,NSE,STK,25633,INE0B2801011,UNILEX,SM,,,,,UNILEX COLOURS AND CHEM L,32.0,32.3,30.0,30.0,30.0,31.9,,30.0,,,12800,400320.0,8,F1,1600,,,,,
2026-08-06,2026-08-06,CM,NSE,STK,28960,INE0U3I01011,UNIMECH,EQ,,,,,UNIMECH AEROSPACE N MFG L,1353.9,1392.5,1326.7,1336.5,1335.0,1344.7,,1336.5,,,282034,383028113.8,16562,F1,1,,,,,
2026-08-06,2026-08-06,CM,NSE,STK,10753,INE692A01016,UNIONBANK,EQ,,,,,UNION BANK OF INDIA,176.8,182.5,175.21,182.5,182.5,175.8,,182.5,,,19962851,3587495640.03,73149,F1,1,,,,,
2026-08-06,2026-08-06,CM,NSE,STK,29687,INF582M01KS4,UNIONGOLD,EQ,,,,,UNIONAMC - UNIONGOLD,143.7,145.5,143.7,145.3,145.45,141.7,,145.3,,,7247,1048186.2,102,F1,1,,,,,
2026-08-06,2026-08-06,CM,NSE,STK,13057,INE244O01017,UNIPARTS,EQ,,,,,UNIPARTS INDIA LIMITED,812.2,820.35,775.0,781.5,782.75,801.65,,781.47,,,283602,225011266.6,13403,F1,1,,,,,
2026-08-06,2026-08-06,CM,NSE,STK,11293,INE037A01022,UNIENTER,EQ,,,,,UNIPHOS ENTERPRISES LTD,99.01,99.01,96.23,97.37,97.25,96.93,,97.37,,,12560,1228277.81,153,F1,1,,,,,
2026-08-06,2026-08-06,CM,NSE,STK,3594,INE694A01020,UNITECH,EQ,,,,,UNITECH LTD,4.18,4.25,4.13,4.14,4.15,4.15,,4.14,,,3996457,16678831.99,2135,F1,1,,,,,
2026-08-06,2026-08-06,CM,NSE,STK,16713,INE686F01025,UBL,EQ,,,,,UNITED BREWERIES LTD,1409.1,1427.0,1403.0,1415.3,1415.2,1412.6,,1415.26,,,90278,127794931.2,7581,F1,1,,,,,
2026-08-06,2026-08-06,CM,NSE,STK,204,INE961D01019,UNIDT,BE,,,,,UNITED DRILLING TOOLS LTD,241.95,241.99,230.0,237.86,238.0,236.77,,237.86,,,6360,1500212.87,133,F1,1,,,,,
2026-08-06,2026-08-06,CM,NSE,STK,3127,INE382M01027,UFBL,EQ,,,,,UNITED FOODBRANDS LIMITED,790.85,810.4,773.4,804.3,810.4,771.85,,805.19,,,274202,219937621.85,4017,F1,1,,,,,
2026-08-06,2026-08-06,CM,NSE,STK,25938,INE0SMR01011,UHTL,ST,,,,,UNITED HEAT TRANSFER LTD,99.0,99.95,95.0,97.5,97.5,98.65,,97.5,,,18000,1758900.0,9,F1,2000,,,,,
2026-08-06,2026-08-06,CM,NSE,STK,17999,INE458F01011,UNITEDTEA,EQ,,,,,UNITED NILGIRI TEA LTD,490.8,490.8,476.15,483.3,484.35,481.15,,483.3,,,1216,590595.95,122,F1,1,,,,,
2026-08-06,2026-08-06,CM,NSE,STK,7564,INE368U01029,UNITEDPOLY,BE,,,,,UNITED POLYFAB GUJ. LTD.,28.21,29.5,28.21,29.01,29.25,29.33,,29.03,,,29469,852053.24,143,F1,1,,,,,
2026-08-06,2026-08-06,CM,NSE,STK,10447,INE854D01024,UNITDSPR,EQ,,,,,UNITED SPIRITS LIMITED,1520.0,1534.0,1516.4,1525.0,1525.0,1520.0,,1524.96,,,408969,623148364.5,13110,F1,1,,,,,
2026-08-06,2026-08-06,CM,NSE,STK,18979,INE562X01013,UNIVASTU,BE,,,,,UNIVASTU INDIA LIMITED,150.5,150.5,139.59,141.55,140.99,146.93,,141.55,,,228924,32485606.44,1169,F1,1,,,,,
2026-08-06,2026-08-06,CM,NSE,STK,3607,INE279A01012,UNIVCABLES,EQ,,,,,UNIVERSAL CABLES LTD,1411.0,1438.4,1358.7,1416.3,1401.6,1427.6,,1416.16,,,137452,193012809.5,10154,F1,1,,,,,
2026-08-06,2026-08-06,CM,NSE,STK,17661,INE03V001013,UNIVPHOTO,BE,,,,,UNIVERSUS IMAGINGS LTD,480.0,489.5,472.0,478.95,480.0,480.0,,478.95,,,1088,525179.8,46,F1,1,,,,,
2026-08-06,2026-08-06,CM,NSE,STK,14154,INE405E01023,UNOMINDA,EQ,,,,,UNO MINDA LIMITED,1257.0,1278.0,1241.6,1278.0,1278.0,1250.0,,1277.94,,,785428,990743431.0,30329,F1,1,,,,,
2026-08-06,2026-08-06,CM,NSE,STK,2883,INE530B08110,IIFLZC28,NG,,,,,UNSE RE NCD 0% SR.III,1653.0,1653.01,1653.0,1653.01,1653.01,1653.09,,1653.01,,,640,1057921.25,7,F1,1,,,,,
2026-08-06,2026-08-06,CM,NSE,STK,2871,INE530B08094,10IIFL28A,NE,,,,,UNSE RE NCD 10% SR.I,1039.0,1039.1,1039.0,1039.0,1039.0,1039.0,,1039.0,,,112,116368.1,9,F1,1,,,,,
2026-08-06,2026-08-06,CM,NSE,STK,2877,INE530B08102,96IIFL28A,NF,,,,,UNSE RE NCD 9.6% SR.II,1001.5,1004.54,1001.5,1004.1,1004.1,1003.93,,1004.53,,,4836,4849161.59,37,F1,1,,,,,
2026-08-06,2026-08-06,CM,NSE,STK,5212,INE477L08147,10IIFL28,N4,,,,,UNSEC RE NCD 10% SR.I,1009.99,1009.99,1002.5,1005.99,1005.99,1004.87,,1007.99,,,510,514021.0,5,F1,1,,,,,
2026-08-06,2026-08-06,CM,NSE,STK,5214,INE477L08154,96IIFL28,N5,,,,,UNSEC RE NCD 9.60% SR.II,1003.0,1003.8,1000.99,1003.73,1003.0,1003.75,,1003.73,,,2551,2558233.07,48,F1,1,,,,,
2026-08-06,2026-08-06,CM,NSE,STK,19045,INE866I08279,10IIFL29,N6,,,,,UNSEC RED NCD 10.0% SR. V,1025.0,1025.0,1010.0,1010.0,1010.0,1028.1,,1010.0,,,250,255500.0,3,F1,1,,,,,
2026-08-06,2026-08-06,CM,NSE,STK,19047,INE866I08295,105IIFL29,N7,,,,,UNSEC RED NCD 10.5% SR.VI,1077.0,1077.9,1076.0,1076.0,1076.0,1055.0,,1076.0,,,228,245657.1,5,F1,1,,,,,
2026-08-06,2026-08-06,CM,NSE,STK,21225,INE306N08292,910TCAP28,,,,,,UNSERENCD9.1%SRIIICIII&IV,1110.0,1110.0,1110.0,1110.0,1110.0,1110.0,,1110.0,,,5,5550.0,1,F1,1,,,,,
2026-08-06,2026-08-06,CM,NSE,STK,19113,INE851I01011,UDS,EQ,,,,,UPDATER SERVICES LIMITED,212.49,213.9,206.25,210.57,209.2,209.43,,210.58,,,228987,47990849.48,7003,F1,1,,,,,
2026-08-06,2026-08-06,CM,NSE,STK,11287,INE628A01036,UPL,EQ,,,,,UPL LIMITED,576.7,584.45,572.75,572.75,572.75,577.25,,572.76,,,2528114,1460657361.8,43368,F1,1,,,,,
2026-08-06,2026-08-06,CM,NSE,STK,10610,INE0CBM01019,USASEEDS,SM,,,,,UPSURGE SEEDS OF AGRI LTD,88.8,88.8,88.8,88.8,88.8,84.8,,88.8,,,428,38006.4,1,F1,428,,,,,
2026-08-06,2026-08-06,CM,NSE,STK,17081,INE568Z01015,URAVIDEF,BE,,,,,URAVI DEFENCE &TECH LTD,115.0,116.0,112.5,114.22,114.4,112.3,,114.31,,,5715,656843.69,91,F1,1,,,,,
2026-08-06,2026-08-06,CM,NSE,STK,759084,INE0CAZ01013,URBANCO,EQ,,,,,URBAN COMPANY LIMITED,143.1,144.58,141.21,142.67,142.91,142.55,,142.67,,,3616093,515531743.95,32447,F1,1,,,,,
2026-08-06,2026-08-06,CM,NSE,STK,16888,INE0O0201019,URBAN,SM,,,,,URBAN ENVIRO WASTE MGMT L,143.0,145.55,141.05,144.8,144.6,144.5,,144.8,,,42400,6059560.0,35,F1,800,,,,,
2026-08-06,2026-08-06,CM,NSE,STK,20203,INE550C01020,URJA,EQ,,,,,URJA GLOBAL LIMITED,10.0,10.0,9.65,9.78,9.82,9.99,,9.78,,,1134563,11112205.13,3399,F1,1,,,,,
2026-08-06,2026-08-06,CM,NSE,STK,25952,INE0LS001014,USHAFIN,SM,,,,,USHA FINANCIAL SERVICES L,38.0,39.45,37.7,37.75,37.75,37.75,,37.75,,,65600,2541200.0,25,F1,1600,,,,,
2026-08-06,2026-08-06,CM,NSE,STK,19142,INE240C01028,UMESLTD,EQ,,,,,USHA MARTIN EDU & SOL LTD,5.55,5.65,5.35,5.48,5.48,5.44,,5.48,,,1694,9300.72,27,F1,1,,,,,
2026-08-06,2026-08-06,CM,NSE,STK,8840,INE228A01035,USHAMART,EQ,,,,,USHA MARTIN LTD.,523.3,524.8,514.0,515.65,514.9,520.25,,515.66,,,444244,230120518.65,14949,F1,1,,,,,
2026-08-06,2026-08-06,CM,NSE,STK,4214,INE00NI01015,UCL,ST,,,,,USHANTI COLOUR CHEM LTD,212.9,219.65,212.9,219.65,219.65,217.2,,219.65,,,4000,865100.0,2,F1,2000,,,,,
2026-08-06,2026-08-06,CM,NSE,STK,527,INE094J01016,UTIAMC,EQ,,,,,UTI ASSET MNGMT CO LTD,902.0,908.0,895.0,900.3,901.75,901.65,,900.28,,,75540,68187278.5,5447,F1,1,,,,,
2026-08-06,2026-08-06,CM,NSE,STK,22440,INF789F1AUV1,BANKBETA,EQ,,,,,UTIAMC-BANKBETA,59.31,60.2,59.2,60.08,60.2,59.64,,60.08,,,61181,3667605.49,362,F1,1,,,,,
2026-08-06,2026-08-06,CM,NSE,STK,22524,INF789F1AZF3,GILT10BETA,EQ,,,,,UTIAMC-GILT10BETA,26.43,26.96,26.43,26.83,26.83,26.67,,26.83,,,125,3369.34,10,F1,1,,,,,
2026-08-06,2026-08-06,CM,NSE,STK,22521,INF789F1AZE6,GILT5BETA,EQ,,,,,UTIAMC-GILT5BETA,65.47,67.27,65.47,67.26,67.26,65.71,,67.26,,,258,17340.2,10,F1,1,,,,,
2026-08-06,2026-08-06,CM,NSE,STK,22488,INF789F1AZD8,ITBETA,EQ,,,,,UTIAMC-ITBETA,330.0,330.8,318.13,323.33,323.0,329.97,,323.33,,,19844,6419390.83,102,F1,1,,,,,
2026-08-06,2026-08-06,CM,NSE,STK,18347,INF789F1AYX9,MIDCAPBETA,EQ,,,,,UTIAMC-MIDCAPBETA,236.73,237.28,233.55,235.73,233.55,236.77,,235.76,,,979,231670.92,31,F1,1,,,,,
2026-08-06,2026-08-06,CM,NSE,STK,21478,INF789F1AUW9,NEXT50BETA,EQ,,,,,UTIAMC-NEXT50BETA,79.53,80.55,79.23,79.77,80.0,79.76,,79.77,,,125824,10095675.08,626,F1,1,,,,,
2026-08-06,2026-08-06,CM,NSE,STK,10511,INF789F1AZC0,NIFTYBETA,EQ,,,,,UTIAMC-NIFTYBETA,277.96,277.96,270.48,272.82,270.56,271.19,,272.83,,,27275,7447535.15,518,F1,1,,,,,
2026-08-06,2026-08-06,CM,NSE,STK,10515,INF789FB1X58,SENSEXBETA,EQ,,,,,UTIAMC-SENSEXBETA,870.0,876.0,862.0,863.74,862.5,868.3,,863.74,,,956,831410.27,155,F1,1,,,,,
2026-08-06,2026-08-06,CM,NSE,STK,15085,INF789F1AYK6,SILVERBETA,EQ,,,,,UTIAMC-SILVERBETA,216.0,217.6,215.25,216.64,216.75,215.47,,216.64,,,331030,71728684.7,3232,F1,1,,,,,
2026-08-06,2026-08-06,CM,NSE,STK,9168,INF789F1AUU3,SNXT50BETA,EQ,,,,,UTIAMC-SNXT50BETA,97.2,97.2,96.0,96.18,96.0,96.22,,96.22,,,995,95886.93,69,F1,1,,,,,
2026-08-06,2026-08-06,CM,NSE,STK,14535,INF789F1AUX7,GOLDBETA,EQ,,,,,UTIAMC-UTIGOLDBETA,124.0,124.65,123.5,124.55,124.05,121.5,,124.55,,,949108,117828707.45,2726,F1,1,,,,,
2026-08-06,2026-08-06,CM,NSE,STK,751580,INE1V1R01014,UTKAL,SM,,,,,UTKAL SPEC INDUS INDIA L,43.95,43.95,43.3,43.95,43.95,41.9,,43.95,,,42000,1844300.0,18,F1,2000,,,,,
2026-08-06,2026-08-06,CM,NSE,STK,17358,INE735W01017,UTKARSHBNK,EQ,,,,,UTKARSH SMALL FIN BANK L,14.56,14.56,14.3,14.37,14.36,14.46,,14.37,,,2923982,42011574.01,7169,F1,1,,,,,
2026-08-06,2026-08-06,CM,NSE,STK,24729,INE06IJ01010,UTSSAV,ST,,,,,UTSSAV CZ GOLD JEWELS LTD,510.05,510.05,507.0,508.0,507.0,510.0,,508.0,,,3600,1832460.0,6,F1,600,,,,,
2026-08-06,2026-08-06,CM,NSE,STK,13376,INE786F01031,UTTAMSUGAR,EQ,,,,,UTTAM SUGAR MILLS LTD.,248.49,259.0,247.2,254.82,251.8,250.44,,254.64,,,137088,34730777.56,3559,F1,1,,,,,
2026-08-06,2026-08-06,CM,NSE,STK,3188,INE0GXK01018,VMARCIND,SM,,,,,V MARC INDIA LIMITED,307.0,340.0,307.0,328.95,329.0,296.65,,328.95,,,895500,292504725.0,544,F1,1500,,,,,
2026-08-06,2026-08-06,CM,NSE,STK,23018,INE0QQM01017,VR,SM,,,,,V R INFRASPACE LIMITED,137.8,137.8,137.8,137.8,137.8,131.25,,137.8,,,400,55120.0,1,F1,400,,,,,
2026-08-06,2026-08-06,CM,NSE,STK,15362,INE951I01027,VGUARD,EQ,,,,,V-GUARD IND LTD.,312.0,325.55,311.2,322.25,320.0,310.25,,322.26,,,3151241,1013572683.45,39693,F1,1,,,,,
2026-08-06,2026-08-06,CM,NSE,STK,14766,INE945H01021,V2RETAIL,EQ,,,,,V2 RETAIL LIMITED,218.75,219.0,215.81,218.31,218.0,217.57,,218.3,,,695043,151101284.76,11310,F1,1,,,,,
2026-08-06,2026-08-06,CM,NSE,STK,20188,INE956G01038,WABAG,EQ,,,,,VA TECH WABAG LTD,1998.8,2007.7,1974.5,1990.7,1991.8,2002.8,,1990.72,,,203687,405212269.6,16509,F1,1,,,,,
2026-08-06,2026-08-06,CM,NSE,STK,24196,INE694D01016,VADILALIND,EQ,,,,,VADILAL INDUSTRIES LTD,7145.0,7386.0,7090.5,7327.5,7300.0,7162.0,,7328.74,,,22113,161191820.0,5793,F1,1,,,,,
2026-08-06,2026-08-06,CM,NSE,STK,20974,INE551Q01028,VSCL,ST,,,,,VADIVARHE SPCLTY CHEM LTD,25.3,25.3,25.3,25.3,25.3,26.6,,25.3,,,3000,75900.0,1,F1,3000,,,,,
2026-08-06,2026-08-06,CM,NSE,STK,11364,INE884A01027,VAIBHAVGBL,EQ,,,,,VAIBHAV GLOBAL LIMITED,250.0,250.0,241.6,242.6,242.2,250.15,,242.6,,,729862,178617849.95,10956,F1,1,,,,,
2026-08-06,2026-08-06,CM,NSE,STK,8262,INE0JR301013,MADHAVBAUG,ST,,,,,VAIDYA SANE AYUR LAB LTD,183.1,190.0,183.1,190.0,190.0,191.9,,190.0,,,2000,377240.0,5,F1,400,,,,,
2026-08-06,2026-08-06,CM,NSE,STK,16589,INE972X01022,VAISHALI,EQ,,,,,VAISHALI PHARMA LIMITED,8.14,8.14,7.9,7.98,7.9,7.94,,7.98,,,127505,1020951.82,241,F1,1,,,,,
2026-08-06,2026-08-06,CM,NSE,STK,13342,INE051B01021,VAKRANGEE,EQ,,,,,VAKRANGEE LIMITED,6.08,6.1,5.98,6.0,6.0,6.08,,6.0,,,989802,5957070.15,1471,F1,1,,,,,
2026-08-06,2026-08-06,CM,NSE,STK,19220,INE0JWS01017,VALIANTLAB,BE,,,,,VALIANT LABORATORIES LTD,61.23,62.0,61.0,61.52,62.0,61.23,,61.54,,,7425,454687.38,33,F1,1,,,,,
2026-08-06,2026-08-06,CM,NSE,STK,334,INE565V01010,VALIANTORG,BE,,,,,VALIANT ORGANICS LIMITED,290.0,294.9,278.2,278.7,282.55,286.55,,278.96,,,12694,3641360.65,236,F1,1,,,,,
2026-08-06,2026-08-06,CM,NSE,STK,18128,INE879I01012,DBREALTY,BE,,,,,VALOR ESTATE LIMITED,112.04,112.5,110.2,111.74,111.1,112.04,,111.64,,,215378,23969614.99,773,F1,1,,,,,
2026-08-06,2026-08-06,CM,NSE,STK,13403,INE116G01013,VARDHACRLC,BE,,,,,VARDHAMAN ACRYLICS LTD,46.5,46.5,45.11,45.51,45.5,45.74,,45.51,,,14042,642063.13,124,F1,1,,,,,
2026-08-06,2026-08-06,CM,NSE,STK,11892,INE701A01023,VHL,EQ,,,,,VARDHMAN HOLDINGS LIMITED,3421.0,3650.0,3421.0,3579.0,3600.0,3432.4,,3578.36,,,7889,28346115.4,1250,F1,1,,,,,
2026-08-06,2026-08-06,CM,NSE,STK,3646,INE835A01029,VARDMNPOLY,EQ,,,,,VARDHMAN POLYTEX LTD.,6.01,6.12,5.93,6.0,6.0,6.02,,6.0,,,122015,735835.74,234,F1,1,,,,,
2026-08-06,2026-08-06,CM,NSE,STK,27067,INE050M01012,VSSL,EQ,,,,,VARDHMAN SPC STEEL LTD,334.7,349.5,327.0,333.85,332.9,329.35,,333.83,,,1000790,341751444.85,21171,F1,1,,,,,
2026-08-06,2026-08-06,CM,NSE,STK,2073,INE825A01020,VTL,EQ,,,,,VARDHMAN TEXTILES LIMITED,605.0,609.5,600.0,602.2,603.15,598.0,,602.21,,,166411,100749117.1,9446,F1,1,,,,,
2026-08-06,2026-08-06,CM,NSE,STK,3857,INE665L01035,VARROC,EQ,,,,,VARROC ENGINEERING LTD.,726.0,757.45,719.6,737.85,730.0,717.6,,737.74,,,796119,587506344.9,37938,F1,1,,,,,
2026-08-06,2026-08-06,CM,NSE,STK,18921,INE200M01039,VBL,EQ,,,,,VARUN BEVERAGES LIMITED,437.95,449.0,437.2,444.0,444.0,437.0,,443.99,,,4923022,2186139081.6,52944,F1,1,,,,,
2026-08-06,2026-08-06,CM,NSE,STK,13771,INE273D01027,VGL,EQ,,,,,VARVEE GLOBAL LIMITED,62.81,63.38,61.21,62.28,62.5,62.43,,62.12,,,18774,1168169.48,517,F1,1,,,,,
2026-08-06,2026-08-06,CM,NSE,STK,16454,INE0N5801013,DENTALKART,SM,,,,,VASA DENTICITY LIMITED,386.0,397.05,386.0,393.8,393.05,388.0,,393.8,,,14000,5474762.5,52,F1,250,,,,,
2026-08-06,2026-08-06,CM,NSE,STK,18114,INE893I01013,VASCONEQ,BE,,,,,VASCON ENGINEERS LTD,33.55,33.94,32.96,33.03,32.96,33.78,,33.03,,,256839,8554598.73,597,F1,1,,,,,
2026-08-06,2026-08-06,CM,NSE,STK,25340,INE590L01019,VASWANI,EQ,,,,,VASWANI IND LTD,52.42,52.51,50.5,51.68,51.64,52.76,,51.68,,,57316,2957378.78,494,F1,1,,,,,
2026-08-06,2026-08-06,CM,NSE,STK,9020,INE098201036,VCL,EQ,,,,,VAXTEX COTFAB LIMITED,1.28,1.28,1.28,1.28,1.28,1.22,,1.28,,,138385,177132.8,52,F1,1,,,,,
2026-08-06,2026-08-06,CM,NSE,STK,757413,INE04HY07294,1025VCCL28,N0,,,,,VCCL 10.25% 2028,96381.04,96381.04,96381.04,96381.04,96381.04,95300.0,,96381.04,,,1,96381.04,1,F1,1,,,,,
2026-08-06,2026-08-06,CM,NSE,STK,761599,INE04HY07393,115VCCL31,N0,,,,,VCCL 11.5% 2031,98000.0,98000.0,98000.0,98000.0,98000.0,98000.0,,98000.0,,,1,98000.0,1,F1,1,,,,,
2026-08-06,2026-08-06,CM,NSE,STK,756916,INE04HY07229,12VCCL29B,N0,,,,,VCCL 12% 2029,99998.99,99998.99,99998.99,99998.99,99998.99,98200.0,,99998.99,,,1,99998.99,1,F1,1,,,,,
2026-08-06,2026-08-06,CM,NSE,STK,760451,INE04HY07385,115VCCL28A,N0,,,,,VCCL28A 11.5% 2028,96701.0,96701.0,96701.0,96701.0,96701.0,99500.0,,96701.0,,,2,193402.0,1,F1,1,,,,,
2026-08-06,2026-08-06,CM,NSE,STK,25054,INE0U2M01015,VDEAL,SM,,,,,VDEAL SYSTEM LIMITED,162.0,162.0,142.0,155.0,155.0,165.8,,155.0,,,6600,1014990.0,11,F1,600,,,,,
2026-08-06,2026-08-06,CM,NSE,STK,8167,INE825V01034,MANYAVAR,EQ,,,,,VEDANT FASHIONS LIMITED,506.0,506.8,488.05,500.35,500.9,504.35,,500.4,,,1706831,849958922.8,35943,F1,1,,,,,
2026-08-06,2026-08-06,CM,NSE,STK,750174,INE1CDF01017,VAML,EQ,,,,,VEDANTA ALUMINIUM METAL L,471.55,487.7,470.45,480.65,479.0,467.95,,480.64,,,17348696,8336118840.4,156194,F1,1,,,,,
2026-08-06,2026-08-06,CM,NSE,STK,750290,INE1CLE01013,VISL,EQ,,,,,VEDANTA IRON AND STEEL L,36.84,37.46,35.51,35.89,35.6,36.53,,35.89,,,37539135,1375676416.44,69523,F1,1,,,,,
2026-08-06,2026-08-06,CM,NSE,STK,3063,INE205A01025,VEDL,EQ,,,,,VEDANTA LIMITED,280.95,282.35,273.6,275.0,275.0,277.0,,275.0,,,18499108,5125996872.05,199331,F1,1,,,,,
2026-08-06,2026-08-06,CM,NSE,STK,750368,INE704J01044,VOGL,EQ,,,,,VEDANTA OIL AND GAS LTD,37.24,37.6,35.01,35.9,35.89,37.1,,35.9,,,77176976,2790537535.11,89256,F1,1,,,,,
2026-08-06,2026-08-06,CM,NSE,STK,750518,INE694L01019,VEDPOWER,EQ,,,,,VEDANTA POWER LIMITED,35.6,36.15,35.45,35.78,35.82,35.47,,35.78,,,13299378,476375078.23,32389,F1,1,,,,,
2026-08-06,2026-08-06,CM,NSE,STK,14019,INE484C01030,VEEDOL,EQ,,,,,VEEDOL CORPORATION LTD,1454.0,1517.0,1450.1,1489.9,1487.0,1442.9,,1489.91,,,65239,97591751.5,5381,F1,1,,,,,
2026-08-06,2026-08-06,CM,NSE,STK,10710,INE0KTW01013,VEEKAYEM,SM,,,,,VEEKAYEM FASH & APP LTD,128.45,128.5,122.15,122.15,122.15,128.5,,122.15,,,2000,250625.0,4,F1,500,,,,,
2026-08-06,2026-08-06,CM,NSE,STK,762969,INE232E01013,VELJAN,BE,,,,,VELJAN DENISON LTD.,1639.8,1692.1,1630.0,1651.8,1658.2,1642.1,,1651.8,,,241,401088.8,34,F1,1,,,,,
2026-08-06,2026-08-06,CM,NSE,STK,3757,INE398A01010,VENKEYS,EQ,,,,,VENKY S (INDIA) LIMITED,1581.9,1591.9,1551.5,1565.1,1557.0,1581.9,,1564.99,,,19180,30229631.6,1943,F1,1,,,,,
2026-08-06,2026-08-06,CM,NSE,STK,28847,INE781S01027,VENTIVE,EQ,,,,,VENTIVE HOSPITALITY LTD,615.6,621.35,610.0,612.8,610.3,621.3,,612.9,,,21866,13482075.25,1163,F1,1,,,,,
2026-08-06,2026-08-06,CM,NSE,STK,9592,INE0JA001018,VENUSPIPES,EQ,,,,,VENUS PIPES & TUBES LTD,1632.0,1640.2,1580.0,1589.9,1585.2,1629.0,,1589.77,,,40022,64266633.6,4128,F1,1,,,,,
2026-08-06,2026-08-06,CM,NSE,STK,13856,INE411B01019,VENUSREM,BE,,,,,VENUS REMEDIES LIMITED,1531.7,1600.0,1490.0,1562.7,1577.7,1524.3,,1562.68,,,47240,72725197.2,1851,F1,1,,,,,
2026-08-06,2026-08-06,CM,NSE,STK,8890,INE0IQ001011,VERANDA,EQ,,,,,VERANDA LEARNING SOL LTD,258.5,264.7,255.8,258.3,258.0,257.6,,258.3,,,270948,70491174.0,5545,F1,1,,,,,
2026-08-06,2026-08-06,CM,NSE,STK,10757,INE0KXY23015,VERTIS,IV,,,,,VERTIS INFRASTRUCTURE TST,111.05,111.05,111.05,111.05,111.05,113.0,,111.05,,,50000,5552500.0,2,F1,25000,,,,,
2026-08-06,2026-08-06,CM,NSE,STK,18865,INE188Y01031,VERTOZ,BE,,,,,VERTOZ LIMITED,36.84,36.84,35.3,35.73,36.0,35.92,,35.73,,,57680,2074957.13,301,F1,1,,,,,
2026-08-06,2026-08-06,CM,NSE,STK,3676,INE386A01023,VESUVIUS,EQ,,,,,VESUVIUS INDIA LTD,453.9,454.1,444.6,445.85,444.6,450.2,,445.83,,,46036,20578377.45,2711,F1,1,,,,,
2026-08-06,2026-08-06,CM,NSE,STK,8660,INE918N01018,VETO,BE,,,,,VETO SWITCHGEAR CABLE LTD,124.01,125.0,120.3,122.91,123.99,124.27,,122.93,,,15895,1960536.23,156,F1,1,,,,,
2026-08-06,2026-08-06,CM,NSE,STK,14316,INE0MO401019,VIAZ,SM,,,,,VIAZ TYRES LIMITED,60.8,60.8,60.8,60.8,60.8,64.0,,60.8,,,2000,121600.0,1,F1,2000,,,,,
2026-08-06,2026-08-06,CM,NSE,STK,22730,INE0QTF01015,VSTL,EQ,,,,,VIBHOR STEEL TUBES LTD,111.32,112.39,105.9,108.27,108.01,110.77,,108.28,,,61945,6650996.63,1288,F1,1,,,,,
2026-08-06,2026-08-06,CM,NSE,STK,23386,INE048C01025,VHLTD,BE,,,,,VICEROY HOTELS LIMITED,124.97,127.71,120.1,127.03,127.0,125.85,,127.08,,,51741,6436196.58,191,F1,1,,,,,
2026-08-06,2026-08-06,CM,NSE,STK,760694,INE0F8901022,VICTORYEV,ST,,,,,VICTORY ELEC VEHICL INT L,16.9,16.9,16.5,16.55,16.5,16.55,,16.55,,,12000,199650.0,4,F1,3000,,,,,
2026-08-06,2026-08-06,CM,NSE,STK,13536,INE632C01026,VIDHIING,EQ,,,,,VIDHI SPCLTY F INGRDNTS L,320.05,327.95,320.05,322.05,320.35,321.45,,322.05,,,12002,3895431.35,815,F1,1,,,,,
2026-08-06,2026-08-06,CM,NSE,STK,760224,INE14UN01029,VIDYAWIRES,EQ,,,,,VIDYA WIRES LIMITED,92.5,95.61,92.5,94.86,94.5,92.46,,94.85,,,847396,80281391.08,5645,F1,1,,,,,
2026-08-06,2026-08-06,CM,NSE,STK,758908,INE1DM601016,VIGOR,ST,,,,,VIGOR PLAST INDIA LIMITED,90.25,97.75,90.25,94.3,94.3,93.1,,94.3,,,28800,2779680.0,17,F1,1600,,,,,
2026-08-06,2026-08-06,CM,NSE,STK,5585,INE043W01024,VIJAYA,EQ,,,,,VIJAYA DIAGNOSTIC CEN LTD,1390.0,1423.3,1340.5,1369.8,1349.2,1389.6,,1369.71,,,156032,217388266.6,15951,F1,1,,,,,
2026-08-06,2026-08-06,CM,NSE,STK,760121,INE0WL901019,VIJAYPD,SM,,,,,VIJAYPD CEUTICAL LIMITED,63.9,63.9,63.9,63.9,63.9,63.0,,63.9,,,4000,255600.0,2,F1,2000,,,,,
2026-08-06,2026-08-06,CM,NSE,STK,17695,INE159N01027,VIJIFIN,BE,,,,,VIJI FINANCE LIMITED,11.03,11.03,11.03,11.03,11.03,10.82,,11.1,,,53073,585395.19,41,F1,1,,,,,
2026-08-06,2026-08-06,CM,NSE,STK,25756,INE806A01020,VIKASECO,EQ,,,,,VIKAS ECOTECH LIMITED,1.11,1.13,1.11,1.11,1.12,1.11,,1.11,,,1875706,2096534.83,965,F1,1,,,,,
2026-08-06,2026-08-06,CM,NSE,STK,9931,INE161L01027,VIKASLIFE,EQ,,,,,VIKAS LIFECARE LIMITED,1.27,1.28,1.26,1.26,1.27,1.26,,1.26,,,1355532,1718012.31,7828,F1,1,,,,,
2026-08-06,2026-08-06,CM,NSE,STK,759453,INE078V01014,VIKRAMSOLR,EQ,,,,,VIKRAM SOLAR LIMITED,181.1,181.11,173.07,173.96,174.0,180.61,,173.96,,,4140678,729745594.08,34390,F1,1,,,,,
2026-08-06,2026-08-06,CM,NSE,STK,758973,INE01R501028,VIKRAN,EQ,,,,,VIKRAN ENGINEERING LTD,72.97,73.01,71.5,71.71,71.75,72.88,,71.71,,,777429,56119608.29,4475,F1,1,,,,,
2026-08-06,2026-08-06,CM,NSE,STK,23909,INE0AZY01017,VILAS,SM,,,,,VILAS TRANSCORE LIMITED,372.15,372.15,364.9,365.95,365.4,372.15,,365.95,,,13750,5064912.5,37,F1,250,,,,,
2026-08-06,2026-08-06,CM,NSE,STK,16954,INE0L4V01013,VILINBIO,SM,,,,,VILIN BIO MED LIMITED,43.2,43.2,42.75,42.75,42.75,44.95,,42.75,,,8000,343800.0,2,F1,4000,,,,,
2026-08-06,2026-08-06,CM,NSE,STK,13101,INE579C01029,VIMTALABS,EQ,,,,,VIMTA LABS LIMITED,662.0,667.8,637.1,641.95,642.0,656.8,,641.98,,,298786,195559385.55,14022,F1,1,,,,,
2026-08-06,2026-08-06,CM,NSE,STK,17364,INE410B01037,VINATIORGA,EQ,,,,,VINATI ORGANICS LTD,1327.7,1355.0,1320.1,1349.6,1342.2,1327.7,,1349.58,,,80636,108301764.3,6083,F1,1,,,,,
2026-08-06,2026-08-06,CM,NSE,STK,3694,INE707A01012,VINDHYATEL,EQ,,,,,VINDHYA TELELINKS LTD,2357.5,2369.0,2231.0,2286.9,2310.0,2357.5,,2286.52,,,95466,218079662.7,8637,F1,1,,,,,
2026-08-06,2026-08-06,CM,NSE,STK,3809,INE505Y01010,VINEETLAB,BE,,,,,VINEET LABORATORIES LTD,39.6,39.6,38.27,38.7,39.37,39.0,,39.17,,,53980,2096370.4,109,F1,1,,,,,
2026-08-06,2026-08-06,CM,NSE,STK,763821,INE27V201011,VMOBILE,SM,,,,,VINIT MOBILE LIMITED,69.5,70.0,67.3,69.15,68.8,70.6,,69.15,,,16000,1102560.0,19,F1,800,,,,,
2026-08-06,2026-08-06,CM,NSE,STK,12490,INE01KI01027,VINNY,EQ,,,,,VINNY OVERSEAS LIMITED,1.05,1.08,1.05,1.07,1.07,1.06,,1.07,,,156440,167238.63,100,F1,1,,,,,
2026-08-06,2026-08-06,CM,NSE,STK,17905,INE0OSJ01014,VINSYS,ST,,,,,VINSYS IT SERVICES IND LT,571.1,580.0,570.0,570.0,570.0,565.25,,570.0,,,2500,1438012.5,9,F1,250,,,,,
2026-08-06,2026-08-06,CM,NSE,STK,25835,INE498Q01014,VINCOFE,EQ,,,,,VINTAGE COFFEE N BVRGS L,156.3,156.69,149.8,150.3,150.48,155.34,,150.3,,,1694199,258485800.89,12684,F1,1,,,,,
2026-08-06,2026-08-06,CM,NSE,STK,19206,INE0OLS01010,VINYAS,SM,,,,,VINYAS INNOVATIVE TECH L,1225.0,1290.0,1220.0,1269.6,1266.0,1244.75,,1269.6,,,9100,11442740.0,74,F1,100,,,,,
2026-08-06,2026-08-06,CM,NSE,STK,16821,INE250B01029,VINYLINDIA,EQ,,,,,VINYL CHEMICALS (I) LTD.,245.0,246.76,243.0,244.38,245.9,243.35,,244.38,,,6163,1506606.56,258,F1,1,,,,,
2026-08-06,2026-08-06,CM,NSE,STK,14847,INE450G01024,VIPCLOTHNG,BE,,,,,VIP CLOTHING LIMITED,21.28,22.23,21.28,21.64,21.4,21.28,,21.18,,,69757,1510141.5,225,F1,1,,,,,
2026-08-06,2026-08-06,CM,NSE,STK,3703,INE054A01027,VIPIND,EQ,,,,,VIP INDUSTRIES LTD,311.0,319.8,309.3,314.5,314.0,309.8,,314.53,,,326301,103254030.0,7324,F1,1,,,,,
2026-08-06,2026-08-06,CM,NSE,STK,8437,INE946H01037,VIPULLTD,BE,,,,,VIPUL LIMITED,12.32,12.32,12.06,12.31,12.32,11.74,,12.31,,,144349,1777475.36,244,F1,1,,,,,
2026-08-06,2026-08-06,CM,NSE,STK,15295,INE539B01017,VIRINCHI,EQ,,,,,VIRINCHI LIMITED,15.79,15.86,15.35,15.49,15.55,15.72,,15.47,,,87375,1356768.28,243,F1,1,,,,,
2026-08-06,2026-08-06,CM,NSE,STK,757060,INE0VRH01015,VGINFOTECH,SM,,,,,VIRTUAL GALAXY INFOTECH L,156.85,157.0,154.75,155.65,156.5,155.65,,155.65,,,47000,7321150.0,43,F1,1000,,,,,
2026-08-06,2026-08-06,CM,NSE,STK,761916,INE0I0T01010,VOEPL,EQ,,,,,VIRTUOSO OPTOELECTRONIC L,504.95,514.8,495.15,508.7,500.1,498.1,,508.34,,,65043,32943900.65,3301,F1,1,,,,,
2026-08-06,2026-08-06,CM,NSE,STK,13298,INE286H01012,VISACHROME,BE,,,,,VISA CHROME LIMITED,37.01,38.0,37.01,37.99,38.0,37.93,,37.99,,,25144,954929.56,85,F1,1,,,,,
2026-08-06,2026-08-06,CM,NSE,STK,29877,INE370E01029,VIVIDHA,EQ,,,,,VISAGAR POLYTEX LTD,0.54,0.54,0.52,0.53,0.54,0.54,,0.53,,,167459,88615.12,158,F1,1,,,,,
2026-08-06,2026-08-06,CM,NSE,STK,4221,INE392A01021,VISAKAIND,EQ,,,,,VISAKA INDUSTRIES LIMITED,87.99,88.21,80.57,86.39,85.71,86.94,,86.33,,,598626,50791666.05,6170,F1,1,,,,,
2026-08-06,2026-08-06,CM,NSE,STK,18708,INE0OWX01025,VISDEM,SM,,,,,VISDEM TECHNOSYS LIMITED,84.35,84.35,84.35,84.35,84.35,81.55,,84.35,,,1200,101220.0,1,F1,1200,,,,,
2026-08-06,2026-08-06,CM,NSE,STK,27969,INE01EA01019,VMM,EQ,,,,,VISHAL MEGA MART LIMITED,110.91,111.47,109.33,109.52,109.52,111.0,,109.53,,,4458233,491988331.75,22429,F1,1,,,,,
2026-08-06,2026-08-06,CM,NSE,STK,6908,INE270I01022,VISHNU,EQ,,,,,VISHNU CHEMICALS LIMITED,588.8,599.9,586.05,594.8,593.05,588.8,,594.74,,,89080,52854816.7,3340,F1,1,,,,,
2026-08-06,2026-08-06,CM,NSE,STK,18343,INE0AE001013,VPRPL,BE,,,,,VISHNU PRAKASH R PUNGLI L,29.5,30.3,28.7,29.46,29.5,29.16,,29.46,,,308948,9088507.46,865,F1,1,,,,,
2026-08-06,2026-08-06,CM,NSE,STK,19300,INE0PQ001012,VISHNUINFR,SM,,,,,VISHNUSURYA PROJ N INFR L,160.0,161.0,160.0,160.7,160.7,160.0,,160.7,,,5500,881925.0,9,F1,500,,,,,
2026-08-06,2026-08-06,CM,NSE,STK,13702,INE430N01022,VISHWARAJ,EQ,,,,,VISHWARAJ SUGAR IND LTD,5.48,5.64,5.26,5.3,5.26,5.47,,5.3,,,234713,1258160.44,480,F1,1,,,,,
2026-08-06,2026-08-06,CM,NSE,STK,23373,INE0S2E01016,VISHWAS,ST,,,,,VISHWAS AGRI SEEDS LTD,41.0,41.0,40.15,40.15,40.15,42.25,,40.15,,,8000,322560.0,5,F1,1600,,,,,
2026-08-06,2026-08-06,CM,NSE,STK,25231,INE0TR001017,VIESL,SM,,,,,VISION INFRA EQUIP SOL L,311.05,313.0,310.0,310.0,310.0,311.0,,310.0,,,7200,2239240.0,9,F1,800,,,,,
2026-08-06,2026-08-06,CM,NSE,STK,761150,INE0L4K01016,VITAL,BE,,,,,VITAL CHEMTECH LIMITED,50.33,50.33,49.5,49.5,49.5,49.35,,49.5,,,1043,51668.34,6,F1,1,,,,,
2026-08-06,2026-08-06,CM,NSE,STK,763637,INE0MEG01014,VIVIANA,BE,,,,,VIVIANA POWER TECH LTD,727.95,729.85,702.0,710.2,720.0,728.8,,710.2,,,29467,20856114.9,636,F1,1,,,,,
2026-08-06,2026-08-06,CM,NSE,STK,761771,INE24H301028,VIVIDEL,ST,,,,,VIVID ELECTROMECH LIMITED,1379.05,1379.05,1379.0,1379.05,1379.05,1313.4,,1379.05,,,19680,27139692.0,54,F1,240,,,,,
2026-08-06,2026-08-06,CM,NSE,STK,11968,INE526G01021,VIVIMEDLAB,BE,,,,,VIVIMED LABS LIMITED,5.18,5.2,4.94,5.04,4.99,5.18,,5.04,,,77115,385618.12,161,F1,1,,,,,
2026-08-06,2026-08-06,CM,NSE,STK,7610,INE0IA701014,VIVO,SM,,,,,VIVO COLLAB SOLUTIONS LTD,108.65,108.65,108.65,108.65,108.65,103.5,,108.65,,,3200,347680.0,2,F1,1600,,,,,
2026-08-06,2026-08-06,CM,NSE,STK,14296,INE807F01027,VIYASH,EQ,,,,,VIYASH SCIENTIFIC LIMITED,275.0,276.45,271.25,272.65,272.55,273.8,,272.66,,,1336484,365512389.05,21822,F1,1,,,,,
2026-08-06,2026-08-06,CM,NSE,STK,18021,INE03HW01020,VLEGOV,BE,,,,,VL E GOV AND IT SOL LTD,10.97,10.97,10.97,10.97,10.97,10.76,,10.94,,,41704,457492.88,61,F1,1,,,,,
2026-08-06,2026-08-06,CM,NSE,STK,3715,INE709A01018,VLSFINANCE,EQ,,,,,VLS FINANCE LTD,264.9,269.85,256.95,261.45,260.4,264.05,,261.45,,,25940,6763672.7,935,F1,1,,,,,
2026-08-06,2026-08-06,CM,NSE,STK,29284,INE665J01013,VMART,EQ,,,,,VMART RETAIL LTD,807.1,823.25,806.0,813.9,815.0,807.05,,814.0,,,146279,119414318.0,10005,F1,1,,,,,
2026-08-06,2026-08-06,CM,NSE,STK,759153,INE0SJA01013,VMSTMT,BE,,,,,VMS TMT LIMITED,45.27,45.27,44.6,44.75,44.67,44.75,,44.8,,,8939,400324.72,118,F1,1,,,,,
2026-08-06,2026-08-06,CM,NSE,STK,14366,INE669E01016,IDEA,EQ,,,,,VODAFONE IDEA LIMITED,12.89,12.9,12.63,12.63,12.63,12.8,,12.63,,,204537429,2609240350.55,294769,F1,1,,,,,
2026-08-06,2026-08-06,CM,NSE,STK,29658,INE241X01014,VOLERCAR,SM,,,,,VOLER CAR LIMITED,215.0,218.0,211.0,212.9,211.6,217.05,,212.9,,,22400,4804560.0,26,F1,800,,,,,
2026-08-06,2026-08-06,CM,NSE,STK,13577,INE540H01012,VOLTAMP,EQ,,,,,VOLTAMP TRANSFORMERS LTD,10050.0,10129.5,9887.0,9941.0,9901.0,10050.0,,9941.02,,,28346,283253566.0,11347,F1,1,,,,,
2026-08-06,2026-08-06,CM,NSE,STK,3718,INE226A01021,VOLTAS,EQ,,,,,VOLTAS LTD,1300.5,1314.9,1268.4,1275.0,1275.0,1300.5,,1275.01,,,598220,772564537.3,24732,F1,1,,,,,
2026-08-06,2026-08-06,CM,NSE,STK,24321,INE0S2V01010,VRAJ,EQ,,,,,VRAJ IRON AND STEEL LTD,124.8,125.19,122.01,122.26,123.0,124.18,,122.16,,,12389,1530172.67,588,F1,1,,,,,
2026-08-06,2026-08-06,CM,NSE,STK,8696,INE366I01010,VRLLOG,EQ,,,,,VRL LOGISTICS LIMITED,282.1,294.5,282.1,284.65,284.55,279.0,,284.64,,,1192983,345081950.45,19156,F1,1,,,,,
2026-08-06,2026-08-06,CM,NSE,STK,3724,INE710A01016,VSTIND,EQ,,,,,VST INDUSTRIES LTD,221.41,222.5,219.04,219.56,220.0,221.41,,219.57,,,156097,34396809.96,4241,F1,1,,,,,
2026-08-06,2026-08-06,CM,NSE,STK,24292,INE764D01017,VSTTILLERS,EQ,,,,,VST TILLERS TRACTORS LTD,4485.2,4700.7,4418.0,4545.1,4521.0,4482.8,,4547.78,,,52403,240728611.8,9848,F1,1,,,,,
2026-08-06,2026-08-06,CM,NSE,STK,762978,INE765D01022,WPIL,EQ,,,,,W P I L LTD.,440.0,444.95,437.0,438.9,438.0,436.55,,438.95,,,17629,7757037.55,1114,F1,1,,,,,
2026-08-06,2026-08-06,CM,NSE,STK,14828,INE100D01014,WSI,EQ,,,,,W.S.INDUSTRIES (I) LTD.,61.4,61.4,60.0,60.07,60.0,60.45,,60.07,,,47673,2901004.1,1003,F1,1,,,,,
2026-08-06,2026-08-06,CM,NSE,STK,25907,INE377N01017,WAAREEENER,EQ,,,,,WAAREE ENERGIES LIMITED,2690.0,2692.8,2660.9,2660.9,2660.9,2697.0,,2661.61,,,363839,973095815.5,25410,F1,1,,,,,
2026-08-06,2026-08-06,CM,NSE,STK,756038,INE299N01021,WAAREERTL,EQ,,,,,WAAREE RENEWABLE TECH LTD,906.05,916.0,904.0,905.15,906.5,906.05,,905.21,,,88955,80671474.7,5493,F1,1,,,,,
2026-08-06,2026-08-06,CM,NSE,STK,760259,INE0E7301029,WAKEFIT,EQ,,,,,WAKEFIT INNOVATIONS LTD,130.85,133.4,126.36,127.9,127.7,130.85,,127.92,,,1011609,131371456.21,10134,F1,1,,,,,
2026-08-06,2026-08-06,CM,NSE,STK,3736,INE711A01022,WALCHANNAG,EQ,,,,,WALCHANDNAGAR INDUSTRIES,235.0,240.56,231.01,231.82,232.1,233.37,,231.81,,,687264,161519071.18,10070,F1,1,,,,,
2026-08-06,2026-08-06,CM,NSE,STK,14063,INE107F01022,WANBURY,EQ,,,,,WANBURY LIMITED,278.8,289.8,265.0,274.25,274.0,278.8,,274.23,,,478206,131675292.15,10954,F1,1,,,,,
2026-08-06,2026-08-06,CM,NSE,STK,762163,INE0LZF01013,CORDELIA,EQ,,,,,WATERWAYS LEISURE TOUR L,841.05,862.0,838.05,846.35,846.55,831.05,,846.42,,,215798,183189183.4,9244,F1,1,,,,,
2026-08-06,2026-08-06,CM,NSE,STK,759215,INE0A3007065,1075WCA28,N0,,,,,WCAPL 10.75% 2028,9801.0,9801.0,9801.0,9801.0,9801.0,9801.0,,9801.0,,,3,29403.0,3,F1,1,,,,,
2026-08-06,2026-08-06,CM,NSE,STK,9865,INE082W01014,WEWIN,BE,,,,,WE WIN LIMITED,45.0,45.95,45.0,45.9,45.9,43.82,,46.0,,,1328,60066.48,18,F1,1,,,,,
2026-08-06,2026-08-06,CM,NSE,STK,760482,INF2F0001370,TWCGOLDETF,EQ,,,,,WEALTH - TWCGOLDETF,146.24,147.58,146.24,147.5,147.49,144.09,,147.5,,,11437,1682929.42,155,F1,1,,,,,
2026-08-06,2026-08-06,CM,NSE,STK,1923,INE658T01017,WEALTH,EQ,,,,,WEALTH FRST PORT. MG. LTD,936.6,947.45,920.05,925.95,923.45,937.1,,925.95,,,1751,1629240.55,295,F1,1,,,,,
2026-08-06,2026-08-06,CM,NSE,STK,14602,INE855C01023,WEBELSOLAR,EQ,,,,,WEBSOL ENERGY SYSTEM LTD,95.72,95.99,92.69,93.61,93.5,95.44,,93.61,,,2297748,214812026.7,12896,F1,1,,,,,
2026-08-06,2026-08-06,CM,NSE,STK,3748,INE080A01014,WEIZMANIND,EQ,,,,,WEIZMANN LTD,77.5,79.99,77.32,79.97,79.95,77.11,,79.97,,,88,6910.61,8,F1,1,,,,,
2026-08-06,2026-08-06,CM,NSE,STK,11821,INE191B01025,WELCORP,EQ,,,,,WELSPUN CORP LIMITED,1800.0,1862.0,1791.1,1819.6,1820.0,1788.1,,1819.56,,,1493012,2730993785.2,82877,F1,1,,,,,
2026-08-06,2026-08-06,CM,NSE,STK,11626,INE625G01013,WELENT,EQ,,,,,WELSPUN ENTERPRISES LTD.,585.2,587.95,561.0,567.8,569.0,584.1,,567.81,,,665214,380375211.65,14514,F1,1,,,,,
2026-08-06,2026-08-06,CM,NSE,STK,19804,INE389K01018,WELINV,BE,,,,,WELSPUN INV & COMM LTD,1865.0,1865.0,1801.6,1851.4,1865.0,1854.2,,1851.4,,,15,27784.8,4,F1,1,,,,,
2026-08-06,2026-08-06,CM,NSE,STK,11253,INE192B01031,WELSPUNLIV,EQ,,,,,WELSPUN LIVING LIMITED,160.78,162.0,159.0,159.25,159.0,160.78,,159.25,,,507113,81094085.83,9420,F1,1,,,,,
2026-08-06,2026-08-06,CM,NSE,STK,762971,INE731F01037,WELSPLSOL,EQ,,,,,WELSPUN SPECIALTY SOL L,50.68,51.11,49.6,50.02,50.0,50.68,,50.02,,,530330,26552184.88,1519,F1,1,,,,,
2026-08-06,2026-08-06,CM,NSE,STK,4235,INE274C01019,WENDT,EQ,,,,,WENDT (INDIA) LIMITED,8082.5,8189.0,8001.0,8063.5,8090.0,8052.0,,8062.27,,,5466,44182719.5,1244,F1,1,,,,,
2026-08-06,2026-08-06,CM,NSE,STK,3799,INE976A01021,WSTCSTPAPR,EQ,,,,,WEST COAST PAPER MILLS LT,591.9,596.45,584.6,594.35,595.15,590.4,,594.3,,,130485,77164618.85,4760,F1,1,,,,,
2026-08-06,2026-08-06,CM,NSE,STK,25403,INE0CJF01024,WCIL,EQ,,,,,WESTERN CARRIERS (IND) L,90.7,91.19,89.1,89.88,89.6,90.66,,89.88,,,40126,3614161.48,941,F1,1,,,,,
2026-08-06,2026-08-06,CM,NSE,STK,11580,INE274F01020,WESTLIFE,EQ,,,,,WESTLIFE FOODWORLD LTD,585.05,587.45,568.8,578.75,574.9,587.0,,578.69,,,160065,92491888.35,9669,F1,1,,,,,
2026-08-06,2026-08-06,CM,NSE,STK,759434,INE085001019,WEWORK,EQ,,,,,WEWORK INDIA MANAGEMENT L,753.5,794.5,736.0,748.2,745.0,747.7,,748.12,,,1029138,793165195.1,55753,F1,1,,,,,
2026-08-06,2026-08-06,CM,NSE,STK,3766,INE715A01015,WHEELS,EQ,,,,,WHEELS INDIA LTD,1429.6,1439.2,1400.0,1404.3,1408.0,1429.6,,1404.32,,,74022,104794276.7,3486,F1,1,,,,,
2026-08-06,2026-08-06,CM,NSE,STK,18011,INE716A01013,WHIRLPOOL,EQ,,,,,WHIRLPOOL OF INDIA LTD,800.0,835.4,790.6,830.45,825.0,808.3,,830.43,,,685424,557481703.45,39489,F1,1,,,,,
2026-08-06,2026-08-06,CM,NSE,STK,3772,INE210A01017,WILLAMAGOR,EQ,,,,,WILLIAMSON MAGOR,25.5,26.55,25.0,25.25,25.6,25.47,,25.25,,,626,15783.95,12,F1,1,,,,,
2026-08-06,2026-08-06,CM,NSE,STK,5366,INE0H5O01029,WINDLAS,EQ,,,,,WINDLAS BIOTECH LIMITED,861.05,877.0,861.0,873.75,870.0,856.85,,873.69,,,29896,26021528.05,1932,F1,1,,,,,
2026-08-06,2026-08-06,CM,NSE,STK,24969,INE052A01021,WINDMACHIN,EQ,,,,,WINDSOR MACHINES LIMITED,282.1,298.0,275.25,276.5,275.55,279.8,,276.51,,,473427,133907011.35,5867,F1,1,,,,,
2026-08-06,2026-08-06,CM,NSE,STK,23714,INE0S3D01016,WINSOL,SM,,,,,WINSOL ENGINEERS LIMITED,112.15,114.75,112.05,112.25,112.05,116.5,,112.25,,,3600,405100.0,9,F1,400,,,,,
2026-08-06,2026-08-06,CM,NSE,STK,3787,INE075A01022,WIPRO,EQ,,,,,WIPRO LTD,186.0,188.24,185.41,186.12,186.12,186.99,,186.12,,,6629768,1234283190.42,68707,F1,1,,,,,
2026-08-06,2026-08-06,CM,NSE,STK,22725,INE623Y01011,WTICAB,SM,,,,,WISE TRAVEL INDIA LIMITED,116.15,116.15,115.5,116.1,116.1,115.0,,116.1,,,3500,405650.0,7,F1,500,,,,,
2026-08-06,2026-08-06,CM,NSE,STK,7506,INE049B01025,WOCKPHARMA,EQ,,,,,WOCKHARDT LIMITED,1998.9,2024.0,1951.0,1975.0,1978.0,2006.1,,1974.87,,,578202,1147074032.1,28702,F1,1,,,,,
2026-08-06,2026-08-06,CM,NSE,STK,19627,INE0Q9601016,WOMANCART,SM,,,,,WOMANCART LIMITED,99.55,101.5,91.55,93.95,95.8,99.7,,93.95,,,99600,9356300.0,217,F1,400,,,,,
2026-08-06,2026-08-06,CM,NSE,STK,7835,INE02WG01024,WEL,EQ,,,,,WONDER ELECTRICALS LTD,118.57,123.46,115.64,120.3,120.11,118.96,,120.3,,,129222,15626806.35,1173,F1,1,,,,,
2026-08-06,2026-08-06,CM,NSE,STK,3002,INE066O01014,WONDERLA,EQ,,,,,WONDERLA HOLIDAYS LTD.,505.5,507.95,482.15,485.8,488.45,503.05,,485.81,,,378148,186158968.35,25254,F1,1,,,,,
2026-08-06,2026-08-06,CM,NSE,STK,22277,INE196Y01018,WORTHPERI,EQ,,,,,WORTH PERIPHERALS LIMITED,153.21,153.21,148.37,149.86,151.0,150.18,,149.86,,,34163,5140782.75,366,F1,1,,,,,
2026-08-06,2026-08-06,CM,NSE,STK,11705,INE692G01013,XCHANGING,EQ,,,,,XCHANGING SOLUTIONS LTD,68.15,68.84,67.71,68.26,68.19,68.15,,68.26,,,58292,3985634.4,795,F1,1,,,,,
2026-08-06,2026-08-06,CM,NSE,STK,8477,INE01P501012,XELPMOC,EQ,,,,,XELPMOC DESIGN & TECH LTD,82.8,85.0,81.21,83.86,83.8,83.28,,83.86,,,6832,567719.04,132,F1,1,,,,,
2026-08-06,2026-08-06,CM,NSE,STK,11407,INE445C01015,XPROINDIA,EQ,,,,,XPRO INDIA LIMITED,1123.9,1168.0,1108.8,1115.2,1115.0,1111.8,,1115.21,,,146814,166106895.6,9839,F1,1,,,,,
2026-08-06,2026-08-06,CM,NSE,STK,25235,INE547B01028,XTGLOBAL,EQ,,,,,XTGLOBAL INFOTECH LIMITED,34.25,34.8,31.6,32.37,31.65,33.77,,32.36,,,73512,2402538.59,1149,F1,1,,,,,
2026-08-06,2026-08-06,CM,NSE,STK,764313,INE0NG701011,XTRANET,BE,,,,,XTRANET TECHNOLOGIES LTD,128.0,132.89,128.0,129.73,129.6,128.01,,129.73,,,517519,67842798.7,3992,F1,1,,,,,
2026-08-06,2026-08-06,CM,NSE,STK,760870,INE0U0J01015,YAAP,SM,,,,,YAAP DIGITAL LIMITED,148.05,151.75,148.05,150.6,151.75,149.35,,150.6,,,9000,1354300.0,9,F1,1000,,,,,
2026-08-06,2026-08-06,CM,NSE,STK,23451,INE0TO601017,YASHOPTICS,SM,,,,,YASH OPTICS & LENS LTD,117.0,117.0,116.0,116.25,116.25,117.05,,116.25,,,6400,745840.0,8,F1,800,,,,,
2026-08-06,2026-08-06,CM,NSE,STK,18131,INE616Z01012,YASHO,EQ,,,,,YASHO INDUSTRIES LIMITED,4120.2,4214.9,3985.8,4166.1,4150.0,4157.5,,4166.86,,,67222,277704625.6,12124,F1,1,,,,,
2026-08-06,2026-08-06,CM,NSE,STK,17738,INE0JO301016,YATHARTH,EQ,,,,,YATHARTH HOSP & TRA C S L,855.0,877.0,850.7,871.45,868.9,858.35,,871.43,,,342884,298171097.5,14279,F1,1,,,,,
2026-08-06,2026-08-06,CM,NSE,STK,18760,INE0JR601024,YATRA,EQ,,,,,YATRA ONLINE LIMITED,110.5,110.94,108.66,110.21,110.52,110.52,,110.21,,,383756,42058949.89,3669,F1,1,,,,,
2026-08-06,2026-08-06,CM,NSE,STK,11915,INE528G01035,YESBANK,EQ,,,,,YES BANK LIMITED,22.97,23.06,22.68,22.68,22.68,22.97,,22.68,,,37986003,869174285.31,57402,F1,1,,,,,
2026-08-06,2026-08-06,CM,NSE,STK,18040,INE09FA01019,YUDIZ,SM,,,,,YUDIZ SOLUTIONS LIMITED,27.55,30.4,27.55,27.55,27.55,29.0,,27.55,,,8800,249000.0,9,F1,800,,,,,
2026-08-06,2026-08-06,CM,NSE,STK,5501,INE384C01016,YUKEN,EQ,,,,,YUKEN INDIA LIMITED,749.55,827.4,741.05,803.4,800.0,749.4,,803.4,,,26596,21260124.1,1705,F1,1,,,,,
2026-08-06,2026-08-06,CM,NSE,STK,4229,INE116C01012,ZFSTEERING,EQ,,,,,Z F STEERING GEAR (I) LTD,677.0,677.9,656.05,659.85,657.0,671.4,,660.38,,,12852,8534742.05,721,F1,1,,,,,
2026-08-06,2026-08-06,CM,NSE,STK,23976,INE0ISZ01012,ZTECH,SM,,,,,Z-TECH (INDIA) LIMITED,516.1,529.85,516.0,523.05,529.85,516.65,,523.05,,,6300,3282000.0,21,F1,300,,,,,
2026-08-06,2026-08-06,CM,NSE,STK,18608,INE07K301024,ZAGGLE,EQ,,,,,ZAGGLE PREPA OCEAN SER L,208.8,210.2,205.1,206.13,206.5,209.24,,206.13,,,425021,88030320.24,5495,F1,1,,,,,
2026-08-06,2026-08-06,CM,NSE,STK,3812,INE256A01028,ZEEL,EQ,,,,,ZEE ENTERTAINMENT ENT LTD,95.0,96.0,92.0,92.57,92.45,94.55,,92.57,,,30094304,2808600640.55,97063,F1,1,,,,,
2026-08-06,2026-08-06,CM,NSE,STK,20856,INE565L01011,ZEELEARN,BE,,,,,ZEE LEARN LIMITED,8.01,8.15,7.9,7.99,8.0,8.01,,7.99,,,244923,1958198.99,299,F1,1,,,,,
2026-08-06,2026-08-06,CM,NSE,STK,14003,INE966H01019,ZEEMEDIA,EQ,,,,,ZEE MEDIA CORPORATION LTD,7.02,7.3,6.93,7.1,7.1,6.95,,7.1,,,3089031,21953472.85,2838,F1,1,,,,,
2026-08-06,2026-08-06,CM,NSE,STK,7508,INE251B01027,ZENTEC,EQ,,,,,ZEN TECHNOLOGIES LIMITED,1674.7,1748.0,1660.0,1734.6,1733.0,1674.7,,1734.77,,,733298,1265290679.9,45766,F1,1,,,,,
2026-08-06,2026-08-06,CM,NSE,STK,22803,INE0QWN01013,ZENITHDRUG,SM,,,,,ZENITH DRUGS LIMITED,44.1,44.1,43.1,44.0,44.0,45.0,,44.0,,,9600,420960.0,12,F1,800,,,,,
2026-08-06,2026-08-06,CM,NSE,STK,4176,INE058B01018,ZENITHEXPO,EQ,,,,,ZENITH EXPORTS LTD,199.39,199.4,194.29,197.24,199.4,194.28,,197.24,,,109,21636.02,9,F1,1,,,,,
2026-08-06,2026-08-06,CM,NSE,STK,14562,INE318D01020,ZENITHSTL,EQ,,,,,ZENITH STEEL PIP IND LTD,5.69,5.72,5.49,5.65,5.64,5.64,,5.65,,,29028,164069.24,120,F1,1,,,,,
2026-08-06,2026-08-06,CM,NSE,STK,1076,INE520A01027,ZENSARTECH,EQ,,,,,ZENSAR TECHNOLOGIES  LTD,502.1,505.0,497.45,500.65,502.0,500.35,,500.74,,,732645,366653319.55,16373,F1,1,,,,,
2026-08-06,2026-08-06,CM,NSE,STK,22901,INF0R8F01042,GOLDCASE,EQ,,,,,ZERODHAAMC - GOLDCASE,23.16,23.35,22.97,23.29,23.3,22.71,,23.29,,,13981335,324424130.87,11754,F1,1,,,,,
2026-08-06,2026-08-06,CM,NSE,STK,21750,INF0R8F01034,LIQUIDCASE,EQ,,,,,ZERODHAAMC - LIQUIDCASE,115.33,115.35,115.33,115.34,115.34,115.32,,115.34,,,14352926,1655461308.12,23005,F1,1,,,,,
2026-08-06,2026-08-06,CM,NSE,STK,758705,INF0R8F01133,LTGILTCASE,EQ,,,,,ZERODHAAMC - LTGILTCASE,30.58,30.75,29.97,30.61,30.63,30.58,,30.61,,,81319,2488812.11,185,F1,1,,,,,
2026-08-06,2026-08-06,CM,NSE,STK,24077,INF0R8F01059,MID150CASE,EQ,,,,,ZERODHAAMC - MID150CASE,11.77,11.81,11.64,11.75,11.76,11.77,,11.75,,,886011,10426353.42,3464,F1,1,,,,,
2026-08-06,2026-08-06,CM,NSE,STK,759302,INF0R8F01166,NIFTYCASE,EQ,,,,,ZERODHAAMC - NIFTYCASE,10.09,10.09,9.87,9.9,9.91,9.85,,9.9,,,563639,5579613.45,1394,F1,1,,,,,
2026-08-06,2026-08-06,CM,NSE,STK,30274,INF0R8F01091,SILVERCASE,EQ,,,,,ZERODHAAMC - SILVERCASE,23.16,23.17,22.6,22.74,22.71,22.6,,22.74,,,8368540,190228570.14,6712,F1,1,,,,,
2026-08-06,2026-08-06,CM,NSE,STK,758955,INF0R8F01141,SML100CASE,EQ,,,,,ZERODHAAMC - SML100CASE,11.26,11.56,10.84,11.3,11.1,11.22,,11.3,,,3516262,39736403.24,1718,F1,1,,,,,
2026-08-06,2026-08-06,CM,NSE,STK,24081,INF0R8F01067,TOP100CASE,EQ,,,,,ZERODHAAMC - TOP100CASE,10.97,10.97,10.62,10.8,10.87,10.8,,10.78,,,1727652,18671963.36,1566,F1,1,,,,,
2026-08-06,2026-08-06,CM,NSE,STK,16915,INE342J01019,ZFCVINDIA,EQ,,,,,ZF COM VE CTR SYS IND LTD,2600.0,2605.0,2545.4,2580.3,2600.0,2589.9,,2580.1,,,74023,190548086.4,10629,F1,1,,,,,
2026-08-06,2026-08-06,CM,NSE,STK,12412,INE518E01015,ZIMLAB,BE,,,,,ZIM LABORATORIES LIMITED,118.85,120.18,112.0,115.15,116.49,114.46,,115.12,,,78572,9234336.19,331,F1,1,,,,,
2026-08-06,2026-08-06,CM,NSE,STK,3821,INE206B01013,ZODIACLOTH,EQ,,,,,ZODIAC CLOTHING CO. LTD.,77.54,78.24,76.0,76.42,76.0,77.54,,76.42,,,2838,217937.94,98,F1,1,,,,,
2026-08-06,2026-08-06,CM,NSE,STK,7129,INE761Y01019,ZODIAC,EQ,,,,,ZODIAC ENERGY LIMITED,255.0,258.0,252.0,253.35,252.05,255.2,,253.45,,,6235,1580347.0,399,F1,1,,,,,
2026-08-06,2026-08-06,CM,NSE,STK,11394,INE358U01012,ZOTA,EQ,,,,,ZOTA HEALTH CARE LIMITED,1252.1,1264.4,1243.0,1246.4,1245.0,1251.6,,1246.4,,,16600,20791815.1,1323,F1,1,,,,,
2026-08-06,2026-08-06,CM,NSE,STK,29050,INE840M01016,ZUARI,EQ,,,,,ZUARI AGRO CHEMICALS LTD,229.45,229.45,226.0,226.69,226.01,227.45,,226.69,,,75641,17210113.62,1834,F1,1,,,,,
2026-08-06,2026-08-06,CM,NSE,STK,3827,INE217A01012,ZUARIIND,EQ,,,,,ZUARI INDUSTRIES LIMITED,265.0,266.0,260.2,262.15,261.35,260.7,,262.05,,,12368,3260862.25,366,F1,1,,,,,
2026-08-06,2026-08-06,CM,NSE,STK,7929,INE010B01027,ZYDUSLIFE,EQ,,,,,ZYDUS LIFESCIENCES LTD,1121.0,1122.8,1101.5,1108.0,1108.0,1121.1,,1108.0,,,596998,662760228.6,25346,F1,1,,,,,
2026-08-06,2026-08-06,CM,NSE,STK,17635,INE768C01028,ZYDUSWELL,EQ,,,,,ZYDUS WELLNESS LIMITED,530.4,534.4,526.55,531.5,531.0,530.4,,531.46,,,247611,131471229.95,15923,F1,1,,,,,
